namespace DotImage.Extended.Font.GoFont.Data;

// Ported from golang.org/x/image/font/gofont. Generated from Go-Medium.ttf.
internal static class GomediumData
{
    internal static readonly byte[] TTF =
    [
    0x00, 0x01, 0x00, 0x00, 0x00, 0x0E, 0x00, 0x80, 0x00, 0x03, 0x00, 0x60, 0x4F, 0x53, 0x2F, 0x32,
    0xBF, 0x02, 0x32, 0xE8, 0x00, 0x00, 0x00, 0xEC, 0x00, 0x00, 0x00, 0x60, 0x63, 0x6D, 0x61, 0x70,
    0xBE, 0x92, 0x2D, 0x51, 0x00, 0x00, 0x01, 0x4C, 0x00, 0x00, 0x05, 0x3E, 0x63, 0x76, 0x74, 0x20,
    0x53, 0x94, 0x1B, 0x15, 0x00, 0x02, 0x56, 0x64, 0x00, 0x00, 0x00, 0xB0, 0x66, 0x70, 0x67, 0x6D,
    0x62, 0x2F, 0x03, 0x7F, 0x00, 0x02, 0x57, 0x14, 0x00, 0x00, 0x0E, 0x0C, 0x67, 0x61, 0x73, 0x70,
    0x00, 0x00, 0x00, 0x10, 0x00, 0x02, 0x56, 0x5C, 0x00, 0x00, 0x00, 0x08, 0x67, 0x6C, 0x79, 0x66,
    0xEA, 0x66, 0x2E, 0x35, 0x00, 0x00, 0x06, 0x8C, 0x00, 0x02, 0x09, 0x16, 0x68, 0x65, 0x61, 0x64,
    0x18, 0xFB, 0x53, 0x02, 0x00, 0x02, 0x0F, 0xA4, 0x00, 0x00, 0x00, 0x36, 0x68, 0x68, 0x65, 0x61,
    0x0E, 0x53, 0x08, 0x19, 0x00, 0x02, 0x0F, 0xDC, 0x00, 0x00, 0x00, 0x24, 0x68, 0x6D, 0x74, 0x78,
    0x31, 0x6B, 0x10, 0x2D, 0x00, 0x02, 0x10, 0x00, 0x00, 0x00, 0x0B, 0x1E, 0x6C, 0x6F, 0x63, 0x61,
    0x02, 0xEA, 0xAA, 0x92, 0x00, 0x02, 0x1B, 0x20, 0x00, 0x00, 0x0B, 0x24, 0x6D, 0x61, 0x78, 0x70,
    0x06, 0x46, 0x10, 0xA7, 0x00, 0x02, 0x26, 0x44, 0x00, 0x00, 0x00, 0x20, 0x6E, 0x61, 0x6D, 0x65,
    0xED, 0x8B, 0xAF, 0x58, 0x00, 0x02, 0x26, 0x64, 0x00, 0x00, 0x1B, 0x48, 0x70, 0x6F, 0x73, 0x74,
    0xFC, 0xAB, 0x10, 0xBE, 0x00, 0x02, 0x41, 0xAC, 0x00, 0x00, 0x14, 0xB0, 0x70, 0x72, 0x65, 0x70,
    0x8E, 0xD0, 0xA0, 0x76, 0x00, 0x02, 0x65, 0x20, 0x00, 0x00, 0x00, 0xD6, 0x00, 0x03, 0x04, 0xCB,
    0x01, 0xF4, 0x00, 0x05, 0x00, 0x00, 0x05, 0x9A, 0x05, 0x33, 0x00, 0x00, 0x01, 0x1B, 0x05, 0x9A,
    0x05, 0x33, 0x00, 0x00, 0x03, 0xD1, 0x00, 0x66, 0x02, 0x00, 0x08, 0x02, 0x00, 0x00, 0x00, 0x00,
    0x00, 0x00, 0x00, 0x00, 0x00, 0x00, 0xA0, 0x00, 0x02, 0xAF, 0x50, 0x00, 0x78, 0xFB, 0x00, 0x00,
    0x00, 0x00, 0x00, 0x00, 0x00, 0x00, 0x20, 0x20, 0x20, 0x20, 0x00, 0x40, 0x00, 0x00, 0xFF, 0xFD,
    0x06, 0x2B, 0xFE, 0x75, 0x01, 0x89, 0x07, 0x8F, 0x01, 0xB0, 0x20, 0x00, 0x00, 0x9F, 0xDF, 0xD7,
    0x00, 0x00, 0x04, 0x44, 0x05, 0xC8, 0x00, 0x00, 0x00, 0x20, 0x00, 0x00, 0x00, 0x00, 0x00, 0x03,
    0x00, 0x00, 0x00, 0x03, 0x00, 0x00, 0x00, 0x1C, 0x00, 0x01, 0x00, 0x00, 0x00, 0x00, 0x03, 0x34,
    0x00, 0x03, 0x00, 0x01, 0x00, 0x00, 0x00, 0x1C, 0x00, 0x04, 0x03, 0x18, 0x00, 0x00, 0x00, 0xC2,
    0x00, 0x80, 0x00, 0x06, 0x00, 0x42, 0x00, 0x00, 0x00, 0x0D, 0x00, 0x7E, 0x01, 0x7F, 0x01, 0x92,
    0x01, 0xDC, 0x01, 0xFF, 0x02, 0x1B, 0x02, 0xC7, 0x02, 0xC9, 0x02, 0xDD, 0x03, 0x7E, 0x03, 0x8A,
    0x03, 0x8C, 0x03, 0xA1, 0x03, 0xCE, 0x04, 0x5F, 0x04, 0x91, 0x1E, 0x85, 0x1E, 0xF3, 0x20, 0x15,
    0x20, 0x1E, 0x20, 0x22, 0x20, 0x26, 0x20, 0x30, 0x20, 0x33, 0x20, 0x3A, 0x20, 0x3C, 0x20, 0x3E,
    0x20, 0x44, 0x20, 0x70, 0x20, 0x8E, 0x20, 0x99, 0x20, 0xA4, 0x20, 0xA7, 0x20, 0xAC, 0x21, 0x05,
    0x21, 0x13, 0x21, 0x16, 0x21, 0x22, 0x21, 0x26, 0x21, 0x2E, 0x21, 0x5E, 0x21, 0x95, 0x21, 0xA8,
    0x22, 0x02, 0x22, 0x06, 0x22, 0x0F, 0x22, 0x12, 0x22, 0x15, 0x22, 0x1A, 0x22, 0x1F, 0x22, 0x2B,
    0x22, 0x48, 0x22, 0x61, 0x22, 0x65, 0x23, 0x02, 0x23, 0x10, 0x23, 0x21, 0x25, 0x00, 0x25, 0x02,
    0x25, 0x0C, 0x25, 0x10, 0x25, 0x14, 0x25, 0x18, 0x25, 0x1C, 0x25, 0x24, 0x25, 0x2C, 0x25, 0x34,
    0x25, 0x3C, 0x25, 0x6C, 0x25, 0x80, 0x25, 0x84, 0x25, 0x88, 0x25, 0x8C, 0x25, 0x93, 0x25, 0xA1,
    0x25, 0xAC, 0x25, 0xB2, 0x25, 0xBA, 0x25, 0xBC, 0x25, 0xC4, 0x25, 0xCB, 0x25, 0xCF, 0x25, 0xD9,
    0x25, 0xE6, 0x26, 0x3C, 0x26, 0x40, 0x26, 0x42, 0x26, 0x60, 0x26, 0x63, 0x26, 0x66, 0x26, 0x6B,
    0xF8, 0x00, 0xFB, 0x02, 0xFF, 0xFD, 0xFF, 0xFF, 0x00, 0x00, 0x00, 0x00, 0x00, 0x0D, 0x00, 0x20,
    0x00, 0xA0, 0x01, 0x92, 0x01, 0xCD, 0x01, 0xFA, 0x02, 0x18, 0x02, 0xC6, 0x02, 0xC9, 0x02, 0xD8,
    0x03, 0x7E, 0x03, 0x84, 0x03, 0x8C, 0x03, 0x8E, 0x03, 0xA3, 0x04, 0x00, 0x04, 0x90, 0x1E, 0x80,
    0x1E, 0xF2, 0x20, 0x13, 0x20, 0x17, 0x20, 0x20, 0x20, 0x26, 0x20, 0x30, 0x20, 0x32, 0x20, 0x39,
    0x20, 0x3C, 0x20, 0x3E, 0x20, 0x44, 0x20, 0x70, 0x20, 0x74, 0x20, 0x99, 0x20, 0xA3, 0x20, 0xA7,
    0x20, 0xAC, 0x21, 0x05, 0x21, 0x13, 0x21, 0x16, 0x21, 0x22, 0x21, 0x26, 0x21, 0x2E, 0x21, 0x5B,
    0x21, 0x90, 0x21, 0xA8, 0x22, 0x02, 0x22, 0x06, 0x22, 0x0F, 0x22, 0x11, 0x22, 0x15, 0x22, 0x19,
    0x22, 0x1E, 0x22, 0x29, 0x22, 0x48, 0x22, 0x60, 0x22, 0x64, 0x23, 0x02, 0x23, 0x10, 0x23, 0x20,
    0x25, 0x00, 0x25, 0x02, 0x25, 0x0C, 0x25, 0x10, 0x25, 0x14, 0x25, 0x18, 0x25, 0x1C, 0x25, 0x24,
    0x25, 0x2C, 0x25, 0x34, 0x25, 0x3C, 0x25, 0x50, 0x25, 0x80, 0x25, 0x84, 0x25, 0x88, 0x25, 0x8C,
    0x25, 0x90, 0x25, 0xA0, 0x25, 0xAA, 0x25, 0xB2, 0x25, 0xBA, 0x25, 0xBC, 0x25, 0xC4, 0x25, 0xCA,
    0x25, 0xCF, 0x25, 0xD8, 0x25, 0xE6, 0x26, 0x3A, 0x26, 0x40, 0x26, 0x42, 0x26, 0x60, 0x26, 0x63,
    0x26, 0x65, 0x26, 0x6A, 0xF8, 0x00, 0xFB, 0x01, 0xFF, 0xFD, 0xFF, 0xFF, 0x00, 0x01, 0xFF, 0xF5,
    0xFF, 0xE3, 0xFF, 0xC2, 0xFF, 0xB0, 0xFF, 0x76, 0xFF, 0x59, 0xFF, 0x41, 0xFE, 0x97, 0xFE, 0x96,
    0xFE, 0x88, 0xFD, 0xE8, 0xFD, 0xE3, 0xFD, 0xE2, 0xFD, 0xE1, 0xFD, 0xE0, 0xFD, 0xAF, 0xFD, 0x7F,
    0xE3, 0x91, 0xE3, 0x25, 0xE2, 0x06, 0xE2, 0x05, 0xE2, 0x04, 0xE2, 0x01, 0xE1, 0xF8, 0xE1, 0xF7,
    0xE1, 0xF2, 0xE1, 0xF1, 0xE1, 0xF0, 0xE1, 0xEB, 0xE1, 0xC0, 0xE1, 0xBD, 0xE1, 0xB3, 0xE1, 0xAA,
    0xE1, 0xA8, 0xE1, 0xA4, 0xE1, 0x4C, 0xE1, 0x3F, 0xE1, 0x3D, 0xE1, 0x32, 0xE1, 0x2F, 0xE1, 0x28,
    0xE0, 0xFC, 0xE0, 0xCB, 0xE0, 0xB9, 0xE0, 0x60, 0xE0, 0x5D, 0xE0, 0x55, 0xE0, 0x54, 0xE0, 0x52,
    0xE0, 0x4F, 0xE0, 0x4C, 0xE0, 0x43, 0xE0, 0x27, 0xE0, 0x10, 0xE0, 0x0E, 0xDF, 0x72, 0xDF, 0x65,
    0xDF, 0x56, 0xDD, 0x78, 0xDD, 0x77, 0xDD, 0x6E, 0xDD, 0x6B, 0xDD, 0x68, 0xDD, 0x65, 0xDD, 0x62,
    0xDD, 0x5B, 0xDD, 0x54, 0xDD, 0x4D, 0xDD, 0x46, 0xDD, 0x33, 0xDD, 0x20, 0xDD, 0x1D, 0xDD, 0x1A,
    0xDD, 0x17, 0xDD, 0x14, 0xDD, 0x08, 0xDD, 0x00, 0xDC, 0xFB, 0xDC, 0xF4, 0xDC, 0xF3, 0xDC, 0xEC,
    0xDC, 0xE7, 0xDC, 0xE4, 0xDC, 0xDC, 0xDC, 0xD0, 0xDC, 0x7D, 0xDC, 0x7A, 0xDC, 0x79, 0xDC, 0x5C,
    0xDC, 0x5A, 0xDC, 0x59, 0xDC, 0x56, 0x0A, 0xC2, 0x07, 0xC2, 0x02, 0xC8, 0x00, 0x01, 0x00, 0x00,
    0x00, 0x00, 0x00, 0x00, 0x00, 0x00, 0x00, 0x00, 0x00, 0x00, 0x00, 0x00, 0x00, 0x00, 0x00, 0x00,
    0x00, 0x00, 0x00, 0x00, 0x00, 0x00, 0x00, 0x00, 0x00, 0x00, 0x00, 0x00, 0x00, 0x00, 0x00, 0x00,
    0x00, 0x00, 0x00, 0x00, 0x00, 0x00, 0x00, 0x00, 0x00, 0x00, 0x00, 0x00, 0x00, 0x00, 0x00, 0x00,
    0x00, 0x00, 0x00, 0x00, 0x00, 0x00, 0x00, 0x00, 0x00, 0x00, 0x00, 0x00, 0x00, 0x00, 0x00, 0x00,
    0x00, 0x00, 0x00, 0x00, 0x00, 0x00, 0x00, 0x00, 0x00, 0x00, 0x00, 0x00, 0x00, 0x00, 0x00, 0x00,
    0x00, 0x00, 0x00, 0x00, 0x00, 0x00, 0x00, 0x00, 0x00, 0x00, 0x00, 0x00, 0x00, 0x00, 0x00, 0x00,
    0x00, 0x00, 0x00, 0x00, 0x00, 0x00, 0x00, 0x00, 0x00, 0x00, 0x00, 0x00, 0x00, 0x00, 0x00, 0x00,
    0x00, 0x00, 0x00, 0x00, 0x00, 0x00, 0x00, 0x00, 0x00, 0x00, 0x00, 0x00, 0x00, 0x00, 0x00, 0x00,
    0x00, 0x00, 0x00, 0x00, 0x00, 0x00, 0x00, 0x00, 0x00, 0x00, 0x00, 0x00, 0x00, 0x00, 0x00, 0x00,
    0x00, 0x00, 0x00, 0x00, 0x00, 0x00, 0x00, 0x00, 0x00, 0x00, 0x00, 0x00, 0x00, 0x00, 0x00, 0x00,
    0x00, 0x00, 0x00, 0x00, 0x00, 0x00, 0x00, 0x00, 0x00, 0x00, 0x00, 0x00, 0x00, 0x00, 0x00, 0x00,
    0x00, 0x00, 0x00, 0x00, 0x00, 0x00, 0x00, 0x00, 0x00, 0x00, 0x00, 0x00, 0x00, 0x00, 0x00, 0x00,
    0x00, 0x06, 0x02, 0x0A, 0x00, 0x00, 0x00, 0x00, 0x01, 0x00, 0x00, 0x01, 0x00, 0x00, 0x00, 0x00,
    0x00, 0x00, 0x00, 0x00, 0x00, 0x00, 0x00, 0x00, 0x00, 0x00, 0x00, 0x01, 0x00, 0x02, 0x00, 0x00,
    0x00, 0x00, 0x00, 0x00, 0x00, 0x02, 0x00, 0x00, 0x00, 0x00, 0x00, 0x00, 0x00, 0x00, 0x00, 0x00,
    0x00, 0x00, 0x00, 0x00, 0x00, 0x00, 0x00, 0x00, 0x00, 0x00, 0x00, 0x00, 0x00, 0x00, 0x00, 0x00,
    0x00, 0x00, 0x00, 0x00, 0x00, 0x01, 0x00, 0x00, 0x00, 0x00, 0x00, 0x03, 0x00, 0x04, 0x00, 0x05,
    0x00, 0x06, 0x00, 0x07, 0x00, 0x08, 0x00, 0x09, 0x00, 0x0A, 0x00, 0x0B, 0x00, 0x0C, 0x00, 0x0D,
    0x00, 0x0E, 0x00, 0x0F, 0x00, 0x10, 0x00, 0x11, 0x00, 0x12, 0x00, 0x13, 0x00, 0x14, 0x00, 0x15,
    0x00, 0x16, 0x00, 0x17, 0x00, 0x18, 0x00, 0x19, 0x00, 0x1A, 0x00, 0x1B, 0x00, 0x1C, 0x00, 0x1D,
    0x00, 0x1E, 0x00, 0x1F, 0x00, 0x20, 0x00, 0x21, 0x00, 0x22, 0x00, 0x23, 0x00, 0x24, 0x00, 0x25,
    0x00, 0x26, 0x00, 0x27, 0x00, 0x28, 0x00, 0x29, 0x00, 0x2A, 0x00, 0x2B, 0x00, 0x2C, 0x00, 0x2D,
    0x00, 0x2E, 0x00, 0x2F, 0x00, 0x30, 0x00, 0x31, 0x00, 0x32, 0x00, 0x33, 0x00, 0x34, 0x00, 0x35,
    0x00, 0x36, 0x00, 0x37, 0x00, 0x38, 0x00, 0x39, 0x00, 0x3A, 0x00, 0x3B, 0x00, 0x3C, 0x00, 0x3D,
    0x00, 0x3E, 0x00, 0x3F, 0x00, 0x40, 0x00, 0x41, 0x00, 0x42, 0x00, 0x43, 0x00, 0x44, 0x00, 0x45,
    0x00, 0x46, 0x00, 0x47, 0x00, 0x48, 0x00, 0x49, 0x00, 0x4A, 0x00, 0x4B, 0x00, 0x4C, 0x00, 0x4D,
    0x00, 0x4E, 0x00, 0x4F, 0x00, 0x50, 0x00, 0x51, 0x00, 0x52, 0x00, 0x53, 0x00, 0x54, 0x00, 0x55,
    0x00, 0x56, 0x00, 0x57, 0x00, 0x58, 0x00, 0x59, 0x00, 0x5A, 0x00, 0x5B, 0x00, 0x5C, 0x00, 0x5D,
    0x00, 0x5E, 0x00, 0x5F, 0x00, 0x60, 0x00, 0x61, 0x00, 0x00, 0x00, 0x86, 0x00, 0x87, 0x00, 0x89,
    0x00, 0x8B, 0x00, 0x93, 0x00, 0x98, 0x00, 0x9E, 0x00, 0xA3, 0x00, 0xA2, 0x00, 0xA4, 0x00, 0xA6,
    0x00, 0xA5, 0x00, 0xA7, 0x00, 0xA9, 0x00, 0xAB, 0x00, 0xAA, 0x00, 0xAC, 0x00, 0xAD, 0x00, 0xAF,
    0x00, 0xAE, 0x00, 0xB0, 0x00, 0xB1, 0x00, 0xB3, 0x00, 0xB5, 0x00, 0xB4, 0x00, 0xB6, 0x00, 0xB8,
    0x00, 0xB7, 0x00, 0xBC, 0x00, 0xBB, 0x00, 0xBD, 0x00, 0xBE, 0x02, 0x24, 0x00, 0x72, 0x00, 0x64,
    0x00, 0x65, 0x00, 0x69, 0x02, 0x26, 0x00, 0x78, 0x00, 0xA1, 0x00, 0x70, 0x00, 0x6B, 0x02, 0x54,
    0x00, 0x76, 0x00, 0x6A, 0x02, 0x70, 0x00, 0x88, 0x00, 0x9A, 0x02, 0x6A, 0x00, 0x73, 0x02, 0x72,
    0x02, 0x73, 0x00, 0x67, 0x00, 0x77, 0x02, 0x62, 0x02, 0x65, 0x02, 0x64, 0x01, 0xA0, 0x02, 0x6E,
    0x00, 0x6C, 0x00, 0x7C, 0x02, 0x55, 0x00, 0xA8, 0x00, 0xBA, 0x00, 0x81, 0x00, 0x63, 0x00, 0x6E,
    0x02, 0x69, 0x01, 0x42, 0x02, 0x6F, 0x02, 0x63, 0x00, 0x6D, 0x00, 0x7D, 0x02, 0x27, 0x00, 0x03,
    0x00, 0x82, 0x00, 0x85, 0x00, 0x97, 0x01, 0x14, 0x01, 0x15, 0x02, 0x19, 0x02, 0x1A, 0x02, 0x21,
    0x02, 0x22, 0x02, 0x1D, 0x02, 0x1E, 0x00, 0xB9, 0x02, 0xB1, 0x00, 0xC1, 0x01, 0x3A, 0x02, 0x2F,
    0x02, 0x50, 0x02, 0x2B, 0x02, 0x2C, 0x02, 0xC3, 0x02, 0xC4, 0x02, 0x25, 0x00, 0x79, 0x02, 0x1F,
    0x02, 0x23, 0x02, 0x28, 0x00, 0x84, 0x00, 0x8C, 0x00, 0x83, 0x00, 0x8D, 0x00, 0x8A, 0x00, 0x8F,
    0x00, 0x90, 0x00, 0x91, 0x00, 0x8E, 0x00, 0x95, 0x00, 0x96, 0x00, 0x00, 0x00, 0x94, 0x00, 0x9C,
    0x00, 0x9D, 0x00, 0x9B, 0x00, 0xF3, 0x01, 0x5D, 0x01, 0x64, 0x00, 0x71, 0x01, 0x60, 0x01, 0x61,
    0x01, 0x62, 0x00, 0x7A, 0x01, 0x65, 0x01, 0x63, 0x01, 0x5E, 0x00, 0x00, 0x00, 0x02, 0x01, 0x00,
    0x00, 0x00, 0x05, 0x00, 0x05, 0x00, 0x00, 0x03, 0x00, 0x07, 0x00, 0x2A, 0x40, 0x27, 0x00, 0x00,
    0x00, 0x03, 0x02, 0x00, 0x03, 0x67, 0x00, 0x02, 0x01, 0x01, 0x02, 0x57, 0x00, 0x02, 0x02, 0x01,
    0x5F, 0x04, 0x01, 0x01, 0x02, 0x01, 0x4F, 0x00, 0x00, 0x07, 0x06, 0x05, 0x04, 0x00, 0x03, 0x00,
    0x03, 0x11, 0x05, 0x06, 0x17, 0x2B, 0x21, 0x11, 0x21, 0x11, 0x25, 0x21, 0x11, 0x21, 0x01, 0x00,
    0x04, 0x00, 0xFC, 0x40, 0x03, 0x80, 0xFC, 0x80, 0x05, 0x00, 0xFB, 0x00, 0x40, 0x04, 0x80, 0x00,
    0x00, 0x02, 0x00, 0xC9, 0x00, 0x00, 0x01, 0xD4, 0x05, 0xC8, 0x00, 0x03, 0x00, 0x09, 0x00, 0x4C,
    0x4B, 0xB0, 0x2A, 0x50, 0x58, 0x40, 0x17, 0x05, 0x01, 0x03, 0x03, 0x02, 0x5F, 0x00, 0x02, 0x02,
    0x38, 0x4D, 0x00, 0x00, 0x00, 0x01, 0x5F, 0x04, 0x01, 0x01, 0x01, 0x39, 0x01, 0x4E, 0x1B, 0x40,
    0x15, 0x00, 0x02, 0x05, 0x01, 0x03, 0x00, 0x02, 0x03, 0x67, 0x00, 0x00, 0x00, 0x01, 0x5F, 0x04,
    0x01, 0x01, 0x01, 0x3C, 0x01, 0x4E, 0x59, 0x40, 0x12, 0x04, 0x04, 0x00, 0x00, 0x04, 0x09, 0x04,
    0x09, 0x07, 0x06, 0x00, 0x03, 0x00, 0x03, 0x11, 0x06, 0x09, 0x17, 0x2B, 0x33, 0x35, 0x21, 0x15,
    0x03, 0x03, 0x11, 0x33, 0x11, 0x03, 0xC9, 0x01, 0x0B, 0xDC, 0x25, 0xF7, 0x25, 0xE8, 0xE8, 0x01,
    0xA3, 0x02, 0xFD, 0x01, 0x28, 0xFE, 0xD8, 0xFD, 0x03, 0x00, 0x00, 0x00, 0x00, 0x02, 0x00, 0x67,
    0x03, 0xFB, 0x02, 0xEA, 0x06, 0x2B, 0x00, 0x03, 0x00, 0x07, 0x00, 0x24, 0x40, 0x21, 0x05, 0x03,
    0x04, 0x03, 0x01, 0x01, 0x00, 0x5F, 0x02, 0x01, 0x00, 0x00, 0x3A, 0x01, 0x4E, 0x04, 0x04, 0x00,
    0x00, 0x04, 0x07, 0x04, 0x07, 0x06, 0x05, 0x00, 0x03, 0x00, 0x03, 0x11, 0x06, 0x09, 0x17, 0x2B,
    0x13, 0x03, 0x33, 0x03, 0x33, 0x03, 0x33, 0x03, 0x8C, 0x25, 0xF6, 0x2B, 0xE6, 0x25, 0xF7, 0x2B,
    0x03, 0xFB, 0x02, 0x30, 0xFD, 0xD0, 0x02, 0x30, 0xFD, 0xD0, 0x00, 0x00, 0x00, 0x02, 0x00, 0x19,
    0x00, 0x00, 0x04, 0x5A, 0x05, 0xC8, 0x00, 0x1B, 0x00, 0x1F, 0x00, 0xA9, 0x4B, 0xB0, 0x15, 0x50,
    0x58, 0x40, 0x28, 0x0E, 0x09, 0x02, 0x01, 0x0C, 0x0A, 0x02, 0x00, 0x0B, 0x01, 0x00, 0x67, 0x06,
    0x01, 0x04, 0x04, 0x38, 0x4D, 0x0F, 0x08, 0x02, 0x02, 0x02, 0x03, 0x5F, 0x07, 0x05, 0x02, 0x03,
    0x03, 0x3B, 0x4D, 0x10, 0x0D, 0x02, 0x0B, 0x0B, 0x39, 0x0B, 0x4E, 0x1B, 0x4B, 0xB0, 0x2A, 0x50,
    0x58, 0x40, 0x26, 0x07, 0x05, 0x02, 0x03, 0x0F, 0x08, 0x02, 0x02, 0x01, 0x03, 0x02, 0x68, 0x0E,
    0x09, 0x02, 0x01, 0x0C, 0x0A, 0x02, 0x00, 0x0B, 0x01, 0x00, 0x67, 0x06, 0x01, 0x04, 0x04, 0x38,
    0x4D, 0x10, 0x0D, 0x02, 0x0B, 0x0B, 0x39, 0x0B, 0x4E, 0x1B, 0x40, 0x26, 0x06, 0x01, 0x04, 0x03,
    0x04, 0x85, 0x07, 0x05, 0x02, 0x03, 0x0F, 0x08, 0x02, 0x02, 0x01, 0x03, 0x02, 0x68, 0x0E, 0x09,
    0x02, 0x01, 0x0C, 0x0A, 0x02, 0x00, 0x0B, 0x01, 0x00, 0x67, 0x10, 0x0D, 0x02, 0x0B, 0x0B, 0x3C,
    0x0B, 0x4E, 0x59, 0x59, 0x40, 0x1E, 0x00, 0x00, 0x1F, 0x1E, 0x1D, 0x1C, 0x00, 0x1B, 0x00, 0x1B,
    0x1A, 0x19, 0x18, 0x17, 0x16, 0x15, 0x14, 0x13, 0x11, 0x11, 0x11, 0x11, 0x11, 0x11, 0x11, 0x11,
    0x11, 0x11, 0x09, 0x1F, 0x2B, 0x33, 0x13, 0x23, 0x37, 0x33, 0x13, 0x23, 0x37, 0x33, 0x13, 0x33,
    0x03, 0x33, 0x13, 0x33, 0x03, 0x33, 0x07, 0x23, 0x03, 0x33, 0x07, 0x23, 0x03, 0x23, 0x13, 0x23,
    0x03, 0x13, 0x33, 0x13, 0x23, 0x7D, 0x6C, 0xD0, 0x1A, 0xD8, 0x56, 0xEA, 0x1B, 0xF0, 0x6D, 0x8C,
    0x6D, 0xEE, 0x6D, 0x8C, 0x6C, 0xD1, 0x1B, 0xD8, 0x55, 0xE9, 0x1A, 0xF1, 0x6D, 0x8C, 0x6D, 0xEE,
    0x6D, 0x8E, 0xEF, 0x55, 0xEF, 0x01, 0xB3, 0x88, 0x01, 0x53, 0x87, 0x01, 0xB3, 0xFE, 0x4D, 0x01,
    0xB3, 0xFE, 0x4D, 0x87, 0xFE, 0xAD, 0x88, 0xFE, 0x4D, 0x01, 0xB3, 0xFE, 0x4D, 0x02, 0x3B, 0x01,
    0x53, 0x00, 0x00, 0x00, 0x00, 0x03, 0x00, 0x6F, 0xFF, 0x73, 0x03, 0xE9, 0x06, 0x56, 0x00, 0x27,
    0x00, 0x2F, 0x00, 0x34, 0x00, 0xA2, 0x40, 0x1D, 0x12, 0x01, 0x03, 0x02, 0x17, 0x01, 0x04, 0x03,
    0x34, 0x30, 0x2F, 0x28, 0x1B, 0x18, 0x08, 0x05, 0x08, 0x01, 0x04, 0x04, 0x01, 0x00, 0x01, 0x26,
    0x01, 0x05, 0x00, 0x05, 0x4C, 0x4B, 0xB0, 0x17, 0x50, 0x58, 0x40, 0x20, 0x06, 0x01, 0x05, 0x00,
    0x05, 0x86, 0x00, 0x02, 0x02, 0x3A, 0x4D, 0x00, 0x04, 0x04, 0x03, 0x61, 0x00, 0x03, 0x03, 0x38,
    0x4D, 0x00, 0x01, 0x01, 0x00, 0x61, 0x00, 0x00, 0x00, 0x39, 0x00, 0x4E, 0x1B, 0x4B, 0xB0, 0x2A,
    0x50, 0x58, 0x40, 0x20, 0x00, 0x02, 0x03, 0x02, 0x85, 0x06, 0x01, 0x05, 0x00, 0x05, 0x86, 0x00,
    0x04, 0x04, 0x03, 0x61, 0x00, 0x03, 0x03, 0x38, 0x4D, 0x00, 0x01, 0x01, 0x00, 0x61, 0x00, 0x00,
    0x00, 0x39, 0x00, 0x4E, 0x1B, 0x40, 0x1E, 0x00, 0x02, 0x03, 0x02, 0x85, 0x06, 0x01, 0x05, 0x00,
    0x05, 0x86, 0x00, 0x03, 0x00, 0x04, 0x01, 0x03, 0x04, 0x69, 0x00, 0x01, 0x01, 0x00, 0x61, 0x00,
    0x00, 0x00, 0x3C, 0x00, 0x4E, 0x59, 0x59, 0x40, 0x0E, 0x00, 0x00, 0x00, 0x27, 0x00, 0x27, 0x13,
    0x11, 0x1C, 0x14, 0x11, 0x07, 0x09, 0x1B, 0x2B, 0x05, 0x35, 0x22, 0x26, 0x27, 0x35, 0x16, 0x17,
    0x11, 0x2E, 0x03, 0x35, 0x34, 0x3E, 0x02, 0x37, 0x35, 0x33, 0x15, 0x16, 0x17, 0x15, 0x26, 0x27,
    0x11, 0x17, 0x1E, 0x03, 0x15, 0x14, 0x0E, 0x02, 0x07, 0x15, 0x03, 0x36, 0x35, 0x34, 0x2E, 0x02,
    0x27, 0x03, 0x06, 0x15, 0x14, 0x17, 0x01, 0xF8, 0x54, 0xC6, 0x6F, 0xCC, 0xBD, 0x6D, 0x8D, 0x53,
    0x20, 0x2A, 0x58, 0x8B, 0x60, 0x81, 0x99, 0xA0, 0xC1, 0x78, 0x44, 0x52, 0x72, 0x48, 0x20, 0x2E,
    0x5D, 0x8A, 0x5B, 0x0F, 0xB3, 0x11, 0x29, 0x45, 0x34, 0x63, 0xB1, 0xB1, 0x8D, 0x8F, 0x26, 0x28,
    0xC2, 0x66, 0x06, 0x01, 0xFC, 0x3A, 0x64, 0x66, 0x71, 0x47, 0x46, 0x7C, 0x61, 0x3E, 0x08, 0x8F,
    0x8F, 0x03, 0x3E, 0xB5, 0x58, 0x04, 0xFE, 0x14, 0x28, 0x2E, 0x58, 0x5C, 0x63, 0x39, 0x49, 0x89,
    0x6E, 0x4D, 0x0D, 0x8E, 0x01, 0x3F, 0x27, 0xA3, 0x20, 0x37, 0x35, 0x34, 0x1E, 0x02, 0xCC, 0x24,
    0x97, 0x83, 0x5D, 0x00, 0x00, 0x05, 0x00, 0x66, 0xFF, 0xEE, 0x06, 0xBC, 0x05, 0xDA, 0x00, 0x03,
    0x00, 0x17, 0x00, 0x23, 0x00, 0x37, 0x00, 0x45, 0x00, 0xBB, 0x4B, 0xB0, 0x1D, 0x50, 0x58, 0x40,
    0x2C, 0x00, 0x04, 0x00, 0x03, 0x09, 0x04, 0x03, 0x69, 0x00, 0x06, 0x00, 0x09, 0x08, 0x06, 0x09,
    0x6A, 0x00, 0x05, 0x05, 0x00, 0x61, 0x02, 0x01, 0x00, 0x00, 0x38, 0x4D, 0x00, 0x08, 0x08, 0x07,
    0x61, 0x00, 0x07, 0x07, 0x39, 0x4D, 0x0A, 0x01, 0x01, 0x01, 0x39, 0x01, 0x4E, 0x1B, 0x4B, 0xB0,
    0x2A, 0x50, 0x58, 0x40, 0x30, 0x00, 0x04, 0x00, 0x03, 0x09, 0x04, 0x03, 0x69, 0x00, 0x06, 0x00,
    0x09, 0x08, 0x06, 0x09, 0x6A, 0x00, 0x00, 0x00, 0x38, 0x4D, 0x00, 0x05, 0x05, 0x02, 0x61, 0x00,
    0x02, 0x02, 0x38, 0x4D, 0x00, 0x08, 0x08, 0x07, 0x61, 0x00, 0x07, 0x07, 0x39, 0x4D, 0x0A, 0x01,
    0x01, 0x01, 0x39, 0x01, 0x4E, 0x1B, 0x40, 0x2E, 0x00, 0x00, 0x02, 0x00, 0x85, 0x00, 0x02, 0x00,
    0x05, 0x04, 0x02, 0x05, 0x69, 0x00, 0x04, 0x00, 0x03, 0x09, 0x04, 0x03, 0x69, 0x00, 0x06, 0x00,
    0x09, 0x08, 0x06, 0x09, 0x6A, 0x00, 0x08, 0x08, 0x07, 0x61, 0x00, 0x07, 0x07, 0x3C, 0x4D, 0x0A,
    0x01, 0x01, 0x01, 0x3C, 0x01, 0x4E, 0x59, 0x59, 0x40, 0x1A, 0x00, 0x00, 0x44, 0x42, 0x3C, 0x3A,
    0x34, 0x32, 0x2A, 0x28, 0x22, 0x20, 0x1C, 0x1A, 0x14, 0x12, 0x0A, 0x08, 0x00, 0x03, 0x00, 0x03,
    0x11, 0x0B, 0x09, 0x17, 0x2B, 0x17, 0x01, 0x33, 0x01, 0x01, 0x34, 0x3E, 0x02, 0x33, 0x32, 0x1E,
    0x02, 0x15, 0x14, 0x0E, 0x02, 0x23, 0x22, 0x2E, 0x02, 0x37, 0x14, 0x16, 0x33, 0x32, 0x36, 0x35,
    0x34, 0x26, 0x23, 0x22, 0x06, 0x01, 0x34, 0x3E, 0x02, 0x33, 0x32, 0x1E, 0x02, 0x15, 0x14, 0x0E,
    0x02, 0x23, 0x22, 0x2E, 0x02, 0x37, 0x14, 0x16, 0x33, 0x32, 0x3E, 0x02, 0x35, 0x34, 0x26, 0x23,
    0x22, 0x06, 0xEF, 0x04, 0x86, 0xB1, 0xFB, 0x7B, 0xFE, 0xC5, 0x2F, 0x57, 0x7E, 0x4F, 0x50, 0x7F,
    0x57, 0x2E, 0x2D, 0x57, 0x80, 0x52, 0x50, 0x7E, 0x56, 0x2D, 0xC1, 0x4C, 0x45, 0x45, 0x4F, 0x4E,
    0x45, 0x45, 0x4D, 0x02, 0xEE, 0x31, 0x58, 0x7D, 0x4D, 0x4D, 0x7E, 0x59, 0x30, 0x2E, 0x57, 0x80,
    0x51, 0x51, 0x7D, 0x56, 0x2D, 0xC1, 0x4C, 0x45, 0x23, 0x37, 0x26, 0x14, 0x4F, 0x44, 0x45, 0x4D,
    0x12, 0x05, 0xEC, 0xFA, 0x14, 0x04, 0x6B, 0x55, 0x88, 0x5F, 0x33, 0x34, 0x60, 0x89, 0x55, 0x55,
    0x89, 0x60, 0x34, 0x33, 0x61, 0x8A, 0x56, 0x73, 0x81, 0x82, 0x70, 0x6F, 0x83, 0x80, 0xFC, 0xC2,
    0x54, 0x87, 0x5E, 0x33, 0x33, 0x60, 0x89, 0x55, 0x56, 0x89, 0x60, 0x34, 0x34, 0x61, 0x8C, 0x4F,
    0x6F, 0x80, 0x22, 0x3E, 0x57, 0x36, 0x76, 0x80, 0x81, 0x00, 0x00, 0x00, 0x00, 0x03, 0x00, 0x32,
    0xFF, 0xDB, 0x05, 0x42, 0x05, 0xED, 0x00, 0x22, 0x00, 0x2E, 0x00, 0x36, 0x00, 0x6F, 0x40, 0x11,
    0x26, 0x18, 0x0A, 0x03, 0x02, 0x05, 0x20, 0x1A, 0x02, 0x04, 0x02, 0x01, 0x01, 0x03, 0x04, 0x03,
    0x4C, 0x4B, 0xB0, 0x2A, 0x50, 0x58, 0x40, 0x20, 0x00, 0x05, 0x05, 0x01, 0x61, 0x00, 0x01, 0x01,
    0x3E, 0x4D, 0x00, 0x02, 0x02, 0x03, 0x5F, 0x06, 0x01, 0x03, 0x03, 0x39, 0x4D, 0x00, 0x04, 0x04,
    0x00, 0x61, 0x00, 0x00, 0x00, 0x3F, 0x00, 0x4E, 0x1B, 0x40, 0x1E, 0x00, 0x01, 0x00, 0x05, 0x02,
    0x01, 0x05, 0x69, 0x00, 0x02, 0x02, 0x03, 0x5F, 0x06, 0x01, 0x03, 0x03, 0x3C, 0x4D, 0x00, 0x04,
    0x04, 0x00, 0x61, 0x00, 0x00, 0x00, 0x42, 0x00, 0x4E, 0x59, 0x40, 0x10, 0x00, 0x00, 0x34, 0x32,
    0x2E, 0x2C, 0x00, 0x22, 0x00, 0x22, 0x1B, 0x2C, 0x22, 0x07, 0x09, 0x19, 0x2B, 0x21, 0x27, 0x06,
    0x23, 0x22, 0x2E, 0x02, 0x35, 0x10, 0x25, 0x26, 0x35, 0x34, 0x3E, 0x02, 0x33, 0x32, 0x1E, 0x02,
    0x15, 0x14, 0x05, 0x12, 0x17, 0x36, 0x35, 0x35, 0x33, 0x14, 0x07, 0x16, 0x17, 0x25, 0x26, 0x02,
    0x27, 0x06, 0x15, 0x14, 0x1E, 0x02, 0x33, 0x32, 0x03, 0x36, 0x35, 0x34, 0x23, 0x22, 0x15, 0x14,
    0x04, 0x0B, 0x45, 0xB9, 0xC4, 0x73, 0xC4, 0x8F, 0x51, 0x01, 0x68, 0x62, 0x39, 0x64, 0x8A, 0x51,
    0x4E, 0x81, 0x5E, 0x34, 0xFE, 0xBC, 0x92, 0xAB, 0x5A, 0xDE, 0xD1, 0x5D, 0x71, 0xFE, 0x21, 0x60,
    0xBA, 0x57, 0xCA, 0x34, 0x5A, 0x7A, 0x46, 0x70, 0x6A, 0xC0, 0x88, 0x8C, 0x53, 0x78, 0x48, 0x7F,
    0xAE, 0x66, 0x01, 0x43, 0x8A, 0xAD, 0x77, 0x49, 0x78, 0x56, 0x2F, 0x2C, 0x51, 0x71, 0x45, 0xE6,
    0x91, 0xFE, 0xF4, 0xCE, 0x88, 0x99, 0x35, 0xE8, 0xEE, 0x78, 0x71, 0xD5, 0x73, 0x01, 0x14, 0xA2,
    0x5B, 0xBF, 0x4A, 0x80, 0x5F, 0x37, 0x03, 0x42, 0x58, 0x97, 0x91, 0x92, 0x5E, 0x00, 0x00, 0x00,
    0x00, 0x01, 0x00, 0x4D, 0x03, 0xE2, 0x01, 0x69, 0x06, 0x2B, 0x00, 0x03, 0x00, 0x19, 0x40, 0x16,
    0x02, 0x01, 0x01, 0x01, 0x00, 0x5F, 0x00, 0x00, 0x00, 0x3A, 0x01, 0x4E, 0x00, 0x00, 0x00, 0x03,
    0x00, 0x03, 0x11, 0x03, 0x09, 0x17, 0x2B, 0x13, 0x03, 0x21, 0x03, 0x85, 0x38, 0x01, 0x1C, 0x3E,
    0x03, 0xE2, 0x02, 0x49, 0xFD, 0xB7, 0x00, 0x00, 0x00, 0x01, 0x00, 0x6B, 0xFE, 0xD2, 0x02, 0x62,
    0x06, 0x31, 0x00, 0x15, 0x00, 0x06, 0xB3, 0x0A, 0x00, 0x01, 0x32, 0x2B, 0x01, 0x2E, 0x02, 0x02,
    0x35, 0x34, 0x12, 0x36, 0x36, 0x37, 0x15, 0x0E, 0x03, 0x15, 0x14, 0x1E, 0x02, 0x17, 0x02, 0x62,
    0x72, 0xBA, 0x84, 0x47, 0x47, 0x83, 0xBA, 0x73, 0x46, 0x66, 0x42, 0x1F, 0x1F, 0x42, 0x66, 0x46,
    0xFE, 0xD2, 0x45, 0xCC, 0xF8, 0x01, 0x17, 0x90, 0x91, 0x01, 0x15, 0xF6, 0xCC, 0x47, 0xA4, 0x4A,
    0xA4, 0xBE, 0xDE, 0x82, 0x82, 0xDD, 0xBE, 0xA5, 0x49, 0x00, 0x00, 0x00, 0x00, 0x01, 0x00, 0x47,
    0xFE, 0xD2, 0x02, 0x3E, 0x06, 0x31, 0x00, 0x15, 0x00, 0x06, 0xB3, 0x0A, 0x00, 0x01, 0x32, 0x2B,
    0x13, 0x1E, 0x02, 0x12, 0x15, 0x14, 0x02, 0x06, 0x06, 0x07, 0x35, 0x3E, 0x03, 0x35, 0x34, 0x2E,
    0x02, 0x27, 0x47, 0x72, 0xB9, 0x84, 0x48, 0x46, 0x83, 0xBA, 0x74, 0x47, 0x65, 0x41, 0x1F, 0x1F,
    0x41, 0x66, 0x46, 0x06, 0x31, 0x45, 0xCB, 0xF7, 0xFE, 0xE8, 0x91, 0x90, 0xFE, 0xEA, 0xF6, 0xCC,
    0x47, 0xA4, 0x49, 0xA5, 0xBE, 0xDD, 0x81, 0x82, 0xDE, 0xBF, 0xA5, 0x49, 0x00, 0x05, 0x00, 0x72,
    0x01, 0x0E, 0x04, 0x1F, 0x04, 0x8B, 0x00, 0x0A, 0x00, 0x17, 0x00, 0x22, 0x00, 0x2D, 0x00, 0x36,
    0x00, 0x2D, 0x40, 0x2A, 0x0F, 0x01, 0x01, 0x00, 0x01, 0x4C, 0x36, 0x33, 0x32, 0x2D, 0x2A, 0x27,
    0x22, 0x1D, 0x1C, 0x15, 0x12, 0x07, 0x0C, 0x01, 0x49, 0x00, 0x00, 0x01, 0x01, 0x00, 0x57, 0x00,
    0x00, 0x00, 0x01, 0x61, 0x00, 0x01, 0x00, 0x01, 0x51, 0x24, 0x13, 0x02, 0x09, 0x18, 0x2B, 0x01,
    0x26, 0x26, 0x27, 0x33, 0x06, 0x06, 0x07, 0x26, 0x23, 0x22, 0x05, 0x37, 0x36, 0x36, 0x37, 0x16,
    0x16, 0x17, 0x06, 0x06, 0x15, 0x14, 0x17, 0x01, 0x16, 0x16, 0x17, 0x17, 0x05, 0x36, 0x35, 0x34,
    0x26, 0x27, 0x01, 0x06, 0x06, 0x07, 0x07, 0x26, 0x26, 0x27, 0x36, 0x36, 0x37, 0x01, 0x27, 0x26,
    0x26, 0x27, 0x25, 0x16, 0x16, 0x17, 0x02, 0x0F, 0x11, 0x1F, 0x10, 0xF3, 0x0F, 0x1F, 0x10, 0x1D,
    0x1F, 0x20, 0xFE, 0x4A, 0x2A, 0x08, 0x10, 0x09, 0x51, 0x9F, 0x51, 0x14, 0x11, 0x01, 0x01, 0xF9,
    0x08, 0x12, 0x08, 0x2A, 0xFE, 0x97, 0x01, 0x10, 0x14, 0x01, 0x26, 0x16, 0x2C, 0x16, 0x6E, 0x28,
    0x50, 0x29, 0x1D, 0x34, 0x0E, 0xFE, 0xEF, 0x6D, 0x17, 0x2B, 0x16, 0x01, 0x05, 0x0E, 0x33, 0x1E,
    0x03, 0x24, 0x5B, 0xB2, 0x5A, 0x5A, 0xB2, 0x5B, 0x0F, 0x50, 0x81, 0x1A, 0x33, 0x1A, 0x2D, 0x56,
    0x2C, 0x14, 0x33, 0x1A, 0x0A, 0x04, 0x01, 0x1D, 0x1A, 0x33, 0x1A, 0x80, 0x39, 0x05, 0x0A, 0x1B,
    0x32, 0x13, 0xFE, 0x85, 0x11, 0x1F, 0x10, 0x50, 0x53, 0xA2, 0x53, 0x05, 0x25, 0x1A, 0xFE, 0x75,
    0x4E, 0x10, 0x21, 0x0F, 0xFE, 0x18, 0x28, 0x04, 0x00, 0x01, 0x00, 0x68, 0x00, 0x63, 0x04, 0x43,
    0x04, 0x3E, 0x00, 0x0B, 0x00, 0x27, 0x40, 0x24, 0x03, 0x01, 0x01, 0x04, 0x01, 0x00, 0x05, 0x01,
    0x00, 0x67, 0x06, 0x01, 0x05, 0x05, 0x02, 0x5F, 0x00, 0x02, 0x02, 0x3B, 0x05, 0x4E, 0x00, 0x00,
    0x00, 0x0B, 0x00, 0x0B, 0x11, 0x11, 0x11, 0x11, 0x11, 0x07, 0x09, 0x1B, 0x2B, 0x25, 0x11, 0x21,
    0x35, 0x21, 0x11, 0x33, 0x11, 0x21, 0x15, 0x21, 0x11, 0x02, 0x05, 0xFE, 0x63, 0x01, 0x9D, 0xA0,
    0x01, 0x9E, 0xFE, 0x62, 0x63, 0x01, 0x9D, 0xA0, 0x01, 0x9E, 0xFE, 0x62, 0xA0, 0xFE, 0x63, 0x00,
    0x00, 0x01, 0x00, 0xA2, 0xFE, 0xA2, 0x01, 0xBE, 0x01, 0x1C, 0x00, 0x0A, 0x00, 0x36, 0xB7, 0x05,
    0x03, 0x00, 0x03, 0x01, 0x00, 0x01, 0x4C, 0x4B, 0xB0, 0x17, 0x50, 0x58, 0x40, 0x0B, 0x00, 0x00,
    0x00, 0x01, 0x61, 0x00, 0x01, 0x01, 0x3D, 0x01, 0x4E, 0x1B, 0x40, 0x10, 0x00, 0x00, 0x01, 0x01,
    0x00, 0x57, 0x00, 0x00, 0x00, 0x01, 0x61, 0x00, 0x01, 0x00, 0x01, 0x51, 0x59, 0xB4, 0x12, 0x16,
    0x02, 0x09, 0x18, 0x2B, 0x13, 0x36, 0x36, 0x35, 0x35, 0x23, 0x11, 0x21, 0x15, 0x10, 0x21, 0xA2,
    0x39, 0x34, 0x6D, 0x01, 0x1C, 0xFE, 0xE4, 0xFE, 0xFF, 0x06, 0x76, 0x73, 0x12, 0x01, 0x1C, 0xE8,
    0xFE, 0x6E, 0x00, 0x00, 0x00, 0x01, 0x00, 0x43, 0x01, 0xFA, 0x04, 0x69, 0x02, 0xA6, 0x00, 0x03,
    0x00, 0x1E, 0x40, 0x1B, 0x00, 0x00, 0x01, 0x01, 0x00, 0x57, 0x00, 0x00, 0x00, 0x01, 0x5F, 0x02,
    0x01, 0x01, 0x00, 0x01, 0x4F, 0x00, 0x00, 0x00, 0x03, 0x00, 0x03, 0x11, 0x03, 0x09, 0x17, 0x2B,
    0x13, 0x35, 0x21, 0x15, 0x43, 0x04, 0x26, 0x01, 0xFA, 0xAC, 0xAC, 0x00, 0x00, 0x01, 0x00, 0xA2,
    0x00, 0x00, 0x01, 0xC3, 0x01, 0x21, 0x00, 0x03, 0x00, 0x30, 0x4B, 0xB0, 0x2A, 0x50, 0x58, 0x40,
    0x0C, 0x00, 0x00, 0x00, 0x01, 0x5F, 0x02, 0x01, 0x01, 0x01, 0x39, 0x01, 0x4E, 0x1B, 0x40, 0x0C,
    0x00, 0x00, 0x00, 0x01, 0x5F, 0x02, 0x01, 0x01, 0x01, 0x3C, 0x01, 0x4E, 0x59, 0x40, 0x0A, 0x00,
    0x00, 0x00, 0x03, 0x00, 0x03, 0x11, 0x03, 0x09, 0x17, 0x2B, 0x33, 0x11, 0x21, 0x11, 0xA2, 0x01,
    0x21, 0x01, 0x21, 0xFE, 0xDF, 0x00, 0x00, 0x00, 0x00, 0x01, 0x00, 0x00, 0xFF, 0x7C, 0x02, 0x39,
    0x05, 0xA3, 0x00, 0x03, 0x00, 0x2E, 0x4B, 0xB0, 0x1B, 0x50, 0x58, 0x40, 0x0C, 0x02, 0x01, 0x01,
    0x00, 0x01, 0x86, 0x00, 0x00, 0x00, 0x38, 0x00, 0x4E, 0x1B, 0x40, 0x0A, 0x00, 0x00, 0x01, 0x00,
    0x85, 0x02, 0x01, 0x01, 0x01, 0x76, 0x59, 0x40, 0x0A, 0x00, 0x00, 0x00, 0x03, 0x00, 0x03, 0x11,
    0x03, 0x09, 0x17, 0x2B, 0x15, 0x01, 0x33, 0x01, 0x01, 0x87, 0xB2, 0xFE, 0x78, 0x84, 0x06, 0x27,
    0xF9, 0xD9, 0x00, 0x00, 0x00, 0x03, 0x00, 0x50, 0xFF, 0xDB, 0x04, 0x23, 0x05, 0xED, 0x00, 0x13,
    0x00, 0x1A, 0x00, 0x22, 0x00, 0x4F, 0xB6, 0x22, 0x1A, 0x02, 0x02, 0x03, 0x01, 0x4C, 0x4B, 0xB0,
    0x2A, 0x50, 0x58, 0x40, 0x16, 0x00, 0x03, 0x03, 0x01, 0x61, 0x00, 0x01, 0x01, 0x3E, 0x4D, 0x00,
    0x02, 0x02, 0x00, 0x61, 0x04, 0x01, 0x00, 0x00, 0x3F, 0x00, 0x4E, 0x1B, 0x40, 0x14, 0x00, 0x01,
    0x00, 0x03, 0x02, 0x01, 0x03, 0x69, 0x00, 0x02, 0x02, 0x00, 0x61, 0x04, 0x01, 0x00, 0x00, 0x42,
    0x00, 0x4E, 0x59, 0x40, 0x0F, 0x01, 0x00, 0x1E, 0x1C, 0x17, 0x15, 0x0B, 0x09, 0x00, 0x13, 0x01,
    0x13, 0x05, 0x09, 0x16, 0x2B, 0x05, 0x22, 0x26, 0x26, 0x02, 0x35, 0x34, 0x12, 0x36, 0x36, 0x33,
    0x32, 0x16, 0x16, 0x12, 0x17, 0x14, 0x02, 0x06, 0x06, 0x01, 0x12, 0x33, 0x32, 0x11, 0x34, 0x27,
    0x27, 0x02, 0x23, 0x22, 0x11, 0x14, 0x16, 0x17, 0x02, 0x39, 0x75, 0xB7, 0x7C, 0x41, 0x41, 0x7D,
    0xB6, 0x75, 0x74, 0xB5, 0x7E, 0x42, 0x01, 0x41, 0x7D, 0xB7, 0xFE, 0xAD, 0x33, 0xAB, 0xF8, 0x09,
    0x11, 0x33, 0xAB, 0xF7, 0x04, 0x04, 0x25, 0x69, 0xC7, 0x01, 0x21, 0xB9, 0xB7, 0x01, 0x21, 0xC7,
    0x69, 0x69, 0xC7, 0xFE, 0xE0, 0xB8, 0xB9, 0xFE, 0xDE, 0xC7, 0x68, 0x01, 0xCF, 0xFE, 0xD7, 0x02,
    0x62, 0x61, 0x59, 0x82, 0x01, 0x27, 0xFD, 0x9E, 0x32, 0x5B, 0x2B, 0x00, 0x00, 0x01, 0x00, 0xC4,
    0x00, 0x00, 0x04, 0x1F, 0x05, 0xED, 0x00, 0x09, 0x00, 0x3B, 0xB6, 0x06, 0x05, 0x04, 0x03, 0x04,
    0x00, 0x4A, 0x4B, 0xB0, 0x2A, 0x50, 0x58, 0x40, 0x0D, 0x01, 0x01, 0x00, 0x00, 0x02, 0x5F, 0x03,
    0x01, 0x02, 0x02, 0x39, 0x02, 0x4E, 0x1B, 0x40, 0x0D, 0x01, 0x01, 0x00, 0x00, 0x02, 0x5F, 0x03,
    0x01, 0x02, 0x02, 0x3C, 0x02, 0x4E, 0x59, 0x40, 0x0B, 0x00, 0x00, 0x00, 0x09, 0x00, 0x09, 0x15,
    0x11, 0x04, 0x09, 0x18, 0x2B, 0x33, 0x35, 0x21, 0x11, 0x05, 0x35, 0x25, 0x11, 0x21, 0x15, 0xC4,
    0x01, 0x32, 0xFE, 0xCE, 0x02, 0x29, 0x01, 0x32, 0xA0, 0x04, 0x6A, 0x4C, 0xA5, 0x8A, 0xFA, 0xB3,
    0xA0, 0x00, 0x00, 0x00, 0x00, 0x01, 0x00, 0x59, 0x00, 0x00, 0x03, 0xCF, 0x05, 0xED, 0x00, 0x22,
    0x00, 0x55, 0x40, 0x0F, 0x11, 0x01, 0x00, 0x01, 0x10, 0x01, 0x02, 0x00, 0x02, 0x4C, 0x01, 0x01,
    0x02, 0x01, 0x4B, 0x4B, 0xB0, 0x2A, 0x50, 0x58, 0x40, 0x16, 0x00, 0x00, 0x00, 0x01, 0x61, 0x00,
    0x01, 0x01, 0x3E, 0x4D, 0x00, 0x02, 0x02, 0x03, 0x5F, 0x04, 0x01, 0x03, 0x03, 0x39, 0x03, 0x4E,
    0x1B, 0x40, 0x14, 0x00, 0x01, 0x00, 0x00, 0x02, 0x01, 0x00, 0x69, 0x00, 0x02, 0x02, 0x03, 0x5F,
    0x04, 0x01, 0x03, 0x03, 0x3C, 0x03, 0x4E, 0x59, 0x40, 0x0C, 0x00, 0x00, 0x00, 0x22, 0x00, 0x22,
    0x1C, 0x23, 0x2D, 0x05, 0x09, 0x19, 0x2B, 0x33, 0x35, 0x36, 0x36, 0x37, 0x37, 0x3E, 0x03, 0x35,
    0x34, 0x27, 0x26, 0x23, 0x22, 0x07, 0x35, 0x36, 0x33, 0x32, 0x1E, 0x02, 0x15, 0x14, 0x0E, 0x02,
    0x07, 0x07, 0x06, 0x07, 0x21, 0x15, 0x59, 0x26, 0x69, 0x48, 0xD5, 0x38, 0x4B, 0x2E, 0x13, 0x08,
    0x17, 0xC8, 0x8C, 0xD7, 0xD5, 0xB5, 0x67, 0xA8, 0x77, 0x40, 0x1B, 0x41, 0x6E, 0x53, 0x54, 0xC8,
    0x1E, 0x02, 0x51, 0xCB, 0x4B, 0x95, 0x49, 0xD9, 0x3A, 0x5F, 0x58, 0x58, 0x33, 0x20, 0x1B, 0xC0,
    0x73, 0xC3, 0x59, 0x3A, 0x6C, 0x9B, 0x61, 0x42, 0x6E, 0x6D, 0x76, 0x49, 0x48, 0xB2, 0xAA, 0xCB,
    0x00, 0x01, 0x00, 0x91, 0xFF, 0xDB, 0x03, 0xE1, 0x05, 0xED, 0x00, 0x26, 0x00, 0x67, 0x40, 0x16,
    0x16, 0x01, 0x03, 0x04, 0x15, 0x01, 0x02, 0x03, 0x1D, 0x01, 0x01, 0x02, 0x00, 0x01, 0x00, 0x01,
    0x26, 0x01, 0x05, 0x00, 0x05, 0x4C, 0x4B, 0xB0, 0x2A, 0x50, 0x58, 0x40, 0x1D, 0x00, 0x02, 0x00,
    0x01, 0x00, 0x02, 0x01, 0x69, 0x00, 0x03, 0x03, 0x04, 0x61, 0x00, 0x04, 0x04, 0x3E, 0x4D, 0x00,
    0x00, 0x00, 0x05, 0x61, 0x00, 0x05, 0x05, 0x3F, 0x05, 0x4E, 0x1B, 0x40, 0x1B, 0x00, 0x04, 0x00,
    0x03, 0x02, 0x04, 0x03, 0x69, 0x00, 0x02, 0x00, 0x01, 0x00, 0x02, 0x01, 0x69, 0x00, 0x00, 0x00,
    0x05, 0x61, 0x00, 0x05, 0x05, 0x42, 0x05, 0x4E, 0x59, 0x40, 0x09, 0x2A, 0x23, 0x25, 0x11, 0x25,
    0x22, 0x06, 0x09, 0x1C, 0x2B, 0x37, 0x16, 0x16, 0x33, 0x20, 0x11, 0x34, 0x2E, 0x02, 0x23, 0x23,
    0x35, 0x32, 0x3E, 0x02, 0x35, 0x34, 0x23, 0x22, 0x07, 0x35, 0x36, 0x33, 0x32, 0x16, 0x15, 0x10,
    0x05, 0x04, 0x11, 0x14, 0x0E, 0x02, 0x23, 0x22, 0x27, 0x91, 0x6A, 0x9B, 0x35, 0x01, 0x13, 0x31,
    0x65, 0x99, 0x68, 0x2D, 0x67, 0x9C, 0x67, 0x34, 0xE5, 0x8E, 0xA0, 0xA9, 0xA7, 0xDA, 0xE2, 0xFE,
    0xC3, 0x01, 0x6D, 0x49, 0x85, 0xBD, 0x74, 0x8B, 0xC6, 0xD6, 0x2A, 0x2B, 0x01, 0x0B, 0x54, 0x75,
    0x49, 0x22, 0x9B, 0x1C, 0x41, 0x6A, 0x4D, 0xD8, 0x54, 0xBB, 0x3F, 0xB3, 0xAB, 0xFE, 0xFD, 0x6E,
    0x54, 0xFE, 0xC8, 0x63, 0xA2, 0x73, 0x3F, 0x30, 0x00, 0x02, 0x00, 0x1F, 0x00, 0x00, 0x04, 0x2D,
    0x05, 0xC8, 0x00, 0x0A, 0x00, 0x0D, 0x00, 0x55, 0x40, 0x0A, 0x0D, 0x01, 0x02, 0x01, 0x03, 0x01,
    0x00, 0x02, 0x02, 0x4C, 0x4B, 0xB0, 0x2A, 0x50, 0x58, 0x40, 0x16, 0x05, 0x01, 0x02, 0x03, 0x01,
    0x00, 0x04, 0x02, 0x00, 0x68, 0x00, 0x01, 0x01, 0x38, 0x4D, 0x06, 0x01, 0x04, 0x04, 0x39, 0x04,
    0x4E, 0x1B, 0x40, 0x16, 0x00, 0x01, 0x02, 0x01, 0x85, 0x05, 0x01, 0x02, 0x03, 0x01, 0x00, 0x04,
    0x02, 0x00, 0x68, 0x06, 0x01, 0x04, 0x04, 0x3C, 0x04, 0x4E, 0x59, 0x40, 0x0F, 0x00, 0x00, 0x0C,
    0x0B, 0x00, 0x0A, 0x00, 0x0A, 0x11, 0x11, 0x12, 0x11, 0x07, 0x09, 0x1A, 0x2B, 0x21, 0x11, 0x21,
    0x35, 0x01, 0x33, 0x11, 0x33, 0x15, 0x23, 0x11, 0x01, 0x21, 0x11, 0x02, 0xA8, 0xFD, 0x77, 0x02,
    0x83, 0xE4, 0xA7, 0xA7, 0xFD, 0x70, 0x01, 0xBC, 0x01, 0x97, 0xB9, 0x03, 0x78, 0xFC, 0x8E, 0xBF,
    0xFE, 0x69, 0x02, 0x56, 0x02, 0x6B, 0x00, 0x00, 0x00, 0x01, 0x00, 0x99, 0xFF, 0xDB, 0x03, 0xDF,
    0x05, 0xC8, 0x00, 0x21, 0x00, 0x5B, 0x40, 0x0A, 0x01, 0x01, 0x00, 0x01, 0x00, 0x01, 0x05, 0x00,
    0x02, 0x4C, 0x4B, 0xB0, 0x2A, 0x50, 0x58, 0x40, 0x1D, 0x00, 0x04, 0x00, 0x01, 0x00, 0x04, 0x01,
    0x67, 0x00, 0x03, 0x03, 0x02, 0x5F, 0x00, 0x02, 0x02, 0x38, 0x4D, 0x00, 0x00, 0x00, 0x05, 0x61,
    0x00, 0x05, 0x05, 0x3F, 0x05, 0x4E, 0x1B, 0x40, 0x1B, 0x00, 0x02, 0x00, 0x03, 0x04, 0x02, 0x03,
    0x67, 0x00, 0x04, 0x00, 0x01, 0x00, 0x04, 0x01, 0x67, 0x00, 0x00, 0x00, 0x05, 0x61, 0x00, 0x05,
    0x05, 0x42, 0x05, 0x4E, 0x59, 0x40, 0x09, 0x28, 0x21, 0x11, 0x11, 0x28, 0x23, 0x06, 0x09, 0x1C,
    0x2B, 0x33, 0x35, 0x16, 0x16, 0x33, 0x32, 0x3E, 0x02, 0x35, 0x34, 0x2E, 0x02, 0x23, 0x23, 0x11,
    0x21, 0x15, 0x21, 0x11, 0x33, 0x32, 0x1E, 0x02, 0x15, 0x14, 0x0E, 0x02, 0x23, 0x22, 0x26, 0x99,
    0x4B, 0x8D, 0x49, 0x47, 0x6B, 0x48, 0x24, 0x2E, 0x61, 0x99, 0x6B, 0x92, 0x03, 0x0E, 0xFD, 0xB2,
    0x30, 0x7F, 0xD3, 0x97, 0x53, 0x5B, 0x98, 0xC6, 0x6B, 0x3E, 0x8E, 0xC3, 0x21, 0x21, 0x2F, 0x51,
    0x6C, 0x3E, 0x4D, 0x73, 0x4C, 0x26, 0x02, 0xEB, 0xCB, 0xFE, 0x86, 0x36, 0x70, 0xAF, 0x78, 0x7A,
    0xB3, 0x75, 0x39, 0x11, 0x00, 0x02, 0x00, 0x44, 0xFF, 0xDB, 0x04, 0x14, 0x05, 0xED, 0x00, 0x1D,
    0x00, 0x2B, 0x00, 0x5F, 0x40, 0x0E, 0x18, 0x01, 0x03, 0x02, 0x19, 0x01, 0x00, 0x03, 0x00, 0x01,
    0x04, 0x00, 0x03, 0x4C, 0x4B, 0xB0, 0x2A, 0x50, 0x58, 0x40, 0x1D, 0x00, 0x00, 0x00, 0x04, 0x05,
    0x00, 0x04, 0x69, 0x00, 0x03, 0x03, 0x02, 0x61, 0x00, 0x02, 0x02, 0x3E, 0x4D, 0x00, 0x05, 0x05,
    0x01, 0x61, 0x00, 0x01, 0x01, 0x3F, 0x01, 0x4E, 0x1B, 0x40, 0x1B, 0x00, 0x02, 0x00, 0x03, 0x00,
    0x02, 0x03, 0x69, 0x00, 0x00, 0x00, 0x04, 0x05, 0x00, 0x04, 0x69, 0x00, 0x05, 0x05, 0x01, 0x61,
    0x00, 0x01, 0x01, 0x42, 0x01, 0x4E, 0x59, 0x40, 0x09, 0x28, 0x23, 0x23, 0x28, 0x28, 0x21, 0x06,
    0x09, 0x1C, 0x2B, 0x01, 0x36, 0x33, 0x32, 0x1E, 0x02, 0x15, 0x14, 0x0E, 0x02, 0x23, 0x22, 0x26,
    0x26, 0x02, 0x35, 0x34, 0x12, 0x36, 0x36, 0x33, 0x32, 0x17, 0x15, 0x26, 0x23, 0x22, 0x02, 0x01,
    0x10, 0x23, 0x22, 0x0E, 0x02, 0x15, 0x14, 0x1E, 0x02, 0x33, 0x32, 0x01, 0x4A, 0x7F, 0xBA, 0x5D,
    0x94, 0x68, 0x38, 0x3D, 0x77, 0xAE, 0x71, 0x78, 0xBD, 0x83, 0x45, 0x54, 0x9E, 0xE2, 0x8E, 0x80,
    0xA2, 0xB7, 0x63, 0xAC, 0xB8, 0x01, 0xE1, 0xDC, 0x39, 0x5C, 0x42, 0x23, 0x23, 0x41, 0x5C, 0x39,
    0xDD, 0x03, 0x19, 0x9E, 0x40, 0x78, 0xAB, 0x6A, 0x7F, 0xC4, 0x86, 0x46, 0x65, 0xBD, 0x01, 0x0E,
    0xA9, 0xBF, 0x01, 0x32, 0xD6, 0x72, 0x33, 0xC2, 0x4F, 0xFE, 0xE3, 0xFD, 0x98, 0x01, 0x53, 0x2C,
    0x52, 0x73, 0x47, 0x4D, 0x80, 0x5C, 0x33, 0x00, 0x00, 0x01, 0x00, 0x7C, 0x00, 0x00, 0x04, 0x2C,
    0x05, 0xC8, 0x00, 0x0C, 0x00, 0x3F, 0xB4, 0x0A, 0x01, 0x00, 0x01, 0x4B, 0x4B, 0xB0, 0x2A, 0x50,
    0x58, 0x40, 0x11, 0x00, 0x00, 0x00, 0x01, 0x5F, 0x00, 0x01, 0x01, 0x38, 0x4D, 0x03, 0x01, 0x02,
    0x02, 0x39, 0x02, 0x4E, 0x1B, 0x40, 0x0F, 0x00, 0x01, 0x00, 0x00, 0x02, 0x01, 0x00, 0x67, 0x03,
    0x01, 0x02, 0x02, 0x3C, 0x02, 0x4E, 0x59, 0x40, 0x0B, 0x00, 0x00, 0x00, 0x0C, 0x00, 0x0C, 0x11,
    0x16, 0x04, 0x09, 0x18, 0x2B, 0x33, 0x36, 0x36, 0x37, 0x36, 0x13, 0x01, 0x21, 0x35, 0x21, 0x15,
    0x00, 0x03, 0xCE, 0x0C, 0x2E, 0x21, 0x44, 0xA9, 0x01, 0x3F, 0xFD, 0x27, 0x03, 0xB0, 0xFD, 0xDE,
    0x2D, 0x54, 0x9D, 0x4B, 0x98, 0x01, 0x1D, 0x02, 0x02, 0xD5, 0xD5, 0xFC, 0xEB, 0xFE, 0x22, 0x00,
    0x00, 0x03, 0x00, 0x5C, 0xFF, 0xDB, 0x04, 0x3B, 0x05, 0xED, 0x00, 0x24, 0x00, 0x32, 0x00, 0x47,
    0x00, 0x44, 0xB5, 0x11, 0x01, 0x03, 0x02, 0x01, 0x4C, 0x4B, 0xB0, 0x2A, 0x50, 0x58, 0x40, 0x15,
    0x00, 0x02, 0x02, 0x00, 0x61, 0x00, 0x00, 0x00, 0x3E, 0x4D, 0x00, 0x03, 0x03, 0x01, 0x61, 0x00,
    0x01, 0x01, 0x3F, 0x01, 0x4E, 0x1B, 0x40, 0x13, 0x00, 0x00, 0x00, 0x02, 0x03, 0x00, 0x02, 0x69,
    0x00, 0x03, 0x03, 0x01, 0x61, 0x00, 0x01, 0x01, 0x42, 0x01, 0x4E, 0x59, 0xB7, 0x3E, 0x3C, 0x2D,
    0x2F, 0x29, 0x04, 0x09, 0x19, 0x2B, 0x01, 0x2E, 0x03, 0x35, 0x34, 0x3E, 0x02, 0x33, 0x32, 0x1E,
    0x02, 0x15, 0x14, 0x07, 0x1E, 0x03, 0x15, 0x14, 0x0E, 0x02, 0x23, 0x22, 0x2E, 0x02, 0x35, 0x34,
    0x3E, 0x02, 0x25, 0x36, 0x35, 0x34, 0x26, 0x23, 0x22, 0x06, 0x15, 0x14, 0x1E, 0x02, 0x17, 0x07,
    0x0E, 0x03, 0x15, 0x14, 0x1E, 0x02, 0x33, 0x32, 0x3E, 0x02, 0x35, 0x34, 0x2E, 0x02, 0x27, 0x01,
    0x79, 0x39, 0x4F, 0x30, 0x15, 0x3F, 0x74, 0xA1, 0x63, 0x5D, 0x97, 0x6B, 0x3A, 0xFA, 0x53, 0x77,
    0x4C, 0x23, 0x4B, 0x86, 0xBB, 0x6F, 0x6E, 0xB3, 0x7E, 0x45, 0x20, 0x45, 0x6C, 0x01, 0x51, 0xA5,
    0x6C, 0x64, 0x5F, 0x6F, 0x15, 0x2D, 0x45, 0x31, 0x45, 0x2F, 0x41, 0x2A, 0x13, 0x24, 0x44, 0x62,
    0x3E, 0x38, 0x5D, 0x43, 0x25, 0x10, 0x2F, 0x57, 0x46, 0x03, 0x21, 0x2B, 0x4F, 0x4F, 0x56, 0x33,
    0x57, 0x8B, 0x63, 0x35, 0x2F, 0x57, 0x79, 0x4B, 0xD4, 0xA6, 0x2F, 0x5D, 0x65, 0x6E, 0x40, 0x5F,
    0x9E, 0x72, 0x40, 0x38, 0x69, 0x96, 0x5D, 0x41, 0x73, 0x6A, 0x63, 0x82, 0x73, 0x9C, 0x5F, 0x66,
    0x5D, 0x55, 0x20, 0x3C, 0x3C, 0x3D, 0x21, 0xD6, 0x27, 0x4A, 0x4C, 0x51, 0x30, 0x3E, 0x62, 0x45,
    0x25, 0x21, 0x3A, 0x52, 0x30, 0x2A, 0x3F, 0x3C, 0x44, 0x2F, 0x00, 0x00, 0x00, 0x02, 0x00, 0x51,
    0xFF, 0xDB, 0x04, 0x21, 0x05, 0xED, 0x00, 0x1D, 0x00, 0x2B, 0x00, 0x5F, 0x40, 0x0E, 0x00, 0x01,
    0x00, 0x04, 0x19, 0x01, 0x03, 0x00, 0x18, 0x01, 0x02, 0x03, 0x03, 0x4C, 0x4B, 0xB0, 0x2A, 0x50,
    0x58, 0x40, 0x1D, 0x00, 0x04, 0x00, 0x00, 0x03, 0x04, 0x00, 0x69, 0x00, 0x05, 0x05, 0x01, 0x61,
    0x00, 0x01, 0x01, 0x3E, 0x4D, 0x00, 0x03, 0x03, 0x02, 0x61, 0x00, 0x02, 0x02, 0x3F, 0x02, 0x4E,
    0x1B, 0x40, 0x1B, 0x00, 0x01, 0x00, 0x05, 0x04, 0x01, 0x05, 0x69, 0x00, 0x04, 0x00, 0x00, 0x03,
    0x04, 0x00, 0x69, 0x00, 0x03, 0x03, 0x02, 0x61, 0x00, 0x02, 0x02, 0x42, 0x02, 0x4E, 0x59, 0x40,
    0x09, 0x28, 0x23, 0x23, 0x28, 0x28, 0x21, 0x06, 0x09, 0x1C, 0x2B, 0x01, 0x06, 0x23, 0x22, 0x2E,
    0x02, 0x35, 0x34, 0x3E, 0x02, 0x33, 0x32, 0x16, 0x16, 0x12, 0x15, 0x14, 0x02, 0x06, 0x06, 0x23,
    0x22, 0x27, 0x35, 0x16, 0x33, 0x32, 0x12, 0x01, 0x10, 0x33, 0x32, 0x3E, 0x02, 0x35, 0x34, 0x2E,
    0x02, 0x23, 0x22, 0x03, 0x1B, 0x80, 0xB9, 0x5D, 0x95, 0x68, 0x37, 0x3E, 0x78, 0xAD, 0x6F, 0x78,
    0xBD, 0x84, 0x45, 0x54, 0x9E, 0xE1, 0x8E, 0x81, 0xA2, 0xB9, 0x61, 0xB2, 0xB2, 0xFE, 0x1F, 0xDC,
    0x39, 0x5D, 0x41, 0x24, 0x25, 0x42, 0x5C, 0x37, 0xDD, 0x02, 0xAF, 0x9F, 0x41, 0x78, 0xAB, 0x6A,
    0x7E, 0xC5, 0x86, 0x46, 0x66, 0xBD, 0xFE, 0xF2, 0xA8, 0xBF, 0xFE, 0xCF, 0xD6, 0x73, 0x32, 0xC3,
    0x4F, 0x01, 0x21, 0x02, 0x64, 0xFE, 0xAC, 0x2D, 0x53, 0x73, 0x46, 0x4D, 0x80, 0x5C, 0x33, 0x00,
    0x00, 0x02, 0x00, 0xCF, 0x00, 0x00, 0x01, 0xEB, 0x04, 0x56, 0x00, 0x03, 0x00, 0x07, 0x00, 0x4E,
    0x4B, 0xB0, 0x2A, 0x50, 0x58, 0x40, 0x17, 0x04, 0x01, 0x01, 0x01, 0x00, 0x5F, 0x00, 0x00, 0x00,
    0x3B, 0x4D, 0x00, 0x02, 0x02, 0x03, 0x5F, 0x05, 0x01, 0x03, 0x03, 0x39, 0x03, 0x4E, 0x1B, 0x40,
    0x17, 0x04, 0x01, 0x01, 0x01, 0x00, 0x5F, 0x00, 0x00, 0x00, 0x3B, 0x4D, 0x00, 0x02, 0x02, 0x03,
    0x5F, 0x05, 0x01, 0x03, 0x03, 0x3C, 0x03, 0x4E, 0x59, 0x40, 0x12, 0x04, 0x04, 0x00, 0x00, 0x04,
    0x07, 0x04, 0x07, 0x06, 0x05, 0x00, 0x03, 0x00, 0x03, 0x11, 0x06, 0x09, 0x17, 0x2B, 0x13, 0x11,
    0x21, 0x11, 0x01, 0x11, 0x21, 0x11, 0xCF, 0x01, 0x1C, 0xFE, 0xE4, 0x01, 0x1C, 0x03, 0x3A, 0x01,
    0x1C, 0xFE, 0xE4, 0xFC, 0xC6, 0x01, 0x1C, 0xFE, 0xE4, 0x00, 0x00, 0x00, 0x00, 0x02, 0x00, 0xCF,
    0xFE, 0xA2, 0x01, 0xEB, 0x04, 0x56, 0x00, 0x03, 0x00, 0x0D, 0x00, 0x7F, 0xB5, 0x04, 0x01, 0x04,
    0x02, 0x01, 0x4C, 0x4B, 0xB0, 0x17, 0x50, 0x58, 0x40, 0x1B, 0x05, 0x01, 0x01, 0x01, 0x00, 0x5F,
    0x00, 0x00, 0x00, 0x3B, 0x4D, 0x00, 0x03, 0x03, 0x02, 0x5F, 0x00, 0x02, 0x02, 0x39, 0x4D, 0x00,
    0x04, 0x04, 0x3D, 0x04, 0x4E, 0x1B, 0x4B, 0xB0, 0x2A, 0x50, 0x58, 0x40, 0x1B, 0x00, 0x04, 0x02,
    0x04, 0x86, 0x05, 0x01, 0x01, 0x01, 0x00, 0x5F, 0x00, 0x00, 0x00, 0x3B, 0x4D, 0x00, 0x03, 0x03,
    0x02, 0x5F, 0x00, 0x02, 0x02, 0x39, 0x02, 0x4E, 0x1B, 0x40, 0x1B, 0x00, 0x04, 0x02, 0x04, 0x86,
    0x05, 0x01, 0x01, 0x01, 0x00, 0x5F, 0x00, 0x00, 0x00, 0x3B, 0x4D, 0x00, 0x03, 0x03, 0x02, 0x5F,
    0x00, 0x02, 0x02, 0x3C, 0x02, 0x4E, 0x59, 0x59, 0x40, 0x10, 0x00, 0x00, 0x0D, 0x0C, 0x0A, 0x09,
    0x08, 0x07, 0x00, 0x03, 0x00, 0x03, 0x11, 0x06, 0x09, 0x17, 0x2B, 0x13, 0x11, 0x21, 0x11, 0x01,
    0x36, 0x35, 0x35, 0x23, 0x11, 0x21, 0x15, 0x10, 0x21, 0xCF, 0x01, 0x1C, 0xFE, 0xE4, 0x6D, 0x6D,
    0x01, 0x1C, 0xFE, 0xE4, 0x03, 0x3A, 0x01, 0x1C, 0xFE, 0xE4, 0xFB, 0xC5, 0x0D, 0xDA, 0x1A, 0x01,
    0x1C, 0xE8, 0xFE, 0x6E, 0x00, 0x01, 0x00, 0x68, 0x00, 0x63, 0x04, 0x43, 0x04, 0x3E, 0x00, 0x06,
    0x00, 0x06, 0xB3, 0x02, 0x00, 0x01, 0x32, 0x2B, 0x25, 0x01, 0x01, 0x15, 0x01, 0x15, 0x01, 0x04,
    0x43, 0xFC, 0x25, 0x03, 0xDB, 0xFD, 0xA6, 0x02, 0x5A, 0x63, 0x01, 0xED, 0x01, 0xEE, 0xC0, 0xFE,
    0xD3, 0x02, 0xFE, 0xD3, 0x00, 0x02, 0x00, 0x43, 0x01, 0x19, 0x04, 0x68, 0x03, 0x7E, 0x00, 0x03,
    0x00, 0x07, 0x00, 0x2F, 0x40, 0x2C, 0x00, 0x02, 0x05, 0x01, 0x03, 0x00, 0x02, 0x03, 0x67, 0x00,
    0x00, 0x01, 0x01, 0x00, 0x57, 0x00, 0x00, 0x00, 0x01, 0x5F, 0x04, 0x01, 0x01, 0x00, 0x01, 0x4F,
    0x04, 0x04, 0x00, 0x00, 0x04, 0x07, 0x04, 0x07, 0x06, 0x05, 0x00, 0x03, 0x00, 0x03, 0x11, 0x06,
    0x09, 0x17, 0x2B, 0x13, 0x35, 0x21, 0x15, 0x01, 0x35, 0x21, 0x15, 0x43, 0x04, 0x25, 0xFB, 0xDB,
    0x04, 0x25, 0x01, 0x19, 0xBF, 0xBF, 0x01, 0xAE, 0xB7, 0xB7, 0x00, 0x00, 0x00, 0x01, 0x00, 0x68,
    0x00, 0x63, 0x04, 0x43, 0x04, 0x3E, 0x00, 0x06, 0x00, 0x06, 0xB3, 0x02, 0x00, 0x01, 0x32, 0x2B,
    0x13, 0x01, 0x01, 0x35, 0x01, 0x35, 0x01, 0x68, 0x03, 0xDB, 0xFC, 0x25, 0x02, 0x5A, 0xFD, 0xA6,
    0x04, 0x3E, 0xFE, 0x12, 0xFE, 0x13, 0xBF, 0x01, 0x2D, 0x02, 0x01, 0x2D, 0x00, 0x02, 0x00, 0x9B,
    0x00, 0x00, 0x04, 0x2A, 0x05, 0xED, 0x00, 0x03, 0x00, 0x24, 0x00, 0x6A, 0x40, 0x0A, 0x13, 0x01,
    0x02, 0x03, 0x12, 0x01, 0x04, 0x02, 0x02, 0x4C, 0x4B, 0xB0, 0x2A, 0x50, 0x58, 0x40, 0x1F, 0x06,
    0x01, 0x04, 0x02, 0x00, 0x02, 0x04, 0x00, 0x80, 0x00, 0x02, 0x02, 0x03, 0x61, 0x00, 0x03, 0x03,
    0x3E, 0x4D, 0x00, 0x00, 0x00, 0x01, 0x5F, 0x05, 0x01, 0x01, 0x01, 0x39, 0x01, 0x4E, 0x1B, 0x40,
    0x1D, 0x06, 0x01, 0x04, 0x02, 0x00, 0x02, 0x04, 0x00, 0x80, 0x00, 0x03, 0x00, 0x02, 0x04, 0x03,
    0x02, 0x69, 0x00, 0x00, 0x00, 0x01, 0x5F, 0x05, 0x01, 0x01, 0x01, 0x3C, 0x01, 0x4E, 0x59, 0x40,
    0x14, 0x04, 0x04, 0x00, 0x00, 0x04, 0x24, 0x04, 0x24, 0x17, 0x15, 0x11, 0x0F, 0x00, 0x03, 0x00,
    0x03, 0x11, 0x07, 0x09, 0x17, 0x2B, 0x21, 0x35, 0x21, 0x15, 0x03, 0x35, 0x34, 0x3E, 0x02, 0x37,
    0x37, 0x36, 0x36, 0x35, 0x34, 0x21, 0x22, 0x07, 0x35, 0x36, 0x36, 0x33, 0x20, 0x11, 0x14, 0x0E,
    0x02, 0x07, 0x07, 0x0E, 0x03, 0x15, 0x15, 0x01, 0x76, 0x01, 0x00, 0xFB, 0x14, 0x2B, 0x42, 0x2F,
    0x5A, 0x4B, 0x4C, 0xFE, 0xF3, 0xC4, 0xB0, 0x5E, 0xC4, 0x68, 0x02, 0x05, 0x1B, 0x39, 0x59, 0x3F,
    0x3B, 0x2D, 0x3A, 0x20, 0x0B, 0xDE, 0xDE, 0x01, 0x9D, 0x24, 0x3D, 0x67, 0x59, 0x4F, 0x25, 0x48,
    0x3C, 0x81, 0x48, 0xC1, 0x4C, 0xC5, 0x1A, 0x1A, 0xFE, 0xA5, 0x35, 0x56, 0x4B, 0x47, 0x26, 0x25,
    0x1D, 0x36, 0x44, 0x5A, 0x41, 0x5B, 0x00, 0x00, 0x00, 0x02, 0x00, 0xDE, 0xFF, 0xDB, 0x07, 0x15,
    0x05, 0xED, 0x00, 0x45, 0x00, 0x54, 0x00, 0xC6, 0x4B, 0xB0, 0x26, 0x50, 0x58, 0x40, 0x0A, 0x18,
    0x01, 0x06, 0x09, 0x45, 0x01, 0x08, 0x02, 0x02, 0x4C, 0x1B, 0x40, 0x0A, 0x18, 0x01, 0x0A, 0x09,
    0x45, 0x01, 0x08, 0x02, 0x02, 0x4C, 0x59, 0x4B, 0xB0, 0x26, 0x50, 0x58, 0x40, 0x28, 0x05, 0x01,
    0x04, 0x00, 0x09, 0x06, 0x04, 0x09, 0x69, 0x0A, 0x01, 0x06, 0x03, 0x01, 0x02, 0x08, 0x06, 0x02,
    0x6A, 0x00, 0x07, 0x07, 0x01, 0x61, 0x00, 0x01, 0x01, 0x3E, 0x4D, 0x00, 0x08, 0x08, 0x00, 0x61,
    0x00, 0x00, 0x00, 0x3F, 0x00, 0x4E, 0x1B, 0x4B, 0xB0, 0x2A, 0x50, 0x58, 0x40, 0x2D, 0x05, 0x01,
    0x04, 0x00, 0x09, 0x0A, 0x04, 0x09, 0x69, 0x00, 0x0A, 0x06, 0x02, 0x0A, 0x59, 0x00, 0x06, 0x03,
    0x01, 0x02, 0x08, 0x06, 0x02, 0x6A, 0x00, 0x07, 0x07, 0x01, 0x61, 0x00, 0x01, 0x01, 0x3E, 0x4D,
    0x00, 0x08, 0x08, 0x00, 0x61, 0x00, 0x00, 0x00, 0x3F, 0x00, 0x4E, 0x1B, 0x40, 0x2B, 0x00, 0x01,
    0x00, 0x07, 0x04, 0x01, 0x07, 0x69, 0x05, 0x01, 0x04, 0x00, 0x09, 0x0A, 0x04, 0x09, 0x69, 0x00,
    0x0A, 0x06, 0x02, 0x0A, 0x59, 0x00, 0x06, 0x03, 0x01, 0x02, 0x08, 0x06, 0x02, 0x6A, 0x00, 0x08,
    0x08, 0x00, 0x61, 0x00, 0x00, 0x00, 0x42, 0x00, 0x4E, 0x59, 0x59, 0x40, 0x10, 0x50, 0x4E, 0x49,
    0x47, 0x27, 0x27, 0x26, 0x31, 0x34, 0x29, 0x26, 0x27, 0x21, 0x0B, 0x09, 0x1F, 0x2B, 0x25, 0x06,
    0x23, 0x22, 0x2E, 0x02, 0x35, 0x10, 0x01, 0x00, 0x21, 0x20, 0x17, 0x16, 0x11, 0x14, 0x07, 0x06,
    0x23, 0x22, 0x35, 0x34, 0x36, 0x37, 0x23, 0x0E, 0x03, 0x23, 0x22, 0x35, 0x34, 0x37, 0x36, 0x33,
    0x32, 0x1E, 0x02, 0x33, 0x33, 0x03, 0x07, 0x06, 0x06, 0x15, 0x14, 0x33, 0x32, 0x37, 0x36, 0x35,
    0x34, 0x2E, 0x02, 0x23, 0x20, 0x07, 0x06, 0x11, 0x14, 0x1E, 0x02, 0x33, 0x32, 0x37, 0x13, 0x26,
    0x23, 0x22, 0x0E, 0x02, 0x15, 0x14, 0x33, 0x32, 0x3E, 0x02, 0x37, 0x04, 0xC6, 0xB1, 0xAE, 0x8D,
    0xEE, 0xAD, 0x61, 0x01, 0x1A, 0x01, 0x1A, 0x01, 0x72, 0x01, 0x18, 0xBD, 0xBC, 0x98, 0x97, 0xDD,
    0xA5, 0x23, 0x18, 0x11, 0x2B, 0x60, 0x65, 0x67, 0x33, 0xBA, 0xA1, 0xA0, 0xC5, 0x0E, 0x2A, 0x30,
    0x33, 0x16, 0x87, 0x6C, 0x0E, 0x03, 0x01, 0x4B, 0x7F, 0x64, 0x65, 0x54, 0x93, 0xC7, 0x73, 0xFE,
    0xC3, 0xF4, 0xF5, 0x4F, 0x8F, 0xC4, 0x75, 0x9C, 0x96, 0x2B, 0x57, 0x40, 0x44, 0x75, 0x57, 0x32,
    0x4C, 0x1F, 0x52, 0x5E, 0x65, 0x32, 0x2C, 0x51, 0x5C, 0xA4, 0xE1, 0x85, 0x01, 0x74, 0x01, 0x1C,
    0x01, 0x1C, 0xB4, 0xB4, 0xFE, 0xF6, 0xFA, 0xAD, 0xAC, 0x70, 0x1F, 0x79, 0x4E, 0x51, 0x7F, 0x58,
    0x2E, 0xE2, 0xF4, 0xCD, 0xCC, 0x03, 0x04, 0x03, 0xFD, 0xE0, 0x4E, 0x0E, 0x1B, 0x0E, 0x43, 0x8C,
    0x8E, 0xAF, 0x6F, 0xBD, 0x8C, 0x4F, 0xF7, 0xF6, 0xFE, 0xC0, 0x6E, 0xB8, 0x85, 0x4A, 0x48, 0x03,
    0x60, 0x23, 0x4D, 0x84, 0xB2, 0x64, 0x85, 0x39, 0x68, 0x91, 0x58, 0x00, 0x00, 0x02, 0x00, 0x0F,
    0x00, 0x00, 0x05, 0x7C, 0x05, 0xC8, 0x00, 0x07, 0x00, 0x0A, 0x00, 0x4D, 0xB5, 0x0A, 0x01, 0x04,
    0x00, 0x01, 0x4C, 0x4B, 0xB0, 0x2A, 0x50, 0x58, 0x40, 0x15, 0x00, 0x04, 0x00, 0x02, 0x01, 0x04,
    0x02, 0x68, 0x00, 0x00, 0x00, 0x38, 0x4D, 0x05, 0x03, 0x02, 0x01, 0x01, 0x39, 0x01, 0x4E, 0x1B,
    0x40, 0x15, 0x00, 0x00, 0x04, 0x00, 0x85, 0x00, 0x04, 0x00, 0x02, 0x01, 0x04, 0x02, 0x68, 0x05,
    0x03, 0x02, 0x01, 0x01, 0x3C, 0x01, 0x4E, 0x59, 0x40, 0x0E, 0x00, 0x00, 0x09, 0x08, 0x00, 0x07,
    0x00, 0x07, 0x11, 0x11, 0x11, 0x06, 0x09, 0x19, 0x2B, 0x33, 0x01, 0x21, 0x01, 0x21, 0x03, 0x21,
    0x03, 0x13, 0x21, 0x03, 0x0F, 0x02, 0x38, 0x01, 0x02, 0x02, 0x33, 0xFE, 0xF1, 0x98, 0xFD, 0xA5,
    0x99, 0xDD, 0x01, 0xD4, 0xEA, 0x05, 0xC8, 0xFA, 0x38, 0x01, 0x92, 0xFE, 0x6E, 0x02, 0x43, 0x02,
    0x64, 0x00, 0x00, 0x00, 0x00, 0x03, 0x00, 0xA9, 0x00, 0x00, 0x05, 0x26, 0x05, 0xC8, 0x00, 0x13,
    0x00, 0x20, 0x00, 0x2B, 0x00, 0x61, 0xB5, 0x0A, 0x01, 0x03, 0x04, 0x01, 0x4C, 0x4B, 0xB0, 0x2A,
    0x50, 0x58, 0x40, 0x1E, 0x00, 0x04, 0x00, 0x03, 0x02, 0x04, 0x03, 0x67, 0x00, 0x05, 0x05, 0x00,
    0x5F, 0x00, 0x00, 0x00, 0x38, 0x4D, 0x00, 0x02, 0x02, 0x01, 0x5F, 0x06, 0x01, 0x01, 0x01, 0x39,
    0x01, 0x4E, 0x1B, 0x40, 0x1C, 0x00, 0x00, 0x00, 0x05, 0x04, 0x00, 0x05, 0x67, 0x00, 0x04, 0x00,
    0x03, 0x02, 0x04, 0x03, 0x67, 0x00, 0x02, 0x02, 0x01, 0x5F, 0x06, 0x01, 0x01, 0x01, 0x3C, 0x01,
    0x4E, 0x59, 0x40, 0x12, 0x00, 0x00, 0x2B, 0x29, 0x23, 0x21, 0x20, 0x1E, 0x16, 0x14, 0x00, 0x13,
    0x00, 0x12, 0x51, 0x07, 0x09, 0x17, 0x2B, 0x33, 0x11, 0x21, 0x32, 0x16, 0x17, 0x16, 0x16, 0x15,
    0x10, 0x05, 0x04, 0x11, 0x14, 0x07, 0x0E, 0x03, 0x23, 0x25, 0x33, 0x32, 0x3E, 0x02, 0x35, 0x34,
    0x2E, 0x02, 0x23, 0x23, 0x35, 0x33, 0x32, 0x36, 0x35, 0x34, 0x27, 0x26, 0x26, 0x23, 0x23, 0xA9,
    0x01, 0xF9, 0x30, 0x58, 0x2A, 0xD2, 0xC4, 0xFE, 0xAB, 0x01, 0x91, 0x65, 0x21, 0x49, 0x5E, 0x7A,
    0x52, 0xFE, 0x76, 0xAA, 0x88, 0xB1, 0x68, 0x28, 0x38, 0x69, 0x96, 0x5E, 0xDE, 0xE8, 0xA7, 0xB0,
    0x47, 0x21, 0x85, 0x68, 0xEA, 0x05, 0xC8, 0x02, 0x02, 0x0A, 0x9E, 0xA0, 0xFE, 0xF2, 0x6A, 0x68,
    0xFE, 0xD4, 0x9E, 0x62, 0x20, 0x2A, 0x1B, 0x0B, 0xB7, 0x0F, 0x2D, 0x53, 0x43, 0x42, 0x6A, 0x4B,
    0x29, 0xA6, 0x86, 0x7D, 0x70, 0x29, 0x13, 0x16, 0x00, 0x01, 0x00, 0x62, 0xFF, 0xDB, 0x05, 0x63,
    0x05, 0xED, 0x00, 0x1C, 0x00, 0x4D, 0x40, 0x0F, 0x0F, 0x01, 0x02, 0x01, 0x1C, 0x10, 0x02, 0x03,
    0x02, 0x00, 0x01, 0x00, 0x03, 0x03, 0x4C, 0x4B, 0xB0, 0x2A, 0x50, 0x58, 0x40, 0x15, 0x00, 0x02,
    0x02, 0x01, 0x61, 0x00, 0x01, 0x01, 0x3E, 0x4D, 0x00, 0x03, 0x03, 0x00, 0x61, 0x00, 0x00, 0x00,
    0x3F, 0x00, 0x4E, 0x1B, 0x40, 0x13, 0x00, 0x01, 0x00, 0x02, 0x03, 0x01, 0x02, 0x69, 0x00, 0x03,
    0x03, 0x00, 0x61, 0x00, 0x00, 0x00, 0x42, 0x00, 0x4E, 0x59, 0xB6, 0x26, 0x24, 0x28, 0x21, 0x04,
    0x09, 0x1A, 0x2B, 0x25, 0x06, 0x21, 0x22, 0x24, 0x26, 0x02, 0x35, 0x34, 0x12, 0x36, 0x24, 0x33,
    0x32, 0x16, 0x17, 0x15, 0x24, 0x23, 0x20, 0x00, 0x11, 0x14, 0x1E, 0x02, 0x33, 0x32, 0x37, 0x05,
    0x63, 0xDB, 0xFE, 0xDB, 0xBA, 0xFE, 0xE1, 0xC3, 0x65, 0x65, 0xC6, 0x01, 0x25, 0xC0, 0x76, 0xF3,
    0x80, 0xFE, 0xDC, 0xBB, 0xFF, 0x00, 0xFE, 0xFA, 0x46, 0x8A, 0xCB, 0x85, 0xE4, 0xE9, 0x43, 0x68,
    0x66, 0xC5, 0x01, 0x21, 0xBC, 0xBD, 0x01, 0x23, 0xC5, 0x65, 0x1F, 0x1E, 0xDB, 0x64, 0xFE, 0xD2,
    0xFE, 0xD9, 0x8E, 0xDC, 0x96, 0x4D, 0x78, 0x00, 0x00, 0x02, 0x00, 0xA9, 0x00, 0x00, 0x05, 0x70,
    0x05, 0xC8, 0x00, 0x0A, 0x00, 0x17, 0x00, 0x46, 0x4B, 0xB0, 0x2A, 0x50, 0x58, 0x40, 0x16, 0x00,
    0x03, 0x03, 0x00, 0x5F, 0x00, 0x00, 0x00, 0x38, 0x4D, 0x00, 0x02, 0x02, 0x01, 0x5F, 0x04, 0x01,
    0x01, 0x01, 0x39, 0x01, 0x4E, 0x1B, 0x40, 0x14, 0x00, 0x00, 0x00, 0x03, 0x02, 0x00, 0x03, 0x67,
    0x00, 0x02, 0x02, 0x01, 0x5F, 0x04, 0x01, 0x01, 0x01, 0x3C, 0x01, 0x4E, 0x59, 0x40, 0x0E, 0x00,
    0x00, 0x17, 0x15, 0x0D, 0x0B, 0x00, 0x0A, 0x00, 0x09, 0x21, 0x05, 0x09, 0x17, 0x2B, 0x33, 0x11,
    0x21, 0x20, 0x00, 0x11, 0x14, 0x02, 0x06, 0x04, 0x23, 0x27, 0x33, 0x20, 0x12, 0x11, 0x34, 0x27,
    0x2E, 0x03, 0x23, 0x23, 0xA9, 0x01, 0xEE, 0x01, 0x66, 0x01, 0x73, 0x63, 0xBE, 0xFE, 0xED, 0xB1,
    0xDF, 0xB4, 0x01, 0x00, 0xFC, 0x59, 0x23, 0x52, 0x6B, 0x8A, 0x5A, 0x93, 0x05, 0xC8, 0xFE, 0x96,
    0xFE, 0xA7, 0xB8, 0xFE, 0xE1, 0xC6, 0x68, 0xB7, 0x01, 0x1A, 0x01, 0x21, 0xD5, 0x83, 0x37, 0x4D,
    0x30, 0x16, 0x00, 0x00, 0x00, 0x01, 0x00, 0xB5, 0x00, 0x00, 0x05, 0x1A, 0x05, 0xC8, 0x00, 0x0B,
    0x00, 0x56, 0x4B, 0xB0, 0x2A, 0x50, 0x58, 0x40, 0x1E, 0x00, 0x02, 0x00, 0x03, 0x04, 0x02, 0x03,
    0x67, 0x00, 0x01, 0x01, 0x00, 0x5F, 0x00, 0x00, 0x00, 0x38, 0x4D, 0x00, 0x04, 0x04, 0x05, 0x5F,
    0x06, 0x01, 0x05, 0x05, 0x39, 0x05, 0x4E, 0x1B, 0x40, 0x1C, 0x00, 0x00, 0x00, 0x01, 0x02, 0x00,
    0x01, 0x67, 0x00, 0x02, 0x00, 0x03, 0x04, 0x02, 0x03, 0x67, 0x00, 0x04, 0x04, 0x05, 0x5F, 0x06,
    0x01, 0x05, 0x05, 0x3C, 0x05, 0x4E, 0x59, 0x40, 0x0E, 0x00, 0x00, 0x00, 0x0B, 0x00, 0x0B, 0x11,
    0x11, 0x11, 0x11, 0x11, 0x07, 0x09, 0x1B, 0x2B, 0x33, 0x11, 0x21, 0x15, 0x21, 0x11, 0x21, 0x15,
    0x21, 0x11, 0x21, 0x15, 0xB5, 0x04, 0x38, 0xFC, 0xCB, 0x02, 0xCC, 0xFD, 0x34, 0x03, 0x62, 0x05,
    0xC8, 0xB4, 0xFE, 0x44, 0xB1, 0xFE, 0x10, 0xB7, 0x00, 0x01, 0x00, 0xB6, 0x00, 0x00, 0x04, 0xB0,
    0x05, 0xC8, 0x00, 0x09, 0x00, 0x4B, 0x4B, 0xB0, 0x2A, 0x50, 0x58, 0x40, 0x19, 0x00, 0x02, 0x00,
    0x03, 0x04, 0x02, 0x03, 0x67, 0x00, 0x01, 0x01, 0x00, 0x5F, 0x00, 0x00, 0x00, 0x38, 0x4D, 0x05,
    0x01, 0x04, 0x04, 0x39, 0x04, 0x4E, 0x1B, 0x40, 0x17, 0x00, 0x00, 0x00, 0x01, 0x02, 0x00, 0x01,
    0x67, 0x00, 0x02, 0x00, 0x03, 0x04, 0x02, 0x03, 0x67, 0x05, 0x01, 0x04, 0x04, 0x3C, 0x04, 0x4E,
    0x59, 0x40, 0x0D, 0x00, 0x00, 0x00, 0x09, 0x00, 0x09, 0x11, 0x11, 0x11, 0x11, 0x06, 0x09, 0x1A,
    0x2B, 0x33, 0x11, 0x21, 0x15, 0x21, 0x11, 0x21, 0x15, 0x21, 0x11, 0xB6, 0x03, 0xFA, 0xFD, 0x09,
    0x02, 0x8E, 0xFD, 0x72, 0x05, 0xC8, 0xB4, 0xFE, 0x27, 0xB4, 0xFD, 0x79, 0x00, 0x01, 0x00, 0x56,
    0xFF, 0xDB, 0x05, 0x91, 0x05, 0xED, 0x00, 0x27, 0x00, 0x6A, 0x40, 0x12, 0x15, 0x01, 0x02, 0x01,
    0x16, 0x01, 0x05, 0x02, 0x24, 0x01, 0x03, 0x04, 0x01, 0x01, 0x00, 0x03, 0x04, 0x4C, 0x4B, 0xB0,
    0x2A, 0x50, 0x58, 0x40, 0x1E, 0x06, 0x01, 0x05, 0x00, 0x04, 0x03, 0x05, 0x04, 0x67, 0x00, 0x02,
    0x02, 0x01, 0x61, 0x00, 0x01, 0x01, 0x3E, 0x4D, 0x00, 0x03, 0x03, 0x00, 0x61, 0x00, 0x00, 0x00,
    0x3F, 0x00, 0x4E, 0x1B, 0x40, 0x1C, 0x00, 0x01, 0x00, 0x02, 0x05, 0x01, 0x02, 0x69, 0x06, 0x01,
    0x05, 0x00, 0x04, 0x03, 0x05, 0x04, 0x67, 0x00, 0x03, 0x03, 0x00, 0x61, 0x00, 0x00, 0x00, 0x42,
    0x00, 0x4E, 0x59, 0x40, 0x0E, 0x00, 0x00, 0x00, 0x27, 0x00, 0x27, 0x13, 0x26, 0x25, 0x2D, 0x22,
    0x07, 0x09, 0x1B, 0x2B, 0x01, 0x11, 0x04, 0x23, 0x22, 0x26, 0x27, 0x2E, 0x03, 0x35, 0x10, 0x37,
    0x3E, 0x03, 0x33, 0x32, 0x04, 0x17, 0x15, 0x26, 0x24, 0x23, 0x20, 0x00, 0x11, 0x14, 0x1E, 0x02,
    0x33, 0x32, 0x36, 0x37, 0x11, 0x23, 0x35, 0x05, 0x91, 0xFE, 0xED, 0xFA, 0x76, 0xC2, 0x4D, 0x67,
    0x9E, 0x6C, 0x38, 0xC2, 0x35, 0x7C, 0x94, 0xB2, 0x6B, 0x8C, 0x01, 0x08, 0x81, 0x9B, 0xFE, 0xF8,
    0x70, 0xFE, 0xF8, 0xFE, 0xF6, 0x4A, 0x8F, 0xD2, 0x88, 0x2F, 0x78, 0x4A, 0xF8, 0x02, 0xBF, 0xFD,
    0x66, 0x4A, 0x1C, 0x1B, 0x24, 0x85, 0xB8, 0xE8, 0x88, 0x01, 0x68, 0xCE, 0x38, 0x51, 0x33, 0x18,
    0x1F, 0x1F, 0xDA, 0x32, 0x32, 0xFE, 0xD4, 0xFE, 0xD6, 0x90, 0xDD, 0x97, 0x4E, 0x0D, 0x0D, 0x01,
    0x62, 0xB2, 0x00, 0x00, 0x00, 0x01, 0x00, 0xA9, 0x00, 0x00, 0x05, 0x1D, 0x05, 0xC8, 0x00, 0x0B,
    0x00, 0x48, 0x4B, 0xB0, 0x2A, 0x50, 0x58, 0x40, 0x16, 0x00, 0x01, 0x00, 0x04, 0x03, 0x01, 0x04,
    0x67, 0x02, 0x01, 0x00, 0x00, 0x38, 0x4D, 0x06, 0x05, 0x02, 0x03, 0x03, 0x39, 0x03, 0x4E, 0x1B,
    0x40, 0x16, 0x00, 0x01, 0x00, 0x04, 0x03, 0x01, 0x04, 0x67, 0x02, 0x01, 0x00, 0x00, 0x03, 0x5F,
    0x06, 0x05, 0x02, 0x03, 0x03, 0x3C, 0x03, 0x4E, 0x59, 0x40, 0x0E, 0x00, 0x00, 0x00, 0x0B, 0x00,
    0x0B, 0x11, 0x11, 0x11, 0x11, 0x11, 0x07, 0x09, 0x1B, 0x2B, 0x33, 0x11, 0x21, 0x11, 0x21, 0x11,
    0x21, 0x11, 0x21, 0x11, 0x21, 0x11, 0xA9, 0x01, 0x03, 0x02, 0x6F, 0x01, 0x02, 0xFE, 0xFE, 0xFD,
    0x91, 0x05, 0xC8, 0xFD, 0x9B, 0x02, 0x65, 0xFA, 0x38, 0x02, 0xAF, 0xFD, 0x51, 0x00, 0x00, 0x00,
    0x00, 0x01, 0x00, 0x70, 0x00, 0x00, 0x02, 0xF8, 0x05, 0xC8, 0x00, 0x0B, 0x00, 0x4A, 0x4B, 0xB0,
    0x2A, 0x50, 0x58, 0x40, 0x18, 0x03, 0x01, 0x01, 0x01, 0x02, 0x5F, 0x00, 0x02, 0x02, 0x38, 0x4D,
    0x04, 0x01, 0x00, 0x00, 0x05, 0x5F, 0x06, 0x01, 0x05, 0x05, 0x39, 0x05, 0x4E, 0x1B, 0x40, 0x16,
    0x00, 0x02, 0x03, 0x01, 0x01, 0x00, 0x02, 0x01, 0x67, 0x04, 0x01, 0x00, 0x00, 0x05, 0x5F, 0x06,
    0x01, 0x05, 0x05, 0x3C, 0x05, 0x4E, 0x59, 0x40, 0x0E, 0x00, 0x00, 0x00, 0x0B, 0x00, 0x0B, 0x11,
    0x11, 0x11, 0x11, 0x11, 0x07, 0x09, 0x1B, 0x2B, 0x33, 0x35, 0x33, 0x11, 0x23, 0x35, 0x21, 0x15,
    0x23, 0x11, 0x33, 0x15, 0x70, 0xC3, 0xC3, 0x02, 0x88, 0xC3, 0xC3, 0xB7, 0x04, 0x59, 0xB8, 0xB8,
    0xFB, 0xA7, 0xB7, 0x00, 0x00, 0x01, 0x00, 0x0A, 0xFE, 0xD8, 0x03, 0x66, 0x05, 0xC8, 0x00, 0x11,
    0x00, 0x4A, 0x40, 0x0A, 0x00, 0x01, 0x00, 0x01, 0x11, 0x01, 0x03, 0x00, 0x02, 0x4C, 0x4B, 0xB0,
    0x2A, 0x50, 0x58, 0x40, 0x12, 0x00, 0x00, 0x00, 0x03, 0x00, 0x03, 0x65, 0x00, 0x01, 0x01, 0x02,
    0x5F, 0x00, 0x02, 0x02, 0x38, 0x01, 0x4E, 0x1B, 0x40, 0x18, 0x00, 0x02, 0x00, 0x01, 0x00, 0x02,
    0x01, 0x67, 0x00, 0x00, 0x03, 0x03, 0x00, 0x59, 0x00, 0x00, 0x00, 0x03, 0x61, 0x00, 0x03, 0x00,
    0x03, 0x51, 0x59, 0xB6, 0x23, 0x11, 0x15, 0x21, 0x04, 0x09, 0x1A, 0x2B, 0x17, 0x16, 0x33, 0x32,
    0x3E, 0x02, 0x35, 0x11, 0x23, 0x35, 0x21, 0x11, 0x14, 0x06, 0x21, 0x22, 0x27, 0x0A, 0xAF, 0xA0,
    0x4C, 0x67, 0x3D, 0x1A, 0xF5, 0x01, 0xF8, 0xFF, 0xFE, 0xF4, 0xAB, 0xA6, 0x29, 0x42, 0x1A, 0x42,
    0x70, 0x55, 0x04, 0x5B, 0xB7, 0xFB, 0x02, 0xFF, 0xF3, 0x36, 0x00, 0x00, 0x00, 0x01, 0x00, 0xB6,
    0x00, 0x00, 0x05, 0x6E, 0x05, 0xC8, 0x00, 0x0A, 0x00, 0x3F, 0xB7, 0x09, 0x06, 0x03, 0x03, 0x02,
    0x00, 0x01, 0x4C, 0x4B, 0xB0, 0x2A, 0x50, 0x58, 0x40, 0x0E, 0x01, 0x01, 0x00, 0x00, 0x38, 0x4D,
    0x04, 0x03, 0x02, 0x02, 0x02, 0x39, 0x02, 0x4E, 0x1B, 0x40, 0x0E, 0x01, 0x01, 0x00, 0x00, 0x02,
    0x5F, 0x04, 0x03, 0x02, 0x02, 0x02, 0x3C, 0x02, 0x4E, 0x59, 0x40, 0x0C, 0x00, 0x00, 0x00, 0x0A,
    0x00, 0x0A, 0x12, 0x12, 0x11, 0x05, 0x09, 0x19, 0x2B, 0x33, 0x11, 0x33, 0x11, 0x01, 0x33, 0x01,
    0x01, 0x21, 0x01, 0x11, 0xB6, 0xF6, 0x02, 0x68, 0xE9, 0xFD, 0xBD, 0x02, 0xB4, 0xFE, 0xBB, 0xFD,
    0x83, 0x05, 0xC8, 0xFD, 0x2D, 0x02, 0xD3, 0xFD, 0x53, 0xFC, 0xE5, 0x02, 0xE3, 0xFD, 0x1D, 0x00,
    0x00, 0x01, 0x00, 0xA9, 0x00, 0x00, 0x04, 0x8F, 0x05, 0xC8, 0x00, 0x05, 0x00, 0x3B, 0x4B, 0xB0,
    0x2A, 0x50, 0x58, 0x40, 0x11, 0x00, 0x00, 0x00, 0x38, 0x4D, 0x00, 0x01, 0x01, 0x02, 0x60, 0x03,
    0x01, 0x02, 0x02, 0x39, 0x02, 0x4E, 0x1B, 0x40, 0x11, 0x00, 0x00, 0x01, 0x00, 0x85, 0x00, 0x01,
    0x01, 0x02, 0x60, 0x03, 0x01, 0x02, 0x02, 0x3C, 0x02, 0x4E, 0x59, 0x40, 0x0B, 0x00, 0x00, 0x00,
    0x05, 0x00, 0x05, 0x11, 0x11, 0x04, 0x09, 0x18, 0x2B, 0x33, 0x11, 0x21, 0x11, 0x21, 0x15, 0xA9,
    0x01, 0x03, 0x02, 0xE3, 0x05, 0xC8, 0xFA, 0xEF, 0xB7, 0x00, 0x00, 0x00, 0x00, 0x01, 0x00, 0xA9,
    0x00, 0x00, 0x06, 0x01, 0x05, 0xC8, 0x00, 0x0C, 0x00, 0x50, 0xB7, 0x0B, 0x08, 0x03, 0x03, 0x03,
    0x00, 0x01, 0x4C, 0x4B, 0xB0, 0x2A, 0x50, 0x58, 0x40, 0x16, 0x00, 0x03, 0x00, 0x02, 0x00, 0x03,
    0x02, 0x80, 0x01, 0x01, 0x00, 0x00, 0x38, 0x4D, 0x05, 0x04, 0x02, 0x02, 0x02, 0x39, 0x02, 0x4E,
    0x1B, 0x40, 0x16, 0x00, 0x03, 0x00, 0x02, 0x00, 0x03, 0x02, 0x80, 0x01, 0x01, 0x00, 0x00, 0x02,
    0x5F, 0x05, 0x04, 0x02, 0x02, 0x02, 0x3C, 0x02, 0x4E, 0x59, 0x40, 0x0D, 0x00, 0x00, 0x00, 0x0C,
    0x00, 0x0C, 0x12, 0x11, 0x12, 0x11, 0x06, 0x09, 0x1A, 0x2B, 0x33, 0x11, 0x21, 0x01, 0x01, 0x21,
    0x11, 0x23, 0x11, 0x01, 0x23, 0x01, 0x11, 0xA9, 0x01, 0x5D, 0x01, 0x5E, 0x01, 0x68, 0x01, 0x35,
    0xF0, 0xFE, 0xA2, 0xE2, 0xFE, 0xAB, 0x05, 0xC8, 0xFB, 0xBB, 0x04, 0x45, 0xFA, 0x38, 0x04, 0x88,
    0xFB, 0xDB, 0x04, 0x2E, 0xFB, 0x6F, 0x00, 0x00, 0x00, 0x01, 0x00, 0xA9, 0x00, 0x00, 0x05, 0x1D,
    0x05, 0xC8, 0x00, 0x09, 0x00, 0x3E, 0xB6, 0x08, 0x03, 0x02, 0x02, 0x00, 0x01, 0x4C, 0x4B, 0xB0,
    0x2A, 0x50, 0x58, 0x40, 0x0E, 0x01, 0x01, 0x00, 0x00, 0x38, 0x4D, 0x04, 0x03, 0x02, 0x02, 0x02,
    0x39, 0x02, 0x4E, 0x1B, 0x40, 0x0E, 0x01, 0x01, 0x00, 0x00, 0x02, 0x5F, 0x04, 0x03, 0x02, 0x02,
    0x02, 0x3C, 0x02, 0x4E, 0x59, 0x40, 0x0C, 0x00, 0x00, 0x00, 0x09, 0x00, 0x09, 0x11, 0x12, 0x11,
    0x05, 0x09, 0x19, 0x2B, 0x33, 0x11, 0x33, 0x01, 0x11, 0x33, 0x11, 0x23, 0x01, 0x11, 0xA9, 0xEE,
    0x02, 0xB1, 0xD5, 0xF0, 0xFD, 0x51, 0x05, 0xC8, 0xFB, 0xCB, 0x04, 0x35, 0xFA, 0x38, 0x04, 0x35,
    0xFB, 0xCB, 0x00, 0x00, 0x00, 0x02, 0x00, 0x56, 0xFF, 0xDB, 0x05, 0xE3, 0x05, 0xED, 0x00, 0x0F,
    0x00, 0x1F, 0x00, 0x4D, 0x4B, 0xB0, 0x2A, 0x50, 0x58, 0x40, 0x17, 0x00, 0x03, 0x03, 0x01, 0x61,
    0x00, 0x01, 0x01, 0x3E, 0x4D, 0x05, 0x01, 0x02, 0x02, 0x00, 0x61, 0x04, 0x01, 0x00, 0x00, 0x3F,
    0x00, 0x4E, 0x1B, 0x40, 0x15, 0x00, 0x01, 0x00, 0x03, 0x02, 0x01, 0x03, 0x69, 0x05, 0x01, 0x02,
    0x02, 0x00, 0x61, 0x04, 0x01, 0x00, 0x00, 0x42, 0x00, 0x4E, 0x59, 0x40, 0x13, 0x11, 0x10, 0x01,
    0x00, 0x19, 0x17, 0x10, 0x1F, 0x11, 0x1F, 0x09, 0x07, 0x00, 0x0F, 0x01, 0x0F, 0x06, 0x09, 0x16,
    0x2B, 0x05, 0x20, 0x27, 0x26, 0x11, 0x10, 0x37, 0x36, 0x21, 0x20, 0x17, 0x16, 0x11, 0x10, 0x07,
    0x06, 0x25, 0x32, 0x37, 0x36, 0x11, 0x10, 0x27, 0x26, 0x23, 0x22, 0x07, 0x06, 0x11, 0x10, 0x17,
    0x16, 0x03, 0x12, 0xFE, 0xBF, 0xBD, 0xBE, 0xBF, 0xBF, 0x01, 0x49, 0x01, 0x47, 0xBF, 0xC0, 0xC0,
    0xBF, 0xFE, 0xB2, 0xD4, 0x72, 0x73, 0x73, 0x72, 0xCD, 0xCE, 0x73, 0x72, 0x72, 0x72, 0x25, 0xD2,
    0xD3, 0x01, 0x64, 0x01, 0x67, 0xD1, 0xD1, 0xD1, 0xD1, 0xFE, 0x9C, 0xFE, 0x93, 0xD0, 0xCF, 0xB4,
    0x9C, 0x9B, 0x01, 0x21, 0x01, 0x18, 0x9D, 0x9D, 0x9D, 0x9E, 0xFE, 0xE6, 0xFE, 0xE7, 0x9D, 0x9F,
    0x00, 0x02, 0x00, 0xAA, 0x00, 0x00, 0x05, 0x0C, 0x05, 0xC8, 0x00, 0x0D, 0x00, 0x16, 0x00, 0x4D,
    0x4B, 0xB0, 0x2A, 0x50, 0x58, 0x40, 0x19, 0x00, 0x03, 0x00, 0x01, 0x02, 0x03, 0x01, 0x67, 0x00,
    0x04, 0x04, 0x00, 0x5F, 0x00, 0x00, 0x00, 0x38, 0x4D, 0x05, 0x01, 0x02, 0x02, 0x39, 0x02, 0x4E,
    0x1B, 0x40, 0x17, 0x00, 0x00, 0x00, 0x04, 0x03, 0x00, 0x04, 0x67, 0x00, 0x03, 0x00, 0x01, 0x02,
    0x03, 0x01, 0x67, 0x05, 0x01, 0x02, 0x02, 0x3C, 0x02, 0x4E, 0x59, 0x40, 0x0F, 0x00, 0x00, 0x16,
    0x14, 0x10, 0x0E, 0x00, 0x0D, 0x00, 0x0D, 0x27, 0x21, 0x06, 0x09, 0x18, 0x2B, 0x33, 0x11, 0x21,
    0x32, 0x16, 0x17, 0x16, 0x17, 0x16, 0x15, 0x10, 0x21, 0x23, 0x11, 0x11, 0x33, 0x20, 0x11, 0x34,
    0x27, 0x26, 0x23, 0x23, 0xAA, 0x02, 0x3B, 0x69, 0x97, 0x30, 0x61, 0x41, 0x55, 0xFD, 0x8F, 0xF1,
    0xCA, 0x01, 0x8B, 0x50, 0x50, 0xCB, 0xEA, 0x05, 0xC8, 0x0D, 0x0C, 0x18, 0x4A, 0x61, 0xB0, 0xFE,
    0x02, 0xFD, 0xC2, 0x02, 0xF3, 0x01, 0x33, 0x8A, 0x31, 0x33, 0x00, 0x00, 0x00, 0x02, 0x00, 0x56,
    0xFE, 0xD8, 0x06, 0x9A, 0x05, 0xED, 0x00, 0x19, 0x00, 0x2D, 0x00, 0x48, 0x40, 0x0A, 0x16, 0x01,
    0x00, 0x03, 0x01, 0x4C, 0x19, 0x01, 0x00, 0x49, 0x4B, 0xB0, 0x2A, 0x50, 0x58, 0x40, 0x15, 0x00,
    0x02, 0x02, 0x01, 0x61, 0x00, 0x01, 0x01, 0x3E, 0x4D, 0x00, 0x03, 0x03, 0x00, 0x61, 0x00, 0x00,
    0x00, 0x3F, 0x00, 0x4E, 0x1B, 0x40, 0x13, 0x00, 0x01, 0x00, 0x02, 0x03, 0x01, 0x02, 0x69, 0x00,
    0x03, 0x03, 0x00, 0x61, 0x00, 0x00, 0x00, 0x42, 0x00, 0x4E, 0x59, 0xB6, 0x28, 0x2E, 0x28, 0x33,
    0x04, 0x09, 0x1A, 0x2B, 0x01, 0x24, 0x27, 0x06, 0x06, 0x23, 0x22, 0x26, 0x26, 0x02, 0x35, 0x34,
    0x12, 0x36, 0x24, 0x33, 0x32, 0x04, 0x16, 0x12, 0x15, 0x10, 0x05, 0x16, 0x04, 0x17, 0x01, 0x34,
    0x2E, 0x02, 0x23, 0x22, 0x0E, 0x02, 0x15, 0x14, 0x1E, 0x02, 0x33, 0x32, 0x3E, 0x02, 0x05, 0xF4,
    0xFE, 0x8B, 0xF3, 0x2E, 0x44, 0x18, 0x9A, 0xFC, 0xB4, 0x62, 0x63, 0xB8, 0x01, 0x06, 0xA4, 0xA5,
    0x01, 0x07, 0xB9, 0x63, 0xFE, 0x8A, 0x87, 0x01, 0x14, 0x92, 0xFE, 0x35, 0x3A, 0x70, 0xA3, 0x68,
    0x65, 0xA0, 0x70, 0x3B, 0x3A, 0x6F, 0xA1, 0x66, 0x68, 0xA2, 0x70, 0x3B, 0xFE, 0xD8, 0x6D, 0x9E,
    0x04, 0x04, 0x71, 0xCD, 0x01, 0x1E, 0xAD, 0xB2, 0x01, 0x20, 0xCA, 0x6D, 0x6D, 0xCB, 0xFE, 0xE1,
    0xB2, 0xFE, 0x0F, 0xD3, 0x35, 0x48, 0x14, 0x03, 0x50, 0x8E, 0xE0, 0x9A, 0x52, 0x51, 0x99, 0xDC,
    0x8B, 0x8E, 0xDF, 0x9B, 0x51, 0x52, 0x99, 0xDB, 0x00, 0x02, 0x00, 0xA9, 0x00, 0x00, 0x05, 0xAA,
    0x05, 0xC8, 0x00, 0x0B, 0x00, 0x14, 0x00, 0x57, 0xB5, 0x06, 0x01, 0x02, 0x04, 0x01, 0x4C, 0x4B,
    0xB0, 0x2A, 0x50, 0x58, 0x40, 0x1A, 0x00, 0x04, 0x00, 0x02, 0x01, 0x04, 0x02, 0x67, 0x00, 0x05,
    0x05, 0x00, 0x5F, 0x00, 0x00, 0x00, 0x38, 0x4D, 0x06, 0x03, 0x02, 0x01, 0x01, 0x39, 0x01, 0x4E,
    0x1B, 0x40, 0x18, 0x00, 0x00, 0x00, 0x05, 0x04, 0x00, 0x05, 0x67, 0x00, 0x04, 0x00, 0x02, 0x01,
    0x04, 0x02, 0x67, 0x06, 0x03, 0x02, 0x01, 0x01, 0x3C, 0x01, 0x4E, 0x59, 0x40, 0x10, 0x00, 0x00,
    0x14, 0x12, 0x0E, 0x0C, 0x00, 0x0B, 0x00, 0x0B, 0x11, 0x14, 0x21, 0x07, 0x09, 0x19, 0x2B, 0x33,
    0x11, 0x21, 0x20, 0x11, 0x10, 0x05, 0x01, 0x21, 0x01, 0x21, 0x11, 0x11, 0x33, 0x32, 0x36, 0x35,
    0x34, 0x26, 0x23, 0x23, 0xA9, 0x02, 0x77, 0x01, 0xC6, 0xFE, 0xDB, 0x01, 0xE9, 0xFE, 0xD2, 0xFE,
    0x5D, 0xFE, 0xCA, 0xC6, 0xBE, 0xB8, 0x9A, 0xA9, 0xF9, 0x05, 0xC8, 0xFE, 0x91, 0xFE, 0xD9, 0x7E,
    0xFD, 0x4C, 0x02, 0x67, 0xFD, 0x99, 0x03, 0x1B, 0x8D, 0x95, 0x6F, 0x68, 0x00, 0x01, 0x00, 0x6F,
    0xFF, 0xDC, 0x04, 0xF2, 0x05, 0xED, 0x00, 0x31, 0x00, 0x51, 0x40, 0x0F, 0x17, 0x01, 0x02, 0x01,
    0x18, 0x00, 0x02, 0x00, 0x02, 0x31, 0x01, 0x03, 0x00, 0x03, 0x4C, 0x4B, 0xB0, 0x2A, 0x50, 0x58,
    0x40, 0x15, 0x00, 0x02, 0x02, 0x01, 0x61, 0x00, 0x01, 0x01, 0x3E, 0x4D, 0x00, 0x00, 0x00, 0x03,
    0x61, 0x00, 0x03, 0x03, 0x3F, 0x03, 0x4E, 0x1B, 0x40, 0x13, 0x00, 0x01, 0x00, 0x02, 0x00, 0x01,
    0x02, 0x69, 0x00, 0x00, 0x00, 0x03, 0x61, 0x00, 0x03, 0x03, 0x42, 0x03, 0x4E, 0x59, 0x40, 0x0A,
    0x2F, 0x2D, 0x1C, 0x1A, 0x16, 0x14, 0x21, 0x04, 0x09, 0x17, 0x2B, 0x13, 0x04, 0x21, 0x20, 0x35,
    0x34, 0x2E, 0x02, 0x27, 0x2E, 0x03, 0x27, 0x2E, 0x03, 0x35, 0x10, 0x21, 0x32, 0x17, 0x15, 0x26,
    0x26, 0x23, 0x22, 0x06, 0x15, 0x14, 0x1E, 0x02, 0x17, 0x17, 0x1E, 0x05, 0x15, 0x14, 0x04, 0x21,
    0x22, 0x24, 0x27, 0x6F, 0x01, 0x1D, 0x01, 0x0F, 0x01, 0x49, 0x10, 0x20, 0x2D, 0x1E, 0x20, 0x52,
    0x5C, 0x60, 0x2E, 0x73, 0x9E, 0x61, 0x2A, 0x02, 0x3C, 0xF9, 0xEA, 0x7B, 0xF0, 0x77, 0xA7, 0x98,
    0x11, 0x28, 0x44, 0x33, 0x69, 0x75, 0xB7, 0x89, 0x5F, 0x3B, 0x1B, 0xFE, 0xC8, 0xFE, 0xD6, 0x78,
    0xFE, 0xEF, 0x98, 0x01, 0x06, 0x77, 0xDA, 0x24, 0x36, 0x2C, 0x26, 0x13, 0x0F, 0x20, 0x20, 0x21,
    0x11, 0x28, 0x57, 0x67, 0x7A, 0x4D, 0x01, 0x97, 0x39, 0xD6, 0x2E, 0x2C, 0x5B, 0x69, 0x23, 0x35,
    0x2D, 0x27, 0x13, 0x28, 0x27, 0x45, 0x44, 0x49, 0x57, 0x6A, 0x43, 0xD4, 0xE0, 0x24, 0x20, 0x00,
    0x00, 0x01, 0x00, 0x1E, 0x00, 0x00, 0x04, 0xC5, 0x05, 0xC8, 0x00, 0x07, 0x00, 0x3C, 0x4B, 0xB0,
    0x2A, 0x50, 0x58, 0x40, 0x12, 0x02, 0x01, 0x00, 0x00, 0x01, 0x5F, 0x00, 0x01, 0x01, 0x38, 0x4D,
    0x04, 0x01, 0x03, 0x03, 0x39, 0x03, 0x4E, 0x1B, 0x40, 0x10, 0x00, 0x01, 0x02, 0x01, 0x00, 0x03,
    0x01, 0x00, 0x67, 0x04, 0x01, 0x03, 0x03, 0x3C, 0x03, 0x4E, 0x59, 0x40, 0x0C, 0x00, 0x00, 0x00,
    0x07, 0x00, 0x07, 0x11, 0x11, 0x11, 0x05, 0x09, 0x19, 0x2B, 0x21, 0x11, 0x21, 0x35, 0x21, 0x15,
    0x21, 0x11, 0x01, 0xF0, 0xFE, 0x2E, 0x04, 0xA7, 0xFE, 0x2E, 0x05, 0x0F, 0xB9, 0xB9, 0xFA, 0xF1,
    0x00, 0x01, 0x00, 0xA3, 0xFF, 0xDB, 0x05, 0x23, 0x05, 0xC8, 0x00, 0x1E, 0x00, 0x36, 0x4B, 0xB0,
    0x2A, 0x50, 0x58, 0x40, 0x11, 0x02, 0x01, 0x00, 0x00, 0x38, 0x4D, 0x00, 0x01, 0x01, 0x03, 0x61,
    0x00, 0x03, 0x03, 0x3F, 0x03, 0x4E, 0x1B, 0x40, 0x11, 0x02, 0x01, 0x00, 0x01, 0x00, 0x85, 0x00,
    0x01, 0x01, 0x03, 0x61, 0x00, 0x03, 0x03, 0x42, 0x03, 0x4E, 0x59, 0xB6, 0x27, 0x15, 0x25, 0x10,
    0x04, 0x09, 0x1A, 0x2B, 0x13, 0x21, 0x11, 0x14, 0x17, 0x16, 0x16, 0x33, 0x32, 0x3E, 0x02, 0x35,
    0x11, 0x33, 0x11, 0x14, 0x07, 0x0E, 0x03, 0x23, 0x22, 0x26, 0x27, 0x2E, 0x03, 0x35, 0xA3, 0x01,
    0x03, 0x1C, 0x1C, 0xA3, 0x7D, 0x55, 0x7B, 0x4E, 0x25, 0xE2, 0x27, 0x18, 0x5C, 0x84, 0xAA, 0x65,
    0x8E, 0xD3, 0x4B, 0x2D, 0x3F, 0x28, 0x12, 0x05, 0xC8, 0xFC, 0x67, 0x98, 0x50, 0x54, 0x64, 0x2E,
    0x61, 0x98, 0x6A, 0x03, 0xA8, 0xFC, 0x64, 0xC9, 0x69, 0x3F, 0x69, 0x4D, 0x2A, 0x40, 0x40, 0x25,
    0x5A, 0x71, 0x8D, 0x59, 0x00, 0x01, 0x00, 0x1E, 0x00, 0x00, 0x05, 0x44, 0x05, 0xC8, 0x00, 0x06,
    0x00, 0x3A, 0xB5, 0x03, 0x01, 0x02, 0x00, 0x01, 0x4C, 0x4B, 0xB0, 0x2A, 0x50, 0x58, 0x40, 0x0D,
    0x01, 0x01, 0x00, 0x00, 0x38, 0x4D, 0x03, 0x01, 0x02, 0x02, 0x39, 0x02, 0x4E, 0x1B, 0x40, 0x0D,
    0x01, 0x01, 0x00, 0x02, 0x00, 0x85, 0x03, 0x01, 0x02, 0x02, 0x3C, 0x02, 0x4E, 0x59, 0x40, 0x0B,
    0x00, 0x00, 0x00, 0x06, 0x00, 0x06, 0x12, 0x11, 0x04, 0x09, 0x18, 0x2B, 0x21, 0x01, 0x21, 0x01,
    0x01, 0x33, 0x01, 0x02, 0x3D, 0xFD, 0xE1, 0x01, 0x11, 0x01, 0xAE, 0x01, 0x9C, 0xCB, 0xFD, 0xF6,
    0x05, 0xC8, 0xFB, 0x78, 0x04, 0x88, 0xFA, 0x38, 0x00, 0x01, 0x00, 0x19, 0x00, 0x00, 0x07, 0x74,
    0x05, 0xC8, 0x00, 0x0C, 0x00, 0x42, 0xB7, 0x0B, 0x06, 0x03, 0x03, 0x03, 0x00, 0x01, 0x4C, 0x4B,
    0xB0, 0x2A, 0x50, 0x58, 0x40, 0x0F, 0x02, 0x01, 0x02, 0x00, 0x00, 0x38, 0x4D, 0x05, 0x04, 0x02,
    0x03, 0x03, 0x39, 0x03, 0x4E, 0x1B, 0x40, 0x0F, 0x02, 0x01, 0x02, 0x00, 0x03, 0x00, 0x85, 0x05,
    0x04, 0x02, 0x03, 0x03, 0x3C, 0x03, 0x4E, 0x59, 0x40, 0x0D, 0x00, 0x00, 0x00, 0x0C, 0x00, 0x0C,
    0x11, 0x12, 0x12, 0x11, 0x06, 0x09, 0x1A, 0x2B, 0x21, 0x01, 0x33, 0x01, 0x01, 0x33, 0x01, 0x01,
    0x33, 0x01, 0x23, 0x01, 0x01, 0x01, 0x95, 0xFE, 0x84, 0xF6, 0x01, 0x24, 0x01, 0x3A, 0xE5, 0x01,
    0x26, 0x01, 0x39, 0xC3, 0xFE, 0x63, 0xFC, 0xFE, 0xE4, 0xFE, 0xD1, 0x05, 0xC8, 0xFB, 0x9A, 0x04,
    0x66, 0xFB, 0x9E, 0x04, 0x62, 0xFA, 0x38, 0x04, 0x36, 0xFB, 0xCA, 0x00, 0x00, 0x01, 0x00, 0x26,
    0x00, 0x00, 0x05, 0x31, 0x05, 0xC8, 0x00, 0x0B, 0x00, 0x41, 0x40, 0x09, 0x0A, 0x07, 0x04, 0x01,
    0x04, 0x02, 0x00, 0x01, 0x4C, 0x4B, 0xB0, 0x2A, 0x50, 0x58, 0x40, 0x0E, 0x01, 0x01, 0x00, 0x00,
    0x38, 0x4D, 0x04, 0x03, 0x02, 0x02, 0x02, 0x39, 0x02, 0x4E, 0x1B, 0x40, 0x0E, 0x01, 0x01, 0x00,
    0x00, 0x02, 0x5F, 0x04, 0x03, 0x02, 0x02, 0x02, 0x3C, 0x02, 0x4E, 0x59, 0x40, 0x0C, 0x00, 0x00,
    0x00, 0x0B, 0x00, 0x0B, 0x12, 0x12, 0x12, 0x05, 0x09, 0x19, 0x2B, 0x33, 0x01, 0x01, 0x21, 0x01,
    0x01, 0x33, 0x01, 0x01, 0x21, 0x01, 0x01, 0x26, 0x01, 0xFE, 0xFE, 0x19, 0x01, 0x2F, 0x01, 0x5F,
    0x01, 0x79, 0xE0, 0xFE, 0x14, 0x01, 0xF9, 0xFE, 0xD1, 0xFE, 0x8E, 0xFE, 0x76, 0x02, 0xDC, 0x02,
    0xEC, 0xFD, 0xE7, 0x02, 0x19, 0xFD, 0x40, 0xFC, 0xF8, 0x02, 0x33, 0xFD, 0xCD, 0x00, 0x00, 0x00,
    0x00, 0x01, 0x00, 0x1D, 0x00, 0x00, 0x05, 0x3A, 0x05, 0xC8, 0x00, 0x08, 0x00, 0x3C, 0xB7, 0x07,
    0x04, 0x01, 0x03, 0x02, 0x00, 0x01, 0x4C, 0x4B, 0xB0, 0x2A, 0x50, 0x58, 0x40, 0x0D, 0x01, 0x01,
    0x00, 0x00, 0x38, 0x4D, 0x03, 0x01, 0x02, 0x02, 0x39, 0x02, 0x4E, 0x1B, 0x40, 0x0D, 0x01, 0x01,
    0x00, 0x02, 0x00, 0x85, 0x03, 0x01, 0x02, 0x02, 0x3C, 0x02, 0x4E, 0x59, 0x40, 0x0B, 0x00, 0x00,
    0x00, 0x08, 0x00, 0x08, 0x12, 0x12, 0x04, 0x09, 0x18, 0x2B, 0x21, 0x11, 0x01, 0x21, 0x01, 0x01,
    0x33, 0x01, 0x11, 0x02, 0x1C, 0xFE, 0x01, 0x01, 0x22, 0x01, 0x84, 0x01, 0x9B, 0xDC, 0xFD, 0xE5,
    0x02, 0x6A, 0x03, 0x5E, 0xFD, 0x71, 0x02, 0x8F, 0xFC, 0xA6, 0xFD, 0x92, 0x00, 0x01, 0x00, 0x61,
    0x00, 0x00, 0x04, 0x81, 0x05, 0xC8, 0x00, 0x09, 0x00, 0x4D, 0xB7, 0x06, 0x01, 0x00, 0x01, 0x01,
    0x02, 0x02, 0x4B, 0x4B, 0xB0, 0x2A, 0x50, 0x58, 0x40, 0x16, 0x00, 0x00, 0x00, 0x01, 0x5F, 0x00,
    0x01, 0x01, 0x38, 0x4D, 0x00, 0x02, 0x02, 0x03, 0x5F, 0x04, 0x01, 0x03, 0x03, 0x39, 0x03, 0x4E,
    0x1B, 0x40, 0x14, 0x00, 0x01, 0x00, 0x00, 0x02, 0x01, 0x00, 0x67, 0x00, 0x02, 0x02, 0x03, 0x5F,
    0x04, 0x01, 0x03, 0x03, 0x3C, 0x03, 0x4E, 0x59, 0x40, 0x0C, 0x00, 0x00, 0x00, 0x09, 0x00, 0x09,
    0x12, 0x11, 0x12, 0x05, 0x09, 0x19, 0x2B, 0x33, 0x35, 0x01, 0x21, 0x35, 0x21, 0x15, 0x01, 0x21,
    0x15, 0x61, 0x02, 0xEF, 0xFD, 0x3F, 0x03, 0xF2, 0xFD, 0x11, 0x02, 0xEF, 0xBD, 0x04, 0x57, 0xB4,
    0xB4, 0xFB, 0xA9, 0xBD, 0x00, 0x01, 0x00, 0x86, 0xFE, 0xD8, 0x02, 0x33, 0x06, 0x2B, 0x00, 0x07,
    0x00, 0x22, 0x40, 0x1F, 0x00, 0x02, 0x04, 0x01, 0x03, 0x02, 0x03, 0x63, 0x00, 0x01, 0x01, 0x00,
    0x5F, 0x00, 0x00, 0x00, 0x3A, 0x01, 0x4E, 0x00, 0x00, 0x00, 0x07, 0x00, 0x07, 0x11, 0x11, 0x11,
    0x05, 0x09, 0x19, 0x2B, 0x13, 0x11, 0x21, 0x15, 0x23, 0x11, 0x33, 0x15, 0x86, 0x01, 0xAD, 0xDB,
    0xDB, 0xFE, 0xD8, 0x07, 0x53, 0xA1, 0xF9, 0xEE, 0xA0, 0x00, 0x00, 0x00, 0x00, 0x01, 0x00, 0x00,
    0xFF, 0x7D, 0x02, 0x39, 0x05, 0xAF, 0x00, 0x03, 0x00, 0x26, 0x4B, 0xB0, 0x28, 0x50, 0x58, 0x40,
    0x0B, 0x00, 0x00, 0x01, 0x00, 0x86, 0x00, 0x01, 0x01, 0x38, 0x01, 0x4E, 0x1B, 0x40, 0x09, 0x00,
    0x01, 0x00, 0x01, 0x85, 0x00, 0x00, 0x00, 0x76, 0x59, 0xB4, 0x11, 0x10, 0x02, 0x09, 0x18, 0x2B,
    0x05, 0x23, 0x01, 0x33, 0x02, 0x39, 0xB2, 0xFE, 0x79, 0xB1, 0x83, 0x06, 0x32, 0x00, 0x00, 0x00,
    0x00, 0x01, 0x00, 0x3E, 0xFE, 0xD8, 0x01, 0xEB, 0x06, 0x2B, 0x00, 0x07, 0x00, 0x22, 0x40, 0x1F,
    0x00, 0x01, 0x00, 0x00, 0x01, 0x00, 0x63, 0x00, 0x02, 0x02, 0x03, 0x5F, 0x04, 0x01, 0x03, 0x03,
    0x3A, 0x02, 0x4E, 0x00, 0x00, 0x00, 0x07, 0x00, 0x07, 0x11, 0x11, 0x11, 0x05, 0x09, 0x19, 0x2B,
    0x01, 0x11, 0x21, 0x35, 0x33, 0x11, 0x23, 0x35, 0x01, 0xEB, 0xFE, 0x53, 0xDB, 0xDB, 0x06, 0x2B,
    0xF8, 0xAD, 0xA1, 0x06, 0x11, 0xA1, 0x00, 0x00, 0x00, 0x01, 0x00, 0x57, 0x02, 0xBF, 0x03, 0xDF,
    0x05, 0xDA, 0x00, 0x06, 0x00, 0x19, 0xB1, 0x06, 0x64, 0x44, 0x40, 0x0E, 0x04, 0x01, 0x00, 0x4A,
    0x01, 0x01, 0x00, 0x00, 0x76, 0x12, 0x12, 0x02, 0x09, 0x18, 0x2B, 0xB1, 0x06, 0x00, 0x44, 0x01,
    0x23, 0x01, 0x23, 0x01, 0x01, 0x23, 0x02, 0x1B, 0x01, 0xFE, 0xF7, 0xBA, 0x01, 0xC4, 0x01, 0xC4,
    0xBB, 0x04, 0x92, 0xFE, 0x2D, 0x03, 0x1B, 0xFC, 0xE5, 0x00, 0x00, 0x00, 0x00, 0x01, 0x00, 0x00,
    0xFF, 0x5F, 0x04, 0x73, 0x00, 0x00, 0x00, 0x03, 0x00, 0x26, 0xB1, 0x06, 0x64, 0x44, 0x40, 0x1B,
    0x00, 0x00, 0x01, 0x01, 0x00, 0x57, 0x00, 0x00, 0x00, 0x01, 0x5F, 0x02, 0x01, 0x01, 0x00, 0x01,
    0x4F, 0x00, 0x00, 0x00, 0x03, 0x00, 0x03, 0x11, 0x03, 0x09, 0x17, 0x2B, 0xB1, 0x06, 0x00, 0x44,
    0x15, 0x35, 0x21, 0x15, 0x04, 0x73, 0xA1, 0xA1, 0xA1, 0x00, 0x00, 0x00, 0x00, 0x01, 0x00, 0x5A,
    0x05, 0x03, 0x02, 0x4A, 0x06, 0x44, 0x00, 0x03, 0x00, 0x19, 0xB1, 0x06, 0x64, 0x44, 0x40, 0x0E,
    0x00, 0x01, 0x00, 0x01, 0x85, 0x00, 0x00, 0x00, 0x76, 0x11, 0x10, 0x02, 0x09, 0x18, 0x2B, 0xB1,
    0x06, 0x00, 0x44, 0x01, 0x23, 0x01, 0x33, 0x02, 0x4A, 0xAF, 0xFE, 0xBF, 0xFF, 0x05, 0x03, 0x01,
    0x41, 0x00, 0x00, 0x00, 0x00, 0x02, 0x00, 0x52, 0xFF, 0xE7, 0x04, 0x42, 0x04, 0x5C, 0x00, 0x21,
    0x00, 0x2C, 0x00, 0x90, 0x4B, 0xB0, 0x1D, 0x50, 0x58, 0x40, 0x12, 0x12, 0x01, 0x02, 0x03, 0x11,
    0x01, 0x01, 0x02, 0x2C, 0x01, 0x04, 0x06, 0x1E, 0x01, 0x00, 0x04, 0x04, 0x4C, 0x1B, 0x40, 0x12,
    0x12, 0x01, 0x02, 0x03, 0x11, 0x01, 0x01, 0x02, 0x2C, 0x01, 0x07, 0x06, 0x1E, 0x01, 0x00, 0x04,
    0x04, 0x4C, 0x59, 0x4B, 0xB0, 0x1D, 0x50, 0x58, 0x40, 0x1F, 0x00, 0x01, 0x00, 0x06, 0x04, 0x01,
    0x06, 0x69, 0x00, 0x02, 0x02, 0x03, 0x61, 0x00, 0x03, 0x03, 0x41, 0x4D, 0x07, 0x01, 0x04, 0x04,
    0x00, 0x61, 0x05, 0x01, 0x00, 0x00, 0x42, 0x00, 0x4E, 0x1B, 0x40, 0x29, 0x00, 0x01, 0x00, 0x06,
    0x07, 0x01, 0x06, 0x69, 0x00, 0x02, 0x02, 0x03, 0x61, 0x00, 0x03, 0x03, 0x41, 0x4D, 0x00, 0x07,
    0x07, 0x00, 0x61, 0x05, 0x01, 0x00, 0x00, 0x42, 0x4D, 0x00, 0x04, 0x04, 0x00, 0x61, 0x05, 0x01,
    0x00, 0x00, 0x42, 0x00, 0x4E, 0x59, 0x40, 0x0B, 0x23, 0x41, 0x24, 0x15, 0x23, 0x22, 0x25, 0x23,
    0x08, 0x09, 0x1E, 0x2B, 0x25, 0x06, 0x07, 0x06, 0x23, 0x22, 0x2E, 0x02, 0x35, 0x10, 0x21, 0x33,
    0x35, 0x34, 0x23, 0x22, 0x07, 0x35, 0x36, 0x33, 0x32, 0x16, 0x15, 0x11, 0x14, 0x16, 0x33, 0x32,
    0x37, 0x17, 0x06, 0x23, 0x22, 0x03, 0x06, 0x26, 0x23, 0x20, 0x15, 0x14, 0x16, 0x33, 0x32, 0x37,
    0x02, 0xD8, 0x15, 0x15, 0x7D, 0x9C, 0x48, 0x77, 0x55, 0x2F, 0x02, 0x33, 0x3E, 0xBD, 0xA3, 0xB2,
    0xBE, 0xC0, 0xC7, 0xBE, 0x30, 0x2D, 0x10, 0x17, 0x0A, 0x51, 0x4C, 0xA0, 0x42, 0x11, 0x21, 0x11,
    0xFE, 0xC6, 0x57, 0x4E, 0x76, 0x62, 0x80, 0x11, 0x0D, 0x7B, 0x2D, 0x51, 0x72, 0x46, 0x01, 0x73,
    0x73, 0xB4, 0x61, 0xB8, 0x4E, 0xA6, 0xAE, 0xFE, 0x17, 0x4A, 0x4B, 0x04, 0x89, 0x1E, 0x02, 0x1A,
    0x01, 0x02, 0xC7, 0x4C, 0x53, 0x69, 0x00, 0x00, 0x00, 0x02, 0x00, 0x97, 0xFF, 0xE7, 0x04, 0x58,
    0x06, 0x2B, 0x00, 0x09, 0x00, 0x1B, 0x00, 0x82, 0xB7, 0x0A, 0x09, 0x00, 0x03, 0x00, 0x01, 0x01,
    0x4C, 0x4B, 0xB0, 0x17, 0x50, 0x58, 0x40, 0x1B, 0x00, 0x05, 0x05, 0x3A, 0x4D, 0x00, 0x01, 0x01,
    0x02, 0x61, 0x00, 0x02, 0x02, 0x41, 0x4D, 0x00, 0x00, 0x00, 0x03, 0x61, 0x04, 0x01, 0x03, 0x03,
    0x42, 0x03, 0x4E, 0x1B, 0x4B, 0xB0, 0x2A, 0x50, 0x58, 0x40, 0x1F, 0x00, 0x05, 0x05, 0x3A, 0x4D,
    0x00, 0x01, 0x01, 0x02, 0x61, 0x00, 0x02, 0x02, 0x41, 0x4D, 0x00, 0x04, 0x04, 0x39, 0x4D, 0x00,
    0x00, 0x00, 0x03, 0x61, 0x00, 0x03, 0x03, 0x42, 0x03, 0x4E, 0x1B, 0x40, 0x1F, 0x00, 0x05, 0x05,
    0x3A, 0x4D, 0x00, 0x01, 0x01, 0x02, 0x61, 0x00, 0x02, 0x02, 0x41, 0x4D, 0x00, 0x04, 0x04, 0x3C,
    0x4D, 0x00, 0x00, 0x00, 0x03, 0x61, 0x00, 0x03, 0x03, 0x42, 0x03, 0x4E, 0x59, 0x59, 0x40, 0x09,
    0x11, 0x11, 0x28, 0x23, 0x23, 0x21, 0x06, 0x09, 0x1C, 0x2B, 0x25, 0x16, 0x33, 0x20, 0x11, 0x34,
    0x26, 0x23, 0x22, 0x07, 0x35, 0x36, 0x33, 0x32, 0x1E, 0x02, 0x15, 0x14, 0x0E, 0x02, 0x23, 0x22,
    0x27, 0x07, 0x11, 0x33, 0x01, 0x8D, 0x7A, 0x40, 0x01, 0x09, 0x67, 0x5A, 0x7D, 0x85, 0x8A, 0xC5,
    0x55, 0x8D, 0x63, 0x37, 0x46, 0x84, 0xBF, 0x79, 0x5B, 0x6E, 0xF6, 0xF6, 0xA2, 0x16, 0x01, 0x97,
    0xB3, 0xBC, 0xCD, 0xBE, 0xD9, 0x4E, 0x8F, 0xC7, 0x78, 0x8E, 0xDF, 0x9B, 0x51, 0x19, 0x06, 0x06,
    0x31, 0x00, 0x00, 0x00, 0x00, 0x01, 0x00, 0x50, 0xFF, 0xE7, 0x03, 0xDF, 0x04, 0x5C, 0x00, 0x1A,
    0x00, 0x2E, 0x40, 0x2B, 0x0E, 0x01, 0x02, 0x01, 0x1A, 0x0F, 0x02, 0x03, 0x02, 0x00, 0x01, 0x00,
    0x03, 0x03, 0x4C, 0x00, 0x02, 0x02, 0x01, 0x61, 0x00, 0x01, 0x01, 0x41, 0x4D, 0x00, 0x03, 0x03,
    0x00, 0x61, 0x00, 0x00, 0x00, 0x42, 0x00, 0x4E, 0x25, 0x23, 0x28, 0x21, 0x04, 0x09, 0x1A, 0x2B,
    0x25, 0x06, 0x23, 0x22, 0x2E, 0x02, 0x35, 0x34, 0x3E, 0x02, 0x33, 0x32, 0x17, 0x15, 0x26, 0x23,
    0x20, 0x11, 0x14, 0x1E, 0x02, 0x33, 0x32, 0x37, 0x03, 0xDF, 0xC2, 0xA8, 0x7F, 0xCB, 0x8F, 0x4C,
    0x4B, 0x93, 0xD7, 0x8D, 0x98, 0xAA, 0xB9, 0x6A, 0xFE, 0xA9, 0x30, 0x5B, 0x83, 0x52, 0x7B, 0xAA,
    0x1C, 0x35, 0x50, 0x94, 0xD3, 0x83, 0x8A, 0xD5, 0x91, 0x4B, 0x27, 0xBD, 0x36, 0xFE, 0x74, 0x5D,
    0x93, 0x65, 0x35, 0x40, 0x00, 0x02, 0x00, 0x53, 0xFF, 0xE7, 0x04, 0x13, 0x06, 0x2B, 0x00, 0x09,
    0x00, 0x1C, 0x00, 0x87, 0x40, 0x0C, 0x18, 0x01, 0x00, 0x03, 0x0A, 0x09, 0x00, 0x03, 0x01, 0x00,
    0x02, 0x4C, 0x4B, 0xB0, 0x14, 0x50, 0x58, 0x40, 0x1B, 0x00, 0x04, 0x04, 0x3A, 0x4D, 0x00, 0x00,
    0x00, 0x03, 0x61, 0x00, 0x03, 0x03, 0x41, 0x4D, 0x00, 0x01, 0x01, 0x02, 0x61, 0x05, 0x01, 0x02,
    0x02, 0x42, 0x02, 0x4E, 0x1B, 0x4B, 0xB0, 0x2A, 0x50, 0x58, 0x40, 0x1F, 0x00, 0x04, 0x04, 0x3A,
    0x4D, 0x00, 0x00, 0x00, 0x03, 0x61, 0x00, 0x03, 0x03, 0x41, 0x4D, 0x00, 0x05, 0x05, 0x39, 0x4D,
    0x00, 0x01, 0x01, 0x02, 0x61, 0x00, 0x02, 0x02, 0x42, 0x02, 0x4E, 0x1B, 0x40, 0x1F, 0x00, 0x04,
    0x04, 0x3A, 0x4D, 0x00, 0x00, 0x00, 0x03, 0x61, 0x00, 0x03, 0x03, 0x41, 0x4D, 0x00, 0x05, 0x05,
    0x3C, 0x4D, 0x00, 0x01, 0x01, 0x02, 0x61, 0x00, 0x02, 0x02, 0x42, 0x02, 0x4E, 0x59, 0x59, 0x40,
    0x09, 0x11, 0x12, 0x28, 0x23, 0x23, 0x21, 0x06, 0x09, 0x1C, 0x2B, 0x01, 0x26, 0x23, 0x20, 0x11,
    0x14, 0x16, 0x33, 0x32, 0x37, 0x15, 0x06, 0x23, 0x22, 0x2E, 0x02, 0x35, 0x34, 0x3E, 0x02, 0x33,
    0x32, 0x17, 0x11, 0x33, 0x11, 0x23, 0x03, 0x1D, 0x7A, 0x3F, 0xFE, 0xF7, 0x65, 0x5C, 0x7D, 0x84,
    0x8A, 0xC4, 0x56, 0x8C, 0x64, 0x36, 0x45, 0x84, 0xBF, 0x7A, 0x57, 0x71, 0xF6, 0xF6, 0x03, 0xA1,
    0x16, 0xFE, 0x69, 0xB1, 0xBE, 0xCD, 0xBE, 0xD9, 0x4E, 0x8E, 0xC7, 0x79, 0x8F, 0xDF, 0x9A, 0x51,
    0x18, 0x01, 0xE7, 0xF9, 0xD5, 0x00, 0x00, 0x00, 0x00, 0x02, 0x00, 0x50, 0xFF, 0xE7, 0x04, 0x00,
    0x04, 0x5C, 0x00, 0x04, 0x00, 0x1C, 0x00, 0x3D, 0x40, 0x3A, 0x1C, 0x01, 0x05, 0x04, 0x05, 0x01,
    0x02, 0x05, 0x02, 0x4C, 0x06, 0x01, 0x01, 0x00, 0x04, 0x05, 0x01, 0x04, 0x67, 0x00, 0x00, 0x00,
    0x03, 0x61, 0x00, 0x03, 0x03, 0x41, 0x4D, 0x00, 0x05, 0x05, 0x02, 0x61, 0x00, 0x02, 0x02, 0x42,
    0x02, 0x4E, 0x00, 0x00, 0x1B, 0x19, 0x18, 0x17, 0x13, 0x11, 0x09, 0x07, 0x00, 0x04, 0x00, 0x04,
    0x21, 0x07, 0x09, 0x17, 0x2B, 0x01, 0x10, 0x23, 0x22, 0x03, 0x01, 0x06, 0x06, 0x23, 0x22, 0x2E,
    0x02, 0x35, 0x34, 0x3E, 0x02, 0x33, 0x32, 0x1E, 0x02, 0x15, 0x21, 0x12, 0x21, 0x32, 0x37, 0x03,
    0x0B, 0xCA, 0xD3, 0x1B, 0x02, 0xAB, 0x5F, 0xB9, 0x5C, 0x84, 0xD3, 0x94, 0x4F, 0x46, 0x82, 0xB7,
    0x71, 0x76, 0xAA, 0x6D, 0x33, 0xFD, 0x53, 0x1E, 0x01, 0x49, 0x93, 0xB1, 0x02, 0x92, 0x01, 0x24,
    0xFE, 0xDC, 0xFD, 0x92, 0x1E, 0x1F, 0x52, 0x97, 0xD9, 0x87, 0x7F, 0xCD, 0x91, 0x4F, 0x49, 0x98,
    0xE7, 0x9F, 0xFE, 0xA1, 0x44, 0x00, 0x00, 0x00, 0x00, 0x01, 0x00, 0x29, 0x00, 0x00, 0x02, 0xAB,
    0x06, 0x44, 0x00, 0x14, 0x00, 0x63, 0x40, 0x0A, 0x09, 0x01, 0x03, 0x02, 0x0A, 0x01, 0x01, 0x03,
    0x02, 0x4C, 0x4B, 0xB0, 0x2A, 0x50, 0x58, 0x40, 0x1D, 0x00, 0x03, 0x03, 0x02, 0x61, 0x00, 0x02,
    0x02, 0x40, 0x4D, 0x05, 0x01, 0x00, 0x00, 0x01, 0x5F, 0x04, 0x01, 0x01, 0x01, 0x3B, 0x4D, 0x07,
    0x01, 0x06, 0x06, 0x39, 0x06, 0x4E, 0x1B, 0x40, 0x1D, 0x00, 0x03, 0x03, 0x02, 0x61, 0x00, 0x02,
    0x02, 0x40, 0x4D, 0x05, 0x01, 0x00, 0x00, 0x01, 0x5F, 0x04, 0x01, 0x01, 0x01, 0x3B, 0x4D, 0x07,
    0x01, 0x06, 0x06, 0x3C, 0x06, 0x4E, 0x59, 0x40, 0x0F, 0x00, 0x00, 0x00, 0x14, 0x00, 0x14, 0x11,
    0x13, 0x23, 0x22, 0x11, 0x11, 0x08, 0x09, 0x1C, 0x2B, 0x33, 0x11, 0x23, 0x35, 0x33, 0x35, 0x10,
    0x21, 0x32, 0x17, 0x15, 0x26, 0x23, 0x22, 0x06, 0x15, 0x15, 0x33, 0x15, 0x23, 0x11, 0xAA, 0x81,
    0x81, 0x01, 0x5F, 0x48, 0x5A, 0x4D, 0x3B, 0x46, 0x3C, 0xCD, 0xCD, 0x03, 0x9D, 0xA7, 0x68, 0x01,
    0x98, 0x1A, 0xAF, 0x22, 0x6C, 0x75, 0x78, 0xA7, 0xFC, 0x63, 0x00, 0x00, 0x00, 0x02, 0x00, 0x56,
    0xFE, 0x5C, 0x04, 0x17, 0x04, 0x5C, 0x00, 0x0A, 0x00, 0x2C, 0x00, 0x9B, 0x40, 0x10, 0x0B, 0x0A,
    0x00, 0x03, 0x01, 0x00, 0x27, 0x01, 0x06, 0x02, 0x26, 0x01, 0x05, 0x06, 0x03, 0x4C, 0x4B, 0xB0,
    0x15, 0x50, 0x58, 0x40, 0x20, 0x00, 0x00, 0x00, 0x03, 0x61, 0x04, 0x01, 0x03, 0x03, 0x41, 0x4D,
    0x00, 0x01, 0x01, 0x02, 0x61, 0x00, 0x02, 0x02, 0x39, 0x4D, 0x00, 0x06, 0x06, 0x05, 0x61, 0x00,
    0x05, 0x05, 0x43, 0x05, 0x4E, 0x1B, 0x4B, 0xB0, 0x2A, 0x50, 0x58, 0x40, 0x24, 0x00, 0x04, 0x04,
    0x3B, 0x4D, 0x00, 0x00, 0x00, 0x03, 0x61, 0x00, 0x03, 0x03, 0x41, 0x4D, 0x00, 0x01, 0x01, 0x02,
    0x61, 0x00, 0x02, 0x02, 0x39, 0x4D, 0x00, 0x06, 0x06, 0x05, 0x61, 0x00, 0x05, 0x05, 0x43, 0x05,
    0x4E, 0x1B, 0x40, 0x24, 0x00, 0x04, 0x04, 0x3B, 0x4D, 0x00, 0x00, 0x00, 0x03, 0x61, 0x00, 0x03,
    0x03, 0x41, 0x4D, 0x00, 0x01, 0x01, 0x02, 0x61, 0x00, 0x02, 0x02, 0x3C, 0x4D, 0x00, 0x06, 0x06,
    0x05, 0x61, 0x00, 0x05, 0x05, 0x43, 0x05, 0x4E, 0x59, 0x59, 0x40, 0x0A, 0x23, 0x28, 0x12, 0x28,
    0x23, 0x23, 0x22, 0x07, 0x09, 0x1D, 0x2B, 0x01, 0x26, 0x26, 0x23, 0x20, 0x11, 0x14, 0x16, 0x33,
    0x32, 0x37, 0x15, 0x06, 0x23, 0x22, 0x2E, 0x02, 0x35, 0x34, 0x3E, 0x02, 0x33, 0x32, 0x16, 0x17,
    0x33, 0x11, 0x14, 0x06, 0x07, 0x0E, 0x03, 0x23, 0x22, 0x27, 0x35, 0x16, 0x33, 0x32, 0x36, 0x35,
    0x03, 0x20, 0x3E, 0x5B, 0x1F, 0xFE, 0xF6, 0x66, 0x5B, 0x7D, 0x84, 0x89, 0xC5, 0x54, 0x8C, 0x65,
    0x37, 0x46, 0x84, 0xBF, 0x78, 0x2F, 0x88, 0x44, 0xC5, 0x0F, 0x0E, 0x13, 0x57, 0x84, 0xAE, 0x69,
    0xBF, 0xC6, 0xD5, 0x9B, 0xA4, 0x9C, 0x03, 0xA1, 0x0B, 0x0B, 0xFE, 0x85, 0xAD, 0xB9, 0xCD, 0xBD,
    0xDA, 0x4E, 0x8B, 0xC3, 0x75, 0x86, 0xD5, 0x95, 0x4F, 0x10, 0x08, 0xFC, 0xD2, 0x80, 0xB8, 0x3A,
    0x50, 0x7A, 0x53, 0x2B, 0x45, 0xC3, 0x54, 0x9E, 0xA6, 0x00, 0x00, 0x00, 0x00, 0x01, 0x00, 0x97,
    0x00, 0x00, 0x04, 0x20, 0x06, 0x2B, 0x00, 0x11, 0x00, 0x51, 0xB6, 0x10, 0x03, 0x02, 0x02, 0x03,
    0x01, 0x4C, 0x4B, 0xB0, 0x2A, 0x50, 0x58, 0x40, 0x17, 0x00, 0x00, 0x00, 0x3A, 0x4D, 0x00, 0x03,
    0x03, 0x01, 0x61, 0x00, 0x01, 0x01, 0x41, 0x4D, 0x05, 0x04, 0x02, 0x02, 0x02, 0x39, 0x02, 0x4E,
    0x1B, 0x40, 0x17, 0x00, 0x00, 0x00, 0x3A, 0x4D, 0x00, 0x03, 0x03, 0x01, 0x61, 0x00, 0x01, 0x01,
    0x41, 0x4D, 0x05, 0x04, 0x02, 0x02, 0x02, 0x3C, 0x02, 0x4E, 0x59, 0x40, 0x0D, 0x00, 0x00, 0x00,
    0x11, 0x00, 0x11, 0x24, 0x12, 0x22, 0x11, 0x06, 0x09, 0x1A, 0x2B, 0x33, 0x11, 0x33, 0x11, 0x36,
    0x33, 0x20, 0x11, 0x11, 0x23, 0x11, 0x34, 0x27, 0x26, 0x23, 0x22, 0x07, 0x11, 0x97, 0xF6, 0xA3,
    0xCF, 0x01, 0x21, 0xF7, 0x1B, 0x19, 0x49, 0x90, 0x8F, 0x06, 0x2B, 0xFD, 0x58, 0xD9, 0xFE, 0xAE,
    0xFC, 0xF6, 0x02, 0xC5, 0x77, 0x2C, 0x2B, 0xCE, 0xFD, 0x3B, 0x00, 0x00, 0x00, 0x02, 0x00, 0x8D,
    0x00, 0x00, 0x01, 0x97, 0x06, 0x03, 0x00, 0x03, 0x00, 0x07, 0x00, 0x6A, 0x4B, 0xB0, 0x19, 0x50,
    0x58, 0x40, 0x17, 0x05, 0x01, 0x03, 0x03, 0x02, 0x5F, 0x00, 0x02, 0x02, 0x3A, 0x4D, 0x00, 0x00,
    0x00, 0x3B, 0x4D, 0x04, 0x01, 0x01, 0x01, 0x39, 0x01, 0x4E, 0x1B, 0x4B, 0xB0, 0x2A, 0x50, 0x58,
    0x40, 0x15, 0x00, 0x02, 0x05, 0x01, 0x03, 0x00, 0x02, 0x03, 0x67, 0x00, 0x00, 0x00, 0x3B, 0x4D,
    0x04, 0x01, 0x01, 0x01, 0x39, 0x01, 0x4E, 0x1B, 0x40, 0x15, 0x00, 0x02, 0x05, 0x01, 0x03, 0x00,
    0x02, 0x03, 0x67, 0x00, 0x00, 0x00, 0x3B, 0x4D, 0x04, 0x01, 0x01, 0x01, 0x3C, 0x01, 0x4E, 0x59,
    0x59, 0x40, 0x12, 0x04, 0x04, 0x00, 0x00, 0x04, 0x07, 0x04, 0x07, 0x06, 0x05, 0x00, 0x03, 0x00,
    0x03, 0x11, 0x06, 0x09, 0x17, 0x2B, 0x33, 0x11, 0x33, 0x11, 0x01, 0x35, 0x21, 0x15, 0x97, 0xF6,
    0xFF, 0x00, 0x01, 0x0A, 0x04, 0x44, 0xFB, 0xBC, 0x05, 0x0A, 0xF9, 0xF9, 0x00, 0x02, 0xFF, 0x8E,
    0xFE, 0x5D, 0x01, 0xA4, 0x06, 0x03, 0x00, 0x0D, 0x00, 0x11, 0x00, 0x5B, 0x40, 0x0A, 0x00, 0x01,
    0x00, 0x01, 0x0D, 0x01, 0x02, 0x00, 0x02, 0x4C, 0x4B, 0xB0, 0x19, 0x50, 0x58, 0x40, 0x1B, 0x05,
    0x01, 0x04, 0x04, 0x03, 0x5F, 0x00, 0x03, 0x03, 0x3A, 0x4D, 0x00, 0x01, 0x01, 0x3B, 0x4D, 0x00,
    0x00, 0x00, 0x02, 0x62, 0x00, 0x02, 0x02, 0x43, 0x02, 0x4E, 0x1B, 0x40, 0x19, 0x00, 0x03, 0x05,
    0x01, 0x04, 0x01, 0x03, 0x04, 0x67, 0x00, 0x01, 0x01, 0x3B, 0x4D, 0x00, 0x00, 0x00, 0x02, 0x62,
    0x00, 0x02, 0x02, 0x43, 0x02, 0x4E, 0x59, 0x40, 0x0D, 0x0E, 0x0E, 0x0E, 0x11, 0x0E, 0x11, 0x13,
    0x22, 0x14, 0x21, 0x06, 0x09, 0x1A, 0x2B, 0x07, 0x16, 0x33, 0x32, 0x37, 0x36, 0x35, 0x11, 0x33,
    0x11, 0x10, 0x21, 0x22, 0x27, 0x01, 0x35, 0x21, 0x15, 0x72, 0x4E, 0x3E, 0x51, 0x1C, 0x1C, 0xF7,
    0xFE, 0x9D, 0x5B, 0x4E, 0x01, 0x0B, 0x01, 0x0B, 0xD9, 0x24, 0x34, 0x32, 0x97, 0x04, 0x44, 0xFB,
    0xC5, 0xFE, 0x54, 0x1F, 0x06, 0x8E, 0xF9, 0xF9, 0x00, 0x01, 0x00, 0x97, 0x00, 0x00, 0x04, 0x2C,
    0x06, 0x2B, 0x00, 0x12, 0x00, 0x47, 0xB7, 0x11, 0x09, 0x03, 0x03, 0x02, 0x01, 0x01, 0x4C, 0x4B,
    0xB0, 0x2A, 0x50, 0x58, 0x40, 0x12, 0x00, 0x00, 0x00, 0x3A, 0x4D, 0x00, 0x01, 0x01, 0x3B, 0x4D,
    0x04, 0x03, 0x02, 0x02, 0x02, 0x39, 0x02, 0x4E, 0x1B, 0x40, 0x12, 0x00, 0x00, 0x00, 0x3A, 0x4D,
    0x00, 0x01, 0x01, 0x3B, 0x4D, 0x04, 0x03, 0x02, 0x02, 0x02, 0x3C, 0x02, 0x4E, 0x59, 0x40, 0x0C,
    0x00, 0x00, 0x00, 0x12, 0x00, 0x12, 0x14, 0x13, 0x11, 0x05, 0x09, 0x19, 0x2B, 0x33, 0x11, 0x33,
    0x11, 0x37, 0x01, 0x33, 0x06, 0x06, 0x07, 0x01, 0x21, 0x26, 0x26, 0x27, 0x26, 0x26, 0x27, 0x11,
    0x97, 0xF6, 0x37, 0x01, 0x35, 0xD9, 0x55, 0xA4, 0x55, 0x01, 0xA8, 0xFE, 0xEA, 0x54, 0xA4, 0x53,
    0x10, 0x1F, 0x0F, 0x06, 0x2B, 0xFC, 0x11, 0x42, 0x01, 0xC6, 0x7D, 0xF5, 0x7D, 0xFD, 0xAB, 0x79,
    0xF1, 0x79, 0x11, 0x23, 0x12, 0xFD, 0xD7, 0x00, 0x00, 0x01, 0x00, 0x90, 0xFF, 0xE7, 0x02, 0x2D,
    0x06, 0x2B, 0x00, 0x0C, 0x00, 0x1F, 0x40, 0x1C, 0x05, 0x01, 0x01, 0x00, 0x01, 0x4C, 0x00, 0x02,
    0x02, 0x3A, 0x4D, 0x00, 0x00, 0x00, 0x01, 0x62, 0x00, 0x01, 0x01, 0x42, 0x01, 0x4E, 0x13, 0x23,
    0x12, 0x03, 0x09, 0x19, 0x2B, 0x01, 0x14, 0x16, 0x33, 0x33, 0x15, 0x06, 0x23, 0x22, 0x26, 0x35,
    0x11, 0x33, 0x01, 0x87, 0x47, 0x52, 0x0D, 0x2C, 0x3A, 0x93, 0xA4, 0xF7, 0x01, 0x63, 0x84, 0x47,
    0xA1, 0x10, 0xAE, 0xA8, 0x04, 0xEE, 0x00, 0x00, 0x00, 0x01, 0x00, 0x97, 0x00, 0x00, 0x06, 0x58,
    0x04, 0x5C, 0x00, 0x28, 0x00, 0x7C, 0x40, 0x09, 0x27, 0x1D, 0x0A, 0x03, 0x04, 0x03, 0x04, 0x01,
    0x4C, 0x4B, 0xB0, 0x15, 0x50, 0x58, 0x40, 0x16, 0x06, 0x01, 0x04, 0x04, 0x00, 0x61, 0x02, 0x01,
    0x02, 0x00, 0x00, 0x3B, 0x4D, 0x08, 0x07, 0x05, 0x03, 0x03, 0x03, 0x39, 0x03, 0x4E, 0x1B, 0x4B,
    0xB0, 0x2A, 0x50, 0x58, 0x40, 0x1A, 0x00, 0x00, 0x00, 0x3B, 0x4D, 0x06, 0x01, 0x04, 0x04, 0x01,
    0x61, 0x02, 0x01, 0x01, 0x01, 0x41, 0x4D, 0x08, 0x07, 0x05, 0x03, 0x03, 0x03, 0x39, 0x03, 0x4E,
    0x1B, 0x40, 0x1A, 0x00, 0x00, 0x00, 0x3B, 0x4D, 0x06, 0x01, 0x04, 0x04, 0x01, 0x61, 0x02, 0x01,
    0x01, 0x01, 0x41, 0x4D, 0x08, 0x07, 0x05, 0x03, 0x03, 0x03, 0x3C, 0x03, 0x4E, 0x59, 0x59, 0x40,
    0x10, 0x00, 0x00, 0x00, 0x28, 0x00, 0x28, 0x25, 0x12, 0x27, 0x12, 0x25, 0x25, 0x11, 0x09, 0x09,
    0x1D, 0x2B, 0x33, 0x11, 0x33, 0x15, 0x3E, 0x03, 0x33, 0x32, 0x17, 0x3E, 0x03, 0x33, 0x20, 0x11,
    0x11, 0x23, 0x34, 0x02, 0x35, 0x34, 0x2E, 0x02, 0x23, 0x22, 0x07, 0x11, 0x23, 0x11, 0x34, 0x2E,
    0x02, 0x23, 0x22, 0x07, 0x11, 0x97, 0xF6, 0x29, 0x4A, 0x4C, 0x54, 0x33, 0xD9, 0x47, 0x27, 0x49,
    0x4C, 0x55, 0x35, 0x01, 0x1F, 0xF6, 0x01, 0x09, 0x1B, 0x30, 0x28, 0x7F, 0x73, 0xF7, 0x09, 0x1B,
    0x31, 0x28, 0x7E, 0x74, 0x04, 0x44, 0xC1, 0x3E, 0x53, 0x33, 0x15, 0xDB, 0x3F, 0x54, 0x33, 0x15,
    0xFE, 0xB3, 0xFC, 0xF1, 0xA8, 0x01, 0x4C, 0xA8, 0x3F, 0x5E, 0x3E, 0x1F, 0xC4, 0xFD, 0x2E, 0x02,
    0x9C, 0x3F, 0x5E, 0x3E, 0x1F, 0xC4, 0xFD, 0x2E, 0x00, 0x01, 0x00, 0x97, 0x00, 0x00, 0x04, 0x20,
    0x04, 0x5C, 0x00, 0x11, 0x00, 0x6D, 0xB6, 0x10, 0x03, 0x02, 0x02, 0x03, 0x01, 0x4C, 0x4B, 0xB0,
    0x15, 0x50, 0x58, 0x40, 0x13, 0x00, 0x03, 0x03, 0x00, 0x61, 0x01, 0x01, 0x00, 0x00, 0x3B, 0x4D,
    0x05, 0x04, 0x02, 0x02, 0x02, 0x39, 0x02, 0x4E, 0x1B, 0x4B, 0xB0, 0x2A, 0x50, 0x58, 0x40, 0x17,
    0x00, 0x00, 0x00, 0x3B, 0x4D, 0x00, 0x03, 0x03, 0x01, 0x61, 0x00, 0x01, 0x01, 0x41, 0x4D, 0x05,
    0x04, 0x02, 0x02, 0x02, 0x39, 0x02, 0x4E, 0x1B, 0x40, 0x17, 0x00, 0x00, 0x00, 0x3B, 0x4D, 0x00,
    0x03, 0x03, 0x01, 0x61, 0x00, 0x01, 0x01, 0x41, 0x4D, 0x05, 0x04, 0x02, 0x02, 0x02, 0x3C, 0x02,
    0x4E, 0x59, 0x59, 0x40, 0x0D, 0x00, 0x00, 0x00, 0x11, 0x00, 0x11, 0x24, 0x12, 0x22, 0x11, 0x06,
    0x09, 0x1A, 0x2B, 0x33, 0x11, 0x33, 0x15, 0x36, 0x33, 0x20, 0x11, 0x11, 0x23, 0x11, 0x34, 0x27,
    0x26, 0x23, 0x22, 0x07, 0x11, 0x97, 0xF6, 0xA3, 0xCF, 0x01, 0x21, 0xF7, 0x1B, 0x19, 0x49, 0x90,
    0x8F, 0x04, 0x44, 0xC1, 0xD9, 0xFE, 0xAE, 0xFC, 0xF6, 0x02, 0xC5, 0x77, 0x2C, 0x2B, 0xCE, 0xFD,
    0x3B, 0x00, 0x00, 0x00, 0x00, 0x02, 0x00, 0x50, 0xFF, 0xE7, 0x04, 0x5A, 0x04, 0x5C, 0x00, 0x13,
    0x00, 0x21, 0x00, 0x2D, 0x40, 0x2A, 0x00, 0x03, 0x03, 0x01, 0x61, 0x00, 0x01, 0x01, 0x41, 0x4D,
    0x05, 0x01, 0x02, 0x02, 0x00, 0x61, 0x04, 0x01, 0x00, 0x00, 0x42, 0x00, 0x4E, 0x15, 0x14, 0x01,
    0x00, 0x1B, 0x19, 0x14, 0x21, 0x15, 0x21, 0x0B, 0x09, 0x00, 0x13, 0x01, 0x13, 0x06, 0x09, 0x16,
    0x2B, 0x05, 0x22, 0x2E, 0x02, 0x35, 0x34, 0x3E, 0x02, 0x33, 0x32, 0x1E, 0x02, 0x15, 0x14, 0x0E,
    0x02, 0x27, 0x32, 0x36, 0x35, 0x34, 0x26, 0x23, 0x22, 0x06, 0x15, 0x14, 0x1E, 0x02, 0x02, 0x4E,
    0x74, 0xBD, 0x85, 0x48, 0x49, 0x87, 0xBF, 0x76, 0x76, 0xBF, 0x87, 0x49, 0x49, 0x87, 0xC3, 0x75,
    0x7E, 0x83, 0x85, 0x79, 0x7B, 0x83, 0x21, 0x41, 0x5D, 0x19, 0x51, 0x95, 0xD3, 0x82, 0x84, 0xD3,
    0x94, 0x4F, 0x50, 0x94, 0xD2, 0x82, 0x85, 0xD4, 0x95, 0x4F, 0xA6, 0xD4, 0xC4, 0xC0, 0xD1, 0xD4,
    0xC0, 0x60, 0x97, 0x68, 0x36, 0x00, 0x00, 0x00, 0x00, 0x02, 0x00, 0x97, 0xFE, 0x75, 0x04, 0x58,
    0x04, 0x5C, 0x00, 0x12, 0x00, 0x1C, 0x00, 0x5F, 0x40, 0x0C, 0x1C, 0x13, 0x04, 0x03, 0x04, 0x05,
    0x12, 0x01, 0x03, 0x04, 0x02, 0x4C, 0x4B, 0xB0, 0x15, 0x50, 0x58, 0x40, 0x1B, 0x00, 0x05, 0x05,
    0x01, 0x61, 0x02, 0x01, 0x01, 0x01, 0x3B, 0x4D, 0x00, 0x04, 0x04, 0x03, 0x61, 0x00, 0x03, 0x03,
    0x42, 0x4D, 0x00, 0x00, 0x00, 0x3D, 0x00, 0x4E, 0x1B, 0x40, 0x1F, 0x00, 0x01, 0x01, 0x3B, 0x4D,
    0x00, 0x05, 0x05, 0x02, 0x61, 0x00, 0x02, 0x02, 0x41, 0x4D, 0x00, 0x04, 0x04, 0x03, 0x61, 0x00,
    0x03, 0x03, 0x42, 0x4D, 0x00, 0x00, 0x00, 0x3D, 0x00, 0x4E, 0x59, 0x40, 0x09, 0x23, 0x23, 0x28,
    0x22, 0x11, 0x10, 0x06, 0x09, 0x1C, 0x2B, 0x01, 0x23, 0x11, 0x33, 0x15, 0x36, 0x33, 0x32, 0x1E,
    0x02, 0x15, 0x14, 0x0E, 0x02, 0x23, 0x22, 0x27, 0x35, 0x16, 0x33, 0x20, 0x11, 0x34, 0x26, 0x23,
    0x22, 0x07, 0x01, 0x8D, 0xF6, 0xF6, 0x8A, 0xC5, 0x55, 0x8D, 0x63, 0x37, 0x46, 0x84, 0xBF, 0x79,
    0x5B, 0x6E, 0x7A, 0x40, 0x01, 0x09, 0x67, 0x5A, 0x7D, 0x85, 0xFE, 0x75, 0x05, 0xCF, 0xC1, 0xD9,
    0x4E, 0x8F, 0xC7, 0x78, 0x8E, 0xDF, 0x9B, 0x51, 0x19, 0xA2, 0x16, 0x01, 0x97, 0xB3, 0xBC, 0xCD,
    0x00, 0x02, 0x00, 0x53, 0xFE, 0x75, 0x04, 0x13, 0x04, 0x5C, 0x00, 0x13, 0x00, 0x1D, 0x00, 0x63,
    0xB7, 0x1D, 0x14, 0x03, 0x03, 0x05, 0x04, 0x01, 0x4C, 0x4B, 0xB0, 0x15, 0x50, 0x58, 0x40, 0x1C,
    0x00, 0x04, 0x04, 0x02, 0x61, 0x06, 0x03, 0x02, 0x02, 0x02, 0x41, 0x4D, 0x00, 0x05, 0x05, 0x01,
    0x61, 0x00, 0x01, 0x01, 0x42, 0x4D, 0x00, 0x00, 0x00, 0x3D, 0x00, 0x4E, 0x1B, 0x40, 0x20, 0x06,
    0x01, 0x03, 0x03, 0x3B, 0x4D, 0x00, 0x04, 0x04, 0x02, 0x61, 0x00, 0x02, 0x02, 0x41, 0x4D, 0x00,
    0x05, 0x05, 0x01, 0x61, 0x00, 0x01, 0x01, 0x42, 0x4D, 0x00, 0x00, 0x00, 0x3D, 0x00, 0x4E, 0x59,
    0x40, 0x10, 0x00, 0x00, 0x1C, 0x1A, 0x17, 0x15, 0x00, 0x13, 0x00, 0x13, 0x2A, 0x22, 0x11, 0x07,
    0x09, 0x19, 0x2B, 0x01, 0x11, 0x23, 0x11, 0x06, 0x23, 0x22, 0x27, 0x2E, 0x03, 0x35, 0x34, 0x3E,
    0x02, 0x33, 0x32, 0x17, 0x15, 0x26, 0x23, 0x20, 0x11, 0x14, 0x16, 0x33, 0x32, 0x37, 0x04, 0x13,
    0xF6, 0x8A, 0xC4, 0x1B, 0x1A, 0x4C, 0x79, 0x55, 0x2D, 0x45, 0x84, 0xBF, 0x7A, 0x57, 0x71, 0x7A,
    0x3F, 0xFE, 0xF7, 0x65, 0x5C, 0x7D, 0x84, 0x04, 0x44, 0xFA, 0x31, 0x02, 0x4B, 0xD9, 0x08, 0x09,
    0x57, 0x8C, 0xBB, 0x6D, 0x8F, 0xDF, 0x9A, 0x51, 0x18, 0xA3, 0x16, 0xFE, 0x69, 0xB1, 0xBE, 0xCD,
    0x00, 0x01, 0x00, 0xA3, 0x00, 0x00, 0x02, 0xCC, 0x04, 0x5C, 0x00, 0x0E, 0x00, 0x6A, 0xB7, 0x0D,
    0x09, 0x03, 0x03, 0x03, 0x02, 0x01, 0x4C, 0x4B, 0xB0, 0x15, 0x50, 0x58, 0x40, 0x12, 0x00, 0x02,
    0x02, 0x00, 0x61, 0x01, 0x01, 0x00, 0x00, 0x3B, 0x4D, 0x04, 0x01, 0x03, 0x03, 0x39, 0x03, 0x4E,
    0x1B, 0x4B, 0xB0, 0x2A, 0x50, 0x58, 0x40, 0x16, 0x00, 0x00, 0x00, 0x3B, 0x4D, 0x00, 0x02, 0x02,
    0x01, 0x61, 0x00, 0x01, 0x01, 0x41, 0x4D, 0x04, 0x01, 0x03, 0x03, 0x39, 0x03, 0x4E, 0x1B, 0x40,
    0x16, 0x00, 0x00, 0x00, 0x3B, 0x4D, 0x00, 0x02, 0x02, 0x01, 0x61, 0x00, 0x01, 0x01, 0x41, 0x4D,
    0x04, 0x01, 0x03, 0x03, 0x3C, 0x03, 0x4E, 0x59, 0x59, 0x40, 0x0C, 0x00, 0x00, 0x00, 0x0E, 0x00,
    0x0E, 0x25, 0x12, 0x11, 0x05, 0x09, 0x19, 0x2B, 0x33, 0x11, 0x33, 0x15, 0x36, 0x33, 0x32, 0x16,
    0x17, 0x15, 0x26, 0x23, 0x22, 0x07, 0x11, 0xA3, 0xF7, 0x55, 0xA8, 0x0B, 0x1B, 0x0F, 0x36, 0x22,
    0x75, 0x65, 0x04, 0x44, 0xC1, 0xD9, 0x03, 0x02, 0xE0, 0x14, 0xBC, 0xFD, 0x31, 0x00, 0x00, 0x00,
    0x00, 0x01, 0x00, 0x77, 0xFF, 0xE7, 0x03, 0xCC, 0x04, 0x5C, 0x00, 0x27, 0x00, 0x2E, 0x40, 0x2B,
    0x12, 0x01, 0x02, 0x01, 0x13, 0x00, 0x02, 0x00, 0x02, 0x27, 0x01, 0x03, 0x00, 0x03, 0x4C, 0x00,
    0x02, 0x02, 0x01, 0x61, 0x00, 0x01, 0x01, 0x41, 0x4D, 0x00, 0x00, 0x00, 0x03, 0x61, 0x00, 0x03,
    0x03, 0x42, 0x03, 0x4E, 0x2E, 0x24, 0x2B, 0x21, 0x04, 0x09, 0x1A, 0x2B, 0x37, 0x16, 0x33, 0x32,
    0x35, 0x34, 0x26, 0x27, 0x27, 0x2E, 0x03, 0x35, 0x10, 0x21, 0x32, 0x16, 0x17, 0x15, 0x26, 0x23,
    0x22, 0x15, 0x14, 0x16, 0x17, 0x17, 0x1E, 0x03, 0x15, 0x14, 0x0E, 0x02, 0x23, 0x22, 0x27, 0x77,
    0xD6, 0xA2, 0xE1, 0x52, 0x55, 0x8A, 0x52, 0x6F, 0x44, 0x1D, 0x01, 0xB8, 0x45, 0xA1, 0x5C, 0xB9,
    0x82, 0xCC, 0x4C, 0x4B, 0x7A, 0x5B, 0x7E, 0x4F, 0x23, 0x42, 0x7B, 0xAE, 0x6C, 0xB5, 0xC9, 0xEB,
    0x5E, 0x8F, 0x2C, 0x4C, 0x1E, 0x31, 0x1F, 0x3E, 0x49, 0x5A, 0x3B, 0x01, 0x3E, 0x12, 0x11, 0xB8,
    0x35, 0x7D, 0x28, 0x45, 0x1A, 0x2A, 0x20, 0x46, 0x52, 0x60, 0x3A, 0x4D, 0x7C, 0x57, 0x2F, 0x3E,
    0x00, 0x01, 0x00, 0x21, 0xFF, 0xE7, 0x02, 0x74, 0x05, 0x3B, 0x00, 0x18, 0x00, 0x32, 0x40, 0x2F,
    0x18, 0x01, 0x05, 0x01, 0x00, 0x01, 0x00, 0x05, 0x02, 0x4C, 0x0C, 0x09, 0x02, 0x02, 0x4A, 0x04,
    0x01, 0x01, 0x01, 0x02, 0x5F, 0x03, 0x01, 0x02, 0x02, 0x3B, 0x4D, 0x00, 0x05, 0x05, 0x00, 0x61,
    0x00, 0x00, 0x00, 0x42, 0x00, 0x4E, 0x25, 0x11, 0x15, 0x11, 0x12, 0x21, 0x06, 0x09, 0x1C, 0x2B,
    0x05, 0x06, 0x23, 0x20, 0x11, 0x11, 0x23, 0x35, 0x33, 0x35, 0x36, 0x36, 0x37, 0x15, 0x33, 0x15,
    0x23, 0x11, 0x14, 0x1E, 0x02, 0x33, 0x32, 0x37, 0x02, 0x55, 0x57, 0x3F, 0xFE, 0xDE, 0x7C, 0x7C,
    0x3E, 0x7A, 0x3E, 0xE1, 0xE1, 0x09, 0x18, 0x2B, 0x23, 0x29, 0x2A, 0x02, 0x17, 0x01, 0x56, 0x02,
    0x60, 0xA7, 0xDD, 0x06, 0x0E, 0x06, 0xF7, 0xA7, 0xFD, 0xC6, 0x40, 0x50, 0x2E, 0x11, 0x0C, 0x00,
    0x00, 0x01, 0x00, 0x8B, 0xFF, 0xE7, 0x04, 0x14, 0x04, 0x44, 0x00, 0x11, 0x00, 0x6D, 0xB6, 0x0E,
    0x01, 0x02, 0x02, 0x01, 0x01, 0x4C, 0x4B, 0xB0, 0x14, 0x50, 0x58, 0x40, 0x13, 0x03, 0x01, 0x01,
    0x01, 0x3B, 0x4D, 0x00, 0x02, 0x02, 0x00, 0x62, 0x05, 0x04, 0x02, 0x00, 0x00, 0x42, 0x00, 0x4E,
    0x1B, 0x4B, 0xB0, 0x2A, 0x50, 0x58, 0x40, 0x17, 0x03, 0x01, 0x01, 0x01, 0x3B, 0x4D, 0x05, 0x01,
    0x04, 0x04, 0x39, 0x4D, 0x00, 0x02, 0x02, 0x00, 0x62, 0x00, 0x00, 0x00, 0x42, 0x00, 0x4E, 0x1B,
    0x40, 0x17, 0x03, 0x01, 0x01, 0x01, 0x3B, 0x4D, 0x05, 0x01, 0x04, 0x04, 0x3C, 0x4D, 0x00, 0x02,
    0x02, 0x00, 0x62, 0x00, 0x00, 0x00, 0x42, 0x00, 0x4E, 0x59, 0x59, 0x40, 0x0D, 0x00, 0x00, 0x00,
    0x11, 0x00, 0x11, 0x12, 0x24, 0x12, 0x22, 0x06, 0x09, 0x1A, 0x2B, 0x21, 0x35, 0x06, 0x23, 0x20,
    0x11, 0x11, 0x33, 0x11, 0x14, 0x17, 0x16, 0x33, 0x32, 0x37, 0x11, 0x33, 0x11, 0x03, 0x1D, 0xA2,
    0xD0, 0xFE, 0xE0, 0xF6, 0x1A, 0x1B, 0x49, 0x8F, 0x8F, 0xF7, 0xC0, 0xD9, 0x01, 0x53, 0x03, 0x0A,
    0xFD, 0x3A, 0x76, 0x2C, 0x2C, 0xCE, 0x02, 0xC6, 0xFB, 0xBC, 0x00, 0x00, 0x00, 0x01, 0x00, 0x16,
    0x00, 0x00, 0x04, 0x26, 0x04, 0x44, 0x00, 0x06, 0x00, 0x3A, 0xB5, 0x03, 0x01, 0x02, 0x00, 0x01,
    0x4C, 0x4B, 0xB0, 0x2A, 0x50, 0x58, 0x40, 0x0D, 0x01, 0x01, 0x00, 0x00, 0x3B, 0x4D, 0x03, 0x01,
    0x02, 0x02, 0x39, 0x02, 0x4E, 0x1B, 0x40, 0x0D, 0x01, 0x01, 0x00, 0x00, 0x3B, 0x4D, 0x03, 0x01,
    0x02, 0x02, 0x3C, 0x02, 0x4E, 0x59, 0x40, 0x0B, 0x00, 0x00, 0x00, 0x06, 0x00, 0x06, 0x12, 0x11,
    0x04, 0x09, 0x18, 0x2B, 0x21, 0x01, 0x33, 0x01, 0x01, 0x33, 0x01, 0x01, 0x9B, 0xFE, 0x7B, 0xFF,
    0x01, 0x21, 0x01, 0x2B, 0xC5, 0xFE, 0x6C, 0x04, 0x44, 0xFC, 0xD7, 0x03, 0x29, 0xFB, 0xBC, 0x00,
    0x00, 0x01, 0x00, 0x24, 0x00, 0x00, 0x05, 0xDA, 0x04, 0x44, 0x00, 0x0C, 0x00, 0x42, 0xB7, 0x0B,
    0x06, 0x03, 0x03, 0x03, 0x00, 0x01, 0x4C, 0x4B, 0xB0, 0x2A, 0x50, 0x58, 0x40, 0x0F, 0x02, 0x01,
    0x02, 0x00, 0x00, 0x3B, 0x4D, 0x05, 0x04, 0x02, 0x03, 0x03, 0x39, 0x03, 0x4E, 0x1B, 0x40, 0x0F,
    0x02, 0x01, 0x02, 0x00, 0x00, 0x3B, 0x4D, 0x05, 0x04, 0x02, 0x03, 0x03, 0x3C, 0x03, 0x4E, 0x59,
    0x40, 0x0D, 0x00, 0x00, 0x00, 0x0C, 0x00, 0x0C, 0x11, 0x12, 0x12, 0x11, 0x06, 0x09, 0x1A, 0x2B,
    0x21, 0x01, 0x33, 0x13, 0x13, 0x33, 0x13, 0x13, 0x33, 0x01, 0x23, 0x03, 0x03, 0x01, 0x2C, 0xFE,
    0xF8, 0xE6, 0xBF, 0xDD, 0xE3, 0xC3, 0xD6, 0xB8, 0xFE, 0xD9, 0xF1, 0xC5, 0xDF, 0x04, 0x44, 0xFC,
    0xE6, 0x03, 0x1A, 0xFC, 0xE3, 0x03, 0x1D, 0xFB, 0xBC, 0x03, 0x1D, 0xFC, 0xE3, 0x00, 0x00, 0x00,
    0x00, 0x01, 0x00, 0x26, 0x00, 0x00, 0x04, 0x11, 0x04, 0x44, 0x00, 0x0B, 0x00, 0x41, 0x40, 0x09,
    0x0A, 0x07, 0x04, 0x01, 0x04, 0x02, 0x00, 0x01, 0x4C, 0x4B, 0xB0, 0x2A, 0x50, 0x58, 0x40, 0x0E,
    0x01, 0x01, 0x00, 0x00, 0x3B, 0x4D, 0x04, 0x03, 0x02, 0x02, 0x02, 0x39, 0x02, 0x4E, 0x1B, 0x40,
    0x0E, 0x01, 0x01, 0x00, 0x00, 0x3B, 0x4D, 0x04, 0x03, 0x02, 0x02, 0x02, 0x3C, 0x02, 0x4E, 0x59,
    0x40, 0x0C, 0x00, 0x00, 0x00, 0x0B, 0x00, 0x0B, 0x12, 0x12, 0x12, 0x05, 0x09, 0x19, 0x2B, 0x33,
    0x01, 0x01, 0x21, 0x13, 0x13, 0x33, 0x01, 0x01, 0x21, 0x01, 0x03, 0x26, 0x01, 0x63, 0xFE, 0xAB,
    0x01, 0x1A, 0xF5, 0xE1, 0xD3, 0xFE, 0xB8, 0x01, 0x62, 0xFE, 0xE6, 0xFE, 0xFC, 0xF8, 0x02, 0x32,
    0x02, 0x12, 0xFE, 0x86, 0x01, 0x7A, 0xFD, 0xE0, 0xFD, 0xDC, 0x01, 0x8F, 0xFE, 0x71, 0x00, 0x00,
    0x00, 0x01, 0x00, 0x16, 0xFE, 0x75, 0x04, 0x26, 0x04, 0x44, 0x00, 0x07, 0x00, 0x1B, 0x40, 0x18,
    0x03, 0x01, 0x02, 0x00, 0x01, 0x4C, 0x01, 0x01, 0x00, 0x00, 0x3B, 0x4D, 0x00, 0x02, 0x02, 0x3D,
    0x02, 0x4E, 0x11, 0x12, 0x11, 0x03, 0x09, 0x19, 0x2B, 0x21, 0x01, 0x21, 0x01, 0x01, 0x33, 0x01,
    0x23, 0x01, 0x9B, 0xFE, 0x7B, 0x01, 0x00, 0x01, 0x12, 0x01, 0x39, 0xC5, 0xFD, 0xA1, 0xFD, 0x04,
    0x44, 0xFC, 0xFC, 0x03, 0x04, 0xFA, 0x31, 0x00, 0x00, 0x01, 0x00, 0x5C, 0x00, 0x00, 0x03, 0xA9,
    0x04, 0x44, 0x00, 0x09, 0x00, 0x4F, 0xB7, 0x06, 0x01, 0x00, 0x01, 0x01, 0x02, 0x02, 0x4B, 0x4B,
    0xB0, 0x2A, 0x50, 0x58, 0x40, 0x16, 0x00, 0x00, 0x00, 0x01, 0x5F, 0x00, 0x01, 0x01, 0x3B, 0x4D,
    0x00, 0x02, 0x02, 0x03, 0x5F, 0x04, 0x01, 0x03, 0x03, 0x39, 0x03, 0x4E, 0x1B, 0x40, 0x16, 0x00,
    0x00, 0x00, 0x01, 0x5F, 0x00, 0x01, 0x01, 0x3B, 0x4D, 0x00, 0x02, 0x02, 0x03, 0x5F, 0x04, 0x01,
    0x03, 0x03, 0x3C, 0x03, 0x4E, 0x59, 0x40, 0x0C, 0x00, 0x00, 0x00, 0x09, 0x00, 0x09, 0x12, 0x11,
    0x12, 0x05, 0x09, 0x19, 0x2B, 0x33, 0x35, 0x01, 0x21, 0x35, 0x21, 0x15, 0x01, 0x21, 0x15, 0x5C,
    0x02, 0x22, 0xFD, 0xFC, 0x03, 0x23, 0xFD, 0xDE, 0x02, 0x2E, 0xAC, 0x02, 0xF1, 0xA7, 0xA7, 0xFD,
    0x0F, 0xAC, 0x00, 0x00, 0x00, 0x01, 0x00, 0x3E, 0xFE, 0xD8, 0x02, 0x6C, 0x06, 0x2B, 0x00, 0x38,
    0x00, 0x2F, 0x40, 0x2C, 0x1C, 0x01, 0x05, 0x00, 0x01, 0x4C, 0x00, 0x00, 0x00, 0x05, 0x03, 0x00,
    0x05, 0x69, 0x00, 0x03, 0x00, 0x04, 0x03, 0x04, 0x65, 0x00, 0x02, 0x02, 0x01, 0x61, 0x00, 0x01,
    0x01, 0x3A, 0x02, 0x4E, 0x38, 0x36, 0x2A, 0x29, 0x28, 0x27, 0x11, 0x1C, 0x20, 0x06, 0x09, 0x19,
    0x2B, 0x13, 0x33, 0x32, 0x35, 0x34, 0x26, 0x27, 0x27, 0x26, 0x26, 0x35, 0x34, 0x3E, 0x02, 0x33,
    0x15, 0x22, 0x0E, 0x02, 0x15, 0x14, 0x1E, 0x02, 0x15, 0x14, 0x07, 0x16, 0x15, 0x14, 0x0E, 0x02,
    0x15, 0x14, 0x1E, 0x02, 0x33, 0x15, 0x22, 0x2E, 0x02, 0x35, 0x34, 0x36, 0x37, 0x37, 0x36, 0x36,
    0x35, 0x34, 0x23, 0x23, 0x3E, 0x3D, 0x92, 0x0A, 0x08, 0x15, 0x0B, 0x09, 0x38, 0x69, 0x98, 0x61,
    0x2C, 0x4A, 0x35, 0x1D, 0x0C, 0x0E, 0x0C, 0xAC, 0xAC, 0x0C, 0x0E, 0x0C, 0x1D, 0x34, 0x4A, 0x2D,
    0x62, 0x98, 0x69, 0x37, 0x09, 0x0B, 0x15, 0x08, 0x0A, 0x92, 0x3D, 0x02, 0xD8, 0x92, 0x22, 0x46,
    0x25, 0x59, 0x2C, 0x54, 0x29, 0x49, 0x72, 0x4E, 0x29, 0xA1, 0x0D, 0x1E, 0x30, 0x23, 0x15, 0x4B,
    0x5B, 0x64, 0x2F, 0xC4, 0x78, 0x78, 0xC5, 0x34, 0x67, 0x5A, 0x46, 0x13, 0x23, 0x30, 0x1E, 0x0D,
    0xA1, 0x2A, 0x4E, 0x72, 0x48, 0x29, 0x53, 0x2C, 0x5A, 0x24, 0x47, 0x23, 0x91, 0x00, 0x00, 0x00,
    0x00, 0x01, 0x00, 0xB6, 0xFE, 0xD8, 0x01, 0x73, 0x06, 0x2B, 0x00, 0x03, 0x00, 0x19, 0x40, 0x16,
    0x02, 0x01, 0x01, 0x00, 0x01, 0x86, 0x00, 0x00, 0x00, 0x3A, 0x00, 0x4E, 0x00, 0x00, 0x00, 0x03,
    0x00, 0x03, 0x11, 0x03, 0x09, 0x17, 0x2B, 0x13, 0x11, 0x33, 0x11, 0xB6, 0xBD, 0xFE, 0xD8, 0x07,
    0x53, 0xF8, 0xAD, 0x00, 0x00, 0x01, 0x00, 0x77, 0xFE, 0xD8, 0x02, 0xA6, 0x06, 0x2B, 0x00, 0x35,
    0x00, 0x33, 0x40, 0x30, 0x1C, 0x01, 0x00, 0x05, 0x15, 0x01, 0x02, 0x00, 0x02, 0x4C, 0x00, 0x05,
    0x00, 0x00, 0x02, 0x05, 0x00, 0x69, 0x00, 0x02, 0x00, 0x01, 0x02, 0x01, 0x65, 0x00, 0x03, 0x03,
    0x04, 0x61, 0x00, 0x04, 0x04, 0x3A, 0x03, 0x4E, 0x35, 0x33, 0x28, 0x27, 0x26, 0x25, 0x11, 0x1C,
    0x20, 0x06, 0x09, 0x19, 0x2B, 0x01, 0x23, 0x22, 0x15, 0x14, 0x16, 0x17, 0x17, 0x16, 0x16, 0x15,
    0x14, 0x0E, 0x02, 0x23, 0x35, 0x32, 0x3E, 0x02, 0x35, 0x34, 0x2E, 0x02, 0x35, 0x34, 0x37, 0x26,
    0x35, 0x34, 0x3E, 0x02, 0x35, 0x34, 0x26, 0x23, 0x35, 0x32, 0x1E, 0x02, 0x15, 0x14, 0x07, 0x07,
    0x06, 0x06, 0x15, 0x14, 0x33, 0x33, 0x02, 0xA6, 0x3E, 0x91, 0x09, 0x08, 0x15, 0x0A, 0x0B, 0x38,
    0x69, 0x99, 0x61, 0x2C, 0x4A, 0x35, 0x1D, 0x0C, 0x0E, 0x0C, 0xAC, 0xAC, 0x0C, 0x0E, 0x0C, 0x6C,
    0x5C, 0x61, 0x99, 0x6A, 0x37, 0x15, 0x15, 0x09, 0x08, 0x91, 0x3E, 0x02, 0x2B, 0x92, 0x23, 0x46,
    0x24, 0x5A, 0x2C, 0x53, 0x2A, 0x48, 0x71, 0x4F, 0x29, 0xA1, 0x0D, 0x1E, 0x30, 0x23, 0x13, 0x48,
    0x5B, 0x66, 0x32, 0xC4, 0x79, 0x78, 0xC4, 0x33, 0x66, 0x59, 0x48, 0x15, 0x43, 0x3A, 0xA1, 0x2A,
    0x4E, 0x72, 0x48, 0x52, 0x57, 0x59, 0x25, 0x46, 0x23, 0x91, 0x00, 0x00, 0x00, 0x01, 0x00, 0x5C,
    0x01, 0x93, 0x04, 0x4F, 0x03, 0x0D, 0x00, 0x18, 0x00, 0x74, 0xB1, 0x06, 0x64, 0x44, 0x4B, 0xB0,
    0x10, 0x50, 0x58, 0x40, 0x27, 0x00, 0x02, 0x00, 0x04, 0x01, 0x02, 0x72, 0x06, 0x01, 0x05, 0x01,
    0x03, 0x04, 0x05, 0x72, 0x00, 0x00, 0x00, 0x04, 0x01, 0x00, 0x04, 0x69, 0x00, 0x01, 0x05, 0x03,
    0x01, 0x59, 0x00, 0x01, 0x01, 0x03, 0x62, 0x00, 0x03, 0x01, 0x03, 0x52, 0x1B, 0x40, 0x29, 0x00,
    0x02, 0x00, 0x04, 0x00, 0x02, 0x04, 0x80, 0x06, 0x01, 0x05, 0x01, 0x03, 0x01, 0x05, 0x03, 0x80,
    0x00, 0x00, 0x00, 0x04, 0x01, 0x00, 0x04, 0x69, 0x00, 0x01, 0x05, 0x03, 0x01, 0x59, 0x00, 0x01,
    0x01, 0x03, 0x62, 0x00, 0x03, 0x01, 0x03, 0x52, 0x59, 0x40, 0x0E, 0x00, 0x00, 0x00, 0x18, 0x00,
    0x18, 0x24, 0x21, 0x12, 0x25, 0x21, 0x07, 0x09, 0x1B, 0x2B, 0xB1, 0x06, 0x00, 0x44, 0x13, 0x10,
    0x21, 0x32, 0x16, 0x17, 0x17, 0x16, 0x16, 0x37, 0x32, 0x36, 0x35, 0x33, 0x10, 0x21, 0x22, 0x27,
    0x27, 0x26, 0x26, 0x23, 0x22, 0x06, 0x15, 0x5C, 0x01, 0x1A, 0x36, 0x66, 0x35, 0x61, 0x28, 0x4D,
    0x2D, 0x45, 0x3E, 0x82, 0xFE, 0xE7, 0x6B, 0x67, 0x60, 0x29, 0x4B, 0x2E, 0x45, 0x3F, 0x01, 0xBC,
    0x01, 0x51, 0x25, 0x24, 0x44, 0x1C, 0x28, 0x01, 0x53, 0x54, 0xFE, 0xAF, 0x49, 0x44, 0x1B, 0x27,
    0x53, 0x53, 0x00, 0x00, 0x00, 0x02, 0x00, 0xD4, 0xFE, 0x7B, 0x01, 0xCB, 0x04, 0x44, 0x00, 0x03,
    0x00, 0x09, 0x00, 0x2C, 0x40, 0x29, 0x00, 0x00, 0x00, 0x01, 0x5F, 0x04, 0x01, 0x01, 0x01, 0x3B,
    0x4D, 0x05, 0x01, 0x03, 0x03, 0x02, 0x5F, 0x00, 0x02, 0x02, 0x3D, 0x02, 0x4E, 0x04, 0x04, 0x00,
    0x00, 0x04, 0x09, 0x04, 0x09, 0x07, 0x06, 0x00, 0x03, 0x00, 0x03, 0x11, 0x06, 0x09, 0x17, 0x2B,
    0x01, 0x15, 0x23, 0x35, 0x13, 0x13, 0x11, 0x23, 0x11, 0x13, 0x01, 0xCB, 0xF7, 0xD2, 0x25, 0xF7,
    0x25, 0x04, 0x44, 0xE3, 0xE3, 0xFE, 0x69, 0xFC, 0xF6, 0xFE, 0xD8, 0x01, 0x28, 0x03, 0x0A, 0x00,
    0x00, 0x02, 0x00, 0xA0, 0x00, 0x00, 0x03, 0xFA, 0x05, 0xC8, 0x00, 0x1A, 0x00, 0x1F, 0x00, 0x6C,
    0x40, 0x17, 0x0B, 0x01, 0x01, 0x00, 0x1F, 0x1B, 0x16, 0x13, 0x11, 0x10, 0x06, 0x02, 0x01, 0x17,
    0x01, 0x03, 0x02, 0x01, 0x01, 0x04, 0x03, 0x04, 0x4C, 0x4B, 0xB0, 0x2A, 0x50, 0x58, 0x40, 0x1C,
    0x00, 0x01, 0x00, 0x02, 0x00, 0x01, 0x02, 0x80, 0x00, 0x02, 0x00, 0x03, 0x04, 0x02, 0x03, 0x6A,
    0x00, 0x00, 0x00, 0x38, 0x4D, 0x05, 0x01, 0x04, 0x04, 0x39, 0x04, 0x4E, 0x1B, 0x40, 0x1C, 0x00,
    0x01, 0x00, 0x02, 0x00, 0x01, 0x02, 0x80, 0x00, 0x02, 0x00, 0x03, 0x04, 0x02, 0x03, 0x6A, 0x00,
    0x00, 0x00, 0x04, 0x5F, 0x05, 0x01, 0x04, 0x04, 0x3C, 0x04, 0x4E, 0x59, 0x40, 0x0D, 0x00, 0x00,
    0x00, 0x1A, 0x00, 0x1A, 0x13, 0x15, 0x11, 0x1C, 0x06, 0x09, 0x1A, 0x2B, 0x21, 0x35, 0x2E, 0x03,
    0x35, 0x34, 0x3E, 0x02, 0x37, 0x35, 0x33, 0x15, 0x16, 0x17, 0x15, 0x26, 0x27, 0x11, 0x36, 0x37,
    0x15, 0x06, 0x07, 0x15, 0x03, 0x06, 0x11, 0x10, 0x17, 0x02, 0x7D, 0x6D, 0xB0, 0x7D, 0x43, 0x3E,
    0x7A, 0xB1, 0x74, 0x7B, 0x80, 0x82, 0x96, 0x6C, 0x7F, 0x83, 0x84, 0x7E, 0x7B, 0xE3, 0xE3, 0xAE,
    0x08, 0x5A, 0x95, 0xCB, 0x79, 0x7A, 0xC6, 0x91, 0x58, 0x0D, 0xA9, 0xAA, 0x08, 0x23, 0xBF, 0x3A,
    0x09, 0xFC, 0xE0, 0x04, 0x39, 0xAF, 0x31, 0x04, 0xB0, 0x04, 0x71, 0x2C, 0xFE, 0xA8, 0xFE, 0xC6,
    0x4E, 0x00, 0x00, 0x00, 0x00, 0x01, 0x00, 0x6F, 0x00, 0x00, 0x03, 0xDE, 0x05, 0xED, 0x00, 0x1D,
    0x00, 0x6D, 0x40, 0x0F, 0x0D, 0x01, 0x03, 0x02, 0x0E, 0x01, 0x01, 0x03, 0x02, 0x4C, 0x01, 0x01,
    0x06, 0x01, 0x4B, 0x4B, 0xB0, 0x2A, 0x50, 0x58, 0x40, 0x20, 0x04, 0x01, 0x01, 0x05, 0x01, 0x00,
    0x06, 0x01, 0x00, 0x67, 0x00, 0x03, 0x03, 0x02, 0x61, 0x00, 0x02, 0x02, 0x3E, 0x4D, 0x00, 0x06,
    0x06, 0x07, 0x5F, 0x08, 0x01, 0x07, 0x07, 0x39, 0x07, 0x4E, 0x1B, 0x40, 0x1E, 0x00, 0x02, 0x00,
    0x03, 0x01, 0x02, 0x03, 0x69, 0x04, 0x01, 0x01, 0x05, 0x01, 0x00, 0x06, 0x01, 0x00, 0x67, 0x00,
    0x06, 0x06, 0x07, 0x5F, 0x08, 0x01, 0x07, 0x07, 0x3C, 0x07, 0x4E, 0x59, 0x40, 0x10, 0x00, 0x00,
    0x00, 0x1D, 0x00, 0x1D, 0x15, 0x11, 0x12, 0x23, 0x23, 0x11, 0x14, 0x09, 0x09, 0x1D, 0x2B, 0x33,
    0x35, 0x36, 0x35, 0x35, 0x23, 0x35, 0x33, 0x35, 0x34, 0x36, 0x33, 0x32, 0x17, 0x15, 0x26, 0x23,
    0x22, 0x15, 0x15, 0x33, 0x15, 0x23, 0x14, 0x0E, 0x02, 0x07, 0x21, 0x15, 0x6F, 0xCC, 0xAB, 0xAB,
    0xD4, 0xD1, 0x71, 0x86, 0x7A, 0x71, 0xBB, 0xCE, 0xCE, 0x08, 0x26, 0x4E, 0x46, 0x02, 0x6F, 0xCB,
    0x39, 0xF2, 0xCC, 0xA7, 0xC0, 0xE0, 0xE4, 0x1B, 0xB9, 0x2D, 0xDE, 0xFF, 0xA7, 0x61, 0x8D, 0x71,
    0x62, 0x36, 0xCB, 0x00, 0x00, 0x02, 0x00, 0x3E, 0x00, 0xE9, 0x04, 0x34, 0x04, 0xDF, 0x00, 0x1B,
    0x00, 0x2F, 0x00, 0x6A, 0x40, 0x20, 0x0D, 0x09, 0x02, 0x03, 0x00, 0x14, 0x10, 0x06, 0x02, 0x04,
    0x02, 0x03, 0x1B, 0x17, 0x02, 0x01, 0x02, 0x03, 0x4C, 0x0F, 0x0E, 0x08, 0x07, 0x04, 0x00, 0x4A,
    0x16, 0x15, 0x01, 0x03, 0x01, 0x49, 0x4B, 0xB0, 0x2B, 0x50, 0x58, 0x40, 0x13, 0x04, 0x01, 0x02,
    0x00, 0x01, 0x02, 0x01, 0x65, 0x00, 0x03, 0x03, 0x00, 0x61, 0x00, 0x00, 0x00, 0x41, 0x03, 0x4E,
    0x1B, 0x40, 0x1A, 0x00, 0x00, 0x00, 0x03, 0x02, 0x00, 0x03, 0x69, 0x04, 0x01, 0x02, 0x01, 0x01,
    0x02, 0x59, 0x04, 0x01, 0x02, 0x02, 0x01, 0x61, 0x00, 0x01, 0x02, 0x01, 0x51, 0x59, 0x40, 0x0D,
    0x1D, 0x1C, 0x27, 0x25, 0x1C, 0x2F, 0x1D, 0x2F, 0x2C, 0x2A, 0x05, 0x09, 0x18, 0x2B, 0x37, 0x27,
    0x37, 0x26, 0x35, 0x34, 0x37, 0x27, 0x37, 0x17, 0x36, 0x33, 0x32, 0x17, 0x37, 0x17, 0x07, 0x16,
    0x15, 0x14, 0x07, 0x17, 0x07, 0x27, 0x06, 0x23, 0x22, 0x27, 0x37, 0x32, 0x3E, 0x02, 0x35, 0x34,
    0x2E, 0x02, 0x23, 0x22, 0x0E, 0x02, 0x15, 0x14, 0x1E, 0x02, 0xA6, 0x68, 0xB0, 0x45, 0x46, 0xB1,
    0x68, 0xB1, 0x6C, 0x76, 0x75, 0x6C, 0xB1, 0x69, 0xB2, 0x46, 0x45, 0xB0, 0x68, 0xB1, 0x6B, 0x76,
    0x77, 0x6B, 0xE0, 0x30, 0x53, 0x3E, 0x24, 0x24, 0x3E, 0x52, 0x2E, 0x30, 0x53, 0x3E, 0x24, 0x24,
    0x3D, 0x52, 0xE9, 0x68, 0xB2, 0x6D, 0x74, 0x74, 0x6D, 0xB1, 0x69, 0xB1, 0x45, 0x45, 0xB1, 0x69,
    0xB1, 0x6D, 0x74, 0x74, 0x6D, 0xB2, 0x68, 0xB1, 0x46, 0x46, 0x67, 0x24, 0x3D, 0x53, 0x2F, 0x2F,
    0x53, 0x3D, 0x24, 0x23, 0x3E, 0x53, 0x30, 0x2F, 0x52, 0x3E, 0x23, 0x00, 0x00, 0x01, 0x00, 0x0C,
    0x00, 0x00, 0x04, 0x54, 0x05, 0xC8, 0x00, 0x17, 0x00, 0x6B, 0xB5, 0x0B, 0x01, 0x03, 0x04, 0x01,
    0x4C, 0x4B, 0xB0, 0x2A, 0x50, 0x58, 0x40, 0x21, 0x06, 0x01, 0x03, 0x07, 0x01, 0x02, 0x01, 0x03,
    0x02, 0x68, 0x08, 0x01, 0x01, 0x09, 0x01, 0x00, 0x0A, 0x01, 0x00, 0x67, 0x05, 0x01, 0x04, 0x04,
    0x38, 0x4D, 0x0B, 0x01, 0x0A, 0x0A, 0x39, 0x0A, 0x4E, 0x1B, 0x40, 0x21, 0x05, 0x01, 0x04, 0x03,
    0x04, 0x85, 0x06, 0x01, 0x03, 0x07, 0x01, 0x02, 0x01, 0x03, 0x02, 0x68, 0x08, 0x01, 0x01, 0x09,
    0x01, 0x00, 0x0A, 0x01, 0x00, 0x67, 0x0B, 0x01, 0x0A, 0x0A, 0x3C, 0x0A, 0x4E, 0x59, 0x40, 0x14,
    0x00, 0x00, 0x00, 0x17, 0x00, 0x17, 0x16, 0x15, 0x11, 0x11, 0x11, 0x13, 0x11, 0x11, 0x11, 0x11,
    0x11, 0x0C, 0x09, 0x1F, 0x2B, 0x21, 0x11, 0x21, 0x35, 0x21, 0x35, 0x21, 0x35, 0x21, 0x01, 0x21,
    0x01, 0x33, 0x01, 0x33, 0x01, 0x21, 0x15, 0x21, 0x15, 0x21, 0x15, 0x21, 0x11, 0x01, 0xB5, 0xFE,
    0xF1, 0x01, 0x0F, 0xFE, 0xF1, 0x01, 0x0F, 0xFE, 0x57, 0x01, 0x1E, 0x01, 0x30, 0x01, 0x01, 0x30,
    0xC9, 0xFE, 0x58, 0x01, 0x0F, 0xFE, 0xF1, 0x01, 0x0F, 0xFE, 0xF1, 0x01, 0x43, 0x83, 0x9E, 0x83,
    0x02, 0xE1, 0xFD, 0xEF, 0x02, 0x11, 0xFD, 0x1F, 0x83, 0x9E, 0x83, 0xFE, 0xBD, 0x00, 0x00, 0x00,
    0x00, 0x02, 0x00, 0xB8, 0xFE, 0xD8, 0x01, 0x70, 0x06, 0x2B, 0x00, 0x03, 0x00, 0x07, 0x00, 0x29,
    0x40, 0x26, 0x00, 0x00, 0x04, 0x01, 0x01, 0x00, 0x01, 0x63, 0x05, 0x01, 0x03, 0x03, 0x02, 0x5F,
    0x00, 0x02, 0x02, 0x3A, 0x03, 0x4E, 0x04, 0x04, 0x00, 0x00, 0x04, 0x07, 0x04, 0x07, 0x06, 0x05,
    0x00, 0x03, 0x00, 0x03, 0x11, 0x06, 0x09, 0x17, 0x2B, 0x13, 0x11, 0x33, 0x11, 0x03, 0x11, 0x33,
    0x11, 0xB8, 0xB8, 0xB8, 0xB8, 0xFE, 0xD8, 0x02, 0xE4, 0xFD, 0x1C, 0x04, 0x6F, 0x02, 0xE4, 0xFD,
    0x1C, 0x00, 0x00, 0x00, 0x00, 0x02, 0x00, 0x8B, 0xFE, 0xB2, 0x03, 0xEC, 0x05, 0xED, 0x00, 0x37,
    0x00, 0x45, 0x00, 0x56, 0x40, 0x12, 0x1C, 0x01, 0x02, 0x01, 0x41, 0x2D, 0x1D, 0x13, 0x00, 0x05,
    0x00, 0x02, 0x37, 0x01, 0x03, 0x00, 0x03, 0x4C, 0x4B, 0xB0, 0x2A, 0x50, 0x58, 0x40, 0x12, 0x00,
    0x00, 0x00, 0x03, 0x00, 0x03, 0x65, 0x00, 0x02, 0x02, 0x01, 0x61, 0x00, 0x01, 0x01, 0x3E, 0x02,
    0x4E, 0x1B, 0x40, 0x18, 0x00, 0x01, 0x00, 0x02, 0x00, 0x01, 0x02, 0x69, 0x00, 0x00, 0x03, 0x03,
    0x00, 0x59, 0x00, 0x00, 0x00, 0x03, 0x61, 0x00, 0x03, 0x00, 0x03, 0x51, 0x59, 0x40, 0x0A, 0x35,
    0x33, 0x21, 0x1F, 0x1B, 0x19, 0x21, 0x04, 0x09, 0x17, 0x2B, 0x17, 0x16, 0x33, 0x32, 0x36, 0x35,
    0x34, 0x27, 0x2E, 0x03, 0x27, 0x2E, 0x03, 0x35, 0x34, 0x37, 0x26, 0x35, 0x34, 0x3E, 0x02, 0x33,
    0x32, 0x17, 0x15, 0x26, 0x26, 0x23, 0x22, 0x06, 0x15, 0x14, 0x17, 0x17, 0x1E, 0x03, 0x15, 0x14,
    0x07, 0x16, 0x15, 0x14, 0x0E, 0x02, 0x23, 0x22, 0x26, 0x27, 0x01, 0x36, 0x35, 0x34, 0x27, 0x2E,
    0x03, 0x27, 0x06, 0x15, 0x14, 0x17, 0x8B, 0xEA, 0x9F, 0x78, 0x8A, 0x15, 0x09, 0x2E, 0x4C, 0x6A,
    0x43, 0x54, 0x7B, 0x50, 0x26, 0x8D, 0x8D, 0x43, 0x78, 0xA8, 0x66, 0x9B, 0xC1, 0x60, 0xA6, 0x4A,
    0x7A, 0x86, 0x9F, 0x80, 0x63, 0x85, 0x52, 0x23, 0x8C, 0x9B, 0x42, 0x7F, 0xB9, 0x77, 0x4B, 0xB7,
    0x6E, 0x02, 0x57, 0x3F, 0x2A, 0x13, 0x50, 0x65, 0x72, 0x34, 0x3F, 0xD1, 0x45, 0x61, 0x53, 0x4D,
    0x20, 0x14, 0x17, 0x2A, 0x2C, 0x32, 0x20, 0x25, 0x4E, 0x58, 0x66, 0x3C, 0x99, 0x95, 0x61, 0x97,
    0x53, 0x87, 0x5F, 0x34, 0x2C, 0xB6, 0x1D, 0x1E, 0x55, 0x4B, 0x61, 0x43, 0x37, 0x2A, 0x50, 0x58,
    0x66, 0x40, 0x91, 0xA3, 0x63, 0xAD, 0x53, 0x82, 0x59, 0x2F, 0x21, 0x20, 0x02, 0x73, 0x58, 0x52,
    0x44, 0x2C, 0x13, 0x2F, 0x32, 0x34, 0x18, 0x53, 0x50, 0x7D, 0x5F, 0x00, 0x00, 0x02, 0x00, 0x26,
    0x05, 0x03, 0x02, 0x83, 0x05, 0xC8, 0x00, 0x03, 0x00, 0x07, 0x00, 0x32, 0xB1, 0x06, 0x64, 0x44,
    0x40, 0x27, 0x02, 0x01, 0x00, 0x01, 0x01, 0x00, 0x57, 0x02, 0x01, 0x00, 0x00, 0x01, 0x5F, 0x05,
    0x03, 0x04, 0x03, 0x01, 0x00, 0x01, 0x4F, 0x04, 0x04, 0x00, 0x00, 0x04, 0x07, 0x04, 0x07, 0x06,
    0x05, 0x00, 0x03, 0x00, 0x03, 0x11, 0x06, 0x09, 0x17, 0x2B, 0xB1, 0x06, 0x00, 0x44, 0x13, 0x35,
    0x33, 0x15, 0x33, 0x35, 0x33, 0x15, 0x26, 0xC6, 0xD1, 0xC6, 0x05, 0x03, 0xC5, 0xC5, 0xC5, 0xC5,
    0x00, 0x03, 0x00, 0x0D, 0x00, 0x00, 0x05, 0xD5, 0x05, 0xC8, 0x00, 0x0F, 0x00, 0x1F, 0x00, 0x3F,
    0x00, 0x60, 0xB1, 0x06, 0x64, 0x44, 0x40, 0x55, 0x2F, 0x01, 0x06, 0x05, 0x3F, 0x30, 0x02, 0x07,
    0x06, 0x20, 0x01, 0x04, 0x07, 0x03, 0x4C, 0x00, 0x01, 0x00, 0x03, 0x05, 0x01, 0x03, 0x69, 0x00,
    0x05, 0x00, 0x06, 0x07, 0x05, 0x06, 0x69, 0x00, 0x07, 0x00, 0x04, 0x02, 0x07, 0x04, 0x69, 0x09,
    0x01, 0x02, 0x00, 0x00, 0x02, 0x59, 0x09, 0x01, 0x02, 0x02, 0x00, 0x61, 0x08, 0x01, 0x00, 0x02,
    0x00, 0x51, 0x11, 0x10, 0x01, 0x00, 0x3E, 0x3C, 0x34, 0x32, 0x2D, 0x2B, 0x23, 0x21, 0x19, 0x17,
    0x10, 0x1F, 0x11, 0x1F, 0x09, 0x07, 0x00, 0x0F, 0x01, 0x0F, 0x0A, 0x09, 0x16, 0x2B, 0xB1, 0x06,
    0x00, 0x44, 0x21, 0x20, 0x27, 0x26, 0x11, 0x10, 0x37, 0x36, 0x21, 0x20, 0x17, 0x16, 0x11, 0x10,
    0x07, 0x06, 0x25, 0x20, 0x37, 0x36, 0x11, 0x10, 0x27, 0x26, 0x21, 0x20, 0x07, 0x06, 0x11, 0x10,
    0x17, 0x16, 0x25, 0x06, 0x23, 0x22, 0x2E, 0x02, 0x35, 0x34, 0x3E, 0x02, 0x33, 0x32, 0x16, 0x17,
    0x15, 0x26, 0x26, 0x23, 0x22, 0x0E, 0x02, 0x15, 0x14, 0x1E, 0x02, 0x33, 0x32, 0x37, 0x02, 0xE8,
    0xFE, 0xD5, 0xD8, 0xD8, 0xD9, 0xD9, 0x01, 0x32, 0x01, 0x32, 0xD9, 0xD9, 0xDA, 0xDA, 0xFE, 0xC8,
    0x01, 0x08, 0xB9, 0xB9, 0xB8, 0xB8, 0xFE, 0xFE, 0xFE, 0xFD, 0xB7, 0xB7, 0xB6, 0xB7, 0x02, 0x23,
    0x8C, 0x72, 0x5F, 0x9B, 0x70, 0x3D, 0x3C, 0x6D, 0x9B, 0x60, 0x36, 0x85, 0x46, 0x43, 0x79, 0x38,
    0x3D, 0x65, 0x49, 0x28, 0x2A, 0x4E, 0x6E, 0x44, 0x77, 0x66, 0xDA, 0xDB, 0x01, 0x2F, 0x01, 0x33,
    0xD8, 0xD9, 0xD9, 0xD8, 0xFE, 0xCF, 0xFE, 0xC9, 0xD8, 0xD7, 0x72, 0xB7, 0xB6, 0x01, 0x06, 0x01,
    0x01, 0xB8, 0xB8, 0xB8, 0xB9, 0xFE, 0xFF, 0xFE, 0xFF, 0xB8, 0xB9, 0xF8, 0x2D, 0x3E, 0x70, 0x9B,
    0x5D, 0x60, 0x9B, 0x6D, 0x3C, 0x0F, 0x11, 0x7B, 0x1B, 0x1C, 0x2F, 0x54, 0x75, 0x47, 0x46, 0x73,
    0x51, 0x2D, 0x37, 0x00, 0x00, 0x02, 0x00, 0x43, 0x03, 0x36, 0x02, 0xC9, 0x05, 0xED, 0x00, 0x1E,
    0x00, 0x26, 0x00, 0x44, 0x40, 0x41, 0x0F, 0x01, 0x02, 0x03, 0x0E, 0x01, 0x01, 0x02, 0x26, 0x18,
    0x02, 0x04, 0x06, 0x19, 0x01, 0x00, 0x04, 0x04, 0x4C, 0x00, 0x03, 0x00, 0x02, 0x01, 0x03, 0x02,
    0x69, 0x00, 0x01, 0x00, 0x06, 0x04, 0x01, 0x06, 0x69, 0x07, 0x01, 0x04, 0x00, 0x00, 0x04, 0x59,
    0x07, 0x01, 0x04, 0x04, 0x00, 0x61, 0x05, 0x01, 0x00, 0x04, 0x00, 0x51, 0x22, 0x22, 0x25, 0x13,
    0x23, 0x22, 0x24, 0x21, 0x08, 0x0B, 0x1E, 0x2B, 0x01, 0x06, 0x23, 0x22, 0x27, 0x26, 0x35, 0x34,
    0x21, 0x33, 0x35, 0x34, 0x23, 0x22, 0x07, 0x35, 0x36, 0x33, 0x20, 0x15, 0x11, 0x14, 0x33, 0x32,
    0x37, 0x17, 0x06, 0x06, 0x23, 0x22, 0x27, 0x27, 0x23, 0x22, 0x15, 0x14, 0x33, 0x32, 0x37, 0x01,
    0xC9, 0x5A, 0x62, 0x57, 0x3A, 0x39, 0x01, 0x57, 0x30, 0x76, 0x6C, 0x6A, 0x78, 0x7B, 0x01, 0x0C,
    0x31, 0x09, 0x0F, 0x03, 0x1D, 0x33, 0x18, 0x6E, 0x21, 0x08, 0x2A, 0xAA, 0x56, 0x3F, 0x3F, 0x03,
    0x8B, 0x55, 0x37, 0x36, 0x54, 0xE5, 0x3B, 0x66, 0x3C, 0x7E, 0x2E, 0xCF, 0xFE, 0xDA, 0x4B, 0x03,
    0x69, 0x08, 0x09, 0x55, 0xEA, 0x6B, 0x57, 0x3C, 0x00, 0x02, 0x00, 0x5A, 0x00, 0x66, 0x04, 0x10,
    0x03, 0xDE, 0x00, 0x05, 0x00, 0x0B, 0x00, 0x08, 0xB5, 0x0B, 0x09, 0x05, 0x03, 0x02, 0x32, 0x2B,
    0x09, 0x02, 0x07, 0x01, 0x01, 0x05, 0x01, 0x01, 0x07, 0x01, 0x01, 0x04, 0x10, 0xFE, 0xE8, 0x01,
    0x18, 0x77, 0xFE, 0x6A, 0x01, 0x96, 0xFE, 0xCD, 0xFE, 0xE9, 0x01, 0x17, 0x77, 0xFE, 0x6B, 0x01,
    0x95, 0x03, 0x84, 0xFE, 0x9E, 0xFE, 0x9D, 0x59, 0x01, 0xBC, 0x01, 0xBC, 0x5B, 0xFE, 0x9F, 0xFE,
    0x9D, 0x59, 0x01, 0xBC, 0x01, 0xBC, 0x00, 0x00, 0x00, 0x01, 0x00, 0x5F, 0x01, 0x28, 0x04, 0x3A,
    0x03, 0x78, 0x00, 0x05, 0x00, 0x24, 0x40, 0x21, 0x00, 0x01, 0x02, 0x01, 0x86, 0x00, 0x00, 0x02,
    0x02, 0x00, 0x57, 0x00, 0x00, 0x00, 0x02, 0x5F, 0x03, 0x01, 0x02, 0x00, 0x02, 0x4F, 0x00, 0x00,
    0x00, 0x05, 0x00, 0x05, 0x11, 0x11, 0x04, 0x09, 0x18, 0x2B, 0x13, 0x35, 0x21, 0x11, 0x23, 0x11,
    0x5F, 0x03, 0xDB, 0xA1, 0x02, 0xD8, 0xA0, 0xFD, 0xB0, 0x01, 0xB0, 0x00, 0x00, 0x01, 0x00, 0x51,
    0x02, 0x12, 0x02, 0x59, 0x02, 0xB9, 0x00, 0x03, 0x00, 0x1E, 0x40, 0x1B, 0x00, 0x00, 0x01, 0x01,
    0x00, 0x57, 0x00, 0x00, 0x00, 0x01, 0x5F, 0x02, 0x01, 0x01, 0x00, 0x01, 0x4F, 0x00, 0x00, 0x00,
    0x03, 0x00, 0x03, 0x11, 0x03, 0x09, 0x17, 0x2B, 0x13, 0x35, 0x21, 0x15, 0x51, 0x02, 0x08, 0x02,
    0x12, 0xA7, 0xA7, 0x00, 0x00, 0x04, 0x00, 0x0E, 0x00, 0x00, 0x05, 0xD6, 0x05, 0xC8, 0x00, 0x0F,
    0x00, 0x1F, 0x00, 0x2B, 0x00, 0x32, 0x00, 0x69, 0xB1, 0x06, 0x64, 0x44, 0x40, 0x5E, 0x26, 0x01,
    0x06, 0x08, 0x01, 0x4C, 0x0C, 0x07, 0x02, 0x05, 0x06, 0x02, 0x06, 0x05, 0x02, 0x80, 0x00, 0x01,
    0x00, 0x03, 0x04, 0x01, 0x03, 0x69, 0x00, 0x04, 0x00, 0x09, 0x08, 0x04, 0x09, 0x69, 0x00, 0x08,
    0x00, 0x06, 0x05, 0x08, 0x06, 0x67, 0x0B, 0x01, 0x02, 0x00, 0x00, 0x02, 0x59, 0x0B, 0x01, 0x02,
    0x02, 0x00, 0x61, 0x0A, 0x01, 0x00, 0x02, 0x00, 0x51, 0x20, 0x20, 0x11, 0x10, 0x01, 0x00, 0x32,
    0x30, 0x2E, 0x2C, 0x20, 0x2B, 0x20, 0x2B, 0x2A, 0x29, 0x28, 0x27, 0x23, 0x21, 0x19, 0x17, 0x10,
    0x1F, 0x11, 0x1F, 0x09, 0x07, 0x00, 0x0F, 0x01, 0x0F, 0x0D, 0x09, 0x16, 0x2B, 0xB1, 0x06, 0x00,
    0x44, 0x21, 0x20, 0x27, 0x26, 0x11, 0x10, 0x37, 0x36, 0x21, 0x20, 0x17, 0x16, 0x11, 0x10, 0x07,
    0x06, 0x25, 0x20, 0x37, 0x36, 0x11, 0x10, 0x27, 0x26, 0x21, 0x20, 0x07, 0x06, 0x11, 0x10, 0x17,
    0x16, 0x35, 0x11, 0x21, 0x32, 0x15, 0x14, 0x07, 0x13, 0x23, 0x03, 0x23, 0x11, 0x03, 0x33, 0x32,
    0x35, 0x34, 0x23, 0x23, 0x02, 0xE9, 0xFE, 0xD5, 0xD8, 0xD8, 0xD9, 0xD9, 0x01, 0x32, 0x01, 0x32,
    0xD9, 0xD9, 0xDA, 0xDA, 0xFE, 0xC8, 0x01, 0x08, 0xB9, 0xB9, 0xB8, 0xB8, 0xFE, 0xFE, 0xFE, 0xFE,
    0xB8, 0xB7, 0xB6, 0xB7, 0x01, 0x2C, 0xF2, 0x92, 0xE9, 0xA8, 0xCA, 0x74, 0x04, 0x3E, 0xC5, 0xAA,
    0x59, 0xDA, 0xDB, 0x01, 0x2F, 0x01, 0x33, 0xD8, 0xD9, 0xD9, 0xD8, 0xFE, 0xCF, 0xFE, 0xC9, 0xD8,
    0xD7, 0x72, 0xB7, 0xB6, 0x01, 0x06, 0x01, 0x01, 0xB8, 0xB8, 0xB8, 0xB9, 0xFE, 0xFF, 0xFF, 0x00,
    0xB9, 0xB9, 0xE1, 0x03, 0x21, 0xC5, 0x97, 0x50, 0xFE, 0x8B, 0x01, 0x4B, 0xFE, 0xB5, 0x01, 0xB4,
    0x98, 0x75, 0x00, 0x00, 0x00, 0x01, 0x00, 0x58, 0x05, 0xA9, 0x04, 0x1A, 0x06, 0x44, 0x00, 0x03,
    0x00, 0x26, 0xB1, 0x06, 0x64, 0x44, 0x40, 0x1B, 0x00, 0x00, 0x01, 0x01, 0x00, 0x57, 0x00, 0x00,
    0x00, 0x01, 0x5F, 0x02, 0x01, 0x01, 0x00, 0x01, 0x4F, 0x00, 0x00, 0x00, 0x03, 0x00, 0x03, 0x11,
    0x03, 0x09, 0x17, 0x2B, 0xB1, 0x06, 0x00, 0x44, 0x13, 0x35, 0x21, 0x15, 0x58, 0x03, 0xC2, 0x05,
    0xA9, 0x9B, 0x9B, 0x00, 0x00, 0x02, 0x00, 0x72, 0x03, 0xC8, 0x02, 0xC2, 0x06, 0x18, 0x00, 0x0F,
    0x00, 0x1F, 0x00, 0x39, 0xB1, 0x06, 0x64, 0x44, 0x40, 0x2E, 0x00, 0x01, 0x00, 0x03, 0x02, 0x01,
    0x03, 0x69, 0x05, 0x01, 0x02, 0x00, 0x00, 0x02, 0x59, 0x05, 0x01, 0x02, 0x02, 0x00, 0x61, 0x04,
    0x01, 0x00, 0x02, 0x00, 0x51, 0x11, 0x10, 0x01, 0x00, 0x19, 0x17, 0x10, 0x1F, 0x11, 0x1F, 0x09,
    0x07, 0x00, 0x0F, 0x01, 0x0F, 0x06, 0x09, 0x16, 0x2B, 0xB1, 0x06, 0x00, 0x44, 0x01, 0x22, 0x27,
    0x26, 0x35, 0x34, 0x37, 0x36, 0x33, 0x32, 0x17, 0x16, 0x15, 0x14, 0x07, 0x06, 0x27, 0x32, 0x37,
    0x36, 0x35, 0x34, 0x27, 0x26, 0x23, 0x22, 0x07, 0x06, 0x15, 0x14, 0x17, 0x16, 0x01, 0x96, 0x77,
    0x57, 0x56, 0x57, 0x57, 0x7A, 0x7A, 0x57, 0x57, 0x57, 0x58, 0x7B, 0x42, 0x31, 0x2F, 0x2F, 0x30,
    0x41, 0x42, 0x30, 0x2F, 0x2F, 0x2F, 0x03, 0xC8, 0x57, 0x59, 0x78, 0x7B, 0x56, 0x57, 0x57, 0x56,
    0x7A, 0x7C, 0x57, 0x56, 0x88, 0x2F, 0x2F, 0x43, 0x41, 0x2F, 0x30, 0x30, 0x2F, 0x42, 0x40, 0x31,
    0x2F, 0x00, 0x00, 0x00, 0x00, 0x02, 0x00, 0x68, 0x00, 0x00, 0x04, 0x43, 0x04, 0xA0, 0x00, 0x03,
    0x00, 0x0F, 0x00, 0x66, 0x4B, 0xB0, 0x2A, 0x50, 0x58, 0x40, 0x1F, 0x05, 0x01, 0x03, 0x06, 0x01,
    0x02, 0x07, 0x03, 0x02, 0x67, 0x00, 0x04, 0x09, 0x01, 0x07, 0x00, 0x04, 0x07, 0x67, 0x00, 0x00,
    0x00, 0x01, 0x5F, 0x08, 0x01, 0x01, 0x01, 0x39, 0x01, 0x4E, 0x1B, 0x40, 0x1F, 0x05, 0x01, 0x03,
    0x06, 0x01, 0x02, 0x07, 0x03, 0x02, 0x67, 0x00, 0x04, 0x09, 0x01, 0x07, 0x00, 0x04, 0x07, 0x67,
    0x00, 0x00, 0x00, 0x01, 0x5F, 0x08, 0x01, 0x01, 0x01, 0x3C, 0x01, 0x4E, 0x59, 0x40, 0x1A, 0x04,
    0x04, 0x00, 0x00, 0x04, 0x0F, 0x04, 0x0F, 0x0E, 0x0D, 0x0C, 0x0B, 0x0A, 0x09, 0x08, 0x07, 0x06,
    0x05, 0x00, 0x03, 0x00, 0x03, 0x11, 0x0A, 0x09, 0x17, 0x2B, 0x33, 0x35, 0x21, 0x15, 0x01, 0x11,
    0x21, 0x35, 0x21, 0x11, 0x33, 0x11, 0x21, 0x15, 0x21, 0x11, 0x68, 0x03, 0xDB, 0xFD, 0xC2, 0xFE,
    0x63, 0x01, 0x9D, 0xA1, 0x01, 0x9D, 0xFE, 0x63, 0xA0, 0xA0, 0x01, 0x28, 0x01, 0x6C, 0xA0, 0x01,
    0x6C, 0xFE, 0x94, 0xA0, 0xFE, 0x94, 0x00, 0x00, 0x00, 0x01, 0x00, 0x42, 0x02, 0xB5, 0x02, 0xDB,
    0x06, 0x43, 0x00, 0x22, 0x00, 0x35, 0x40, 0x32, 0x11, 0x01, 0x00, 0x01, 0x10, 0x0A, 0x02, 0x02,
    0x00, 0x02, 0x4C, 0x01, 0x01, 0x02, 0x01, 0x4B, 0x00, 0x00, 0x00, 0x01, 0x61, 0x00, 0x01, 0x01,
    0x56, 0x4D, 0x00, 0x02, 0x02, 0x03, 0x5F, 0x04, 0x01, 0x03, 0x03, 0x55, 0x03, 0x4E, 0x00, 0x00,
    0x00, 0x22, 0x00, 0x22, 0x1C, 0x23, 0x2D, 0x05, 0x0B, 0x19, 0x2B, 0x13, 0x35, 0x36, 0x36, 0x37,
    0x37, 0x3E, 0x03, 0x35, 0x34, 0x27, 0x26, 0x23, 0x22, 0x07, 0x35, 0x36, 0x33, 0x32, 0x1E, 0x02,
    0x15, 0x14, 0x0E, 0x02, 0x07, 0x07, 0x06, 0x07, 0x21, 0x15, 0x42, 0x1D, 0x4F, 0x36, 0x9F, 0x2A,
    0x39, 0x22, 0x0E, 0x06, 0x11, 0x96, 0x69, 0xA1, 0xA0, 0x87, 0x4E, 0x7E, 0x59, 0x30, 0x14, 0x31,
    0x53, 0x3E, 0x3F, 0x96, 0x16, 0x01, 0xBC, 0x02, 0xB5, 0x79, 0x2D, 0x5A, 0x2C, 0x82, 0x23, 0x39,
    0x34, 0x35, 0x1F, 0x13, 0x10, 0x73, 0x45, 0x75, 0x36, 0x23, 0x41, 0x5D, 0x3A, 0x28, 0x42, 0x41,
    0x47, 0x2C, 0x2B, 0x6B, 0x66, 0x79, 0x00, 0x00, 0x00, 0x01, 0x00, 0x6C, 0x02, 0x9F, 0x02, 0xE8,
    0x06, 0x43, 0x00, 0x26, 0x00, 0x3F, 0x40, 0x3C, 0x16, 0x01, 0x03, 0x04, 0x15, 0x01, 0x02, 0x03,
    0x1D, 0x01, 0x01, 0x02, 0x00, 0x01, 0x00, 0x01, 0x26, 0x01, 0x05, 0x00, 0x05, 0x4C, 0x00, 0x02,
    0x00, 0x01, 0x00, 0x02, 0x01, 0x69, 0x00, 0x03, 0x03, 0x04, 0x61, 0x00, 0x04, 0x04, 0x56, 0x4D,
    0x00, 0x00, 0x00, 0x05, 0x61, 0x00, 0x05, 0x05, 0x57, 0x05, 0x4E, 0x2A, 0x23, 0x25, 0x11, 0x25,
    0x22, 0x06, 0x0B, 0x1C, 0x2B, 0x13, 0x16, 0x16, 0x33, 0x32, 0x35, 0x34, 0x2E, 0x02, 0x23, 0x23,
    0x35, 0x32, 0x3E, 0x02, 0x35, 0x34, 0x23, 0x22, 0x07, 0x35, 0x36, 0x33, 0x32, 0x16, 0x15, 0x14,
    0x07, 0x04, 0x15, 0x14, 0x0E, 0x02, 0x23, 0x22, 0x27, 0x6C, 0x50, 0x74, 0x28, 0xCE, 0x25, 0x4B,
    0x73, 0x4E, 0x22, 0x4D, 0x75, 0x4E, 0x27, 0xAC, 0x6B, 0x78, 0x7F, 0x7D, 0xA4, 0xA9, 0xED, 0x01,
    0x11, 0x36, 0x64, 0x8E, 0x57, 0x68, 0x95, 0x03, 0x35, 0x19, 0x1A, 0xA0, 0x33, 0x46, 0x2C, 0x14,
    0x5D, 0x11, 0x27, 0x3F, 0x2F, 0x81, 0x32, 0x70, 0x26, 0x6C, 0x66, 0x9C, 0x42, 0x32, 0xBB, 0x3C,
    0x61, 0x45, 0x25, 0x1C, 0x00, 0x01, 0x00, 0x60, 0x05, 0x03, 0x02, 0x4F, 0x06, 0x44, 0x00, 0x03,
    0x00, 0x1F, 0xB1, 0x06, 0x64, 0x44, 0x40, 0x14, 0x00, 0x00, 0x01, 0x00, 0x85, 0x02, 0x01, 0x01,
    0x01, 0x76, 0x00, 0x00, 0x00, 0x03, 0x00, 0x03, 0x11, 0x03, 0x09, 0x17, 0x2B, 0xB1, 0x06, 0x00,
    0x44, 0x13, 0x13, 0x33, 0x01, 0x60, 0xF1, 0xFE, 0xFE, 0xBF, 0x05, 0x03, 0x01, 0x41, 0xFE, 0xBF,
    0x00, 0x01, 0x00, 0x94, 0xFE, 0x75, 0x04, 0x39, 0x04, 0x44, 0x00, 0x18, 0x00, 0x7A, 0x40, 0x0B,
    0x12, 0x08, 0x02, 0x01, 0x00, 0x16, 0x01, 0x03, 0x01, 0x02, 0x4C, 0x4B, 0xB0, 0x1B, 0x50, 0x58,
    0x40, 0x17, 0x02, 0x01, 0x00, 0x00, 0x3B, 0x4D, 0x00, 0x01, 0x01, 0x03, 0x61, 0x04, 0x01, 0x03,
    0x03, 0x39, 0x4D, 0x00, 0x05, 0x05, 0x3D, 0x05, 0x4E, 0x1B, 0x4B, 0xB0, 0x2A, 0x50, 0x58, 0x40,
    0x1B, 0x02, 0x01, 0x00, 0x00, 0x3B, 0x4D, 0x00, 0x03, 0x03, 0x39, 0x4D, 0x00, 0x01, 0x01, 0x04,
    0x61, 0x00, 0x04, 0x04, 0x42, 0x4D, 0x00, 0x05, 0x05, 0x3D, 0x05, 0x4E, 0x1B, 0x40, 0x1B, 0x02,
    0x01, 0x00, 0x00, 0x3B, 0x4D, 0x00, 0x03, 0x03, 0x3C, 0x4D, 0x00, 0x01, 0x01, 0x04, 0x61, 0x00,
    0x04, 0x04, 0x42, 0x4D, 0x00, 0x05, 0x05, 0x3D, 0x05, 0x4E, 0x59, 0x59, 0x40, 0x09, 0x12, 0x24,
    0x14, 0x13, 0x23, 0x10, 0x06, 0x09, 0x1C, 0x2B, 0x13, 0x33, 0x11, 0x14, 0x16, 0x33, 0x32, 0x36,
    0x37, 0x11, 0x33, 0x11, 0x14, 0x16, 0x17, 0x21, 0x26, 0x26, 0x27, 0x06, 0x23, 0x22, 0x27, 0x11,
    0x23, 0x94, 0xF7, 0x43, 0x3F, 0x45, 0x8F, 0x43, 0xF6, 0x10, 0x0F, 0xFE, 0xFE, 0x06, 0x09, 0x04,
    0x73, 0xAB, 0x42, 0x39, 0xF7, 0x04, 0x44, 0xFD, 0x47, 0x6D, 0x5E, 0x5E, 0x6C, 0x02, 0xBA, 0xFD,
    0x2B, 0x64, 0xB6, 0x55, 0x2D, 0x65, 0x3B, 0xE0, 0x25, 0xFE, 0x63, 0x00, 0x00, 0x01, 0x00, 0x59,
    0xFE, 0xD8, 0x03, 0x96, 0x05, 0xC8, 0x00, 0x11, 0x00, 0x4A, 0xB5, 0x01, 0x01, 0x01, 0x02, 0x01,
    0x4C, 0x4B, 0xB0, 0x2A, 0x50, 0x58, 0x40, 0x12, 0x04, 0x03, 0x02, 0x01, 0x02, 0x01, 0x86, 0x00,
    0x02, 0x02, 0x00, 0x5F, 0x00, 0x00, 0x00, 0x38, 0x02, 0x4E, 0x1B, 0x40, 0x17, 0x04, 0x03, 0x02,
    0x01, 0x02, 0x01, 0x86, 0x00, 0x00, 0x02, 0x02, 0x00, 0x57, 0x00, 0x00, 0x00, 0x02, 0x5F, 0x00,
    0x02, 0x00, 0x02, 0x4F, 0x59, 0x40, 0x0C, 0x00, 0x00, 0x00, 0x11, 0x00, 0x11, 0x11, 0x11, 0x2A,
    0x05, 0x09, 0x19, 0x2B, 0x01, 0x11, 0x2E, 0x03, 0x35, 0x34, 0x3E, 0x02, 0x33, 0x21, 0x11, 0x23,
    0x11, 0x23, 0x11, 0x01, 0xE6, 0x5B, 0x93, 0x67, 0x38, 0x2E, 0x64, 0x9E, 0x70, 0x01, 0x9D, 0x89,
    0x9E, 0xFE, 0xD8, 0x04, 0x0C, 0x09, 0x40, 0x69, 0x90, 0x59, 0x59, 0x7D, 0x4F, 0x24, 0xF9, 0x10,
    0x06, 0x6F, 0xF9, 0x91, 0x00, 0x01, 0x00, 0x88, 0x03, 0x29, 0x01, 0xA4, 0x04, 0x44, 0x00, 0x03,
    0x00, 0x19, 0x40, 0x16, 0x02, 0x01, 0x01, 0x01, 0x00, 0x5F, 0x00, 0x00, 0x00, 0x3B, 0x01, 0x4E,
    0x00, 0x00, 0x00, 0x03, 0x00, 0x03, 0x11, 0x03, 0x09, 0x17, 0x2B, 0x13, 0x11, 0x21, 0x11, 0x88,
    0x01, 0x1C, 0x03, 0x29, 0x01, 0x1B, 0xFE, 0xE5, 0x00, 0x01, 0x00, 0x91, 0xFE, 0x50, 0x02, 0x19,
    0x00, 0x00, 0x00, 0x18, 0x00, 0x68, 0xB1, 0x06, 0x64, 0x44, 0x40, 0x0A, 0x11, 0x01, 0x03, 0x04,
    0x10, 0x01, 0x02, 0x03, 0x02, 0x4C, 0x4B, 0xB0, 0x0C, 0x50, 0x58, 0x40, 0x20, 0x00, 0x00, 0x01,
    0x00, 0x85, 0x00, 0x01, 0x04, 0x03, 0x01, 0x70, 0x00, 0x04, 0x03, 0x04, 0x85, 0x00, 0x03, 0x02,
    0x02, 0x03, 0x59, 0x00, 0x03, 0x03, 0x02, 0x62, 0x00, 0x02, 0x03, 0x02, 0x52, 0x1B, 0x40, 0x1F,
    0x00, 0x00, 0x01, 0x00, 0x85, 0x00, 0x01, 0x04, 0x01, 0x85, 0x00, 0x04, 0x03, 0x04, 0x85, 0x00,
    0x03, 0x02, 0x02, 0x03, 0x59, 0x00, 0x03, 0x03, 0x02, 0x62, 0x00, 0x02, 0x03, 0x02, 0x52, 0x59,
    0xB7, 0x13, 0x23, 0x28, 0x13, 0x10, 0x05, 0x09, 0x1B, 0x2B, 0xB1, 0x06, 0x00, 0x44, 0x21, 0x33,
    0x06, 0x06, 0x07, 0x1E, 0x03, 0x15, 0x14, 0x0E, 0x02, 0x23, 0x22, 0x27, 0x35, 0x16, 0x33, 0x32,
    0x35, 0x34, 0x26, 0x23, 0x01, 0x14, 0x74, 0x11, 0x22, 0x11, 0x30, 0x4F, 0x38, 0x1E, 0x24, 0x3E,
    0x52, 0x2D, 0x4A, 0x5D, 0x3A, 0x36, 0x6E, 0x62, 0x65, 0x1C, 0x37, 0x1C, 0x03, 0x1A, 0x29, 0x37,
    0x20, 0x23, 0x3C, 0x2C, 0x19, 0x1A, 0x56, 0x0F, 0x3E, 0x2E, 0x31, 0x00, 0x00, 0x01, 0x00, 0x93,
    0x02, 0xB5, 0x03, 0x17, 0x06, 0x43, 0x00, 0x09, 0x00, 0x22, 0x40, 0x1F, 0x06, 0x05, 0x04, 0x03,
    0x04, 0x00, 0x4A, 0x01, 0x01, 0x00, 0x00, 0x02, 0x5F, 0x03, 0x01, 0x02, 0x02, 0x55, 0x02, 0x4E,
    0x00, 0x00, 0x00, 0x09, 0x00, 0x09, 0x15, 0x11, 0x04, 0x0B, 0x18, 0x2B, 0x13, 0x35, 0x33, 0x11,
    0x07, 0x35, 0x25, 0x11, 0x33, 0x15, 0x93, 0xE5, 0xE5, 0x01, 0x9E, 0xE6, 0x02, 0xB5, 0x60, 0x02,
    0xA6, 0x2E, 0x63, 0x53, 0xFC, 0xD2, 0x60, 0x00, 0x00, 0x02, 0x00, 0x39, 0x03, 0x36, 0x02, 0xBA,
    0x05, 0xED, 0x00, 0x0F, 0x00, 0x17, 0x00, 0x31, 0x40, 0x2E, 0x00, 0x01, 0x00, 0x03, 0x02, 0x01,
    0x03, 0x69, 0x05, 0x01, 0x02, 0x00, 0x00, 0x02, 0x59, 0x05, 0x01, 0x02, 0x02, 0x00, 0x61, 0x04,
    0x01, 0x00, 0x02, 0x00, 0x51, 0x11, 0x10, 0x01, 0x00, 0x15, 0x13, 0x10, 0x17, 0x11, 0x17, 0x09,
    0x07, 0x00, 0x0F, 0x01, 0x0F, 0x06, 0x0B, 0x16, 0x2B, 0x01, 0x22, 0x27, 0x26, 0x35, 0x34, 0x37,
    0x36, 0x33, 0x32, 0x17, 0x16, 0x15, 0x14, 0x07, 0x06, 0x27, 0x32, 0x35, 0x34, 0x23, 0x22, 0x15,
    0x14, 0x01, 0x75, 0x92, 0x55, 0x55, 0x55, 0x57, 0x94, 0x94, 0x56, 0x57, 0x57, 0x56, 0x95, 0x84,
    0x83, 0x83, 0x03, 0x36, 0x5E, 0x5E, 0xA0, 0xA2, 0x5B, 0x5E, 0x5D, 0x5D, 0xA0, 0xA3, 0x5D, 0x5D,
    0x73, 0xEB, 0xE7, 0xE9, 0xE9, 0x00, 0x00, 0x00, 0x00, 0x02, 0x00, 0x63, 0x00, 0x66, 0x04, 0x19,
    0x03, 0xDE, 0x00, 0x05, 0x00, 0x0B, 0x00, 0x08, 0xB5, 0x0B, 0x09, 0x05, 0x03, 0x02, 0x32, 0x2B,
    0x37, 0x01, 0x01, 0x37, 0x01, 0x01, 0x25, 0x01, 0x01, 0x37, 0x01, 0x01, 0x63, 0x01, 0x17, 0xFE,
    0xE9, 0x77, 0x01, 0x95, 0xFE, 0x6B, 0x01, 0x32, 0x01, 0x18, 0xFE, 0xE8, 0x77, 0x01, 0x96, 0xFE,
    0x6A, 0xBF, 0x01, 0x63, 0x01, 0x62, 0x5A, 0xFE, 0x44, 0xFE, 0x44, 0x5B, 0x01, 0x61, 0x01, 0x62,
    0x5A, 0xFE, 0x44, 0xFE, 0x44, 0x00, 0x00, 0x00, 0x00, 0x04, 0x00, 0x4C, 0xFF, 0xDB, 0x06, 0x2A,
    0x05, 0xED, 0x00, 0x05, 0x00, 0x09, 0x00, 0x14, 0x00, 0x17, 0x00, 0x6C, 0xB1, 0x06, 0x64, 0x44,
    0x40, 0x61, 0x04, 0x03, 0x02, 0x01, 0x04, 0x04, 0x01, 0x17, 0x01, 0x00, 0x04, 0x0D, 0x01, 0x03,
    0x05, 0x03, 0x4C, 0x00, 0x01, 0x04, 0x01, 0x85, 0x09, 0x01, 0x00, 0x04, 0x05, 0x04, 0x00, 0x05,
    0x80, 0x0A, 0x01, 0x02, 0x07, 0x02, 0x86, 0x00, 0x04, 0x00, 0x07, 0x04, 0x57, 0x08, 0x01, 0x05,
    0x06, 0x01, 0x03, 0x07, 0x05, 0x03, 0x68, 0x00, 0x04, 0x04, 0x07, 0x5F, 0x0B, 0x01, 0x07, 0x04,
    0x07, 0x4F, 0x0A, 0x0A, 0x06, 0x06, 0x00, 0x00, 0x16, 0x15, 0x0A, 0x14, 0x0A, 0x14, 0x13, 0x12,
    0x11, 0x10, 0x0F, 0x0E, 0x0C, 0x0B, 0x06, 0x09, 0x06, 0x09, 0x08, 0x07, 0x00, 0x05, 0x00, 0x05,
    0x0C, 0x09, 0x16, 0x2B, 0xB1, 0x06, 0x00, 0x44, 0x01, 0x11, 0x07, 0x35, 0x25, 0x11, 0x01, 0x01,
    0x33, 0x01, 0x25, 0x35, 0x21, 0x35, 0x01, 0x33, 0x11, 0x33, 0x15, 0x23, 0x15, 0x01, 0x21, 0x11,
    0x01, 0x1E, 0xD2, 0x01, 0x8B, 0xFE, 0xDC, 0x04, 0x49, 0x90, 0xFB, 0xB6, 0x03, 0xD7, 0xFE, 0x62,
    0x01, 0x98, 0xAB, 0x6C, 0x6C, 0xFE, 0x51, 0x01, 0x0A, 0x02, 0x5B, 0x02, 0xE0, 0x34, 0x7C, 0x63,
    0xFC, 0x75, 0xFD, 0x80, 0x06, 0x12, 0xF9, 0xEE, 0x25, 0xEA, 0x8B, 0x02, 0x03, 0xFD, 0xFF, 0x8D,
    0xEA, 0x01, 0x77, 0x01, 0x4E, 0x00, 0x00, 0x00, 0x00, 0x03, 0x00, 0x4C, 0xFF, 0xDB, 0x06, 0x4B,
    0x05, 0xED, 0x00, 0x1F, 0x00, 0x23, 0x00, 0x29, 0x00, 0x68, 0xB1, 0x06, 0x64, 0x44, 0x40, 0x5D,
    0x28, 0x27, 0x26, 0x25, 0x04, 0x01, 0x04, 0x0E, 0x01, 0x00, 0x01, 0x0D, 0x01, 0x06, 0x00, 0x03,
    0x4C, 0x01, 0x01, 0x02, 0x01, 0x4B, 0x00, 0x04, 0x01, 0x04, 0x85, 0x09, 0x01, 0x06, 0x00, 0x02,
    0x00, 0x06, 0x02, 0x80, 0x08, 0x01, 0x05, 0x03, 0x05, 0x86, 0x00, 0x01, 0x00, 0x00, 0x06, 0x01,
    0x00, 0x6A, 0x00, 0x02, 0x03, 0x03, 0x02, 0x57, 0x00, 0x02, 0x02, 0x03, 0x5F, 0x07, 0x01, 0x03,
    0x02, 0x03, 0x4F, 0x24, 0x24, 0x20, 0x20, 0x00, 0x00, 0x24, 0x29, 0x24, 0x29, 0x20, 0x23, 0x20,
    0x23, 0x22, 0x21, 0x00, 0x1F, 0x00, 0x1F, 0x1C, 0x23, 0x2A, 0x0A, 0x09, 0x19, 0x2B, 0xB1, 0x06,
    0x00, 0x44, 0x21, 0x35, 0x36, 0x36, 0x37, 0x3E, 0x03, 0x35, 0x34, 0x23, 0x22, 0x07, 0x35, 0x36,
    0x33, 0x32, 0x1E, 0x02, 0x15, 0x14, 0x0E, 0x02, 0x07, 0x07, 0x06, 0x07, 0x21, 0x15, 0x05, 0x01,
    0x33, 0x01, 0x13, 0x11, 0x07, 0x35, 0x25, 0x11, 0x03, 0xF7, 0x19, 0x34, 0x1B, 0x4D, 0x70, 0x48,
    0x23, 0x9E, 0x60, 0x84, 0x8B, 0x85, 0x45, 0x72, 0x52, 0x2D, 0x13, 0x2C, 0x48, 0x35, 0x3C, 0x7F,
    0x13, 0x01, 0x89, 0xFA, 0x3D, 0x04, 0x49, 0x90, 0xFB, 0xB6, 0x08, 0xD2, 0x01, 0x8B, 0x91, 0x23,
    0x3E, 0x1D, 0x49, 0x68, 0x54, 0x4D, 0x30, 0x87, 0x41, 0x85, 0x32, 0x23, 0x41, 0x5B, 0x37, 0x25,
    0x43, 0x44, 0x4A, 0x2B, 0x31, 0x68, 0x4D, 0x91, 0x25, 0x06, 0x12, 0xF9, 0xEE, 0x02, 0x80, 0x02,
    0xE0, 0x34, 0x7C, 0x63, 0xFC, 0x75, 0x00, 0x00, 0x00, 0x04, 0x00, 0x69, 0xFF, 0xDB, 0x06, 0x43,
    0x05, 0xED, 0x00, 0x20, 0x00, 0x2D, 0x00, 0x30, 0x00, 0x34, 0x00, 0x7E, 0xB1, 0x06, 0x64, 0x44,
    0x40, 0x73, 0x00, 0x01, 0x05, 0x00, 0x20, 0x01, 0x04, 0x05, 0x06, 0x01, 0x03, 0x04, 0x30, 0x10,
    0x02, 0x02, 0x07, 0x0F, 0x01, 0x01, 0x02, 0x24, 0x01, 0x06, 0x08, 0x06, 0x4C, 0x0F, 0x01, 0x0D,
    0x0A, 0x0D, 0x86, 0x0C, 0x01, 0x00, 0x00, 0x05, 0x04, 0x00, 0x05, 0x69, 0x00, 0x04, 0x00, 0x03,
    0x07, 0x04, 0x03, 0x69, 0x00, 0x07, 0x02, 0x0A, 0x07, 0x57, 0x00, 0x02, 0x00, 0x01, 0x08, 0x02,
    0x01, 0x69, 0x0B, 0x01, 0x08, 0x09, 0x01, 0x06, 0x0A, 0x08, 0x06, 0x68, 0x00, 0x07, 0x07, 0x0A,
    0x5F, 0x0E, 0x01, 0x0A, 0x07, 0x0A, 0x4F, 0x31, 0x31, 0x21, 0x21, 0x31, 0x34, 0x31, 0x34, 0x33,
    0x32, 0x2F, 0x2E, 0x21, 0x2D, 0x21, 0x2D, 0x2C, 0x2B, 0x11, 0x14, 0x13, 0x23, 0x21, 0x22, 0x23,
    0x29, 0x21, 0x10, 0x09, 0x1F, 0x2B, 0xB1, 0x06, 0x00, 0x44, 0x13, 0x36, 0x33, 0x20, 0x15, 0x14,
    0x07, 0x16, 0x15, 0x14, 0x0E, 0x02, 0x23, 0x22, 0x27, 0x35, 0x16, 0x33, 0x32, 0x35, 0x34, 0x21,
    0x23, 0x35, 0x33, 0x32, 0x35, 0x34, 0x26, 0x23, 0x22, 0x07, 0x01, 0x35, 0x21, 0x35, 0x36, 0x36,
    0x37, 0x33, 0x11, 0x33, 0x15, 0x23, 0x15, 0x01, 0x21, 0x11, 0x01, 0x01, 0x33, 0x01, 0x75, 0x81,
    0x75, 0x01, 0x2D, 0xC6, 0xE2, 0x2F, 0x59, 0x80, 0x51, 0x72, 0x80, 0x84, 0x5A, 0xAD, 0xFE, 0xFE,
    0x37, 0x2C, 0xF4, 0x4B, 0x48, 0x63, 0x70, 0x04, 0xBD, 0xFE, 0x63, 0x66, 0xCB, 0x66, 0xAB, 0x6C,
    0x6C, 0xFE, 0x51, 0x01, 0x0B, 0xFB, 0xDC, 0x04, 0x4A, 0x8F, 0xFB, 0xB7, 0x05, 0xBD, 0x29, 0xD5,
    0x9F, 0x3F, 0x33, 0xBD, 0x3D, 0x60, 0x42, 0x23, 0x1D, 0x88, 0x33, 0x92, 0xAE, 0x6E, 0x9C, 0x3C,
    0x3B, 0x32, 0xFA, 0xBE, 0xEA, 0x8B, 0x82, 0xFF, 0x82, 0xFD, 0xFF, 0x8D, 0xEA, 0x01, 0x77, 0x01,
    0x4E, 0xFD, 0x16, 0x06, 0x12, 0xF9, 0xEE, 0x00, 0x00, 0x02, 0x00, 0x9E, 0xFE, 0x63, 0x04, 0x3E,
    0x04, 0x44, 0x00, 0x03, 0x00, 0x22, 0x00, 0x40, 0x40, 0x3D, 0x11, 0x01, 0x02, 0x04, 0x12, 0x01,
    0x03, 0x02, 0x02, 0x4C, 0x06, 0x01, 0x04, 0x00, 0x02, 0x00, 0x04, 0x02, 0x80, 0x00, 0x00, 0x00,
    0x01, 0x5F, 0x05, 0x01, 0x01, 0x01, 0x3B, 0x4D, 0x00, 0x02, 0x02, 0x03, 0x62, 0x00, 0x03, 0x03,
    0x43, 0x03, 0x4E, 0x04, 0x04, 0x00, 0x00, 0x04, 0x22, 0x04, 0x22, 0x15, 0x13, 0x0F, 0x0D, 0x00,
    0x03, 0x00, 0x03, 0x11, 0x07, 0x09, 0x17, 0x2B, 0x01, 0x15, 0x21, 0x35, 0x13, 0x15, 0x14, 0x06,
    0x07, 0x07, 0x06, 0x06, 0x15, 0x14, 0x21, 0x32, 0x36, 0x37, 0x15, 0x06, 0x23, 0x20, 0x11, 0x34,
    0x3E, 0x02, 0x37, 0x37, 0x3E, 0x03, 0x35, 0x35, 0x03, 0x5D, 0xFE, 0xFF, 0xFC, 0x59, 0x5D, 0x5E,
    0x4B, 0x4C, 0x01, 0x0D, 0x62, 0xC1, 0x61, 0xCA, 0xD1, 0xFD, 0xFB, 0x1A, 0x39, 0x5A, 0x41, 0x3E,
    0x2E, 0x3A, 0x22, 0x0D, 0x04, 0x44, 0xDF, 0xDF, 0xFE, 0x62, 0x24, 0x68, 0xB7, 0x46, 0x47, 0x3D,
    0x84, 0x44, 0xC2, 0x28, 0x27, 0xC4, 0x37, 0x01, 0x5B, 0x34, 0x54, 0x4B, 0x47, 0x28, 0x26, 0x1C,
    0x36, 0x44, 0x5A, 0x41, 0x4F, 0x00, 0x00, 0x00, 0x00, 0x03, 0x00, 0x0F, 0x00, 0x00, 0x05, 0x7C,
    0x07, 0x8F, 0x00, 0x07, 0x00, 0x0A, 0x00, 0x0E, 0x00, 0x65, 0xB5, 0x0A, 0x01, 0x04, 0x00, 0x01,
    0x4C, 0x4B, 0xB0, 0x2A, 0x50, 0x58, 0x40, 0x1F, 0x00, 0x06, 0x05, 0x06, 0x85, 0x00, 0x05, 0x00,
    0x05, 0x85, 0x00, 0x04, 0x00, 0x02, 0x01, 0x04, 0x02, 0x68, 0x00, 0x00, 0x00, 0x38, 0x4D, 0x07,
    0x03, 0x02, 0x01, 0x01, 0x39, 0x01, 0x4E, 0x1B, 0x40, 0x1F, 0x00, 0x06, 0x05, 0x06, 0x85, 0x00,
    0x05, 0x00, 0x05, 0x85, 0x00, 0x00, 0x04, 0x00, 0x85, 0x00, 0x04, 0x00, 0x02, 0x01, 0x04, 0x02,
    0x68, 0x07, 0x03, 0x02, 0x01, 0x01, 0x3C, 0x01, 0x4E, 0x59, 0x40, 0x12, 0x00, 0x00, 0x0E, 0x0D,
    0x0C, 0x0B, 0x09, 0x08, 0x00, 0x07, 0x00, 0x07, 0x11, 0x11, 0x11, 0x08, 0x09, 0x19, 0x2B, 0x33,
    0x01, 0x21, 0x01, 0x21, 0x03, 0x21, 0x03, 0x13, 0x21, 0x03, 0x13, 0x23, 0x01, 0x33, 0x0F, 0x02,
    0x38, 0x01, 0x02, 0x02, 0x33, 0xFE, 0xF1, 0x98, 0xFD, 0xA5, 0x99, 0xDD, 0x01, 0xD4, 0xEA, 0xCA,
    0xAF, 0xFE, 0xBF, 0xFF, 0x05, 0xC8, 0xFA, 0x38, 0x01, 0x92, 0xFE, 0x6E, 0x02, 0x43, 0x02, 0x64,
    0x01, 0xA7, 0x01, 0x41, 0x00, 0x03, 0x00, 0x0F, 0x00, 0x00, 0x05, 0x7C, 0x07, 0x8F, 0x00, 0x07,
    0x00, 0x0A, 0x00, 0x0E, 0x00, 0x6B, 0xB5, 0x0A, 0x01, 0x04, 0x00, 0x01, 0x4C, 0x4B, 0xB0, 0x2A,
    0x50, 0x58, 0x40, 0x20, 0x00, 0x05, 0x06, 0x05, 0x85, 0x08, 0x01, 0x06, 0x00, 0x06, 0x85, 0x00,
    0x04, 0x00, 0x02, 0x01, 0x04, 0x02, 0x68, 0x00, 0x00, 0x00, 0x38, 0x4D, 0x07, 0x03, 0x02, 0x01,
    0x01, 0x39, 0x01, 0x4E, 0x1B, 0x40, 0x20, 0x00, 0x05, 0x06, 0x05, 0x85, 0x08, 0x01, 0x06, 0x00,
    0x06, 0x85, 0x00, 0x00, 0x04, 0x00, 0x85, 0x00, 0x04, 0x00, 0x02, 0x01, 0x04, 0x02, 0x68, 0x07,
    0x03, 0x02, 0x01, 0x01, 0x3C, 0x01, 0x4E, 0x59, 0x40, 0x16, 0x0B, 0x0B, 0x00, 0x00, 0x0B, 0x0E,
    0x0B, 0x0E, 0x0D, 0x0C, 0x09, 0x08, 0x00, 0x07, 0x00, 0x07, 0x11, 0x11, 0x11, 0x09, 0x09, 0x19,
    0x2B, 0x33, 0x01, 0x21, 0x01, 0x21, 0x03, 0x21, 0x03, 0x13, 0x21, 0x03, 0x03, 0x13, 0x33, 0x01,
    0x0F, 0x02, 0x38, 0x01, 0x02, 0x02, 0x33, 0xFE, 0xF1, 0x98, 0xFD, 0xA5, 0x99, 0xDD, 0x01, 0xD4,
    0xEA, 0x89, 0xF1, 0xFE, 0xFE, 0xBF, 0x05, 0xC8, 0xFA, 0x38, 0x01, 0x92, 0xFE, 0x6E, 0x02, 0x43,
    0x02, 0x64, 0x01, 0xA7, 0x01, 0x41, 0xFE, 0xBF, 0x00, 0x03, 0x00, 0x0F, 0x00, 0x00, 0x05, 0x7C,
    0x07, 0x8F, 0x00, 0x07, 0x00, 0x0A, 0x00, 0x12, 0x00, 0x74, 0x40, 0x0A, 0x10, 0x01, 0x06, 0x05,
    0x0A, 0x01, 0x04, 0x00, 0x02, 0x4C, 0x4B, 0xB0, 0x2A, 0x50, 0x58, 0x40, 0x21, 0x00, 0x05, 0x06,
    0x05, 0x85, 0x09, 0x07, 0x02, 0x06, 0x00, 0x06, 0x85, 0x00, 0x04, 0x00, 0x02, 0x01, 0x04, 0x02,
    0x68, 0x00, 0x00, 0x00, 0x38, 0x4D, 0x08, 0x03, 0x02, 0x01, 0x01, 0x39, 0x01, 0x4E, 0x1B, 0x40,
    0x21, 0x00, 0x05, 0x06, 0x05, 0x85, 0x09, 0x07, 0x02, 0x06, 0x00, 0x06, 0x85, 0x00, 0x00, 0x04,
    0x00, 0x85, 0x00, 0x04, 0x00, 0x02, 0x01, 0x04, 0x02, 0x68, 0x08, 0x03, 0x02, 0x01, 0x01, 0x3C,
    0x01, 0x4E, 0x59, 0x40, 0x18, 0x0B, 0x0B, 0x00, 0x00, 0x0B, 0x12, 0x0B, 0x12, 0x0F, 0x0E, 0x0D,
    0x0C, 0x09, 0x08, 0x00, 0x07, 0x00, 0x07, 0x11, 0x11, 0x11, 0x0A, 0x09, 0x19, 0x2B, 0x33, 0x01,
    0x21, 0x01, 0x21, 0x03, 0x21, 0x03, 0x13, 0x21, 0x03, 0x01, 0x13, 0x33, 0x13, 0x23, 0x27, 0x23,
    0x07, 0x0F, 0x02, 0x38, 0x01, 0x02, 0x02, 0x33, 0xFE, 0xF1, 0x98, 0xFD, 0xA5, 0x99, 0xDD, 0x01,
    0xD4, 0xEA, 0xFE, 0xB4, 0xF1, 0xF6, 0xF1, 0xA4, 0xC7, 0x02, 0xC7, 0x05, 0xC8, 0xFA, 0x38, 0x01,
    0x92, 0xFE, 0x6E, 0x02, 0x43, 0x02, 0x64, 0x01, 0xA7, 0x01, 0x41, 0xFE, 0xBF, 0xC7, 0xC7, 0x00,
    0x00, 0x03, 0x00, 0x0F, 0x00, 0x00, 0x05, 0x7C, 0x07, 0x77, 0x00, 0x09, 0x00, 0x0C, 0x00, 0x24,
    0x00, 0x86, 0xB5, 0x0C, 0x01, 0x04, 0x00, 0x01, 0x4C, 0x4B, 0xB0, 0x2A, 0x50, 0x58, 0x40, 0x28,
    0x07, 0x01, 0x05, 0x00, 0x09, 0x08, 0x05, 0x09, 0x69, 0x00, 0x06, 0x0C, 0x0A, 0x02, 0x08, 0x00,
    0x06, 0x08, 0x6A, 0x00, 0x04, 0x00, 0x02, 0x01, 0x04, 0x02, 0x68, 0x00, 0x00, 0x00, 0x38, 0x4D,
    0x0B, 0x03, 0x02, 0x01, 0x01, 0x39, 0x01, 0x4E, 0x1B, 0x40, 0x2B, 0x00, 0x00, 0x08, 0x04, 0x08,
    0x00, 0x04, 0x80, 0x07, 0x01, 0x05, 0x00, 0x09, 0x08, 0x05, 0x09, 0x69, 0x00, 0x06, 0x0C, 0x0A,
    0x02, 0x08, 0x00, 0x06, 0x08, 0x6A, 0x00, 0x04, 0x00, 0x02, 0x01, 0x04, 0x02, 0x68, 0x0B, 0x03,
    0x02, 0x01, 0x01, 0x3C, 0x01, 0x4E, 0x59, 0x40, 0x1E, 0x0D, 0x0D, 0x00, 0x00, 0x0D, 0x24, 0x0D,
    0x24, 0x23, 0x21, 0x1B, 0x19, 0x18, 0x17, 0x16, 0x14, 0x10, 0x0E, 0x0B, 0x0A, 0x00, 0x09, 0x00,
    0x09, 0x13, 0x11, 0x11, 0x0D, 0x09, 0x19, 0x2B, 0x33, 0x01, 0x21, 0x01, 0x21, 0x26, 0x26, 0x27,
    0x21, 0x03, 0x13, 0x21, 0x03, 0x01, 0x12, 0x33, 0x32, 0x16, 0x17, 0x16, 0x16, 0x33, 0x32, 0x37,
    0x33, 0x02, 0x23, 0x22, 0x27, 0x27, 0x2E, 0x03, 0x23, 0x22, 0x07, 0x0F, 0x02, 0x38, 0x01, 0x02,
    0x02, 0x33, 0xFE, 0xF1, 0x26, 0x4C, 0x26, 0xFD, 0xA5, 0x99, 0xDD, 0x01, 0xD4, 0xEA, 0xFE, 0xCA,
    0x06, 0xBB, 0x28, 0x40, 0x24, 0x39, 0x41, 0x16, 0x43, 0x05, 0x87, 0x04, 0xBD, 0x46, 0x3C, 0x0A,
    0x20, 0x2B, 0x1F, 0x18, 0x0D, 0x45, 0x04, 0x05, 0xC8, 0xFA, 0x38, 0x65, 0xC8, 0x65, 0xFE, 0x6E,
    0x02, 0x43, 0x02, 0x64, 0x01, 0xBB, 0x01, 0x15, 0x18, 0x17, 0x24, 0x28, 0x7B, 0xFE, 0xEB, 0x29,
    0x06, 0x12, 0x1C, 0x13, 0x0B, 0x7B, 0x00, 0x00, 0x00, 0x04, 0x00, 0x0F, 0x00, 0x00, 0x05, 0x7C,
    0x07, 0x27, 0x00, 0x07, 0x00, 0x0A, 0x00, 0x0E, 0x00, 0x12, 0x00, 0x78, 0xB5, 0x0A, 0x01, 0x04,
    0x00, 0x01, 0x4C, 0x4B, 0xB0, 0x2A, 0x50, 0x58, 0x40, 0x21, 0x07, 0x01, 0x05, 0x0B, 0x08, 0x0A,
    0x03, 0x06, 0x00, 0x05, 0x06, 0x67, 0x00, 0x04, 0x00, 0x02, 0x01, 0x04, 0x02, 0x68, 0x00, 0x00,
    0x00, 0x38, 0x4D, 0x09, 0x03, 0x02, 0x01, 0x01, 0x39, 0x01, 0x4E, 0x1B, 0x40, 0x24, 0x00, 0x00,
    0x06, 0x04, 0x06, 0x00, 0x04, 0x80, 0x07, 0x01, 0x05, 0x0B, 0x08, 0x0A, 0x03, 0x06, 0x00, 0x05,
    0x06, 0x67, 0x00, 0x04, 0x00, 0x02, 0x01, 0x04, 0x02, 0x68, 0x09, 0x03, 0x02, 0x01, 0x01, 0x3C,
    0x01, 0x4E, 0x59, 0x40, 0x1E, 0x0F, 0x0F, 0x0B, 0x0B, 0x00, 0x00, 0x0F, 0x12, 0x0F, 0x12, 0x11,
    0x10, 0x0B, 0x0E, 0x0B, 0x0E, 0x0D, 0x0C, 0x09, 0x08, 0x00, 0x07, 0x00, 0x07, 0x11, 0x11, 0x11,
    0x0C, 0x09, 0x19, 0x2B, 0x33, 0x01, 0x21, 0x01, 0x21, 0x03, 0x21, 0x03, 0x13, 0x21, 0x03, 0x01,
    0x35, 0x33, 0x15, 0x33, 0x35, 0x33, 0x15, 0x0F, 0x02, 0x38, 0x01, 0x02, 0x02, 0x33, 0xFE, 0xF1,
    0x98, 0xFD, 0xA5, 0x99, 0xDD, 0x01, 0xD4, 0xEA, 0xFE, 0xF2, 0xC5, 0xD2, 0xC6, 0x05, 0xC8, 0xFA,
    0x38, 0x01, 0x92, 0xFE, 0x6E, 0x02, 0x43, 0x02, 0x64, 0x01, 0xBB, 0xC5, 0xC5, 0xC5, 0xC5, 0x00,
    0x00, 0x03, 0x00, 0x0F, 0x00, 0x00, 0x05, 0x7C, 0x07, 0x8F, 0x00, 0x18, 0x00, 0x1B, 0x00, 0x2B,
    0x00, 0x78, 0xB5, 0x1B, 0x01, 0x06, 0x00, 0x01, 0x4C, 0x4B, 0xB0, 0x2A, 0x50, 0x58, 0x40, 0x24,
    0x00, 0x01, 0x00, 0x08, 0x07, 0x01, 0x08, 0x69, 0x00, 0x06, 0x00, 0x04, 0x03, 0x06, 0x04, 0x68,
    0x0A, 0x01, 0x07, 0x07, 0x3A, 0x4D, 0x02, 0x01, 0x00, 0x00, 0x38, 0x4D, 0x09, 0x05, 0x02, 0x03,
    0x03, 0x39, 0x03, 0x4E, 0x1B, 0x40, 0x27, 0x02, 0x01, 0x00, 0x07, 0x06, 0x07, 0x00, 0x06, 0x80,
    0x00, 0x01, 0x00, 0x08, 0x07, 0x01, 0x08, 0x69, 0x00, 0x06, 0x00, 0x04, 0x03, 0x06, 0x04, 0x68,
    0x0A, 0x01, 0x07, 0x07, 0x3A, 0x4D, 0x09, 0x05, 0x02, 0x03, 0x03, 0x3C, 0x03, 0x4E, 0x59, 0x40,
    0x18, 0x1D, 0x1C, 0x00, 0x00, 0x25, 0x23, 0x1C, 0x2B, 0x1D, 0x2B, 0x1A, 0x19, 0x00, 0x18, 0x00,
    0x18, 0x11, 0x11, 0x17, 0x27, 0x11, 0x0B, 0x09, 0x1B, 0x2B, 0x33, 0x01, 0x33, 0x26, 0x27, 0x26,
    0x35, 0x34, 0x37, 0x36, 0x33, 0x32, 0x17, 0x16, 0x15, 0x14, 0x07, 0x06, 0x07, 0x33, 0x01, 0x21,
    0x03, 0x21, 0x03, 0x13, 0x21, 0x03, 0x13, 0x32, 0x37, 0x36, 0x35, 0x34, 0x27, 0x26, 0x23, 0x22,
    0x07, 0x06, 0x15, 0x14, 0x17, 0x16, 0x0F, 0x02, 0x38, 0x4A, 0x3C, 0x2E, 0x43, 0x43, 0x43, 0x61,
    0x60, 0x42, 0x44, 0x44, 0x2E, 0x3F, 0x49, 0x02, 0x33, 0xFE, 0xF1, 0x98, 0xFD, 0xA5, 0x99, 0xDD,
    0x01, 0xD4, 0xEA, 0x21, 0x38, 0x27, 0x27, 0x27, 0x28, 0x35, 0x36, 0x28, 0x26, 0x26, 0x25, 0x05,
    0xC8, 0x0E, 0x2F, 0x44, 0x5F, 0x60, 0x43, 0x44, 0x43, 0x43, 0x60, 0x63, 0x41, 0x2F, 0x0E, 0xFA,
    0x38, 0x01, 0x92, 0xFE, 0x6E, 0x02, 0x43, 0x02, 0x64, 0x01, 0x7D, 0x27, 0x25, 0x39, 0x36, 0x27,
    0x26, 0x26, 0x28, 0x35, 0x36, 0x28, 0x27, 0x00, 0x00, 0x02, 0x00, 0x0F, 0x00, 0x00, 0x07, 0xC4,
    0x05, 0xC8, 0x00, 0x0F, 0x00, 0x12, 0x00, 0x73, 0xB5, 0x12, 0x01, 0x02, 0x01, 0x01, 0x4C, 0x4B,
    0xB0, 0x2A, 0x50, 0x58, 0x40, 0x27, 0x00, 0x02, 0x00, 0x03, 0x08, 0x02, 0x03, 0x67, 0x00, 0x08,
    0x00, 0x06, 0x04, 0x08, 0x06, 0x67, 0x00, 0x01, 0x01, 0x00, 0x5F, 0x00, 0x00, 0x00, 0x38, 0x4D,
    0x00, 0x04, 0x04, 0x05, 0x5F, 0x09, 0x07, 0x02, 0x05, 0x05, 0x39, 0x05, 0x4E, 0x1B, 0x40, 0x25,
    0x00, 0x00, 0x00, 0x01, 0x02, 0x00, 0x01, 0x67, 0x00, 0x02, 0x00, 0x03, 0x08, 0x02, 0x03, 0x67,
    0x00, 0x08, 0x00, 0x06, 0x04, 0x08, 0x06, 0x67, 0x00, 0x04, 0x04, 0x05, 0x5F, 0x09, 0x07, 0x02,
    0x05, 0x05, 0x3C, 0x05, 0x4E, 0x59, 0x40, 0x12, 0x00, 0x00, 0x11, 0x10, 0x00, 0x0F, 0x00, 0x0F,
    0x11, 0x11, 0x11, 0x11, 0x11, 0x11, 0x11, 0x0A, 0x09, 0x1D, 0x2B, 0x33, 0x01, 0x21, 0x15, 0x21,
    0x11, 0x21, 0x15, 0x21, 0x11, 0x21, 0x15, 0x21, 0x11, 0x21, 0x03, 0x01, 0x21, 0x11, 0x0F, 0x03,
    0x96, 0x03, 0xF2, 0xFD, 0x43, 0x02, 0x53, 0xFD, 0xAD, 0x02, 0xEA, 0xFC, 0x19, 0xFE, 0x10, 0xF7,
    0x01, 0x62, 0x01, 0x85, 0x05, 0xC8, 0xB4, 0xFE, 0x44, 0xB4, 0xFE, 0x13, 0xB7, 0x01, 0x8E, 0xFE,
    0x72, 0x02, 0x3B, 0x02, 0x73, 0x00, 0x00, 0x00, 0x00, 0x01, 0x00, 0x62, 0xFE, 0x50, 0x05, 0x63,
    0x05, 0xED, 0x00, 0x32, 0x00, 0xF8, 0x40, 0x18, 0x27, 0x01, 0x06, 0x05, 0x32, 0x28, 0x02, 0x07,
    0x06, 0x1A, 0x00, 0x02, 0x00, 0x07, 0x11, 0x01, 0x03, 0x04, 0x10, 0x01, 0x02, 0x03, 0x05, 0x4C,
    0x4B, 0xB0, 0x0C, 0x50, 0x58, 0x40, 0x2C, 0x00, 0x01, 0x00, 0x04, 0x03, 0x01, 0x72, 0x00, 0x04,
    0x03, 0x00, 0x04, 0x70, 0x00, 0x06, 0x06, 0x05, 0x61, 0x00, 0x05, 0x05, 0x3E, 0x4D, 0x00, 0x07,
    0x07, 0x00, 0x61, 0x00, 0x00, 0x00, 0x3F, 0x4D, 0x00, 0x03, 0x03, 0x02, 0x62, 0x00, 0x02, 0x02,
    0x43, 0x02, 0x4E, 0x1B, 0x4B, 0xB0, 0x12, 0x50, 0x58, 0x40, 0x2D, 0x00, 0x01, 0x00, 0x04, 0x00,
    0x01, 0x04, 0x80, 0x00, 0x04, 0x03, 0x00, 0x04, 0x70, 0x00, 0x06, 0x06, 0x05, 0x61, 0x00, 0x05,
    0x05, 0x3E, 0x4D, 0x00, 0x07, 0x07, 0x00, 0x61, 0x00, 0x00, 0x00, 0x3F, 0x4D, 0x00, 0x03, 0x03,
    0x02, 0x62, 0x00, 0x02, 0x02, 0x43, 0x02, 0x4E, 0x1B, 0x4B, 0xB0, 0x2A, 0x50, 0x58, 0x40, 0x2E,
    0x00, 0x01, 0x00, 0x04, 0x00, 0x01, 0x04, 0x80, 0x00, 0x04, 0x03, 0x00, 0x04, 0x03, 0x7E, 0x00,
    0x06, 0x06, 0x05, 0x61, 0x00, 0x05, 0x05, 0x3E, 0x4D, 0x00, 0x07, 0x07, 0x00, 0x61, 0x00, 0x00,
    0x00, 0x3F, 0x4D, 0x00, 0x03, 0x03, 0x02, 0x62, 0x00, 0x02, 0x02, 0x43, 0x02, 0x4E, 0x1B, 0x40,
    0x2C, 0x00, 0x01, 0x00, 0x04, 0x00, 0x01, 0x04, 0x80, 0x00, 0x04, 0x03, 0x00, 0x04, 0x03, 0x7E,
    0x00, 0x05, 0x00, 0x06, 0x07, 0x05, 0x06, 0x69, 0x00, 0x07, 0x07, 0x00, 0x61, 0x00, 0x00, 0x00,
    0x42, 0x4D, 0x00, 0x03, 0x03, 0x02, 0x62, 0x00, 0x02, 0x02, 0x43, 0x02, 0x4E, 0x59, 0x59, 0x59,
    0x40, 0x0B, 0x24, 0x24, 0x2A, 0x14, 0x23, 0x28, 0x11, 0x12, 0x08, 0x09, 0x1E, 0x2B, 0x25, 0x06,
    0x04, 0x23, 0x07, 0x1E, 0x03, 0x15, 0x14, 0x0E, 0x02, 0x23, 0x22, 0x27, 0x35, 0x16, 0x33, 0x32,
    0x36, 0x35, 0x34, 0x26, 0x23, 0x37, 0x2E, 0x02, 0x02, 0x35, 0x34, 0x12, 0x36, 0x24, 0x33, 0x32,
    0x16, 0x17, 0x15, 0x24, 0x23, 0x20, 0x00, 0x11, 0x10, 0x00, 0x21, 0x32, 0x37, 0x05, 0x63, 0x70,
    0xFF, 0x00, 0x95, 0x2D, 0x2F, 0x4F, 0x38, 0x1F, 0x24, 0x3E, 0x52, 0x2D, 0x4A, 0x5D, 0x3A, 0x36,
    0x3A, 0x30, 0x64, 0x5F, 0x58, 0x9F, 0xF4, 0xA4, 0x54, 0x65, 0xC6, 0x01, 0x25, 0xC0, 0x76, 0xF3,
    0x80, 0xFE, 0xDC, 0xBB, 0xFF, 0x00, 0xFE, 0xFA, 0x01, 0x15, 0x01, 0x0B, 0xE4, 0xE9, 0x43, 0x36,
    0x32, 0x4A, 0x03, 0x1B, 0x2A, 0x37, 0x1E, 0x23, 0x3C, 0x2C, 0x19, 0x1A, 0x56, 0x0F, 0x23, 0x1F,
    0x28, 0x33, 0x93, 0x0F, 0x73, 0xC3, 0x01, 0x11, 0xAC, 0xBE, 0x01, 0x22, 0xC5, 0x65, 0x1F, 0x1E,
    0xDB, 0x64, 0xFE, 0xD2, 0xFE, 0xD9, 0xFE, 0xE2, 0xFE, 0xD1, 0x78, 0x00, 0x00, 0x02, 0x00, 0xB5,
    0x00, 0x00, 0x05, 0x1A, 0x07, 0x8F, 0x00, 0x0B, 0x00, 0x0F, 0x00, 0x6E, 0x4B, 0xB0, 0x2A, 0x50,
    0x58, 0x40, 0x28, 0x00, 0x07, 0x06, 0x07, 0x85, 0x00, 0x06, 0x00, 0x06, 0x85, 0x00, 0x02, 0x00,
    0x03, 0x04, 0x02, 0x03, 0x67, 0x00, 0x01, 0x01, 0x00, 0x5F, 0x00, 0x00, 0x00, 0x38, 0x4D, 0x00,
    0x04, 0x04, 0x05, 0x5F, 0x08, 0x01, 0x05, 0x05, 0x39, 0x05, 0x4E, 0x1B, 0x40, 0x26, 0x00, 0x07,
    0x06, 0x07, 0x85, 0x00, 0x06, 0x00, 0x06, 0x85, 0x00, 0x00, 0x00, 0x01, 0x02, 0x00, 0x01, 0x68,
    0x00, 0x02, 0x00, 0x03, 0x04, 0x02, 0x03, 0x67, 0x00, 0x04, 0x04, 0x05, 0x5F, 0x08, 0x01, 0x05,
    0x05, 0x3C, 0x05, 0x4E, 0x59, 0x40, 0x12, 0x00, 0x00, 0x0F, 0x0E, 0x0D, 0x0C, 0x00, 0x0B, 0x00,
    0x0B, 0x11, 0x11, 0x11, 0x11, 0x11, 0x09, 0x09, 0x1B, 0x2B, 0x33, 0x11, 0x21, 0x15, 0x21, 0x11,
    0x21, 0x15, 0x21, 0x11, 0x21, 0x15, 0x01, 0x23, 0x01, 0x33, 0xB5, 0x04, 0x38, 0xFC, 0xCB, 0x02,
    0xCC, 0xFD, 0x34, 0x03, 0x62, 0xFE, 0x64, 0xAF, 0xFE, 0xBF, 0xFF, 0x05, 0xC8, 0xB4, 0xFE, 0x44,
    0xB1, 0xFE, 0x10, 0xB7, 0x06, 0x4E, 0x01, 0x41, 0x00, 0x02, 0x00, 0xB5, 0x00, 0x00, 0x05, 0x1A,
    0x07, 0x8F, 0x00, 0x0B, 0x00, 0x0F, 0x00, 0x74, 0x4B, 0xB0, 0x2A, 0x50, 0x58, 0x40, 0x29, 0x00,
    0x06, 0x07, 0x06, 0x85, 0x09, 0x01, 0x07, 0x00, 0x07, 0x85, 0x00, 0x02, 0x00, 0x03, 0x04, 0x02,
    0x03, 0x67, 0x00, 0x01, 0x01, 0x00, 0x5F, 0x00, 0x00, 0x00, 0x38, 0x4D, 0x00, 0x04, 0x04, 0x05,
    0x5F, 0x08, 0x01, 0x05, 0x05, 0x39, 0x05, 0x4E, 0x1B, 0x40, 0x27, 0x00, 0x06, 0x07, 0x06, 0x85,
    0x09, 0x01, 0x07, 0x00, 0x07, 0x85, 0x00, 0x00, 0x00, 0x01, 0x02, 0x00, 0x01, 0x68, 0x00, 0x02,
    0x00, 0x03, 0x04, 0x02, 0x03, 0x67, 0x00, 0x04, 0x04, 0x05, 0x5F, 0x08, 0x01, 0x05, 0x05, 0x3C,
    0x05, 0x4E, 0x59, 0x40, 0x16, 0x0C, 0x0C, 0x00, 0x00, 0x0C, 0x0F, 0x0C, 0x0F, 0x0E, 0x0D, 0x00,
    0x0B, 0x00, 0x0B, 0x11, 0x11, 0x11, 0x11, 0x11, 0x0A, 0x09, 0x1B, 0x2B, 0x33, 0x11, 0x21, 0x15,
    0x21, 0x11, 0x21, 0x15, 0x21, 0x11, 0x21, 0x15, 0x01, 0x13, 0x33, 0x01, 0xB5, 0x04, 0x38, 0xFC,
    0xCB, 0x02, 0xCC, 0xFD, 0x34, 0x03, 0x62, 0xFD, 0x26, 0xF1, 0xFE, 0xFE, 0xBF, 0x05, 0xC8, 0xB4,
    0xFE, 0x44, 0xB1, 0xFE, 0x10, 0xB7, 0x06, 0x4E, 0x01, 0x41, 0xFE, 0xBF, 0x00, 0x02, 0x00, 0xB5,
    0x00, 0x00, 0x05, 0x1A, 0x07, 0x8F, 0x00, 0x0B, 0x00, 0x13, 0x00, 0x7F, 0xB5, 0x11, 0x01, 0x07,
    0x06, 0x01, 0x4C, 0x4B, 0xB0, 0x2A, 0x50, 0x58, 0x40, 0x2A, 0x00, 0x06, 0x07, 0x06, 0x85, 0x0A,
    0x08, 0x02, 0x07, 0x00, 0x07, 0x85, 0x00, 0x02, 0x00, 0x03, 0x04, 0x02, 0x03, 0x67, 0x00, 0x01,
    0x01, 0x00, 0x5F, 0x00, 0x00, 0x00, 0x38, 0x4D, 0x00, 0x04, 0x04, 0x05, 0x5F, 0x09, 0x01, 0x05,
    0x05, 0x39, 0x05, 0x4E, 0x1B, 0x40, 0x28, 0x00, 0x06, 0x07, 0x06, 0x85, 0x0A, 0x08, 0x02, 0x07,
    0x00, 0x07, 0x85, 0x00, 0x00, 0x00, 0x01, 0x02, 0x00, 0x01, 0x68, 0x00, 0x02, 0x00, 0x03, 0x04,
    0x02, 0x03, 0x67, 0x00, 0x04, 0x04, 0x05, 0x5F, 0x09, 0x01, 0x05, 0x05, 0x3C, 0x05, 0x4E, 0x59,
    0x40, 0x18, 0x0C, 0x0C, 0x00, 0x00, 0x0C, 0x13, 0x0C, 0x13, 0x10, 0x0F, 0x0E, 0x0D, 0x00, 0x0B,
    0x00, 0x0B, 0x11, 0x11, 0x11, 0x11, 0x11, 0x0B, 0x09, 0x1B, 0x2B, 0x33, 0x11, 0x21, 0x15, 0x21,
    0x11, 0x21, 0x15, 0x21, 0x11, 0x21, 0x15, 0x01, 0x13, 0x33, 0x13, 0x23, 0x27, 0x23, 0x07, 0xB5,
    0x04, 0x38, 0xFC, 0xCB, 0x02, 0xCC, 0xFD, 0x34, 0x03, 0x62, 0xFC, 0x5D, 0xF1, 0xF5, 0xF1, 0xA3,
    0xC7, 0x03, 0xC7, 0x05, 0xC8, 0xB4, 0xFE, 0x44, 0xB1, 0xFE, 0x10, 0xB7, 0x06, 0x4E, 0x01, 0x41,
    0xFE, 0xBF, 0xC7, 0xC7, 0x00, 0x03, 0x00, 0xB5, 0x00, 0x00, 0x05, 0x1A, 0x07, 0x27, 0x00, 0x0B,
    0x00, 0x0F, 0x00, 0x13, 0x00, 0x7E, 0x4B, 0xB0, 0x2A, 0x50, 0x58, 0x40, 0x2A, 0x08, 0x01, 0x06,
    0x0C, 0x09, 0x0B, 0x03, 0x07, 0x00, 0x06, 0x07, 0x67, 0x00, 0x02, 0x00, 0x03, 0x04, 0x02, 0x03,
    0x67, 0x00, 0x01, 0x01, 0x00, 0x5F, 0x00, 0x00, 0x00, 0x38, 0x4D, 0x00, 0x04, 0x04, 0x05, 0x5F,
    0x0A, 0x01, 0x05, 0x05, 0x39, 0x05, 0x4E, 0x1B, 0x40, 0x28, 0x08, 0x01, 0x06, 0x0C, 0x09, 0x0B,
    0x03, 0x07, 0x00, 0x06, 0x07, 0x67, 0x00, 0x00, 0x00, 0x01, 0x02, 0x00, 0x01, 0x67, 0x00, 0x02,
    0x00, 0x03, 0x04, 0x02, 0x03, 0x67, 0x00, 0x04, 0x04, 0x05, 0x5F, 0x0A, 0x01, 0x05, 0x05, 0x3C,
    0x05, 0x4E, 0x59, 0x40, 0x1E, 0x10, 0x10, 0x0C, 0x0C, 0x00, 0x00, 0x10, 0x13, 0x10, 0x13, 0x12,
    0x11, 0x0C, 0x0F, 0x0C, 0x0F, 0x0E, 0x0D, 0x00, 0x0B, 0x00, 0x0B, 0x11, 0x11, 0x11, 0x11, 0x11,
    0x0D, 0x09, 0x1B, 0x2B, 0x33, 0x11, 0x21, 0x15, 0x21, 0x11, 0x21, 0x15, 0x21, 0x11, 0x21, 0x15,
    0x01, 0x35, 0x33, 0x15, 0x33, 0x35, 0x33, 0x15, 0xB5, 0x04, 0x38, 0xFC, 0xCB, 0x02, 0xCC, 0xFD,
    0x34, 0x03, 0x62, 0xFC, 0x87, 0xC5, 0xDC, 0xC6, 0x05, 0xC8, 0xB4, 0xFE, 0x44, 0xB1, 0xFE, 0x10,
    0xB7, 0x06, 0x62, 0xC5, 0xC5, 0xC5, 0xC5, 0x00, 0x00, 0x02, 0x00, 0x6E, 0x00, 0x00, 0x02, 0xF8,
    0x07, 0x8F, 0x00, 0x03, 0x00, 0x0F, 0x00, 0x60, 0x4B, 0xB0, 0x2A, 0x50, 0x58, 0x40, 0x22, 0x00,
    0x01, 0x00, 0x01, 0x85, 0x00, 0x00, 0x04, 0x00, 0x85, 0x05, 0x01, 0x03, 0x03, 0x04, 0x5F, 0x00,
    0x04, 0x04, 0x38, 0x4D, 0x06, 0x01, 0x02, 0x02, 0x07, 0x5F, 0x08, 0x01, 0x07, 0x07, 0x39, 0x07,
    0x4E, 0x1B, 0x40, 0x20, 0x00, 0x01, 0x00, 0x01, 0x85, 0x00, 0x00, 0x04, 0x00, 0x85, 0x00, 0x04,
    0x05, 0x01, 0x03, 0x02, 0x04, 0x03, 0x68, 0x06, 0x01, 0x02, 0x02, 0x07, 0x5F, 0x08, 0x01, 0x07,
    0x07, 0x3C, 0x07, 0x4E, 0x59, 0x40, 0x10, 0x04, 0x04, 0x04, 0x0F, 0x04, 0x0F, 0x11, 0x11, 0x11,
    0x11, 0x12, 0x11, 0x10, 0x09, 0x09, 0x1D, 0x2B, 0x01, 0x23, 0x01, 0x33, 0x03, 0x35, 0x33, 0x11,
    0x23, 0x35, 0x21, 0x15, 0x23, 0x11, 0x33, 0x15, 0x02, 0x5D, 0xAE, 0xFE, 0xBF, 0xFE, 0xFC, 0xC3,
    0xC3, 0x02, 0x88, 0xC3, 0xC3, 0x06, 0x4E, 0x01, 0x41, 0xF8, 0x71, 0xB7, 0x04, 0x59, 0xB8, 0xB8,
    0xFB, 0xA7, 0xB7, 0x00, 0x00, 0x02, 0x00, 0x70, 0x00, 0x00, 0x02, 0xFA, 0x07, 0x8F, 0x00, 0x03,
    0x00, 0x0F, 0x00, 0x6C, 0x4B, 0xB0, 0x2A, 0x50, 0x58, 0x40, 0x23, 0x00, 0x00, 0x01, 0x00, 0x85,
    0x08, 0x01, 0x01, 0x04, 0x01, 0x85, 0x05, 0x01, 0x03, 0x03, 0x04, 0x5F, 0x00, 0x04, 0x04, 0x38,
    0x4D, 0x06, 0x01, 0x02, 0x02, 0x07, 0x5F, 0x09, 0x01, 0x07, 0x07, 0x39, 0x07, 0x4E, 0x1B, 0x40,
    0x21, 0x00, 0x00, 0x01, 0x00, 0x85, 0x08, 0x01, 0x01, 0x04, 0x01, 0x85, 0x00, 0x04, 0x05, 0x01,
    0x03, 0x02, 0x04, 0x03, 0x68, 0x06, 0x01, 0x02, 0x02, 0x07, 0x5F, 0x09, 0x01, 0x07, 0x07, 0x3C,
    0x07, 0x4E, 0x59, 0x40, 0x1A, 0x04, 0x04, 0x00, 0x00, 0x04, 0x0F, 0x04, 0x0F, 0x0E, 0x0D, 0x0C,
    0x0B, 0x0A, 0x09, 0x08, 0x07, 0x06, 0x05, 0x00, 0x03, 0x00, 0x03, 0x11, 0x0A, 0x09, 0x17, 0x2B,
    0x01, 0x13, 0x33, 0x01, 0x01, 0x35, 0x33, 0x11, 0x23, 0x35, 0x21, 0x15, 0x23, 0x11, 0x33, 0x15,
    0x01, 0x0A, 0xF1, 0xFF, 0xFE, 0xBF, 0xFE, 0xB7, 0xC3, 0xC3, 0x02, 0x88, 0xC3, 0xC3, 0x06, 0x4E,
    0x01, 0x41, 0xFE, 0xBF, 0xF9, 0xB2, 0xB7, 0x04, 0x59, 0xB8, 0xB8, 0xFB, 0xA7, 0xB7, 0x00, 0x00,
    0x00, 0x02, 0x00, 0x48, 0x00, 0x00, 0x03, 0x20, 0x07, 0x8F, 0x00, 0x07, 0x00, 0x13, 0x00, 0x76,
    0xB5, 0x05, 0x01, 0x01, 0x00, 0x01, 0x4C, 0x4B, 0xB0, 0x2A, 0x50, 0x58, 0x40, 0x24, 0x00, 0x00,
    0x01, 0x00, 0x85, 0x09, 0x02, 0x02, 0x01, 0x05, 0x01, 0x85, 0x06, 0x01, 0x04, 0x04, 0x05, 0x5F,
    0x00, 0x05, 0x05, 0x38, 0x4D, 0x07, 0x01, 0x03, 0x03, 0x08, 0x5F, 0x0A, 0x01, 0x08, 0x08, 0x39,
    0x08, 0x4E, 0x1B, 0x40, 0x22, 0x00, 0x00, 0x01, 0x00, 0x85, 0x09, 0x02, 0x02, 0x01, 0x05, 0x01,
    0x85, 0x00, 0x05, 0x06, 0x01, 0x04, 0x03, 0x05, 0x04, 0x67, 0x07, 0x01, 0x03, 0x03, 0x08, 0x5F,
    0x0A, 0x01, 0x08, 0x08, 0x3C, 0x08, 0x4E, 0x59, 0x40, 0x1B, 0x08, 0x08, 0x00, 0x00, 0x08, 0x13,
    0x08, 0x13, 0x12, 0x11, 0x10, 0x0F, 0x0E, 0x0D, 0x0C, 0x0B, 0x0A, 0x09, 0x00, 0x07, 0x00, 0x07,
    0x11, 0x11, 0x0B, 0x09, 0x18, 0x2B, 0x13, 0x13, 0x33, 0x13, 0x23, 0x27, 0x23, 0x07, 0x03, 0x35,
    0x33, 0x11, 0x23, 0x35, 0x21, 0x15, 0x23, 0x11, 0x33, 0x15, 0x48, 0xF1, 0xF6, 0xF1, 0xA4, 0xC7,
    0x02, 0xC7, 0x7C, 0xC3, 0xC3, 0x02, 0x88, 0xC3, 0xC3, 0x06, 0x4E, 0x01, 0x41, 0xFE, 0xBF, 0xC7,
    0xC7, 0xF9, 0xB2, 0xB7, 0x04, 0x59, 0xB8, 0xB8, 0xFB, 0xA7, 0xB7, 0x00, 0x00, 0x03, 0x00, 0x70,
    0x00, 0x00, 0x02, 0xF8, 0x07, 0x27, 0x00, 0x03, 0x00, 0x07, 0x00, 0x13, 0x00, 0x76, 0x4B, 0xB0,
    0x2A, 0x50, 0x58, 0x40, 0x24, 0x02, 0x01, 0x00, 0x0B, 0x03, 0x0A, 0x03, 0x01, 0x06, 0x00, 0x01,
    0x67, 0x07, 0x01, 0x05, 0x05, 0x06, 0x5F, 0x00, 0x06, 0x06, 0x38, 0x4D, 0x08, 0x01, 0x04, 0x04,
    0x09, 0x5F, 0x0C, 0x01, 0x09, 0x09, 0x39, 0x09, 0x4E, 0x1B, 0x40, 0x22, 0x02, 0x01, 0x00, 0x0B,
    0x03, 0x0A, 0x03, 0x01, 0x06, 0x00, 0x01, 0x67, 0x00, 0x06, 0x07, 0x01, 0x05, 0x04, 0x06, 0x05,
    0x67, 0x08, 0x01, 0x04, 0x04, 0x09, 0x5F, 0x0C, 0x01, 0x09, 0x09, 0x3C, 0x09, 0x4E, 0x59, 0x40,
    0x22, 0x08, 0x08, 0x04, 0x04, 0x00, 0x00, 0x08, 0x13, 0x08, 0x13, 0x12, 0x11, 0x10, 0x0F, 0x0E,
    0x0D, 0x0C, 0x0B, 0x0A, 0x09, 0x04, 0x07, 0x04, 0x07, 0x06, 0x05, 0x00, 0x03, 0x00, 0x03, 0x11,
    0x0D, 0x09, 0x17, 0x2B, 0x13, 0x35, 0x33, 0x15, 0x33, 0x35, 0x33, 0x15, 0x01, 0x35, 0x33, 0x11,
    0x23, 0x35, 0x21, 0x15, 0x23, 0x11, 0x33, 0x15, 0x7E, 0xC5, 0xDC, 0xC6, 0xFD, 0x8B, 0xC3, 0xC3,
    0x02, 0x88, 0xC3, 0xC3, 0x06, 0x62, 0xC5, 0xC5, 0xC5, 0xC5, 0xF9, 0x9E, 0xB7, 0x04, 0x59, 0xB8,
    0xB8, 0xFB, 0xA7, 0xB7, 0x00, 0x02, 0x00, 0x07, 0x00, 0x00, 0x05, 0x75, 0x05, 0xC8, 0x00, 0x0E,
    0x00, 0x22, 0x00, 0x60, 0x4B, 0xB0, 0x2A, 0x50, 0x58, 0x40, 0x20, 0x06, 0x01, 0x01, 0x07, 0x01,
    0x00, 0x04, 0x01, 0x00, 0x67, 0x00, 0x05, 0x05, 0x02, 0x5F, 0x00, 0x02, 0x02, 0x38, 0x4D, 0x00,
    0x04, 0x04, 0x03, 0x5F, 0x08, 0x01, 0x03, 0x03, 0x39, 0x03, 0x4E, 0x1B, 0x40, 0x1E, 0x00, 0x02,
    0x00, 0x05, 0x01, 0x02, 0x05, 0x67, 0x06, 0x01, 0x01, 0x07, 0x01, 0x00, 0x04, 0x01, 0x00, 0x67,
    0x00, 0x04, 0x04, 0x03, 0x5F, 0x08, 0x01, 0x03, 0x03, 0x3C, 0x03, 0x4E, 0x59, 0x40, 0x14, 0x00,
    0x00, 0x22, 0x21, 0x20, 0x1F, 0x1E, 0x1C, 0x14, 0x0F, 0x00, 0x0E, 0x00, 0x0D, 0x21, 0x11, 0x11,
    0x09, 0x09, 0x19, 0x2B, 0x33, 0x11, 0x23, 0x35, 0x33, 0x11, 0x21, 0x20, 0x00, 0x11, 0x14, 0x02,
    0x06, 0x04, 0x23, 0x27, 0x33, 0x32, 0x36, 0x37, 0x36, 0x12, 0x11, 0x34, 0x27, 0x2E, 0x03, 0x23,
    0x23, 0x11, 0x21, 0x15, 0x21, 0xAE, 0xA7, 0xA7, 0x01, 0xEE, 0x01, 0x66, 0x01, 0x73, 0x63, 0xBE,
    0xFE, 0xED, 0xB1, 0xDF, 0x75, 0x1F, 0x3C, 0x1D, 0xE4, 0xDF, 0x7B, 0x23, 0x4E, 0x63, 0x7D, 0x51,
    0x93, 0x01, 0x0F, 0xFE, 0xF1, 0x02, 0x9C, 0xAB, 0x02, 0x81, 0xFE, 0x98, 0xFE, 0xA5, 0xB8, 0xFE,
    0xE1, 0xC6, 0x68, 0xB7, 0x02, 0x02, 0x0F, 0x01, 0x18, 0x01, 0x10, 0xFD, 0x90, 0x28, 0x39, 0x24,
    0x10, 0xFE, 0x33, 0xAB, 0x00, 0x02, 0x00, 0xA9, 0x00, 0x00, 0x05, 0x1D, 0x07, 0x77, 0x00, 0x0B,
    0x00, 0x23, 0x00, 0x74, 0xB6, 0x0A, 0x05, 0x02, 0x02, 0x00, 0x01, 0x4C, 0x4B, 0xB0, 0x2A, 0x50,
    0x58, 0x40, 0x21, 0x06, 0x01, 0x04, 0x00, 0x08, 0x07, 0x04, 0x08, 0x69, 0x00, 0x05, 0x0B, 0x09,
    0x02, 0x07, 0x00, 0x05, 0x07, 0x6A, 0x01, 0x01, 0x00, 0x00, 0x38, 0x4D, 0x0A, 0x03, 0x02, 0x02,
    0x02, 0x39, 0x02, 0x4E, 0x1B, 0x40, 0x21, 0x06, 0x01, 0x04, 0x00, 0x08, 0x07, 0x04, 0x08, 0x69,
    0x00, 0x05, 0x0B, 0x09, 0x02, 0x07, 0x00, 0x05, 0x07, 0x6A, 0x01, 0x01, 0x00, 0x00, 0x02, 0x5F,
    0x0A, 0x03, 0x02, 0x02, 0x02, 0x3C, 0x02, 0x4E, 0x59, 0x40, 0x1C, 0x0C, 0x0C, 0x00, 0x00, 0x0C,
    0x23, 0x0C, 0x23, 0x22, 0x20, 0x1A, 0x18, 0x17, 0x16, 0x15, 0x13, 0x0F, 0x0D, 0x00, 0x0B, 0x00,
    0x0B, 0x11, 0x14, 0x11, 0x0C, 0x09, 0x19, 0x2B, 0x33, 0x11, 0x33, 0x12, 0x00, 0x13, 0x11, 0x33,
    0x11, 0x23, 0x01, 0x11, 0x13, 0x12, 0x33, 0x32, 0x16, 0x17, 0x16, 0x16, 0x33, 0x32, 0x37, 0x33,
    0x02, 0x23, 0x22, 0x27, 0x27, 0x2E, 0x03, 0x23, 0x22, 0x07, 0xA9, 0xEE, 0xAD, 0x01, 0x56, 0xAE,
    0xD5, 0xF0, 0xFD, 0x51, 0x25, 0x06, 0xBB, 0x28, 0x40, 0x24, 0x39, 0x41, 0x16, 0x43, 0x05, 0x87,
    0x04, 0xBD, 0x46, 0x3C, 0x0A, 0x20, 0x2B, 0x1F, 0x18, 0x0D, 0x45, 0x04, 0x05, 0xC8, 0xFE, 0xF1,
    0xFD, 0xE9, 0xFE, 0xF1, 0x04, 0x35, 0xFA, 0x38, 0x04, 0x35, 0xFB, 0xCB, 0x06, 0x62, 0x01, 0x15,
    0x18, 0x17, 0x24, 0x28, 0x7B, 0xFE, 0xEB, 0x29, 0x06, 0x12, 0x1C, 0x13, 0x0B, 0x7B, 0x00, 0x00,
    0x00, 0x03, 0x00, 0x56, 0xFF, 0xDB, 0x05, 0xE3, 0x07, 0x8F, 0x00, 0x0F, 0x00, 0x1F, 0x00, 0x23,
    0x00, 0x65, 0x4B, 0xB0, 0x2A, 0x50, 0x58, 0x40, 0x21, 0x00, 0x05, 0x04, 0x05, 0x85, 0x00, 0x04,
    0x01, 0x04, 0x85, 0x00, 0x03, 0x03, 0x01, 0x61, 0x00, 0x01, 0x01, 0x3E, 0x4D, 0x07, 0x01, 0x02,
    0x02, 0x00, 0x61, 0x06, 0x01, 0x00, 0x00, 0x3F, 0x00, 0x4E, 0x1B, 0x40, 0x1F, 0x00, 0x05, 0x04,
    0x05, 0x85, 0x00, 0x04, 0x01, 0x04, 0x85, 0x00, 0x01, 0x00, 0x03, 0x02, 0x01, 0x03, 0x6A, 0x07,
    0x01, 0x02, 0x02, 0x00, 0x61, 0x06, 0x01, 0x00, 0x00, 0x42, 0x00, 0x4E, 0x59, 0x40, 0x17, 0x11,
    0x10, 0x01, 0x00, 0x23, 0x22, 0x21, 0x20, 0x19, 0x17, 0x10, 0x1F, 0x11, 0x1F, 0x09, 0x07, 0x00,
    0x0F, 0x01, 0x0F, 0x08, 0x09, 0x16, 0x2B, 0x05, 0x20, 0x27, 0x26, 0x11, 0x10, 0x37, 0x36, 0x21,
    0x20, 0x17, 0x16, 0x11, 0x10, 0x07, 0x06, 0x25, 0x32, 0x37, 0x36, 0x11, 0x10, 0x27, 0x26, 0x23,
    0x22, 0x07, 0x06, 0x11, 0x10, 0x17, 0x16, 0x01, 0x23, 0x01, 0x33, 0x03, 0x12, 0xFE, 0xBF, 0xBD,
    0xBE, 0xBF, 0xBF, 0x01, 0x49, 0x01, 0x47, 0xBF, 0xC0, 0xC0, 0xBF, 0xFE, 0xB2, 0xD4, 0x72, 0x73,
    0x73, 0x72, 0xCD, 0xCE, 0x73, 0x72, 0x72, 0x72, 0x01, 0x7D, 0xAF, 0xFE, 0xBF, 0xFF, 0x25, 0xD2,
    0xD3, 0x01, 0x64, 0x01, 0x67, 0xD1, 0xD1, 0xD1, 0xD1, 0xFE, 0x9C, 0xFE, 0x93, 0xD0, 0xCF, 0xB4,
    0x9C, 0x9B, 0x01, 0x21, 0x01, 0x18, 0x9D, 0x9D, 0x9D, 0x9E, 0xFE, 0xE6, 0xFE, 0xE7, 0x9D, 0x9F,
    0x05, 0xBF, 0x01, 0x41, 0x00, 0x03, 0x00, 0x56, 0xFF, 0xDB, 0x05, 0xE3, 0x07, 0x8F, 0x00, 0x0F,
    0x00, 0x1F, 0x00, 0x23, 0x00, 0x6B, 0x4B, 0xB0, 0x2A, 0x50, 0x58, 0x40, 0x22, 0x00, 0x04, 0x05,
    0x04, 0x85, 0x08, 0x01, 0x05, 0x01, 0x05, 0x85, 0x00, 0x03, 0x03, 0x01, 0x61, 0x00, 0x01, 0x01,
    0x3E, 0x4D, 0x07, 0x01, 0x02, 0x02, 0x00, 0x61, 0x06, 0x01, 0x00, 0x00, 0x3F, 0x00, 0x4E, 0x1B,
    0x40, 0x20, 0x00, 0x04, 0x05, 0x04, 0x85, 0x08, 0x01, 0x05, 0x01, 0x05, 0x85, 0x00, 0x01, 0x00,
    0x03, 0x02, 0x01, 0x03, 0x6A, 0x07, 0x01, 0x02, 0x02, 0x00, 0x61, 0x06, 0x01, 0x00, 0x00, 0x42,
    0x00, 0x4E, 0x59, 0x40, 0x1B, 0x20, 0x20, 0x11, 0x10, 0x01, 0x00, 0x20, 0x23, 0x20, 0x23, 0x22,
    0x21, 0x19, 0x17, 0x10, 0x1F, 0x11, 0x1F, 0x09, 0x07, 0x00, 0x0F, 0x01, 0x0F, 0x09, 0x09, 0x16,
    0x2B, 0x05, 0x20, 0x27, 0x26, 0x11, 0x10, 0x37, 0x36, 0x21, 0x20, 0x17, 0x16, 0x11, 0x10, 0x07,
    0x06, 0x25, 0x32, 0x37, 0x36, 0x11, 0x10, 0x27, 0x26, 0x23, 0x22, 0x07, 0x06, 0x11, 0x10, 0x17,
    0x16, 0x13, 0x13, 0x33, 0x01, 0x03, 0x12, 0xFE, 0xBF, 0xBD, 0xBE, 0xBF, 0xBF, 0x01, 0x49, 0x01,
    0x47, 0xBF, 0xC0, 0xC0, 0xBF, 0xFE, 0xB2, 0xD4, 0x72, 0x73, 0x73, 0x72, 0xCD, 0xCE, 0x73, 0x72,
    0x72, 0x72, 0x1F, 0xF1, 0xFF, 0xFE, 0xBF, 0x25, 0xD2, 0xD3, 0x01, 0x64, 0x01, 0x67, 0xD1, 0xD1,
    0xD1, 0xD1, 0xFE, 0x9C, 0xFE, 0x93, 0xD0, 0xCF, 0xB4, 0x9C, 0x9B, 0x01, 0x21, 0x01, 0x18, 0x9D,
    0x9D, 0x9D, 0x9E, 0xFE, 0xE6, 0xFE, 0xE7, 0x9D, 0x9F, 0x05, 0xBF, 0x01, 0x41, 0xFE, 0xBF, 0x00,
    0x00, 0x03, 0x00, 0x56, 0xFF, 0xDB, 0x05, 0xE3, 0x07, 0x8F, 0x00, 0x0F, 0x00, 0x1F, 0x00, 0x27,
    0x00, 0x76, 0xB5, 0x25, 0x01, 0x05, 0x04, 0x01, 0x4C, 0x4B, 0xB0, 0x2A, 0x50, 0x58, 0x40, 0x23,
    0x00, 0x04, 0x05, 0x04, 0x85, 0x09, 0x06, 0x02, 0x05, 0x01, 0x05, 0x85, 0x00, 0x03, 0x03, 0x01,
    0x61, 0x00, 0x01, 0x01, 0x3E, 0x4D, 0x08, 0x01, 0x02, 0x02, 0x00, 0x61, 0x07, 0x01, 0x00, 0x00,
    0x3F, 0x00, 0x4E, 0x1B, 0x40, 0x21, 0x00, 0x04, 0x05, 0x04, 0x85, 0x09, 0x06, 0x02, 0x05, 0x01,
    0x05, 0x85, 0x00, 0x01, 0x00, 0x03, 0x02, 0x01, 0x03, 0x6A, 0x08, 0x01, 0x02, 0x02, 0x00, 0x61,
    0x07, 0x01, 0x00, 0x00, 0x42, 0x00, 0x4E, 0x59, 0x40, 0x1D, 0x20, 0x20, 0x11, 0x10, 0x01, 0x00,
    0x20, 0x27, 0x20, 0x27, 0x24, 0x23, 0x22, 0x21, 0x19, 0x17, 0x10, 0x1F, 0x11, 0x1F, 0x09, 0x07,
    0x00, 0x0F, 0x01, 0x0F, 0x0A, 0x09, 0x16, 0x2B, 0x05, 0x20, 0x27, 0x26, 0x11, 0x10, 0x37, 0x36,
    0x21, 0x20, 0x17, 0x16, 0x11, 0x10, 0x07, 0x06, 0x25, 0x32, 0x37, 0x36, 0x11, 0x10, 0x27, 0x26,
    0x23, 0x22, 0x07, 0x06, 0x11, 0x10, 0x17, 0x16, 0x03, 0x13, 0x33, 0x13, 0x23, 0x27, 0x23, 0x07,
    0x03, 0x12, 0xFE, 0xBF, 0xBD, 0xBE, 0xBF, 0xBF, 0x01, 0x49, 0x01, 0x47, 0xBF, 0xC0, 0xC0, 0xBF,
    0xFE, 0xB2, 0xD4, 0x72, 0x73, 0x73, 0x72, 0xCD, 0xCE, 0x73, 0x72, 0x72, 0x72, 0x9E, 0xF1, 0xF6,
    0xF1, 0xA4, 0xC7, 0x02, 0xC7, 0x25, 0xD2, 0xD3, 0x01, 0x64, 0x01, 0x67, 0xD1, 0xD1, 0xD1, 0xD1,
    0xFE, 0x9C, 0xFE, 0x93, 0xD0, 0xCF, 0xB4, 0x9C, 0x9B, 0x01, 0x21, 0x01, 0x18, 0x9D, 0x9D, 0x9D,
    0x9E, 0xFE, 0xE6, 0xFE, 0xE7, 0x9D, 0x9F, 0x05, 0xBF, 0x01, 0x41, 0xFE, 0xBF, 0xC7, 0xC7, 0x00,
    0x00, 0x03, 0x00, 0x56, 0xFF, 0xDB, 0x05, 0xE3, 0x07, 0x77, 0x00, 0x13, 0x00, 0x27, 0x00, 0x3F,
    0x00, 0x83, 0x4B, 0xB0, 0x2A, 0x50, 0x58, 0x40, 0x2A, 0x06, 0x01, 0x04, 0x00, 0x08, 0x07, 0x04,
    0x08, 0x69, 0x00, 0x05, 0x0C, 0x09, 0x02, 0x07, 0x01, 0x05, 0x07, 0x6A, 0x00, 0x03, 0x03, 0x01,
    0x61, 0x00, 0x01, 0x01, 0x3E, 0x4D, 0x0B, 0x01, 0x02, 0x02, 0x00, 0x61, 0x0A, 0x01, 0x00, 0x00,
    0x3F, 0x00, 0x4E, 0x1B, 0x40, 0x28, 0x06, 0x01, 0x04, 0x00, 0x08, 0x07, 0x04, 0x08, 0x69, 0x00,
    0x05, 0x0C, 0x09, 0x02, 0x07, 0x01, 0x05, 0x07, 0x6A, 0x00, 0x01, 0x00, 0x03, 0x02, 0x01, 0x03,
    0x69, 0x0B, 0x01, 0x02, 0x02, 0x00, 0x61, 0x0A, 0x01, 0x00, 0x00, 0x42, 0x00, 0x4E, 0x59, 0x40,
    0x23, 0x28, 0x28, 0x15, 0x14, 0x01, 0x00, 0x28, 0x3F, 0x28, 0x3F, 0x3E, 0x3C, 0x36, 0x34, 0x33,
    0x32, 0x31, 0x2F, 0x2B, 0x29, 0x1F, 0x1D, 0x14, 0x27, 0x15, 0x27, 0x0B, 0x09, 0x00, 0x13, 0x01,
    0x13, 0x0D, 0x09, 0x16, 0x2B, 0x05, 0x22, 0x24, 0x26, 0x02, 0x35, 0x34, 0x12, 0x36, 0x24, 0x33,
    0x32, 0x04, 0x16, 0x12, 0x15, 0x14, 0x02, 0x06, 0x04, 0x27, 0x32, 0x3E, 0x02, 0x35, 0x34, 0x2E,
    0x02, 0x23, 0x22, 0x0E, 0x02, 0x15, 0x14, 0x1E, 0x02, 0x03, 0x12, 0x33, 0x32, 0x16, 0x17, 0x16,
    0x16, 0x33, 0x32, 0x37, 0x33, 0x02, 0x23, 0x22, 0x27, 0x27, 0x2E, 0x03, 0x23, 0x22, 0x07, 0x03,
    0x12, 0xA1, 0xFE, 0xFD, 0xB6, 0x62, 0x63, 0xB8, 0x01, 0x08, 0xA4, 0xA3, 0x01, 0x07, 0xB8, 0x64,
    0x62, 0xBA, 0xFE, 0xF4, 0xA5, 0x6A, 0xA4, 0x71, 0x3A, 0x3B, 0x6F, 0xA1, 0x67, 0x67, 0xA1, 0x70,
    0x3B, 0x3B, 0x6F, 0x9E, 0xEC, 0x06, 0xBB, 0x28, 0x40, 0x24, 0x39, 0x41, 0x16, 0x43, 0x05, 0x87,
    0x04, 0xBD, 0x46, 0x3C, 0x0A, 0x20, 0x2B, 0x1F, 0x18, 0x0D, 0x45, 0x04, 0x25, 0x6F, 0xCB, 0x01,
    0x1F, 0xB0, 0xB3, 0x01, 0x1F, 0xCA, 0x6D, 0x6D, 0xCA, 0xFE, 0xE2, 0xB1, 0xB5, 0xFE, 0xDF, 0xCA,
    0x6C, 0xB4, 0x50, 0x9A, 0xDF, 0x8F, 0x8B, 0xDC, 0x99, 0x52, 0x51, 0x99, 0xDE, 0x8D, 0x8C, 0xDD,
    0x9A, 0x52, 0x05, 0xD3, 0x01, 0x15, 0x18, 0x17, 0x24, 0x28, 0x7B, 0xFE, 0xEB, 0x29, 0x06, 0x12,
    0x1C, 0x13, 0x0B, 0x7B, 0x00, 0x04, 0x00, 0x56, 0xFF, 0xDB, 0x05, 0xE3, 0x07, 0x27, 0x00, 0x0F,
    0x00, 0x1F, 0x00, 0x23, 0x00, 0x27, 0x00, 0x75, 0x4B, 0xB0, 0x2A, 0x50, 0x58, 0x40, 0x23, 0x06,
    0x01, 0x04, 0x0B, 0x07, 0x0A, 0x03, 0x05, 0x01, 0x04, 0x05, 0x67, 0x00, 0x03, 0x03, 0x01, 0x61,
    0x00, 0x01, 0x01, 0x3E, 0x4D, 0x09, 0x01, 0x02, 0x02, 0x00, 0x61, 0x08, 0x01, 0x00, 0x00, 0x3F,
    0x00, 0x4E, 0x1B, 0x40, 0x21, 0x06, 0x01, 0x04, 0x0B, 0x07, 0x0A, 0x03, 0x05, 0x01, 0x04, 0x05,
    0x67, 0x00, 0x01, 0x00, 0x03, 0x02, 0x01, 0x03, 0x69, 0x09, 0x01, 0x02, 0x02, 0x00, 0x61, 0x08,
    0x01, 0x00, 0x00, 0x42, 0x00, 0x4E, 0x59, 0x40, 0x23, 0x24, 0x24, 0x20, 0x20, 0x11, 0x10, 0x01,
    0x00, 0x24, 0x27, 0x24, 0x27, 0x26, 0x25, 0x20, 0x23, 0x20, 0x23, 0x22, 0x21, 0x19, 0x17, 0x10,
    0x1F, 0x11, 0x1F, 0x09, 0x07, 0x00, 0x0F, 0x01, 0x0F, 0x0C, 0x09, 0x16, 0x2B, 0x05, 0x20, 0x27,
    0x26, 0x11, 0x10, 0x37, 0x36, 0x21, 0x20, 0x17, 0x16, 0x11, 0x10, 0x07, 0x06, 0x25, 0x32, 0x37,
    0x36, 0x11, 0x10, 0x27, 0x26, 0x23, 0x22, 0x07, 0x06, 0x11, 0x10, 0x17, 0x16, 0x03, 0x35, 0x33,
    0x15, 0x33, 0x35, 0x33, 0x15, 0x03, 0x12, 0xFE, 0xBF, 0xBD, 0xBE, 0xBF, 0xBF, 0x01, 0x49, 0x01,
    0x47, 0xBF, 0xC0, 0xC0, 0xBF, 0xFE, 0xB2, 0xD4, 0x72, 0x73, 0x73, 0x72, 0xCD, 0xCE, 0x73, 0x72,
    0x72, 0x72, 0x65, 0xC5, 0xDC, 0xC6, 0x25, 0xD2, 0xD3, 0x01, 0x64, 0x01, 0x67, 0xD1, 0xD1, 0xD1,
    0xD1, 0xFE, 0x9C, 0xFE, 0x93, 0xD0, 0xCF, 0xB4, 0x9C, 0x9B, 0x01, 0x21, 0x01, 0x18, 0x9D, 0x9D,
    0x9D, 0x9E, 0xFE, 0xE6, 0xFE, 0xE7, 0x9D, 0x9F, 0x05, 0xD3, 0xC5, 0xC5, 0xC5, 0xC5, 0x00, 0x00,
    0x00, 0x01, 0x00, 0x67, 0x00, 0x62, 0x04, 0x44, 0x04, 0x3F, 0x00, 0x0B, 0x00, 0x06, 0xB3, 0x09,
    0x03, 0x01, 0x32, 0x2B, 0x37, 0x01, 0x01, 0x37, 0x01, 0x01, 0x17, 0x01, 0x01, 0x07, 0x01, 0x01,
    0x67, 0x01, 0x7D, 0xFE, 0x83, 0x72, 0x01, 0x7C, 0x01, 0x7D, 0x72, 0xFE, 0x83, 0x01, 0x7D, 0x72,
    0xFE, 0x83, 0xFE, 0x84, 0xD4, 0x01, 0x7C, 0x01, 0x7D, 0x72, 0xFE, 0x83, 0x01, 0x7D, 0x72, 0xFE,
    0x83, 0xFE, 0x84, 0x72, 0x01, 0x7D, 0xFE, 0x83, 0x00, 0x03, 0x00, 0x56, 0xFF, 0xDB, 0x05, 0xE3,
    0x05, 0xED, 0x00, 0x08, 0x00, 0x11, 0x00, 0x27, 0x00, 0x5D, 0x40, 0x11, 0x1B, 0x01, 0x00, 0x02,
    0x1E, 0x13, 0x11, 0x08, 0x04, 0x01, 0x00, 0x26, 0x01, 0x04, 0x01, 0x03, 0x4C, 0x4B, 0xB0, 0x2A,
    0x50, 0x58, 0x40, 0x18, 0x00, 0x00, 0x00, 0x02, 0x61, 0x03, 0x01, 0x02, 0x02, 0x3E, 0x4D, 0x00,
    0x01, 0x01, 0x04, 0x61, 0x06, 0x05, 0x02, 0x04, 0x04, 0x3F, 0x04, 0x4E, 0x1B, 0x40, 0x16, 0x03,
    0x01, 0x02, 0x00, 0x00, 0x01, 0x02, 0x00, 0x69, 0x00, 0x01, 0x01, 0x04, 0x61, 0x06, 0x05, 0x02,
    0x04, 0x04, 0x42, 0x04, 0x4E, 0x59, 0x40, 0x0E, 0x12, 0x12, 0x12, 0x27, 0x12, 0x27, 0x26, 0x12,
    0x2C, 0x27, 0x21, 0x07, 0x09, 0x1B, 0x2B, 0x01, 0x26, 0x23, 0x22, 0x07, 0x06, 0x11, 0x14, 0x17,
    0x17, 0x16, 0x33, 0x32, 0x37, 0x36, 0x11, 0x34, 0x27, 0x01, 0x37, 0x26, 0x11, 0x10, 0x37, 0x36,
    0x21, 0x20, 0x17, 0x37, 0x33, 0x07, 0x16, 0x11, 0x10, 0x07, 0x06, 0x21, 0x22, 0x27, 0x07, 0x04,
    0x3E, 0x71, 0xB1, 0xCD, 0x73, 0x72, 0x44, 0x51, 0x6E, 0xAF, 0xCE, 0x72, 0x73, 0x41, 0xFB, 0xCE,
    0xB0, 0xB6, 0xBF, 0xBF, 0x01, 0x4A, 0x01, 0x01, 0xAA, 0x65, 0xB5, 0xB3, 0xB3, 0xC0, 0xBE, 0xFE,
    0xB6, 0xFC, 0xAC, 0x62, 0x04, 0xBF, 0x7A, 0x9D, 0x9E, 0xFE, 0xE8, 0xCC, 0x96, 0x7E, 0x77, 0x9D,
    0x9B, 0x01, 0x1A, 0xCB, 0x94, 0xFB, 0x9B, 0xDE, 0xDD, 0x01, 0x4E, 0x01, 0x67, 0xD1, 0xD1, 0x7E,
    0x7E, 0xE1, 0xDD, 0xFE, 0xB5, 0xFE, 0x97, 0xD0, 0xD0, 0x7C, 0x7C, 0x00, 0x00, 0x02, 0x00, 0xA3,
    0xFF, 0xDB, 0x05, 0x23, 0x07, 0x8F, 0x00, 0x1E, 0x00, 0x22, 0x00, 0x4D, 0x4B, 0xB0, 0x2A, 0x50,
    0x58, 0x40, 0x1B, 0x00, 0x05, 0x04, 0x05, 0x85, 0x00, 0x04, 0x00, 0x04, 0x85, 0x02, 0x01, 0x00,
    0x00, 0x38, 0x4D, 0x00, 0x01, 0x01, 0x03, 0x61, 0x00, 0x03, 0x03, 0x3F, 0x03, 0x4E, 0x1B, 0x40,
    0x1B, 0x00, 0x05, 0x04, 0x05, 0x85, 0x00, 0x04, 0x00, 0x04, 0x85, 0x02, 0x01, 0x00, 0x01, 0x00,
    0x85, 0x00, 0x01, 0x01, 0x03, 0x61, 0x00, 0x03, 0x03, 0x42, 0x03, 0x4E, 0x59, 0x40, 0x09, 0x11,
    0x18, 0x27, 0x15, 0x25, 0x10, 0x06, 0x09, 0x1C, 0x2B, 0x13, 0x21, 0x11, 0x14, 0x17, 0x16, 0x16,
    0x33, 0x32, 0x3E, 0x02, 0x35, 0x11, 0x33, 0x11, 0x14, 0x07, 0x0E, 0x03, 0x23, 0x22, 0x26, 0x27,
    0x2E, 0x03, 0x35, 0x01, 0x23, 0x01, 0x33, 0xA3, 0x01, 0x03, 0x1C, 0x1C, 0xA3, 0x7D, 0x55, 0x7B,
    0x4E, 0x25, 0xE2, 0x27, 0x18, 0x5C, 0x84, 0xAA, 0x65, 0x8E, 0xD3, 0x4B, 0x2D, 0x3F, 0x28, 0x12,
    0x02, 0xFA, 0xAF, 0xFE, 0xBF, 0xFF, 0x05, 0xC8, 0xFC, 0x67, 0x98, 0x50, 0x54, 0x64, 0x2E, 0x61,
    0x98, 0x6A, 0x03, 0xA8, 0xFC, 0x64, 0xC9, 0x69, 0x3F, 0x69, 0x4D, 0x2A, 0x40, 0x40, 0x25, 0x5A,
    0x71, 0x8D, 0x59, 0x04, 0x1D, 0x01, 0x41, 0x00, 0x00, 0x02, 0x00, 0xA3, 0xFF, 0xDB, 0x05, 0x23,
    0x07, 0x86, 0x00, 0x1E, 0x00, 0x22, 0x00, 0x54, 0x4B, 0xB0, 0x2A, 0x50, 0x58, 0x40, 0x1C, 0x00,
    0x04, 0x05, 0x04, 0x85, 0x06, 0x01, 0x05, 0x00, 0x05, 0x85, 0x02, 0x01, 0x00, 0x00, 0x38, 0x4D,
    0x00, 0x01, 0x01, 0x03, 0x61, 0x00, 0x03, 0x03, 0x3F, 0x03, 0x4E, 0x1B, 0x40, 0x1C, 0x00, 0x04,
    0x05, 0x04, 0x85, 0x06, 0x01, 0x05, 0x00, 0x05, 0x85, 0x02, 0x01, 0x00, 0x01, 0x00, 0x85, 0x00,
    0x01, 0x01, 0x03, 0x61, 0x00, 0x03, 0x03, 0x42, 0x03, 0x4E, 0x59, 0x40, 0x0E, 0x1F, 0x1F, 0x1F,
    0x22, 0x1F, 0x22, 0x19, 0x27, 0x15, 0x25, 0x10, 0x07, 0x09, 0x1B, 0x2B, 0x13, 0x21, 0x11, 0x14,
    0x17, 0x16, 0x16, 0x33, 0x32, 0x3E, 0x02, 0x35, 0x11, 0x33, 0x11, 0x14, 0x07, 0x0E, 0x03, 0x23,
    0x22, 0x26, 0x27, 0x2E, 0x03, 0x35, 0x01, 0x13, 0x33, 0x01, 0xA3, 0x01, 0x03, 0x1C, 0x1C, 0xA3,
    0x7D, 0x55, 0x7B, 0x4E, 0x25, 0xE2, 0x27, 0x18, 0x5C, 0x84, 0xAA, 0x65, 0x8E, 0xD3, 0x4B, 0x2D,
    0x3F, 0x28, 0x12, 0x01, 0xA7, 0xF1, 0xFE, 0xFE, 0xBF, 0x05, 0xC8, 0xFC, 0x67, 0x98, 0x50, 0x54,
    0x64, 0x2E, 0x61, 0x98, 0x6A, 0x03, 0xA8, 0xFC, 0x64, 0xC9, 0x69, 0x3F, 0x69, 0x4D, 0x2A, 0x40,
    0x40, 0x25, 0x5A, 0x71, 0x8D, 0x59, 0x04, 0x14, 0x01, 0x41, 0xFE, 0xBF, 0x00, 0x02, 0x00, 0xA3,
    0xFF, 0xDB, 0x05, 0x23, 0x07, 0x8F, 0x00, 0x1E, 0x00, 0x2A, 0x00, 0x5E, 0xB5, 0x26, 0x01, 0x05,
    0x04, 0x01, 0x4C, 0x4B, 0xB0, 0x2A, 0x50, 0x58, 0x40, 0x1D, 0x00, 0x04, 0x05, 0x04, 0x85, 0x07,
    0x06, 0x02, 0x05, 0x00, 0x05, 0x85, 0x02, 0x01, 0x00, 0x00, 0x38, 0x4D, 0x00, 0x01, 0x01, 0x03,
    0x61, 0x00, 0x03, 0x03, 0x3F, 0x03, 0x4E, 0x1B, 0x40, 0x1D, 0x00, 0x04, 0x05, 0x04, 0x85, 0x07,
    0x06, 0x02, 0x05, 0x00, 0x05, 0x85, 0x02, 0x01, 0x00, 0x01, 0x00, 0x85, 0x00, 0x01, 0x01, 0x03,
    0x61, 0x00, 0x03, 0x03, 0x42, 0x03, 0x4E, 0x59, 0x40, 0x0F, 0x1F, 0x1F, 0x1F, 0x2A, 0x1F, 0x2A,
    0x11, 0x19, 0x27, 0x15, 0x25, 0x10, 0x08, 0x09, 0x1C, 0x2B, 0x13, 0x21, 0x11, 0x14, 0x17, 0x16,
    0x16, 0x33, 0x32, 0x3E, 0x02, 0x35, 0x11, 0x33, 0x11, 0x14, 0x07, 0x0E, 0x03, 0x23, 0x22, 0x26,
    0x27, 0x2E, 0x03, 0x35, 0x13, 0x13, 0x33, 0x13, 0x23, 0x26, 0x26, 0x27, 0x23, 0x06, 0x06, 0x07,
    0xA3, 0x01, 0x03, 0x1C, 0x1C, 0xA3, 0x7D, 0x55, 0x7B, 0x4E, 0x25, 0xE2, 0x27, 0x18, 0x5C, 0x84,
    0xAA, 0x65, 0x8E, 0xD3, 0x4B, 0x2D, 0x3F, 0x28, 0x12, 0xE5, 0xF1, 0xF5, 0xF1, 0xA3, 0x33, 0x62,
    0x32, 0x03, 0x32, 0x62, 0x33, 0x05, 0xC8, 0xFC, 0x67, 0x98, 0x50, 0x54, 0x64, 0x2E, 0x61, 0x98,
    0x6A, 0x03, 0xA8, 0xFC, 0x64, 0xC9, 0x69, 0x3F, 0x69, 0x4D, 0x2A, 0x40, 0x40, 0x25, 0x5A, 0x71,
    0x8D, 0x59, 0x04, 0x1D, 0x01, 0x41, 0xFE, 0xBF, 0x32, 0x63, 0x32, 0x32, 0x63, 0x32, 0x00, 0x00,
    0x00, 0x03, 0x00, 0xA3, 0xFF, 0xDB, 0x05, 0x23, 0x07, 0x27, 0x00, 0x1E, 0x00, 0x22, 0x00, 0x26,
    0x00, 0x61, 0x4B, 0xB0, 0x2A, 0x50, 0x58, 0x40, 0x1D, 0x06, 0x01, 0x04, 0x09, 0x07, 0x08, 0x03,
    0x05, 0x00, 0x04, 0x05, 0x67, 0x02, 0x01, 0x00, 0x00, 0x38, 0x4D, 0x00, 0x01, 0x01, 0x03, 0x61,
    0x00, 0x03, 0x03, 0x3F, 0x03, 0x4E, 0x1B, 0x40, 0x20, 0x02, 0x01, 0x00, 0x05, 0x01, 0x05, 0x00,
    0x01, 0x80, 0x06, 0x01, 0x04, 0x09, 0x07, 0x08, 0x03, 0x05, 0x00, 0x04, 0x05, 0x67, 0x00, 0x01,
    0x01, 0x03, 0x61, 0x00, 0x03, 0x03, 0x42, 0x03, 0x4E, 0x59, 0x40, 0x16, 0x23, 0x23, 0x1F, 0x1F,
    0x23, 0x26, 0x23, 0x26, 0x25, 0x24, 0x1F, 0x22, 0x1F, 0x22, 0x19, 0x27, 0x15, 0x25, 0x10, 0x0A,
    0x09, 0x1B, 0x2B, 0x13, 0x21, 0x11, 0x14, 0x17, 0x16, 0x16, 0x33, 0x32, 0x3E, 0x02, 0x35, 0x11,
    0x33, 0x11, 0x14, 0x07, 0x0E, 0x03, 0x23, 0x22, 0x26, 0x27, 0x2E, 0x03, 0x35, 0x01, 0x35, 0x33,
    0x15, 0x33, 0x35, 0x33, 0x15, 0xA3, 0x01, 0x03, 0x1C, 0x1C, 0xA3, 0x7D, 0x55, 0x7B, 0x4E, 0x25,
    0xE2, 0x27, 0x18, 0x5C, 0x84, 0xAA, 0x65, 0x8E, 0xD3, 0x4B, 0x2D, 0x3F, 0x28, 0x12, 0x01, 0x1D,
    0xC6, 0xDB, 0xC6, 0x05, 0xC8, 0xFC, 0x67, 0x98, 0x50, 0x54, 0x64, 0x2E, 0x61, 0x98, 0x6A, 0x03,
    0xA8, 0xFC, 0x64, 0xC9, 0x69, 0x3F, 0x69, 0x4D, 0x2A, 0x40, 0x40, 0x25, 0x5A, 0x71, 0x8D, 0x59,
    0x04, 0x31, 0xC5, 0xC5, 0xC5, 0xC5, 0x00, 0x00, 0x00, 0x02, 0x00, 0x1D, 0x00, 0x00, 0x05, 0x3A,
    0x07, 0x8F, 0x00, 0x08, 0x00, 0x0C, 0x00, 0x5A, 0xB7, 0x07, 0x04, 0x01, 0x03, 0x02, 0x00, 0x01,
    0x4C, 0x4B, 0xB0, 0x2A, 0x50, 0x58, 0x40, 0x18, 0x00, 0x03, 0x04, 0x03, 0x85, 0x06, 0x01, 0x04,
    0x00, 0x04, 0x85, 0x01, 0x01, 0x00, 0x00, 0x38, 0x4D, 0x05, 0x01, 0x02, 0x02, 0x39, 0x02, 0x4E,
    0x1B, 0x40, 0x18, 0x00, 0x03, 0x04, 0x03, 0x85, 0x06, 0x01, 0x04, 0x00, 0x04, 0x85, 0x01, 0x01,
    0x00, 0x02, 0x00, 0x85, 0x05, 0x01, 0x02, 0x02, 0x3C, 0x02, 0x4E, 0x59, 0x40, 0x13, 0x09, 0x09,
    0x00, 0x00, 0x09, 0x0C, 0x09, 0x0C, 0x0B, 0x0A, 0x00, 0x08, 0x00, 0x08, 0x12, 0x12, 0x07, 0x09,
    0x18, 0x2B, 0x21, 0x11, 0x01, 0x21, 0x01, 0x01, 0x33, 0x01, 0x11, 0x01, 0x13, 0x33, 0x01, 0x02,
    0x1C, 0xFE, 0x01, 0x01, 0x22, 0x01, 0x84, 0x01, 0x9B, 0xDC, 0xFD, 0xE5, 0xFE, 0xFF, 0xF1, 0xFE,
    0xFE, 0xBF, 0x02, 0x6A, 0x03, 0x5E, 0xFD, 0x71, 0x02, 0x8F, 0xFC, 0xA6, 0xFD, 0x92, 0x06, 0x4E,
    0x01, 0x41, 0xFE, 0xBF, 0x00, 0x02, 0x00, 0xAA, 0x00, 0x00, 0x05, 0x25, 0x05, 0xC8, 0x00, 0x0E,
    0x00, 0x17, 0x00, 0x56, 0x4B, 0xB0, 0x2A, 0x50, 0x58, 0x40, 0x1C, 0x00, 0x01, 0x00, 0x05, 0x04,
    0x01, 0x05, 0x67, 0x00, 0x04, 0x00, 0x02, 0x03, 0x04, 0x02, 0x67, 0x00, 0x00, 0x00, 0x38, 0x4D,
    0x06, 0x01, 0x03, 0x03, 0x39, 0x03, 0x4E, 0x1B, 0x40, 0x1C, 0x00, 0x01, 0x00, 0x05, 0x04, 0x01,
    0x05, 0x67, 0x00, 0x04, 0x00, 0x02, 0x03, 0x04, 0x02, 0x67, 0x00, 0x00, 0x00, 0x03, 0x5F, 0x06,
    0x01, 0x03, 0x03, 0x3C, 0x03, 0x4E, 0x59, 0x40, 0x10, 0x00, 0x00, 0x17, 0x15, 0x11, 0x0F, 0x00,
    0x0E, 0x00, 0x0E, 0x26, 0x21, 0x11, 0x07, 0x09, 0x19, 0x2B, 0x33, 0x11, 0x21, 0x11, 0x21, 0x32,
    0x17, 0x16, 0x17, 0x16, 0x15, 0x10, 0x21, 0x21, 0x11, 0x11, 0x33, 0x20, 0x11, 0x34, 0x27, 0x26,
    0x23, 0x23, 0xAA, 0x01, 0x00, 0x01, 0x4B, 0xD8, 0x62, 0x60, 0x41, 0x55, 0xFD, 0x86, 0xFE, 0xFE,
    0xDB, 0x01, 0x95, 0x50, 0x50, 0xD5, 0xFB, 0x05, 0xC8, 0xFE, 0xE7, 0x1A, 0x18, 0x4A, 0x5F, 0xAC,
    0xFE, 0x06, 0xFE, 0xD2, 0x01, 0xE3, 0x01, 0x2E, 0x84, 0x32, 0x33, 0x00, 0x00, 0x01, 0x00, 0x8A,
    0xFF, 0xE7, 0x04, 0x93, 0x06, 0x44, 0x00, 0x38, 0x00, 0x93, 0x4B, 0xB0, 0x14, 0x50, 0x58, 0x40,
    0x0A, 0x1E, 0x01, 0x02, 0x03, 0x1D, 0x01, 0x01, 0x02, 0x02, 0x4C, 0x1B, 0x40, 0x0A, 0x1E, 0x01,
    0x02, 0x03, 0x1D, 0x01, 0x04, 0x02, 0x02, 0x4C, 0x59, 0x4B, 0xB0, 0x14, 0x50, 0x58, 0x40, 0x17,
    0x00, 0x03, 0x03, 0x00, 0x61, 0x00, 0x00, 0x00, 0x40, 0x4D, 0x00, 0x02, 0x02, 0x01, 0x61, 0x05,
    0x04, 0x02, 0x01, 0x01, 0x42, 0x01, 0x4E, 0x1B, 0x4B, 0xB0, 0x2A, 0x50, 0x58, 0x40, 0x1B, 0x00,
    0x03, 0x03, 0x00, 0x61, 0x00, 0x00, 0x00, 0x40, 0x4D, 0x05, 0x01, 0x04, 0x04, 0x39, 0x4D, 0x00,
    0x02, 0x02, 0x01, 0x61, 0x00, 0x01, 0x01, 0x42, 0x01, 0x4E, 0x1B, 0x40, 0x1B, 0x00, 0x03, 0x03,
    0x00, 0x61, 0x00, 0x00, 0x00, 0x40, 0x4D, 0x05, 0x01, 0x04, 0x04, 0x3C, 0x4D, 0x00, 0x02, 0x02,
    0x01, 0x61, 0x00, 0x01, 0x01, 0x42, 0x01, 0x4E, 0x59, 0x59, 0x40, 0x10, 0x00, 0x00, 0x00, 0x38,
    0x00, 0x38, 0x33, 0x31, 0x21, 0x1F, 0x1B, 0x19, 0x25, 0x06, 0x09, 0x17, 0x2B, 0x33, 0x11, 0x34,
    0x3E, 0x02, 0x33, 0x32, 0x1E, 0x02, 0x15, 0x14, 0x06, 0x07, 0x06, 0x15, 0x14, 0x17, 0x17, 0x16,
    0x15, 0x14, 0x0E, 0x02, 0x23, 0x22, 0x26, 0x27, 0x35, 0x16, 0x33, 0x32, 0x35, 0x34, 0x27, 0x26,
    0x26, 0x27, 0x27, 0x26, 0x35, 0x34, 0x36, 0x37, 0x37, 0x36, 0x35, 0x34, 0x23, 0x22, 0x0E, 0x02,
    0x15, 0x11, 0x8A, 0x31, 0x69, 0xA4, 0x73, 0x60, 0x96, 0x66, 0x36, 0x44, 0x3C, 0x57, 0x69, 0x87,
    0xAD, 0x34, 0x61, 0x8D, 0x5A, 0x44, 0x84, 0x40, 0x99, 0x5C, 0xA8, 0x64, 0x1F, 0x3B, 0x1F, 0x4B,
    0x5F, 0x36, 0x2E, 0x19, 0x46, 0xB0, 0x2F, 0x45, 0x2D, 0x16, 0x04, 0x75, 0x7A, 0xAF, 0x71, 0x35,
    0x25, 0x45, 0x63, 0x3F, 0x45, 0x81, 0x48, 0x69, 0x2F, 0x39, 0x64, 0x77, 0xA7, 0xA7, 0x4E, 0x7B,
    0x54, 0x2C, 0x16, 0x15, 0xB7, 0x3C, 0x8D, 0x50, 0x5E, 0x1D, 0x37, 0x1C, 0x49, 0x57, 0x6C, 0x35,
    0x71, 0x42, 0x2C, 0x62, 0x4F, 0x96, 0x17, 0x34, 0x53, 0x3C, 0xFB, 0x3B, 0x00, 0x03, 0x00, 0x52,
    0xFF, 0xE7, 0x04, 0x42, 0x06, 0x44, 0x00, 0x21, 0x00, 0x2C, 0x00, 0x30, 0x00, 0xE9, 0x4B, 0xB0,
    0x1D, 0x50, 0x58, 0x40, 0x12, 0x12, 0x01, 0x02, 0x03, 0x11, 0x01, 0x01, 0x02, 0x2C, 0x01, 0x04,
    0x06, 0x1E, 0x01, 0x00, 0x04, 0x04, 0x4C, 0x1B, 0x40, 0x12, 0x12, 0x01, 0x02, 0x03, 0x11, 0x01,
    0x01, 0x02, 0x2C, 0x01, 0x07, 0x06, 0x1E, 0x01, 0x00, 0x04, 0x04, 0x4C, 0x59, 0x4B, 0xB0, 0x1D,
    0x50, 0x58, 0x40, 0x2C, 0x00, 0x08, 0x09, 0x03, 0x09, 0x08, 0x03, 0x80, 0x00, 0x01, 0x00, 0x06,
    0x04, 0x01, 0x06, 0x69, 0x00, 0x09, 0x09, 0x3A, 0x4D, 0x00, 0x02, 0x02, 0x03, 0x61, 0x00, 0x03,
    0x03, 0x41, 0x4D, 0x07, 0x01, 0x04, 0x04, 0x00, 0x61, 0x05, 0x01, 0x00, 0x00, 0x42, 0x00, 0x4E,
    0x1B, 0x4B, 0xB0, 0x28, 0x50, 0x58, 0x40, 0x36, 0x00, 0x08, 0x09, 0x03, 0x09, 0x08, 0x03, 0x80,
    0x00, 0x01, 0x00, 0x06, 0x07, 0x01, 0x06, 0x69, 0x00, 0x09, 0x09, 0x3A, 0x4D, 0x00, 0x02, 0x02,
    0x03, 0x61, 0x00, 0x03, 0x03, 0x41, 0x4D, 0x00, 0x07, 0x07, 0x00, 0x61, 0x05, 0x01, 0x00, 0x00,
    0x42, 0x4D, 0x00, 0x04, 0x04, 0x00, 0x61, 0x05, 0x01, 0x00, 0x00, 0x42, 0x00, 0x4E, 0x1B, 0x40,
    0x33, 0x00, 0x09, 0x08, 0x09, 0x85, 0x00, 0x08, 0x03, 0x08, 0x85, 0x00, 0x01, 0x00, 0x06, 0x07,
    0x01, 0x06, 0x69, 0x00, 0x02, 0x02, 0x03, 0x61, 0x00, 0x03, 0x03, 0x41, 0x4D, 0x00, 0x07, 0x07,
    0x00, 0x61, 0x05, 0x01, 0x00, 0x00, 0x42, 0x4D, 0x00, 0x04, 0x04, 0x00, 0x61, 0x05, 0x01, 0x00,
    0x00, 0x42, 0x00, 0x4E, 0x59, 0x59, 0x40, 0x0E, 0x30, 0x2F, 0x12, 0x23, 0x41, 0x24, 0x15, 0x23,
    0x22, 0x25, 0x23, 0x0A, 0x09, 0x1F, 0x2B, 0x25, 0x06, 0x07, 0x06, 0x23, 0x22, 0x2E, 0x02, 0x35,
    0x10, 0x21, 0x33, 0x35, 0x34, 0x23, 0x22, 0x07, 0x35, 0x36, 0x33, 0x32, 0x16, 0x15, 0x11, 0x14,
    0x16, 0x33, 0x32, 0x37, 0x17, 0x06, 0x23, 0x22, 0x03, 0x06, 0x26, 0x23, 0x20, 0x15, 0x14, 0x16,
    0x33, 0x32, 0x37, 0x13, 0x23, 0x01, 0x33, 0x02, 0xD8, 0x15, 0x15, 0x7D, 0x9C, 0x48, 0x77, 0x55,
    0x2F, 0x02, 0x33, 0x3E, 0xBD, 0xA3, 0xB2, 0xBE, 0xC0, 0xC7, 0xBE, 0x30, 0x2D, 0x10, 0x17, 0x0A,
    0x51, 0x4C, 0xA0, 0x42, 0x11, 0x21, 0x11, 0xFE, 0xC6, 0x57, 0x4E, 0x76, 0x62, 0x22, 0xAF, 0xFE,
    0xBF, 0xFF, 0x80, 0x11, 0x0D, 0x7B, 0x2D, 0x51, 0x72, 0x46, 0x01, 0x73, 0x73, 0xB4, 0x61, 0xB8,
    0x4E, 0xA6, 0xAE, 0xFE, 0x17, 0x4A, 0x4B, 0x04, 0x89, 0x1E, 0x02, 0x1A, 0x01, 0x02, 0xC7, 0x4C,
    0x53, 0x69, 0x03, 0xFE, 0x01, 0x41, 0x00, 0x00, 0x00, 0x03, 0x00, 0x52, 0xFF, 0xE7, 0x04, 0x42,
    0x06, 0x44, 0x00, 0x21, 0x00, 0x2C, 0x00, 0x30, 0x00, 0xF0, 0x4B, 0xB0, 0x1D, 0x50, 0x58, 0x40,
    0x12, 0x12, 0x01, 0x02, 0x03, 0x11, 0x01, 0x01, 0x02, 0x2C, 0x01, 0x04, 0x06, 0x1E, 0x01, 0x00,
    0x04, 0x04, 0x4C, 0x1B, 0x40, 0x12, 0x12, 0x01, 0x02, 0x03, 0x11, 0x01, 0x01, 0x02, 0x2C, 0x01,
    0x07, 0x06, 0x1E, 0x01, 0x00, 0x04, 0x04, 0x4C, 0x59, 0x4B, 0xB0, 0x1D, 0x50, 0x58, 0x40, 0x2D,
    0x0A, 0x01, 0x09, 0x08, 0x03, 0x08, 0x09, 0x03, 0x80, 0x00, 0x01, 0x00, 0x06, 0x04, 0x01, 0x06,
    0x69, 0x00, 0x08, 0x08, 0x3A, 0x4D, 0x00, 0x02, 0x02, 0x03, 0x61, 0x00, 0x03, 0x03, 0x41, 0x4D,
    0x07, 0x01, 0x04, 0x04, 0x00, 0x61, 0x05, 0x01, 0x00, 0x00, 0x42, 0x00, 0x4E, 0x1B, 0x4B, 0xB0,
    0x28, 0x50, 0x58, 0x40, 0x37, 0x0A, 0x01, 0x09, 0x08, 0x03, 0x08, 0x09, 0x03, 0x80, 0x00, 0x01,
    0x00, 0x06, 0x07, 0x01, 0x06, 0x69, 0x00, 0x08, 0x08, 0x3A, 0x4D, 0x00, 0x02, 0x02, 0x03, 0x61,
    0x00, 0x03, 0x03, 0x41, 0x4D, 0x00, 0x07, 0x07, 0x00, 0x61, 0x05, 0x01, 0x00, 0x00, 0x42, 0x4D,
    0x00, 0x04, 0x04, 0x00, 0x61, 0x05, 0x01, 0x00, 0x00, 0x42, 0x00, 0x4E, 0x1B, 0x40, 0x34, 0x00,
    0x08, 0x09, 0x08, 0x85, 0x0A, 0x01, 0x09, 0x03, 0x09, 0x85, 0x00, 0x01, 0x00, 0x06, 0x07, 0x01,
    0x06, 0x69, 0x00, 0x02, 0x02, 0x03, 0x61, 0x00, 0x03, 0x03, 0x41, 0x4D, 0x00, 0x07, 0x07, 0x00,
    0x61, 0x05, 0x01, 0x00, 0x00, 0x42, 0x4D, 0x00, 0x04, 0x04, 0x00, 0x61, 0x05, 0x01, 0x00, 0x00,
    0x42, 0x00, 0x4E, 0x59, 0x59, 0x40, 0x12, 0x2D, 0x2D, 0x2D, 0x30, 0x2D, 0x30, 0x13, 0x23, 0x41,
    0x24, 0x15, 0x23, 0x22, 0x25, 0x23, 0x0B, 0x09, 0x1F, 0x2B, 0x25, 0x06, 0x07, 0x06, 0x23, 0x22,
    0x2E, 0x02, 0x35, 0x10, 0x21, 0x33, 0x35, 0x34, 0x23, 0x22, 0x07, 0x35, 0x36, 0x33, 0x32, 0x16,
    0x15, 0x11, 0x14, 0x16, 0x33, 0x32, 0x37, 0x17, 0x06, 0x23, 0x22, 0x03, 0x06, 0x26, 0x23, 0x20,
    0x15, 0x14, 0x16, 0x33, 0x32, 0x37, 0x01, 0x13, 0x33, 0x01, 0x02, 0xD8, 0x15, 0x15, 0x7D, 0x9C,
    0x48, 0x77, 0x55, 0x2F, 0x02, 0x33, 0x3E, 0xBD, 0xA3, 0xB2, 0xBE, 0xC0, 0xC7, 0xBE, 0x30, 0x2D,
    0x10, 0x17, 0x0A, 0x51, 0x4C, 0xA0, 0x42, 0x11, 0x21, 0x11, 0xFE, 0xC6, 0x57, 0x4E, 0x76, 0x62,
    0xFE, 0xCE, 0xF1, 0xFE, 0xFE, 0xBF, 0x80, 0x11, 0x0D, 0x7B, 0x2D, 0x51, 0x72, 0x46, 0x01, 0x73,
    0x73, 0xB4, 0x61, 0xB8, 0x4E, 0xA6, 0xAE, 0xFE, 0x17, 0x4A, 0x4B, 0x04, 0x89, 0x1E, 0x02, 0x1A,
    0x01, 0x02, 0xC7, 0x4C, 0x53, 0x69, 0x03, 0xFE, 0x01, 0x41, 0xFE, 0xBF, 0x00, 0x03, 0x00, 0x52,
    0xFF, 0xE7, 0x04, 0x42, 0x06, 0x44, 0x00, 0x21, 0x00, 0x2C, 0x00, 0x38, 0x00, 0xFD, 0x4B, 0xB0,
    0x1D, 0x50, 0x58, 0x40, 0x16, 0x34, 0x01, 0x09, 0x08, 0x12, 0x01, 0x02, 0x03, 0x11, 0x01, 0x01,
    0x02, 0x2C, 0x01, 0x04, 0x06, 0x1E, 0x01, 0x00, 0x04, 0x05, 0x4C, 0x1B, 0x40, 0x16, 0x34, 0x01,
    0x09, 0x08, 0x12, 0x01, 0x02, 0x03, 0x11, 0x01, 0x01, 0x02, 0x2C, 0x01, 0x07, 0x06, 0x1E, 0x01,
    0x00, 0x04, 0x05, 0x4C, 0x59, 0x4B, 0xB0, 0x1D, 0x50, 0x58, 0x40, 0x2E, 0x0B, 0x0A, 0x02, 0x09,
    0x08, 0x03, 0x08, 0x09, 0x03, 0x80, 0x00, 0x01, 0x00, 0x06, 0x04, 0x01, 0x06, 0x69, 0x00, 0x08,
    0x08, 0x3A, 0x4D, 0x00, 0x02, 0x02, 0x03, 0x61, 0x00, 0x03, 0x03, 0x41, 0x4D, 0x07, 0x01, 0x04,
    0x04, 0x00, 0x61, 0x05, 0x01, 0x00, 0x00, 0x42, 0x00, 0x4E, 0x1B, 0x4B, 0xB0, 0x28, 0x50, 0x58,
    0x40, 0x38, 0x0B, 0x0A, 0x02, 0x09, 0x08, 0x03, 0x08, 0x09, 0x03, 0x80, 0x00, 0x01, 0x00, 0x06,
    0x07, 0x01, 0x06, 0x69, 0x00, 0x08, 0x08, 0x3A, 0x4D, 0x00, 0x02, 0x02, 0x03, 0x61, 0x00, 0x03,
    0x03, 0x41, 0x4D, 0x00, 0x07, 0x07, 0x00, 0x61, 0x05, 0x01, 0x00, 0x00, 0x42, 0x4D, 0x00, 0x04,
    0x04, 0x00, 0x61, 0x05, 0x01, 0x00, 0x00, 0x42, 0x00, 0x4E, 0x1B, 0x40, 0x35, 0x00, 0x08, 0x09,
    0x08, 0x85, 0x0B, 0x0A, 0x02, 0x09, 0x03, 0x09, 0x85, 0x00, 0x01, 0x00, 0x06, 0x07, 0x01, 0x06,
    0x69, 0x00, 0x02, 0x02, 0x03, 0x61, 0x00, 0x03, 0x03, 0x41, 0x4D, 0x00, 0x07, 0x07, 0x00, 0x61,
    0x05, 0x01, 0x00, 0x00, 0x42, 0x4D, 0x00, 0x04, 0x04, 0x00, 0x61, 0x05, 0x01, 0x00, 0x00, 0x42,
    0x00, 0x4E, 0x59, 0x59, 0x40, 0x14, 0x2D, 0x2D, 0x2D, 0x38, 0x2D, 0x38, 0x31, 0x30, 0x13, 0x23,
    0x41, 0x24, 0x15, 0x23, 0x22, 0x25, 0x23, 0x0C, 0x09, 0x1F, 0x2B, 0x25, 0x06, 0x07, 0x06, 0x23,
    0x22, 0x2E, 0x02, 0x35, 0x10, 0x21, 0x33, 0x35, 0x34, 0x23, 0x22, 0x07, 0x35, 0x36, 0x33, 0x32,
    0x16, 0x15, 0x11, 0x14, 0x16, 0x33, 0x32, 0x37, 0x17, 0x06, 0x23, 0x22, 0x03, 0x06, 0x26, 0x23,
    0x20, 0x15, 0x14, 0x16, 0x33, 0x32, 0x37, 0x01, 0x13, 0x33, 0x13, 0x23, 0x26, 0x26, 0x27, 0x23,
    0x06, 0x06, 0x07, 0x02, 0xD8, 0x15, 0x15, 0x7D, 0x9C, 0x48, 0x77, 0x55, 0x2F, 0x02, 0x33, 0x3E,
    0xBD, 0xA3, 0xB2, 0xBE, 0xC0, 0xC7, 0xBE, 0x30, 0x2D, 0x10, 0x17, 0x0A, 0x51, 0x4C, 0xA0, 0x42,
    0x11, 0x21, 0x11, 0xFE, 0xC6, 0x57, 0x4E, 0x76, 0x62, 0xFE, 0x0C, 0xF1, 0xF6, 0xF1, 0xA4, 0x32,
    0x62, 0x33, 0x02, 0x33, 0x62, 0x32, 0x80, 0x11, 0x0D, 0x7B, 0x2D, 0x51, 0x72, 0x46, 0x01, 0x73,
    0x73, 0xB4, 0x61, 0xB8, 0x4E, 0xA6, 0xAE, 0xFE, 0x17, 0x4A, 0x4B, 0x04, 0x89, 0x1E, 0x02, 0x1A,
    0x01, 0x02, 0xC7, 0x4C, 0x53, 0x69, 0x03, 0xFE, 0x01, 0x41, 0xFE, 0xBF, 0x32, 0x63, 0x32, 0x32,
    0x63, 0x32, 0x00, 0x00, 0x00, 0x03, 0x00, 0x52, 0xFF, 0xE7, 0x04, 0x42, 0x06, 0x22, 0x00, 0x21,
    0x00, 0x2C, 0x00, 0x44, 0x01, 0x14, 0x4B, 0xB0, 0x1D, 0x50, 0x58, 0x40, 0x12, 0x12, 0x01, 0x02,
    0x03, 0x11, 0x01, 0x01, 0x02, 0x2C, 0x01, 0x04, 0x06, 0x1E, 0x01, 0x00, 0x04, 0x04, 0x4C, 0x1B,
    0x40, 0x12, 0x12, 0x01, 0x02, 0x03, 0x11, 0x01, 0x01, 0x02, 0x2C, 0x01, 0x07, 0x06, 0x1E, 0x01,
    0x00, 0x04, 0x04, 0x4C, 0x59, 0x4B, 0xB0, 0x1D, 0x50, 0x58, 0x40, 0x36, 0x00, 0x01, 0x00, 0x06,
    0x04, 0x01, 0x06, 0x69, 0x00, 0x0C, 0x0C, 0x08, 0x61, 0x0A, 0x01, 0x08, 0x08, 0x3A, 0x4D, 0x0E,
    0x0D, 0x02, 0x0B, 0x0B, 0x09, 0x61, 0x00, 0x09, 0x09, 0x38, 0x4D, 0x00, 0x02, 0x02, 0x03, 0x61,
    0x00, 0x03, 0x03, 0x41, 0x4D, 0x07, 0x01, 0x04, 0x04, 0x00, 0x61, 0x05, 0x01, 0x00, 0x00, 0x42,
    0x00, 0x4E, 0x1B, 0x4B, 0xB0, 0x1F, 0x50, 0x58, 0x40, 0x40, 0x00, 0x01, 0x00, 0x06, 0x07, 0x01,
    0x06, 0x69, 0x00, 0x0C, 0x0C, 0x08, 0x61, 0x0A, 0x01, 0x08, 0x08, 0x3A, 0x4D, 0x0E, 0x0D, 0x02,
    0x0B, 0x0B, 0x09, 0x61, 0x00, 0x09, 0x09, 0x38, 0x4D, 0x00, 0x02, 0x02, 0x03, 0x61, 0x00, 0x03,
    0x03, 0x41, 0x4D, 0x00, 0x07, 0x07, 0x00, 0x61, 0x05, 0x01, 0x00, 0x00, 0x42, 0x4D, 0x00, 0x04,
    0x04, 0x00, 0x61, 0x05, 0x01, 0x00, 0x00, 0x42, 0x00, 0x4E, 0x1B, 0x40, 0x3E, 0x00, 0x09, 0x0E,
    0x0D, 0x02, 0x0B, 0x03, 0x09, 0x0B, 0x6A, 0x00, 0x01, 0x00, 0x06, 0x07, 0x01, 0x06, 0x69, 0x00,
    0x0C, 0x0C, 0x08, 0x61, 0x0A, 0x01, 0x08, 0x08, 0x3A, 0x4D, 0x00, 0x02, 0x02, 0x03, 0x61, 0x00,
    0x03, 0x03, 0x41, 0x4D, 0x00, 0x07, 0x07, 0x00, 0x61, 0x05, 0x01, 0x00, 0x00, 0x42, 0x4D, 0x00,
    0x04, 0x04, 0x00, 0x61, 0x05, 0x01, 0x00, 0x00, 0x42, 0x00, 0x4E, 0x59, 0x59, 0x40, 0x1A, 0x2D,
    0x2D, 0x2D, 0x44, 0x2D, 0x44, 0x43, 0x41, 0x3B, 0x39, 0x38, 0x37, 0x36, 0x34, 0x23, 0x23, 0x41,
    0x24, 0x15, 0x23, 0x22, 0x25, 0x23, 0x0F, 0x09, 0x1F, 0x2B, 0x25, 0x06, 0x07, 0x06, 0x23, 0x22,
    0x2E, 0x02, 0x35, 0x10, 0x21, 0x33, 0x35, 0x34, 0x23, 0x22, 0x07, 0x35, 0x36, 0x33, 0x32, 0x16,
    0x15, 0x11, 0x14, 0x16, 0x33, 0x32, 0x37, 0x17, 0x06, 0x23, 0x22, 0x03, 0x06, 0x26, 0x23, 0x20,
    0x15, 0x14, 0x16, 0x33, 0x32, 0x37, 0x01, 0x12, 0x33, 0x32, 0x16, 0x17, 0x16, 0x16, 0x33, 0x32,
    0x37, 0x33, 0x02, 0x23, 0x22, 0x27, 0x27, 0x2E, 0x03, 0x23, 0x22, 0x07, 0x02, 0xD8, 0x15, 0x15,
    0x7D, 0x9C, 0x48, 0x77, 0x55, 0x2F, 0x02, 0x33, 0x3E, 0xBD, 0xA3, 0xB2, 0xBE, 0xC0, 0xC7, 0xBE,
    0x30, 0x2D, 0x10, 0x17, 0x0A, 0x51, 0x4C, 0xA0, 0x42, 0x11, 0x21, 0x11, 0xFE, 0xC6, 0x57, 0x4E,
    0x76, 0x62, 0xFE, 0x12, 0x06, 0xBB, 0x28, 0x40, 0x24, 0x39, 0x41, 0x16, 0x43, 0x05, 0x87, 0x04,
    0xBD, 0x46, 0x3C, 0x0A, 0x20, 0x2B, 0x1F, 0x18, 0x0D, 0x45, 0x04, 0x80, 0x11, 0x0D, 0x7B, 0x2D,
    0x51, 0x72, 0x46, 0x01, 0x73, 0x73, 0xB4, 0x61, 0xB8, 0x4E, 0xA6, 0xAE, 0xFE, 0x17, 0x4A, 0x4B,
    0x04, 0x89, 0x1E, 0x02, 0x1A, 0x01, 0x02, 0xC7, 0x4C, 0x53, 0x69, 0x04, 0x08, 0x01, 0x15, 0x18,
    0x17, 0x24, 0x28, 0x7B, 0xFE, 0xEB, 0x29, 0x06, 0x12, 0x1C, 0x13, 0x0B, 0x7B, 0x00, 0x00, 0x00,
    0x00, 0x04, 0x00, 0x52, 0xFF, 0xE7, 0x04, 0x42, 0x05, 0xD2, 0x00, 0x21, 0x00, 0x2C, 0x00, 0x30,
    0x00, 0x34, 0x00, 0xF9, 0x4B, 0xB0, 0x1D, 0x50, 0x58, 0x40, 0x12, 0x12, 0x01, 0x02, 0x03, 0x11,
    0x01, 0x01, 0x02, 0x2C, 0x01, 0x04, 0x06, 0x1E, 0x01, 0x00, 0x04, 0x04, 0x4C, 0x1B, 0x40, 0x12,
    0x12, 0x01, 0x02, 0x03, 0x11, 0x01, 0x01, 0x02, 0x2C, 0x01, 0x07, 0x06, 0x1E, 0x01, 0x00, 0x04,
    0x04, 0x4C, 0x59, 0x4B, 0xB0, 0x1D, 0x50, 0x58, 0x40, 0x2D, 0x00, 0x01, 0x00, 0x06, 0x04, 0x01,
    0x06, 0x69, 0x0D, 0x0B, 0x0C, 0x03, 0x09, 0x09, 0x08, 0x5F, 0x0A, 0x01, 0x08, 0x08, 0x38, 0x4D,
    0x00, 0x02, 0x02, 0x03, 0x61, 0x00, 0x03, 0x03, 0x41, 0x4D, 0x07, 0x01, 0x04, 0x04, 0x00, 0x61,
    0x05, 0x01, 0x00, 0x00, 0x42, 0x00, 0x4E, 0x1B, 0x4B, 0xB0, 0x2A, 0x50, 0x58, 0x40, 0x37, 0x00,
    0x01, 0x00, 0x06, 0x07, 0x01, 0x06, 0x69, 0x0D, 0x0B, 0x0C, 0x03, 0x09, 0x09, 0x08, 0x5F, 0x0A,
    0x01, 0x08, 0x08, 0x38, 0x4D, 0x00, 0x02, 0x02, 0x03, 0x61, 0x00, 0x03, 0x03, 0x41, 0x4D, 0x00,
    0x07, 0x07, 0x00, 0x61, 0x05, 0x01, 0x00, 0x00, 0x42, 0x4D, 0x00, 0x04, 0x04, 0x00, 0x61, 0x05,
    0x01, 0x00, 0x00, 0x42, 0x00, 0x4E, 0x1B, 0x40, 0x35, 0x0A, 0x01, 0x08, 0x0D, 0x0B, 0x0C, 0x03,
    0x09, 0x03, 0x08, 0x09, 0x67, 0x00, 0x01, 0x00, 0x06, 0x07, 0x01, 0x06, 0x69, 0x00, 0x02, 0x02,
    0x03, 0x61, 0x00, 0x03, 0x03, 0x41, 0x4D, 0x00, 0x07, 0x07, 0x00, 0x61, 0x05, 0x01, 0x00, 0x00,
    0x42, 0x4D, 0x00, 0x04, 0x04, 0x00, 0x61, 0x05, 0x01, 0x00, 0x00, 0x42, 0x00, 0x4E, 0x59, 0x59,
    0x40, 0x1A, 0x31, 0x31, 0x2D, 0x2D, 0x31, 0x34, 0x31, 0x34, 0x33, 0x32, 0x2D, 0x30, 0x2D, 0x30,
    0x13, 0x23, 0x41, 0x24, 0x15, 0x23, 0x22, 0x25, 0x23, 0x0E, 0x09, 0x1F, 0x2B, 0x25, 0x06, 0x07,
    0x06, 0x23, 0x22, 0x2E, 0x02, 0x35, 0x10, 0x21, 0x33, 0x35, 0x34, 0x23, 0x22, 0x07, 0x35, 0x36,
    0x33, 0x32, 0x16, 0x15, 0x11, 0x14, 0x16, 0x33, 0x32, 0x37, 0x17, 0x06, 0x23, 0x22, 0x03, 0x06,
    0x26, 0x23, 0x20, 0x15, 0x14, 0x16, 0x33, 0x32, 0x37, 0x01, 0x35, 0x33, 0x15, 0x33, 0x35, 0x33,
    0x15, 0x02, 0xD8, 0x15, 0x15, 0x7D, 0x9C, 0x48, 0x77, 0x55, 0x2F, 0x02, 0x33, 0x3E, 0xBD, 0xA3,
    0xB2, 0xBE, 0xC0, 0xC7, 0xBE, 0x30, 0x2D, 0x10, 0x17, 0x0A, 0x51, 0x4C, 0xA0, 0x42, 0x11, 0x21,
    0x11, 0xFE, 0xC6, 0x57, 0x4E, 0x76, 0x62, 0xFE, 0x40, 0xC6, 0xD1, 0xC6, 0x80, 0x11, 0x0D, 0x7B,
    0x2D, 0x51, 0x72, 0x46, 0x01, 0x73, 0x73, 0xB4, 0x61, 0xB8, 0x4E, 0xA6, 0xAE, 0xFE, 0x17, 0x4A,
    0x4B, 0x04, 0x89, 0x1E, 0x02, 0x1A, 0x01, 0x02, 0xC7, 0x4C, 0x53, 0x69, 0x04, 0x08, 0xC5, 0xC5,
    0xC5, 0xC5, 0x00, 0x00, 0x00, 0x04, 0x00, 0x52, 0xFF, 0xE7, 0x04, 0x42, 0x06, 0xD0, 0x00, 0x21,
    0x00, 0x2C, 0x00, 0x40, 0x00, 0x54, 0x00, 0xC4, 0x4B, 0xB0, 0x1D, 0x50, 0x58, 0x40, 0x12, 0x12,
    0x01, 0x02, 0x03, 0x11, 0x01, 0x01, 0x02, 0x2C, 0x01, 0x04, 0x06, 0x1E, 0x01, 0x00, 0x04, 0x04,
    0x4C, 0x1B, 0x40, 0x12, 0x12, 0x01, 0x02, 0x03, 0x11, 0x01, 0x01, 0x02, 0x2C, 0x01, 0x07, 0x06,
    0x1E, 0x01, 0x00, 0x04, 0x04, 0x4C, 0x59, 0x4B, 0xB0, 0x1D, 0x50, 0x58, 0x40, 0x31, 0x00, 0x09,
    0x00, 0x0B, 0x0A, 0x09, 0x0B, 0x69, 0x0D, 0x01, 0x0A, 0x0C, 0x01, 0x08, 0x03, 0x0A, 0x08, 0x69,
    0x00, 0x01, 0x00, 0x06, 0x04, 0x01, 0x06, 0x69, 0x00, 0x02, 0x02, 0x03, 0x61, 0x00, 0x03, 0x03,
    0x41, 0x4D, 0x07, 0x01, 0x04, 0x04, 0x00, 0x61, 0x05, 0x01, 0x00, 0x00, 0x42, 0x00, 0x4E, 0x1B,
    0x40, 0x3B, 0x00, 0x09, 0x00, 0x0B, 0x0A, 0x09, 0x0B, 0x69, 0x0D, 0x01, 0x0A, 0x0C, 0x01, 0x08,
    0x03, 0x0A, 0x08, 0x69, 0x00, 0x01, 0x00, 0x06, 0x07, 0x01, 0x06, 0x69, 0x00, 0x02, 0x02, 0x03,
    0x61, 0x00, 0x03, 0x03, 0x41, 0x4D, 0x00, 0x07, 0x07, 0x00, 0x61, 0x05, 0x01, 0x00, 0x00, 0x42,
    0x4D, 0x00, 0x04, 0x04, 0x00, 0x61, 0x05, 0x01, 0x00, 0x00, 0x42, 0x00, 0x4E, 0x59, 0x40, 0x1B,
    0x42, 0x41, 0x2E, 0x2D, 0x4C, 0x4A, 0x41, 0x54, 0x42, 0x54, 0x38, 0x36, 0x2D, 0x40, 0x2E, 0x40,
    0x23, 0x41, 0x24, 0x15, 0x23, 0x22, 0x25, 0x23, 0x0E, 0x09, 0x1E, 0x2B, 0x25, 0x06, 0x07, 0x06,
    0x23, 0x22, 0x2E, 0x02, 0x35, 0x10, 0x21, 0x33, 0x35, 0x34, 0x23, 0x22, 0x07, 0x35, 0x36, 0x33,
    0x32, 0x16, 0x15, 0x11, 0x14, 0x16, 0x33, 0x32, 0x37, 0x17, 0x06, 0x23, 0x22, 0x03, 0x06, 0x26,
    0x23, 0x20, 0x15, 0x14, 0x16, 0x33, 0x32, 0x37, 0x03, 0x22, 0x2E, 0x02, 0x35, 0x34, 0x3E, 0x02,
    0x33, 0x32, 0x1E, 0x02, 0x15, 0x14, 0x0E, 0x02, 0x27, 0x32, 0x3E, 0x02, 0x35, 0x34, 0x2E, 0x02,
    0x23, 0x22, 0x0E, 0x02, 0x15, 0x14, 0x1E, 0x02, 0x02, 0xD8, 0x15, 0x15, 0x7D, 0x9C, 0x48, 0x77,
    0x55, 0x2F, 0x02, 0x33, 0x3E, 0xBD, 0xA3, 0xB2, 0xBE, 0xC0, 0xC7, 0xBE, 0x30, 0x2D, 0x10, 0x17,
    0x0A, 0x51, 0x4C, 0xA0, 0x42, 0x11, 0x21, 0x11, 0xFE, 0xC6, 0x57, 0x4E, 0x76, 0x62, 0x91, 0x2F,
    0x53, 0x3D, 0x24, 0x24, 0x3F, 0x53, 0x30, 0x2F, 0x54, 0x3F, 0x25, 0x25, 0x3F, 0x56, 0x2F, 0x1C,
    0x31, 0x24, 0x15, 0x14, 0x24, 0x30, 0x1C, 0x1C, 0x30, 0x24, 0x14, 0x15, 0x24, 0x2F, 0x80, 0x11,
    0x0D, 0x7B, 0x2D, 0x51, 0x72, 0x46, 0x01, 0x73, 0x73, 0xB4, 0x61, 0xB8, 0x4E, 0xA6, 0xAE, 0xFE,
    0x17, 0x4A, 0x4B, 0x04, 0x89, 0x1E, 0x02, 0x1A, 0x01, 0x02, 0xC7, 0x4C, 0x53, 0x69, 0x03, 0xFE,
    0x24, 0x3F, 0x54, 0x2F, 0x30, 0x54, 0x3F, 0x24, 0x24, 0x3F, 0x53, 0x30, 0x31, 0x54, 0x3E, 0x24,
    0x62, 0x15, 0x24, 0x30, 0x1C, 0x1A, 0x30, 0x24, 0x15, 0x15, 0x24, 0x30, 0x1A, 0x1C, 0x30, 0x24,
    0x15, 0x00, 0x00, 0x00, 0x00, 0x03, 0x00, 0x52, 0xFF, 0xE7, 0x06, 0xAA, 0x04, 0x5C, 0x00, 0x0A,
    0x00, 0x35, 0x00, 0x3A, 0x00, 0xA4, 0x4B, 0xB0, 0x2A, 0x50, 0x58, 0x40, 0x14, 0x32, 0x01, 0x08,
    0x02, 0x31, 0x01, 0x07, 0x08, 0x1D, 0x17, 0x0A, 0x03, 0x01, 0x00, 0x18, 0x01, 0x05, 0x01, 0x04,
    0x4C, 0x1B, 0x40, 0x14, 0x32, 0x01, 0x08, 0x02, 0x31, 0x01, 0x07, 0x08, 0x1D, 0x17, 0x0A, 0x03,
    0x01, 0x03, 0x18, 0x01, 0x05, 0x01, 0x04, 0x4C, 0x59, 0x4B, 0xB0, 0x2A, 0x50, 0x58, 0x40, 0x24,
    0x0C, 0x0B, 0x02, 0x07, 0x03, 0x01, 0x00, 0x01, 0x07, 0x00, 0x69, 0x0A, 0x01, 0x08, 0x08, 0x02,
    0x61, 0x09, 0x01, 0x02, 0x02, 0x41, 0x4D, 0x04, 0x01, 0x01, 0x01, 0x05, 0x61, 0x06, 0x01, 0x05,
    0x05, 0x42, 0x05, 0x4E, 0x1B, 0x40, 0x29, 0x00, 0x00, 0x03, 0x07, 0x00, 0x59, 0x0C, 0x0B, 0x02,
    0x07, 0x00, 0x03, 0x01, 0x07, 0x03, 0x67, 0x0A, 0x01, 0x08, 0x08, 0x02, 0x61, 0x09, 0x01, 0x02,
    0x02, 0x41, 0x4D, 0x04, 0x01, 0x01, 0x01, 0x05, 0x61, 0x06, 0x01, 0x05, 0x05, 0x42, 0x05, 0x4E,
    0x59, 0x40, 0x16, 0x36, 0x36, 0x36, 0x3A, 0x36, 0x3A, 0x39, 0x37, 0x35, 0x33, 0x23, 0x26, 0x25,
    0x24, 0x21, 0x14, 0x23, 0x23, 0x40, 0x0D, 0x09, 0x1F, 0x2B, 0x01, 0x06, 0x26, 0x23, 0x20, 0x15,
    0x14, 0x16, 0x33, 0x32, 0x37, 0x13, 0x36, 0x33, 0x32, 0x1E, 0x02, 0x15, 0x21, 0x12, 0x21, 0x32,
    0x37, 0x15, 0x06, 0x06, 0x23, 0x20, 0x27, 0x0E, 0x03, 0x23, 0x22, 0x2E, 0x02, 0x35, 0x34, 0x24,
    0x21, 0x33, 0x35, 0x34, 0x26, 0x23, 0x22, 0x07, 0x35, 0x36, 0x33, 0x32, 0x01, 0x10, 0x23, 0x22,
    0x03, 0x02, 0xEB, 0x13, 0x25, 0x13, 0xFE, 0xA2, 0x61, 0x52, 0x7B, 0x7B, 0xA5, 0x95, 0xBE, 0x79,
    0xAD, 0x6E, 0x33, 0xFD, 0x32, 0x1C, 0x01, 0x5D, 0x9B, 0xB8, 0x67, 0xCA, 0x65, 0xFE, 0xCF, 0xA2,
    0x31, 0x60, 0x64, 0x6D, 0x3D, 0x4B, 0x7B, 0x58, 0x30, 0x01, 0x2F, 0x01, 0x29, 0x41, 0x64, 0x6F,
    0xB1, 0xB5, 0xCC, 0xC1, 0xCE, 0x02, 0xA9, 0xDD, 0xDF, 0x1B, 0x02, 0x01, 0x01, 0x02, 0xC8, 0x4D,
    0x51, 0x69, 0x02, 0xDB, 0x7C, 0x4B, 0x99, 0xE7, 0x9C, 0xFE, 0xA1, 0x44, 0xB6, 0x1E, 0x1F, 0xDF,
    0x3C, 0x55, 0x36, 0x18, 0x2C, 0x50, 0x72, 0x45, 0xB7, 0xBD, 0x75, 0x5E, 0x56, 0x61, 0xB8, 0x4E,
    0xFE, 0x36, 0x01, 0x25, 0xFE, 0xDB, 0x00, 0x00, 0x00, 0x01, 0x00, 0x50, 0xFE, 0x50, 0x03, 0xDF,
    0x04, 0x5C, 0x00, 0x30, 0x00, 0x8E, 0x40, 0x18, 0x24, 0x01, 0x06, 0x05, 0x30, 0x25, 0x02, 0x07,
    0x06, 0x1A, 0x00, 0x02, 0x00, 0x07, 0x11, 0x01, 0x03, 0x04, 0x10, 0x01, 0x02, 0x03, 0x05, 0x4C,
    0x4B, 0xB0, 0x0C, 0x50, 0x58, 0x40, 0x2D, 0x00, 0x01, 0x00, 0x04, 0x03, 0x01, 0x72, 0x00, 0x04,
    0x03, 0x00, 0x04, 0x03, 0x7E, 0x00, 0x06, 0x06, 0x05, 0x61, 0x00, 0x05, 0x05, 0x41, 0x4D, 0x00,
    0x07, 0x07, 0x00, 0x61, 0x00, 0x00, 0x00, 0x42, 0x4D, 0x00, 0x03, 0x03, 0x02, 0x62, 0x00, 0x02,
    0x02, 0x43, 0x02, 0x4E, 0x1B, 0x40, 0x2E, 0x00, 0x01, 0x00, 0x04, 0x00, 0x01, 0x04, 0x80, 0x00,
    0x04, 0x03, 0x00, 0x04, 0x03, 0x7E, 0x00, 0x06, 0x06, 0x05, 0x61, 0x00, 0x05, 0x05, 0x41, 0x4D,
    0x00, 0x07, 0x07, 0x00, 0x61, 0x00, 0x00, 0x00, 0x42, 0x4D, 0x00, 0x03, 0x03, 0x02, 0x62, 0x00,
    0x02, 0x02, 0x43, 0x02, 0x4E, 0x59, 0x40, 0x0B, 0x25, 0x23, 0x28, 0x14, 0x23, 0x28, 0x11, 0x12,
    0x08, 0x09, 0x1E, 0x2B, 0x25, 0x06, 0x06, 0x07, 0x07, 0x1E, 0x03, 0x15, 0x14, 0x0E, 0x02, 0x23,
    0x22, 0x27, 0x35, 0x16, 0x33, 0x32, 0x36, 0x35, 0x34, 0x26, 0x23, 0x37, 0x2E, 0x03, 0x35, 0x10,
    0x00, 0x21, 0x32, 0x17, 0x15, 0x26, 0x23, 0x20, 0x11, 0x14, 0x1E, 0x02, 0x33, 0x32, 0x37, 0x03,
    0xDF, 0x59, 0xA5, 0x4E, 0x35, 0x30, 0x4E, 0x38, 0x1F, 0x24, 0x3D, 0x52, 0x2E, 0x4B, 0x5C, 0x3A,
    0x35, 0x3B, 0x2F, 0x62, 0x61, 0x60, 0x6C, 0xAD, 0x78, 0x40, 0x01, 0x26, 0x01, 0x1C, 0x98, 0xAA,
    0xB9, 0x6A, 0xFE, 0xA9, 0x30, 0x5B, 0x83, 0x52, 0x7B, 0xAA, 0x1C, 0x17, 0x1B, 0x02, 0x57, 0x03,
    0x1A, 0x29, 0x37, 0x20, 0x22, 0x3C, 0x2C, 0x1A, 0x1A, 0x56, 0x0F, 0x23, 0x1E, 0x28, 0x34, 0x9E,
    0x0B, 0x5A, 0x93, 0xC6, 0x77, 0x01, 0x18, 0x01, 0x23, 0x27, 0xBD, 0x36, 0xFE, 0x74, 0x5D, 0x93,
    0x65, 0x35, 0x40, 0x00, 0x00, 0x03, 0x00, 0x50, 0xFF, 0xE7, 0x04, 0x00, 0x06, 0x44, 0x00, 0x04,
    0x00, 0x1C, 0x00, 0x20, 0x00, 0x83, 0x40, 0x0A, 0x1C, 0x01, 0x05, 0x04, 0x05, 0x01, 0x02, 0x05,
    0x02, 0x4C, 0x4B, 0xB0, 0x28, 0x50, 0x58, 0x40, 0x2B, 0x00, 0x06, 0x07, 0x03, 0x07, 0x06, 0x03,
    0x80, 0x08, 0x01, 0x01, 0x00, 0x04, 0x05, 0x01, 0x04, 0x67, 0x00, 0x07, 0x07, 0x3A, 0x4D, 0x00,
    0x00, 0x00, 0x03, 0x61, 0x00, 0x03, 0x03, 0x41, 0x4D, 0x00, 0x05, 0x05, 0x02, 0x61, 0x00, 0x02,
    0x02, 0x42, 0x02, 0x4E, 0x1B, 0x40, 0x28, 0x00, 0x07, 0x06, 0x07, 0x85, 0x00, 0x06, 0x03, 0x06,
    0x85, 0x08, 0x01, 0x01, 0x00, 0x04, 0x05, 0x01, 0x04, 0x67, 0x00, 0x00, 0x00, 0x03, 0x61, 0x00,
    0x03, 0x03, 0x41, 0x4D, 0x00, 0x05, 0x05, 0x02, 0x61, 0x00, 0x02, 0x02, 0x42, 0x02, 0x4E, 0x59,
    0x40, 0x16, 0x00, 0x00, 0x20, 0x1F, 0x1E, 0x1D, 0x1B, 0x19, 0x18, 0x17, 0x13, 0x11, 0x09, 0x07,
    0x00, 0x04, 0x00, 0x04, 0x21, 0x09, 0x09, 0x17, 0x2B, 0x01, 0x10, 0x23, 0x22, 0x03, 0x01, 0x06,
    0x06, 0x23, 0x22, 0x2E, 0x02, 0x35, 0x34, 0x3E, 0x02, 0x33, 0x32, 0x1E, 0x02, 0x15, 0x21, 0x12,
    0x21, 0x32, 0x37, 0x01, 0x23, 0x01, 0x33, 0x03, 0x0B, 0xCA, 0xD3, 0x1B, 0x02, 0xAB, 0x5F, 0xB9,
    0x5C, 0x84, 0xD3, 0x94, 0x4F, 0x46, 0x82, 0xB7, 0x71, 0x76, 0xAA, 0x6D, 0x33, 0xFD, 0x53, 0x1E,
    0x01, 0x49, 0x93, 0xB1, 0xFE, 0xEE, 0xAF, 0xFE, 0xBF, 0xFF, 0x02, 0x92, 0x01, 0x24, 0xFE, 0xDC,
    0xFD, 0x92, 0x1E, 0x1F, 0x52, 0x97, 0xD9, 0x87, 0x7F, 0xCD, 0x91, 0x4F, 0x49, 0x98, 0xE7, 0x9F,
    0xFE, 0xA1, 0x44, 0x04, 0x29, 0x01, 0x41, 0x00, 0x00, 0x03, 0x00, 0x50, 0xFF, 0xE7, 0x04, 0x00,
    0x06, 0x44, 0x00, 0x04, 0x00, 0x1C, 0x00, 0x20, 0x00, 0x89, 0x40, 0x0A, 0x1C, 0x01, 0x05, 0x04,
    0x05, 0x01, 0x02, 0x05, 0x02, 0x4C, 0x4B, 0xB0, 0x28, 0x50, 0x58, 0x40, 0x2C, 0x09, 0x01, 0x07,
    0x06, 0x03, 0x06, 0x07, 0x03, 0x80, 0x08, 0x01, 0x01, 0x00, 0x04, 0x05, 0x01, 0x04, 0x67, 0x00,
    0x06, 0x06, 0x3A, 0x4D, 0x00, 0x00, 0x00, 0x03, 0x61, 0x00, 0x03, 0x03, 0x41, 0x4D, 0x00, 0x05,
    0x05, 0x02, 0x61, 0x00, 0x02, 0x02, 0x42, 0x02, 0x4E, 0x1B, 0x40, 0x29, 0x00, 0x06, 0x07, 0x06,
    0x85, 0x09, 0x01, 0x07, 0x03, 0x07, 0x85, 0x08, 0x01, 0x01, 0x00, 0x04, 0x05, 0x01, 0x04, 0x67,
    0x00, 0x00, 0x00, 0x03, 0x61, 0x00, 0x03, 0x03, 0x41, 0x4D, 0x00, 0x05, 0x05, 0x02, 0x61, 0x00,
    0x02, 0x02, 0x42, 0x02, 0x4E, 0x59, 0x40, 0x1A, 0x1D, 0x1D, 0x00, 0x00, 0x1D, 0x20, 0x1D, 0x20,
    0x1F, 0x1E, 0x1B, 0x19, 0x18, 0x17, 0x13, 0x11, 0x09, 0x07, 0x00, 0x04, 0x00, 0x04, 0x21, 0x0A,
    0x09, 0x17, 0x2B, 0x01, 0x10, 0x23, 0x22, 0x03, 0x01, 0x06, 0x06, 0x23, 0x22, 0x2E, 0x02, 0x35,
    0x34, 0x3E, 0x02, 0x33, 0x32, 0x1E, 0x02, 0x15, 0x21, 0x12, 0x21, 0x32, 0x37, 0x01, 0x13, 0x33,
    0x01, 0x03, 0x0B, 0xCA, 0xD3, 0x1B, 0x02, 0xAB, 0x5F, 0xB9, 0x5C, 0x84, 0xD3, 0x94, 0x4F, 0x46,
    0x82, 0xB7, 0x71, 0x76, 0xAA, 0x6D, 0x33, 0xFD, 0x53, 0x1E, 0x01, 0x49, 0x93, 0xB1, 0xFD, 0x95,
    0xF1, 0xFF, 0xFE, 0xBF, 0x02, 0x92, 0x01, 0x24, 0xFE, 0xDC, 0xFD, 0x92, 0x1E, 0x1F, 0x52, 0x97,
    0xD9, 0x87, 0x7F, 0xCD, 0x91, 0x4F, 0x49, 0x98, 0xE7, 0x9F, 0xFE, 0xA1, 0x44, 0x04, 0x29, 0x01,
    0x41, 0xFE, 0xBF, 0x00, 0x00, 0x03, 0x00, 0x50, 0xFF, 0xE7, 0x04, 0x00, 0x06, 0x44, 0x00, 0x04,
    0x00, 0x1C, 0x00, 0x28, 0x00, 0x91, 0x40, 0x0E, 0x24, 0x01, 0x07, 0x06, 0x1C, 0x01, 0x05, 0x04,
    0x05, 0x01, 0x02, 0x05, 0x03, 0x4C, 0x4B, 0xB0, 0x28, 0x50, 0x58, 0x40, 0x2D, 0x0A, 0x08, 0x02,
    0x07, 0x06, 0x03, 0x06, 0x07, 0x03, 0x80, 0x09, 0x01, 0x01, 0x00, 0x04, 0x05, 0x01, 0x04, 0x67,
    0x00, 0x06, 0x06, 0x3A, 0x4D, 0x00, 0x00, 0x00, 0x03, 0x61, 0x00, 0x03, 0x03, 0x41, 0x4D, 0x00,
    0x05, 0x05, 0x02, 0x61, 0x00, 0x02, 0x02, 0x42, 0x02, 0x4E, 0x1B, 0x40, 0x2A, 0x00, 0x06, 0x07,
    0x06, 0x85, 0x0A, 0x08, 0x02, 0x07, 0x03, 0x07, 0x85, 0x09, 0x01, 0x01, 0x00, 0x04, 0x05, 0x01,
    0x04, 0x67, 0x00, 0x00, 0x00, 0x03, 0x61, 0x00, 0x03, 0x03, 0x41, 0x4D, 0x00, 0x05, 0x05, 0x02,
    0x61, 0x00, 0x02, 0x02, 0x42, 0x02, 0x4E, 0x59, 0x40, 0x1C, 0x1D, 0x1D, 0x00, 0x00, 0x1D, 0x28,
    0x1D, 0x28, 0x21, 0x20, 0x1F, 0x1E, 0x1B, 0x19, 0x18, 0x17, 0x13, 0x11, 0x09, 0x07, 0x00, 0x04,
    0x00, 0x04, 0x21, 0x0B, 0x09, 0x17, 0x2B, 0x01, 0x10, 0x23, 0x22, 0x03, 0x01, 0x06, 0x06, 0x23,
    0x22, 0x2E, 0x02, 0x35, 0x34, 0x3E, 0x02, 0x33, 0x32, 0x1E, 0x02, 0x15, 0x21, 0x12, 0x21, 0x32,
    0x37, 0x01, 0x13, 0x33, 0x13, 0x23, 0x26, 0x26, 0x27, 0x23, 0x06, 0x06, 0x07, 0x03, 0x0B, 0xCA,
    0xD3, 0x1B, 0x02, 0xAB, 0x5F, 0xB9, 0x5C, 0x84, 0xD3, 0x94, 0x4F, 0x46, 0x82, 0xB7, 0x71, 0x76,
    0xAA, 0x6D, 0x33, 0xFD, 0x53, 0x1E, 0x01, 0x49, 0x93, 0xB1, 0xFC, 0xDE, 0xF1, 0xF5, 0xF1, 0xA3,
    0x33, 0x62, 0x32, 0x03, 0x32, 0x62, 0x33, 0x02, 0x92, 0x01, 0x24, 0xFE, 0xDC, 0xFD, 0x92, 0x1E,
    0x1F, 0x52, 0x97, 0xD9, 0x87, 0x7F, 0xCD, 0x91, 0x4F, 0x49, 0x98, 0xE7, 0x9F, 0xFE, 0xA1, 0x44,
    0x04, 0x29, 0x01, 0x41, 0xFE, 0xBF, 0x32, 0x63, 0x32, 0x32, 0x63, 0x32, 0x00, 0x04, 0x00, 0x50,
    0xFF, 0xE7, 0x04, 0x00, 0x05, 0xD2, 0x00, 0x04, 0x00, 0x1C, 0x00, 0x20, 0x00, 0x24, 0x00, 0x92,
    0x40, 0x0A, 0x1C, 0x01, 0x05, 0x04, 0x05, 0x01, 0x02, 0x05, 0x02, 0x4C, 0x4B, 0xB0, 0x2A, 0x50,
    0x58, 0x40, 0x2C, 0x0A, 0x01, 0x01, 0x00, 0x04, 0x05, 0x01, 0x04, 0x67, 0x0C, 0x09, 0x0B, 0x03,
    0x07, 0x07, 0x06, 0x5F, 0x08, 0x01, 0x06, 0x06, 0x38, 0x4D, 0x00, 0x00, 0x00, 0x03, 0x61, 0x00,
    0x03, 0x03, 0x41, 0x4D, 0x00, 0x05, 0x05, 0x02, 0x61, 0x00, 0x02, 0x02, 0x42, 0x02, 0x4E, 0x1B,
    0x40, 0x2A, 0x08, 0x01, 0x06, 0x0C, 0x09, 0x0B, 0x03, 0x07, 0x03, 0x06, 0x07, 0x67, 0x0A, 0x01,
    0x01, 0x00, 0x04, 0x05, 0x01, 0x04, 0x67, 0x00, 0x00, 0x00, 0x03, 0x61, 0x00, 0x03, 0x03, 0x41,
    0x4D, 0x00, 0x05, 0x05, 0x02, 0x61, 0x00, 0x02, 0x02, 0x42, 0x02, 0x4E, 0x59, 0x40, 0x22, 0x21,
    0x21, 0x1D, 0x1D, 0x00, 0x00, 0x21, 0x24, 0x21, 0x24, 0x23, 0x22, 0x1D, 0x20, 0x1D, 0x20, 0x1F,
    0x1E, 0x1B, 0x19, 0x18, 0x17, 0x13, 0x11, 0x09, 0x07, 0x00, 0x04, 0x00, 0x04, 0x21, 0x0D, 0x09,
    0x17, 0x2B, 0x01, 0x10, 0x23, 0x22, 0x03, 0x01, 0x06, 0x06, 0x23, 0x22, 0x2E, 0x02, 0x35, 0x34,
    0x3E, 0x02, 0x33, 0x32, 0x1E, 0x02, 0x15, 0x21, 0x12, 0x21, 0x32, 0x37, 0x01, 0x35, 0x33, 0x15,
    0x33, 0x35, 0x33, 0x15, 0x03, 0x0B, 0xCA, 0xD3, 0x1B, 0x02, 0xAB, 0x5F, 0xB9, 0x5C, 0x84, 0xD3,
    0x94, 0x4F, 0x46, 0x82, 0xB7, 0x71, 0x76, 0xAA, 0x6D, 0x33, 0xFD, 0x53, 0x1E, 0x01, 0x49, 0x93,
    0xB1, 0xFD, 0x1B, 0xC6, 0xD1, 0xC6, 0x02, 0x92, 0x01, 0x24, 0xFE, 0xDC, 0xFD, 0x92, 0x1E, 0x1F,
    0x52, 0x97, 0xD9, 0x87, 0x7F, 0xCD, 0x91, 0x4F, 0x49, 0x98, 0xE7, 0x9F, 0xFE, 0xA1, 0x44, 0x04,
    0x33, 0xC5, 0xC5, 0xC5, 0xC5, 0x00, 0x00, 0x00, 0x00, 0x02, 0xFF, 0xEC, 0x00, 0x00, 0x01, 0xDB,
    0x06, 0x44, 0x00, 0x03, 0x00, 0x07, 0x00, 0x6A, 0x4B, 0xB0, 0x28, 0x50, 0x58, 0x40, 0x19, 0x00,
    0x02, 0x03, 0x00, 0x03, 0x02, 0x00, 0x80, 0x00, 0x03, 0x03, 0x3A, 0x4D, 0x00, 0x00, 0x00, 0x3B,
    0x4D, 0x04, 0x01, 0x01, 0x01, 0x39, 0x01, 0x4E, 0x1B, 0x4B, 0xB0, 0x2A, 0x50, 0x58, 0x40, 0x16,
    0x00, 0x03, 0x02, 0x03, 0x85, 0x00, 0x02, 0x00, 0x02, 0x85, 0x00, 0x00, 0x00, 0x3B, 0x4D, 0x04,
    0x01, 0x01, 0x01, 0x39, 0x01, 0x4E, 0x1B, 0x40, 0x16, 0x00, 0x03, 0x02, 0x03, 0x85, 0x00, 0x02,
    0x00, 0x02, 0x85, 0x00, 0x00, 0x00, 0x3B, 0x4D, 0x04, 0x01, 0x01, 0x01, 0x3C, 0x01, 0x4E, 0x59,
    0x59, 0x40, 0x0E, 0x00, 0x00, 0x07, 0x06, 0x05, 0x04, 0x00, 0x03, 0x00, 0x03, 0x11, 0x05, 0x09,
    0x17, 0x2B, 0x33, 0x11, 0x33, 0x11, 0x13, 0x23, 0x01, 0x33, 0x97, 0xF6, 0x4E, 0xAE, 0xFE, 0xBF,
    0xFE, 0x04, 0x44, 0xFB, 0xBC, 0x05, 0x03, 0x01, 0x41, 0x00, 0x00, 0x00, 0x00, 0x02, 0x00, 0x49,
    0x00, 0x00, 0x02, 0x38, 0x06, 0x44, 0x00, 0x03, 0x00, 0x07, 0x00, 0x71, 0x4B, 0xB0, 0x28, 0x50,
    0x58, 0x40, 0x1A, 0x05, 0x01, 0x03, 0x02, 0x00, 0x02, 0x03, 0x00, 0x80, 0x00, 0x02, 0x02, 0x3A,
    0x4D, 0x00, 0x00, 0x00, 0x3B, 0x4D, 0x04, 0x01, 0x01, 0x01, 0x39, 0x01, 0x4E, 0x1B, 0x4B, 0xB0,
    0x2A, 0x50, 0x58, 0x40, 0x17, 0x00, 0x02, 0x03, 0x02, 0x85, 0x05, 0x01, 0x03, 0x00, 0x03, 0x85,
    0x00, 0x00, 0x00, 0x3B, 0x4D, 0x04, 0x01, 0x01, 0x01, 0x39, 0x01, 0x4E, 0x1B, 0x40, 0x17, 0x00,
    0x02, 0x03, 0x02, 0x85, 0x05, 0x01, 0x03, 0x00, 0x03, 0x85, 0x00, 0x00, 0x00, 0x3B, 0x4D, 0x04,
    0x01, 0x01, 0x01, 0x3C, 0x01, 0x4E, 0x59, 0x59, 0x40, 0x12, 0x04, 0x04, 0x00, 0x00, 0x04, 0x07,
    0x04, 0x07, 0x06, 0x05, 0x00, 0x03, 0x00, 0x03, 0x11, 0x06, 0x09, 0x17, 0x2B, 0x33, 0x11, 0x33,
    0x11, 0x01, 0x13, 0x33, 0x01, 0x97, 0xF6, 0xFE, 0xBC, 0xF1, 0xFE, 0xFE, 0xBF, 0x04, 0x44, 0xFB,
    0xBC, 0x05, 0x03, 0x01, 0x41, 0xFE, 0xBF, 0x00, 0x00, 0x02, 0xFF, 0xA6, 0x00, 0x00, 0x02, 0x7D,
    0x06, 0x44, 0x00, 0x03, 0x00, 0x0B, 0x00, 0x7D, 0xB5, 0x09, 0x01, 0x03, 0x02, 0x01, 0x4C, 0x4B,
    0xB0, 0x28, 0x50, 0x58, 0x40, 0x1B, 0x06, 0x04, 0x02, 0x03, 0x02, 0x00, 0x02, 0x03, 0x00, 0x80,
    0x00, 0x02, 0x02, 0x3A, 0x4D, 0x00, 0x00, 0x00, 0x3B, 0x4D, 0x05, 0x01, 0x01, 0x01, 0x39, 0x01,
    0x4E, 0x1B, 0x4B, 0xB0, 0x2A, 0x50, 0x58, 0x40, 0x18, 0x00, 0x02, 0x03, 0x02, 0x85, 0x06, 0x04,
    0x02, 0x03, 0x00, 0x03, 0x85, 0x00, 0x00, 0x00, 0x3B, 0x4D, 0x05, 0x01, 0x01, 0x01, 0x39, 0x01,
    0x4E, 0x1B, 0x40, 0x18, 0x00, 0x02, 0x03, 0x02, 0x85, 0x06, 0x04, 0x02, 0x03, 0x00, 0x03, 0x85,
    0x00, 0x00, 0x00, 0x3B, 0x4D, 0x05, 0x01, 0x01, 0x01, 0x3C, 0x01, 0x4E, 0x59, 0x59, 0x40, 0x14,
    0x04, 0x04, 0x00, 0x00, 0x04, 0x0B, 0x04, 0x0B, 0x08, 0x07, 0x06, 0x05, 0x00, 0x03, 0x00, 0x03,
    0x11, 0x07, 0x09, 0x17, 0x2B, 0x33, 0x11, 0x33, 0x11, 0x01, 0x13, 0x33, 0x13, 0x23, 0x27, 0x23,
    0x07, 0x97, 0xF6, 0xFE, 0x19, 0xF1, 0xF5, 0xF1, 0xA3, 0xC7, 0x03, 0xC7, 0x04, 0x44, 0xFB, 0xBC,
    0x05, 0x03, 0x01, 0x41, 0xFE, 0xBF, 0xC7, 0xC7, 0x00, 0x03, 0xFF, 0xE3, 0x00, 0x00, 0x02, 0x40,
    0x05, 0xD2, 0x00, 0x03, 0x00, 0x07, 0x00, 0x0B, 0x00, 0x5A, 0x4B, 0xB0, 0x2A, 0x50, 0x58, 0x40,
    0x1A, 0x08, 0x05, 0x07, 0x03, 0x03, 0x03, 0x02, 0x5F, 0x04, 0x01, 0x02, 0x02, 0x38, 0x4D, 0x00,
    0x00, 0x00, 0x3B, 0x4D, 0x06, 0x01, 0x01, 0x01, 0x39, 0x01, 0x4E, 0x1B, 0x40, 0x18, 0x04, 0x01,
    0x02, 0x08, 0x05, 0x07, 0x03, 0x03, 0x00, 0x02, 0x03, 0x67, 0x00, 0x00, 0x00, 0x3B, 0x4D, 0x06,
    0x01, 0x01, 0x01, 0x3C, 0x01, 0x4E, 0x59, 0x40, 0x1A, 0x08, 0x08, 0x04, 0x04, 0x00, 0x00, 0x08,
    0x0B, 0x08, 0x0B, 0x0A, 0x09, 0x04, 0x07, 0x04, 0x07, 0x06, 0x05, 0x00, 0x03, 0x00, 0x03, 0x11,
    0x09, 0x09, 0x17, 0x2B, 0x33, 0x11, 0x33, 0x11, 0x01, 0x35, 0x33, 0x15, 0x33, 0x35, 0x33, 0x15,
    0x97, 0xF6, 0xFE, 0x56, 0xC6, 0xD1, 0xC6, 0x04, 0x44, 0xFB, 0xBC, 0x05, 0x0D, 0xC5, 0xC5, 0xC5,
    0xC5, 0x00, 0x00, 0x00, 0x00, 0x02, 0x00, 0x50, 0xFF, 0xE7, 0x04, 0x5A, 0x06, 0x95, 0x00, 0x26,
    0x00, 0x33, 0x00, 0x48, 0x40, 0x45, 0x0C, 0x09, 0x02, 0x00, 0x01, 0x26, 0x02, 0x01, 0x03, 0x03,
    0x00, 0x23, 0x01, 0x05, 0x03, 0x03, 0x4C, 0x0B, 0x0A, 0x02, 0x01, 0x4A, 0x00, 0x00, 0x00, 0x01,
    0x61, 0x00, 0x01, 0x01, 0x3A, 0x4D, 0x00, 0x05, 0x05, 0x03, 0x61, 0x00, 0x03, 0x03, 0x3B, 0x4D,
    0x06, 0x01, 0x04, 0x04, 0x02, 0x61, 0x00, 0x02, 0x02, 0x42, 0x02, 0x4E, 0x28, 0x27, 0x2D, 0x2B,
    0x27, 0x33, 0x28, 0x33, 0x28, 0x2E, 0x11, 0x14, 0x07, 0x09, 0x1A, 0x2B, 0x01, 0x27, 0x37, 0x26,
    0x26, 0x23, 0x35, 0x32, 0x16, 0x17, 0x37, 0x17, 0x07, 0x1E, 0x02, 0x12, 0x15, 0x14, 0x0E, 0x02,
    0x23, 0x22, 0x2E, 0x02, 0x35, 0x34, 0x3E, 0x02, 0x33, 0x32, 0x16, 0x17, 0x26, 0x26, 0x27, 0x13,
    0x32, 0x36, 0x35, 0x10, 0x21, 0x22, 0x0E, 0x02, 0x15, 0x14, 0x16, 0x01, 0x32, 0x57, 0x8E, 0x4B,
    0x8B, 0x42, 0x6B, 0xCF, 0x5B, 0x9D, 0x58, 0x88, 0x85, 0xC3, 0x80, 0x3F, 0x49, 0x87, 0xC0, 0x77,
    0x74, 0xBD, 0x88, 0x4A, 0x47, 0x83, 0xB7, 0x71, 0x30, 0x63, 0x2C, 0x2C, 0x9C, 0x5C, 0x7A, 0x7F,
    0x87, 0xFE, 0xFD, 0x3E, 0x62, 0x44, 0x23, 0x88, 0x04, 0x73, 0x4E, 0x9C, 0x15, 0x13, 0xA6, 0x21,
    0x22, 0xAD, 0x4D, 0x98, 0x46, 0xC1, 0xE6, 0xFE, 0xFD, 0x88, 0x86, 0xDB, 0x9B, 0x55, 0x4F, 0x90,
    0xCB, 0x7B, 0x7D, 0xCD, 0x91, 0x50, 0x12, 0x11, 0x56, 0x93, 0x33, 0xFB, 0x5D, 0xCF, 0xBE, 0x01,
    0x77, 0x36, 0x63, 0x8E, 0x58, 0xBC, 0xC9, 0x00, 0x00, 0x02, 0x00, 0x97, 0x00, 0x00, 0x04, 0x20,
    0x06, 0x22, 0x00, 0x12, 0x00, 0x2C, 0x00, 0xF5, 0xB6, 0x11, 0x03, 0x02, 0x02, 0x03, 0x01, 0x4C,
    0x4B, 0xB0, 0x15, 0x50, 0x58, 0x40, 0x2A, 0x00, 0x09, 0x09, 0x05, 0x61, 0x07, 0x01, 0x05, 0x05,
    0x3A, 0x4D, 0x0C, 0x0A, 0x02, 0x08, 0x08, 0x06, 0x61, 0x00, 0x06, 0x06, 0x38, 0x4D, 0x00, 0x03,
    0x03, 0x00, 0x61, 0x01, 0x01, 0x00, 0x00, 0x3B, 0x4D, 0x0B, 0x04, 0x02, 0x02, 0x02, 0x39, 0x02,
    0x4E, 0x1B, 0x4B, 0xB0, 0x1F, 0x50, 0x58, 0x40, 0x2E, 0x00, 0x09, 0x09, 0x05, 0x61, 0x07, 0x01,
    0x05, 0x05, 0x3A, 0x4D, 0x0C, 0x0A, 0x02, 0x08, 0x08, 0x06, 0x61, 0x00, 0x06, 0x06, 0x38, 0x4D,
    0x00, 0x00, 0x00, 0x3B, 0x4D, 0x00, 0x03, 0x03, 0x01, 0x61, 0x00, 0x01, 0x01, 0x41, 0x4D, 0x0B,
    0x04, 0x02, 0x02, 0x02, 0x39, 0x02, 0x4E, 0x1B, 0x4B, 0xB0, 0x2A, 0x50, 0x58, 0x40, 0x2C, 0x00,
    0x06, 0x0C, 0x0A, 0x02, 0x08, 0x01, 0x06, 0x08, 0x6A, 0x00, 0x09, 0x09, 0x05, 0x61, 0x07, 0x01,
    0x05, 0x05, 0x3A, 0x4D, 0x00, 0x00, 0x00, 0x3B, 0x4D, 0x00, 0x03, 0x03, 0x01, 0x61, 0x00, 0x01,
    0x01, 0x41, 0x4D, 0x0B, 0x04, 0x02, 0x02, 0x02, 0x39, 0x02, 0x4E, 0x1B, 0x40, 0x2C, 0x00, 0x06,
    0x0C, 0x0A, 0x02, 0x08, 0x01, 0x06, 0x08, 0x6A, 0x00, 0x09, 0x09, 0x05, 0x61, 0x07, 0x01, 0x05,
    0x05, 0x3A, 0x4D, 0x00, 0x00, 0x00, 0x3B, 0x4D, 0x00, 0x03, 0x03, 0x01, 0x61, 0x00, 0x01, 0x01,
    0x41, 0x4D, 0x0B, 0x04, 0x02, 0x02, 0x02, 0x3C, 0x02, 0x4E, 0x59, 0x59, 0x59, 0x40, 0x1D, 0x13,
    0x13, 0x00, 0x00, 0x13, 0x2C, 0x13, 0x2C, 0x2B, 0x29, 0x21, 0x1F, 0x1E, 0x1D, 0x1C, 0x1A, 0x16,
    0x14, 0x00, 0x12, 0x00, 0x12, 0x25, 0x12, 0x22, 0x11, 0x0D, 0x09, 0x1A, 0x2B, 0x33, 0x11, 0x33,
    0x15, 0x36, 0x33, 0x20, 0x11, 0x11, 0x23, 0x11, 0x34, 0x2E, 0x02, 0x23, 0x22, 0x07, 0x11, 0x03,
    0x12, 0x33, 0x32, 0x16, 0x17, 0x17, 0x16, 0x33, 0x32, 0x37, 0x33, 0x02, 0x23, 0x22, 0x27, 0x27,
    0x26, 0x26, 0x27, 0x27, 0x26, 0x26, 0x07, 0x22, 0x07, 0x97, 0xF6, 0xA3, 0xCF, 0x01, 0x21, 0xF7,
    0x0C, 0x1C, 0x31, 0x24, 0x90, 0x8F, 0x8D, 0x06, 0xBC, 0x27, 0x42, 0x23, 0x37, 0x3E, 0x1A, 0x43,
    0x05, 0x88, 0x06, 0xBB, 0x47, 0x3C, 0x0A, 0x06, 0x0C, 0x06, 0x1F, 0x1E, 0x2A, 0x10, 0x44, 0x04,
    0x04, 0x44, 0xC1, 0xD9, 0xFE, 0xAE, 0xFC, 0xF6, 0x02, 0xC5, 0x3B, 0x4F, 0x30, 0x14, 0xCE, 0xFD,
    0x3B, 0x05, 0x0D, 0x01, 0x15, 0x18, 0x17, 0x24, 0x28, 0x7B, 0xFE, 0xEB, 0x29, 0x06, 0x04, 0x07,
    0x05, 0x14, 0x14, 0x15, 0x01, 0x7B, 0x00, 0x00, 0x00, 0x03, 0x00, 0x50, 0xFF, 0xE7, 0x04, 0x5A,
    0x06, 0x44, 0x00, 0x13, 0x00, 0x21, 0x00, 0x25, 0x00, 0x6A, 0x4B, 0xB0, 0x28, 0x50, 0x58, 0x40,
    0x24, 0x00, 0x04, 0x05, 0x01, 0x05, 0x04, 0x01, 0x80, 0x00, 0x05, 0x05, 0x3A, 0x4D, 0x00, 0x03,
    0x03, 0x01, 0x61, 0x00, 0x01, 0x01, 0x41, 0x4D, 0x07, 0x01, 0x02, 0x02, 0x00, 0x61, 0x06, 0x01,
    0x00, 0x00, 0x42, 0x00, 0x4E, 0x1B, 0x40, 0x21, 0x00, 0x05, 0x04, 0x05, 0x85, 0x00, 0x04, 0x01,
    0x04, 0x85, 0x00, 0x03, 0x03, 0x01, 0x61, 0x00, 0x01, 0x01, 0x41, 0x4D, 0x07, 0x01, 0x02, 0x02,
    0x00, 0x61, 0x06, 0x01, 0x00, 0x00, 0x42, 0x00, 0x4E, 0x59, 0x40, 0x17, 0x15, 0x14, 0x01, 0x00,
    0x25, 0x24, 0x23, 0x22, 0x1B, 0x19, 0x14, 0x21, 0x15, 0x21, 0x0B, 0x09, 0x00, 0x13, 0x01, 0x13,
    0x08, 0x09, 0x16, 0x2B, 0x05, 0x22, 0x2E, 0x02, 0x35, 0x34, 0x3E, 0x02, 0x33, 0x32, 0x1E, 0x02,
    0x15, 0x14, 0x0E, 0x02, 0x27, 0x32, 0x36, 0x35, 0x34, 0x26, 0x23, 0x22, 0x06, 0x15, 0x14, 0x1E,
    0x02, 0x13, 0x23, 0x01, 0x33, 0x02, 0x4E, 0x74, 0xBD, 0x85, 0x48, 0x49, 0x87, 0xBF, 0x76, 0x76,
    0xBF, 0x87, 0x49, 0x49, 0x87, 0xC3, 0x75, 0x7E, 0x83, 0x85, 0x79, 0x7B, 0x83, 0x21, 0x41, 0x5D,
    0xED, 0xAE, 0xFE, 0xBF, 0xFE, 0x19, 0x51, 0x95, 0xD3, 0x82, 0x84, 0xD3, 0x94, 0x4F, 0x50, 0x94,
    0xD2, 0x82, 0x85, 0xD4, 0x95, 0x4F, 0xA6, 0xD4, 0xC4, 0xC0, 0xD1, 0xD4, 0xC0, 0x60, 0x97, 0x68,
    0x36, 0x04, 0x76, 0x01, 0x41, 0x00, 0x00, 0x00, 0x00, 0x03, 0x00, 0x50, 0xFF, 0xE7, 0x04, 0x5A,
    0x06, 0x44, 0x00, 0x13, 0x00, 0x21, 0x00, 0x25, 0x00, 0x70, 0x4B, 0xB0, 0x28, 0x50, 0x58, 0x40,
    0x25, 0x08, 0x01, 0x05, 0x04, 0x01, 0x04, 0x05, 0x01, 0x80, 0x00, 0x04, 0x04, 0x3A, 0x4D, 0x00,
    0x03, 0x03, 0x01, 0x61, 0x00, 0x01, 0x01, 0x41, 0x4D, 0x07, 0x01, 0x02, 0x02, 0x00, 0x61, 0x06,
    0x01, 0x00, 0x00, 0x42, 0x00, 0x4E, 0x1B, 0x40, 0x22, 0x00, 0x04, 0x05, 0x04, 0x85, 0x08, 0x01,
    0x05, 0x01, 0x05, 0x85, 0x00, 0x03, 0x03, 0x01, 0x61, 0x00, 0x01, 0x01, 0x41, 0x4D, 0x07, 0x01,
    0x02, 0x02, 0x00, 0x61, 0x06, 0x01, 0x00, 0x00, 0x42, 0x00, 0x4E, 0x59, 0x40, 0x1B, 0x22, 0x22,
    0x15, 0x14, 0x01, 0x00, 0x22, 0x25, 0x22, 0x25, 0x24, 0x23, 0x1B, 0x19, 0x14, 0x21, 0x15, 0x21,
    0x0B, 0x09, 0x00, 0x13, 0x01, 0x13, 0x09, 0x09, 0x16, 0x2B, 0x05, 0x22, 0x2E, 0x02, 0x35, 0x34,
    0x3E, 0x02, 0x33, 0x32, 0x1E, 0x02, 0x15, 0x14, 0x0E, 0x02, 0x27, 0x32, 0x36, 0x35, 0x34, 0x26,
    0x23, 0x22, 0x06, 0x15, 0x14, 0x1E, 0x02, 0x03, 0x13, 0x33, 0x01, 0x02, 0x4E, 0x74, 0xBD, 0x85,
    0x48, 0x49, 0x87, 0xBF, 0x76, 0x76, 0xBF, 0x87, 0x49, 0x49, 0x87, 0xC3, 0x75, 0x7E, 0x83, 0x85,
    0x79, 0x7B, 0x83, 0x21, 0x41, 0x5D, 0x70, 0xF1, 0xFF, 0xFE, 0xBF, 0x19, 0x51, 0x95, 0xD3, 0x82,
    0x84, 0xD3, 0x94, 0x4F, 0x50, 0x94, 0xD2, 0x82, 0x85, 0xD4, 0x95, 0x4F, 0xA6, 0xD4, 0xC4, 0xC0,
    0xD1, 0xD4, 0xC0, 0x60, 0x97, 0x68, 0x36, 0x04, 0x76, 0x01, 0x41, 0xFE, 0xBF, 0x00, 0x00, 0x00,
    0x00, 0x03, 0x00, 0x50, 0xFF, 0xE7, 0x04, 0x5A, 0x06, 0x44, 0x00, 0x13, 0x00, 0x21, 0x00, 0x2D,
    0x00, 0x7B, 0xB5, 0x29, 0x01, 0x05, 0x04, 0x01, 0x4C, 0x4B, 0xB0, 0x28, 0x50, 0x58, 0x40, 0x26,
    0x09, 0x06, 0x02, 0x05, 0x04, 0x01, 0x04, 0x05, 0x01, 0x80, 0x00, 0x04, 0x04, 0x3A, 0x4D, 0x00,
    0x03, 0x03, 0x01, 0x61, 0x00, 0x01, 0x01, 0x41, 0x4D, 0x08, 0x01, 0x02, 0x02, 0x00, 0x61, 0x07,
    0x01, 0x00, 0x00, 0x42, 0x00, 0x4E, 0x1B, 0x40, 0x23, 0x00, 0x04, 0x05, 0x04, 0x85, 0x09, 0x06,
    0x02, 0x05, 0x01, 0x05, 0x85, 0x00, 0x03, 0x03, 0x01, 0x61, 0x00, 0x01, 0x01, 0x41, 0x4D, 0x08,
    0x01, 0x02, 0x02, 0x00, 0x61, 0x07, 0x01, 0x00, 0x00, 0x42, 0x00, 0x4E, 0x59, 0x40, 0x1D, 0x22,
    0x22, 0x15, 0x14, 0x01, 0x00, 0x22, 0x2D, 0x22, 0x2D, 0x26, 0x25, 0x24, 0x23, 0x1B, 0x19, 0x14,
    0x21, 0x15, 0x21, 0x0B, 0x09, 0x00, 0x13, 0x01, 0x13, 0x0A, 0x09, 0x16, 0x2B, 0x05, 0x22, 0x2E,
    0x02, 0x35, 0x34, 0x3E, 0x02, 0x33, 0x32, 0x1E, 0x02, 0x15, 0x14, 0x0E, 0x02, 0x27, 0x32, 0x36,
    0x35, 0x34, 0x26, 0x23, 0x22, 0x06, 0x15, 0x14, 0x1E, 0x02, 0x01, 0x13, 0x33, 0x13, 0x23, 0x26,
    0x26, 0x27, 0x23, 0x06, 0x06, 0x07, 0x02, 0x4E, 0x74, 0xBD, 0x85, 0x48, 0x49, 0x87, 0xBF, 0x76,
    0x76, 0xBF, 0x87, 0x49, 0x49, 0x87, 0xC3, 0x75, 0x7E, 0x83, 0x85, 0x79, 0x7B, 0x83, 0x21, 0x41,
    0x5D, 0xFE, 0xD3, 0xF1, 0xF6, 0xF1, 0xA4, 0x32, 0x62, 0x33, 0x02, 0x33, 0x62, 0x32, 0x19, 0x51,
    0x95, 0xD3, 0x82, 0x84, 0xD3, 0x94, 0x4F, 0x50, 0x94, 0xD2, 0x82, 0x85, 0xD4, 0x95, 0x4F, 0xA6,
    0xD4, 0xC4, 0xC0, 0xD1, 0xD4, 0xC0, 0x60, 0x97, 0x68, 0x36, 0x04, 0x76, 0x01, 0x41, 0xFE, 0xBF,
    0x32, 0x63, 0x32, 0x32, 0x63, 0x32, 0x00, 0x00, 0x00, 0x03, 0x00, 0x50, 0xFF, 0xE7, 0x04, 0x5A,
    0x06, 0x22, 0x00, 0x13, 0x00, 0x21, 0x00, 0x39, 0x00, 0x8B, 0x4B, 0xB0, 0x1F, 0x50, 0x58, 0x40,
    0x2E, 0x00, 0x08, 0x08, 0x04, 0x61, 0x06, 0x01, 0x04, 0x04, 0x3A, 0x4D, 0x0C, 0x09, 0x02, 0x07,
    0x07, 0x05, 0x61, 0x00, 0x05, 0x05, 0x38, 0x4D, 0x00, 0x03, 0x03, 0x01, 0x61, 0x00, 0x01, 0x01,
    0x41, 0x4D, 0x0B, 0x01, 0x02, 0x02, 0x00, 0x61, 0x0A, 0x01, 0x00, 0x00, 0x42, 0x00, 0x4E, 0x1B,
    0x40, 0x2C, 0x00, 0x05, 0x0C, 0x09, 0x02, 0x07, 0x01, 0x05, 0x07, 0x6A, 0x00, 0x08, 0x08, 0x04,
    0x61, 0x06, 0x01, 0x04, 0x04, 0x3A, 0x4D, 0x00, 0x03, 0x03, 0x01, 0x61, 0x00, 0x01, 0x01, 0x41,
    0x4D, 0x0B, 0x01, 0x02, 0x02, 0x00, 0x61, 0x0A, 0x01, 0x00, 0x00, 0x42, 0x00, 0x4E, 0x59, 0x40,
    0x23, 0x22, 0x22, 0x15, 0x14, 0x01, 0x00, 0x22, 0x39, 0x22, 0x39, 0x38, 0x36, 0x30, 0x2E, 0x2D,
    0x2C, 0x2B, 0x29, 0x25, 0x23, 0x1B, 0x19, 0x14, 0x21, 0x15, 0x21, 0x0B, 0x09, 0x00, 0x13, 0x01,
    0x13, 0x0D, 0x09, 0x16, 0x2B, 0x05, 0x22, 0x2E, 0x02, 0x35, 0x34, 0x3E, 0x02, 0x33, 0x32, 0x1E,
    0x02, 0x15, 0x14, 0x0E, 0x02, 0x27, 0x32, 0x36, 0x35, 0x34, 0x26, 0x23, 0x22, 0x06, 0x15, 0x14,
    0x1E, 0x02, 0x01, 0x12, 0x33, 0x32, 0x16, 0x17, 0x16, 0x16, 0x33, 0x32, 0x37, 0x33, 0x02, 0x23,
    0x22, 0x27, 0x27, 0x2E, 0x03, 0x23, 0x22, 0x07, 0x02, 0x4E, 0x74, 0xBD, 0x85, 0x48, 0x49, 0x87,
    0xBF, 0x76, 0x76, 0xBF, 0x87, 0x49, 0x49, 0x87, 0xC3, 0x75, 0x7E, 0x83, 0x85, 0x79, 0x7B, 0x83,
    0x21, 0x41, 0x5D, 0xFE, 0xE9, 0x06, 0xBB, 0x28, 0x40, 0x24, 0x39, 0x41, 0x16, 0x43, 0x05, 0x87,
    0x04, 0xBD, 0x46, 0x3C, 0x0A, 0x20, 0x2B, 0x1F, 0x18, 0x0D, 0x45, 0x04, 0x19, 0x51, 0x95, 0xD3,
    0x82, 0x84, 0xD3, 0x94, 0x4F, 0x50, 0x94, 0xD2, 0x82, 0x85, 0xD4, 0x95, 0x4F, 0xA6, 0xD4, 0xC4,
    0xC0, 0xD1, 0xD4, 0xC0, 0x60, 0x97, 0x68, 0x36, 0x04, 0x80, 0x01, 0x15, 0x18, 0x17, 0x24, 0x28,
    0x7B, 0xFE, 0xEB, 0x29, 0x06, 0x12, 0x1C, 0x13, 0x0B, 0x7B, 0x00, 0x00, 0x00, 0x04, 0x00, 0x50,
    0xFF, 0xE7, 0x04, 0x5A, 0x05, 0xD2, 0x00, 0x13, 0x00, 0x21, 0x00, 0x25, 0x00, 0x29, 0x00, 0x79,
    0x4B, 0xB0, 0x2A, 0x50, 0x58, 0x40, 0x25, 0x0B, 0x07, 0x0A, 0x03, 0x05, 0x05, 0x04, 0x5F, 0x06,
    0x01, 0x04, 0x04, 0x38, 0x4D, 0x00, 0x03, 0x03, 0x01, 0x61, 0x00, 0x01, 0x01, 0x41, 0x4D, 0x09,
    0x01, 0x02, 0x02, 0x00, 0x61, 0x08, 0x01, 0x00, 0x00, 0x42, 0x00, 0x4E, 0x1B, 0x40, 0x23, 0x06,
    0x01, 0x04, 0x0B, 0x07, 0x0A, 0x03, 0x05, 0x01, 0x04, 0x05, 0x67, 0x00, 0x03, 0x03, 0x01, 0x61,
    0x00, 0x01, 0x01, 0x41, 0x4D, 0x09, 0x01, 0x02, 0x02, 0x00, 0x61, 0x08, 0x01, 0x00, 0x00, 0x42,
    0x00, 0x4E, 0x59, 0x40, 0x23, 0x26, 0x26, 0x22, 0x22, 0x15, 0x14, 0x01, 0x00, 0x26, 0x29, 0x26,
    0x29, 0x28, 0x27, 0x22, 0x25, 0x22, 0x25, 0x24, 0x23, 0x1B, 0x19, 0x14, 0x21, 0x15, 0x21, 0x0B,
    0x09, 0x00, 0x13, 0x01, 0x13, 0x0C, 0x09, 0x16, 0x2B, 0x05, 0x22, 0x2E, 0x02, 0x35, 0x34, 0x3E,
    0x02, 0x33, 0x32, 0x1E, 0x02, 0x15, 0x14, 0x0E, 0x02, 0x27, 0x32, 0x36, 0x35, 0x34, 0x26, 0x23,
    0x22, 0x06, 0x15, 0x14, 0x1E, 0x02, 0x03, 0x35, 0x33, 0x15, 0x33, 0x35, 0x33, 0x15, 0x02, 0x4E,
    0x74, 0xBD, 0x85, 0x48, 0x49, 0x87, 0xBF, 0x76, 0x76, 0xBF, 0x87, 0x49, 0x49, 0x87, 0xC3, 0x75,
    0x7E, 0x83, 0x85, 0x79, 0x7B, 0x83, 0x21, 0x41, 0x5D, 0xEF, 0xC5, 0xD2, 0xC6, 0x19, 0x51, 0x95,
    0xD3, 0x82, 0x84, 0xD3, 0x94, 0x4F, 0x50, 0x94, 0xD2, 0x82, 0x85, 0xD4, 0x95, 0x4F, 0xA6, 0xD4,
    0xC4, 0xC0, 0xD1, 0xD4, 0xC0, 0x60, 0x97, 0x68, 0x36, 0x04, 0x80, 0xC5, 0xC5, 0xC5, 0xC5, 0x00,
    0x00, 0x03, 0x00, 0x68, 0x00, 0x12, 0x04, 0x43, 0x04, 0x8D, 0x00, 0x03, 0x00, 0x07, 0x00, 0x0B,
    0x00, 0x64, 0x4B, 0xB0, 0x2A, 0x50, 0x58, 0x40, 0x1E, 0x00, 0x00, 0x06, 0x01, 0x01, 0x04, 0x00,
    0x01, 0x67, 0x00, 0x04, 0x08, 0x01, 0x05, 0x02, 0x04, 0x05, 0x67, 0x00, 0x02, 0x02, 0x03, 0x5F,
    0x07, 0x01, 0x03, 0x03, 0x39, 0x03, 0x4E, 0x1B, 0x40, 0x1E, 0x00, 0x00, 0x06, 0x01, 0x01, 0x04,
    0x00, 0x01, 0x67, 0x00, 0x04, 0x08, 0x01, 0x05, 0x02, 0x04, 0x05, 0x67, 0x00, 0x02, 0x02, 0x03,
    0x5F, 0x07, 0x01, 0x03, 0x03, 0x3C, 0x03, 0x4E, 0x59, 0x40, 0x1A, 0x08, 0x08, 0x04, 0x04, 0x00,
    0x00, 0x08, 0x0B, 0x08, 0x0B, 0x0A, 0x09, 0x04, 0x07, 0x04, 0x07, 0x06, 0x05, 0x00, 0x03, 0x00,
    0x03, 0x11, 0x09, 0x09, 0x17, 0x2B, 0x01, 0x35, 0x33, 0x15, 0x03, 0x35, 0x33, 0x15, 0x01, 0x35,
    0x21, 0x15, 0x01, 0xDA, 0xF7, 0xF7, 0xF7, 0xFD, 0x97, 0x03, 0xDB, 0x03, 0x97, 0xF6, 0xF6, 0xFC,
    0x7B, 0xF7, 0xF7, 0x01, 0xEE, 0xA0, 0xA0, 0x00, 0x00, 0x03, 0x00, 0x6C, 0xFF, 0xE7, 0x04, 0x77,
    0x04, 0x5C, 0x00, 0x17, 0x00, 0x22, 0x00, 0x2F, 0x00, 0x34, 0x40, 0x31, 0x0B, 0x01, 0x05, 0x01,
    0x2F, 0x22, 0x0E, 0x02, 0x04, 0x04, 0x05, 0x17, 0x01, 0x00, 0x04, 0x03, 0x4C, 0x00, 0x05, 0x05,
    0x01, 0x61, 0x02, 0x01, 0x01, 0x01, 0x41, 0x4D, 0x00, 0x04, 0x04, 0x00, 0x61, 0x03, 0x01, 0x00,
    0x00, 0x42, 0x00, 0x4E, 0x2C, 0x25, 0x27, 0x12, 0x27, 0x10, 0x06, 0x09, 0x1C, 0x2B, 0x05, 0x23,
    0x37, 0x26, 0x35, 0x34, 0x3E, 0x02, 0x33, 0x32, 0x17, 0x37, 0x33, 0x07, 0x16, 0x15, 0x14, 0x0E,
    0x02, 0x23, 0x22, 0x27, 0x37, 0x16, 0x17, 0x16, 0x33, 0x32, 0x36, 0x35, 0x34, 0x26, 0x27, 0x27,
    0x22, 0x2E, 0x02, 0x27, 0x26, 0x23, 0x22, 0x06, 0x15, 0x14, 0x17, 0x01, 0x0C, 0xA0, 0x81, 0x81,
    0x49, 0x86, 0xBF, 0x77, 0xB1, 0x76, 0x3F, 0xA0, 0x82, 0x82, 0x48, 0x87, 0xC1, 0x79, 0xAC, 0x77,
    0x7B, 0x10, 0x16, 0x36, 0x4E, 0x85, 0x8A, 0x0F, 0x0F, 0x43, 0x01, 0x0A, 0x0D, 0x0D, 0x03, 0x3B,
    0x4A, 0x81, 0x8C, 0x1F, 0x19, 0xA8, 0x9D, 0xF5, 0x83, 0xD3, 0x95, 0x50, 0x52, 0x52, 0xA8, 0x9D,
    0xF4, 0x83, 0xD3, 0x95, 0x51, 0x52, 0xA0, 0x13, 0x09, 0x30, 0xD5, 0xC3, 0x39, 0x65, 0x30, 0x77,
    0x08, 0x0A, 0x09, 0x02, 0x2F, 0xD0, 0xC0, 0x7F, 0x57, 0x00, 0x00, 0x00, 0x00, 0x02, 0x00, 0x8B,
    0xFF, 0xE7, 0x04, 0x14, 0x06, 0x44, 0x00, 0x11, 0x00, 0x15, 0x00, 0xBF, 0xB6, 0x0E, 0x01, 0x02,
    0x02, 0x01, 0x01, 0x4C, 0x4B, 0xB0, 0x14, 0x50, 0x58, 0x40, 0x20, 0x00, 0x05, 0x06, 0x01, 0x06,
    0x05, 0x01, 0x80, 0x00, 0x06, 0x06, 0x3A, 0x4D, 0x03, 0x01, 0x01, 0x01, 0x3B, 0x4D, 0x00, 0x02,
    0x02, 0x00, 0x62, 0x07, 0x04, 0x02, 0x00, 0x00, 0x42, 0x00, 0x4E, 0x1B, 0x4B, 0xB0, 0x28, 0x50,
    0x58, 0x40, 0x24, 0x00, 0x05, 0x06, 0x01, 0x06, 0x05, 0x01, 0x80, 0x00, 0x06, 0x06, 0x3A, 0x4D,
    0x03, 0x01, 0x01, 0x01, 0x3B, 0x4D, 0x07, 0x01, 0x04, 0x04, 0x39, 0x4D, 0x00, 0x02, 0x02, 0x00,
    0x62, 0x00, 0x00, 0x00, 0x42, 0x00, 0x4E, 0x1B, 0x4B, 0xB0, 0x2A, 0x50, 0x58, 0x40, 0x21, 0x00,
    0x06, 0x05, 0x06, 0x85, 0x00, 0x05, 0x01, 0x05, 0x85, 0x03, 0x01, 0x01, 0x01, 0x3B, 0x4D, 0x07,
    0x01, 0x04, 0x04, 0x39, 0x4D, 0x00, 0x02, 0x02, 0x00, 0x62, 0x00, 0x00, 0x00, 0x42, 0x00, 0x4E,
    0x1B, 0x40, 0x21, 0x00, 0x06, 0x05, 0x06, 0x85, 0x00, 0x05, 0x01, 0x05, 0x85, 0x03, 0x01, 0x01,
    0x01, 0x3B, 0x4D, 0x07, 0x01, 0x04, 0x04, 0x3C, 0x4D, 0x00, 0x02, 0x02, 0x00, 0x62, 0x00, 0x00,
    0x00, 0x42, 0x00, 0x4E, 0x59, 0x59, 0x59, 0x40, 0x11, 0x00, 0x00, 0x15, 0x14, 0x13, 0x12, 0x00,
    0x11, 0x00, 0x11, 0x12, 0x24, 0x12, 0x22, 0x08, 0x09, 0x1A, 0x2B, 0x21, 0x35, 0x06, 0x23, 0x20,
    0x11, 0x11, 0x33, 0x11, 0x14, 0x17, 0x16, 0x33, 0x32, 0x37, 0x11, 0x33, 0x11, 0x01, 0x23, 0x01,
    0x33, 0x03, 0x1D, 0xA2, 0xD0, 0xFE, 0xE0, 0xF6, 0x1A, 0x1B, 0x49, 0x8F, 0x8F, 0xF7, 0xFE, 0xEB,
    0xAF, 0xFE, 0xBF, 0xFF, 0xC0, 0xD9, 0x01, 0x53, 0x03, 0x0A, 0xFD, 0x3A, 0x76, 0x2C, 0x2C, 0xCE,
    0x02, 0xC6, 0xFB, 0xBC, 0x05, 0x03, 0x01, 0x41, 0x00, 0x02, 0x00, 0x8B, 0xFF, 0xE7, 0x04, 0x14,
    0x06, 0x44, 0x00, 0x11, 0x00, 0x15, 0x00, 0xC7, 0xB6, 0x0E, 0x01, 0x02, 0x02, 0x01, 0x01, 0x4C,
    0x4B, 0xB0, 0x14, 0x50, 0x58, 0x40, 0x21, 0x08, 0x01, 0x06, 0x05, 0x01, 0x05, 0x06, 0x01, 0x80,
    0x00, 0x05, 0x05, 0x3A, 0x4D, 0x03, 0x01, 0x01, 0x01, 0x3B, 0x4D, 0x00, 0x02, 0x02, 0x00, 0x62,
    0x07, 0x04, 0x02, 0x00, 0x00, 0x42, 0x00, 0x4E, 0x1B, 0x4B, 0xB0, 0x28, 0x50, 0x58, 0x40, 0x25,
    0x08, 0x01, 0x06, 0x05, 0x01, 0x05, 0x06, 0x01, 0x80, 0x00, 0x05, 0x05, 0x3A, 0x4D, 0x03, 0x01,
    0x01, 0x01, 0x3B, 0x4D, 0x07, 0x01, 0x04, 0x04, 0x39, 0x4D, 0x00, 0x02, 0x02, 0x00, 0x62, 0x00,
    0x00, 0x00, 0x42, 0x00, 0x4E, 0x1B, 0x4B, 0xB0, 0x2A, 0x50, 0x58, 0x40, 0x22, 0x00, 0x05, 0x06,
    0x05, 0x85, 0x08, 0x01, 0x06, 0x01, 0x06, 0x85, 0x03, 0x01, 0x01, 0x01, 0x3B, 0x4D, 0x07, 0x01,
    0x04, 0x04, 0x39, 0x4D, 0x00, 0x02, 0x02, 0x00, 0x62, 0x00, 0x00, 0x00, 0x42, 0x00, 0x4E, 0x1B,
    0x40, 0x22, 0x00, 0x05, 0x06, 0x05, 0x85, 0x08, 0x01, 0x06, 0x01, 0x06, 0x85, 0x03, 0x01, 0x01,
    0x01, 0x3B, 0x4D, 0x07, 0x01, 0x04, 0x04, 0x3C, 0x4D, 0x00, 0x02, 0x02, 0x00, 0x62, 0x00, 0x00,
    0x00, 0x42, 0x00, 0x4E, 0x59, 0x59, 0x59, 0x40, 0x15, 0x12, 0x12, 0x00, 0x00, 0x12, 0x15, 0x12,
    0x15, 0x14, 0x13, 0x00, 0x11, 0x00, 0x11, 0x12, 0x24, 0x12, 0x22, 0x09, 0x09, 0x1A, 0x2B, 0x21,
    0x35, 0x06, 0x23, 0x20, 0x11, 0x11, 0x33, 0x11, 0x14, 0x17, 0x16, 0x33, 0x32, 0x37, 0x11, 0x33,
    0x11, 0x01, 0x13, 0x33, 0x01, 0x03, 0x1D, 0xA2, 0xD0, 0xFE, 0xE0, 0xF6, 0x1A, 0x1B, 0x49, 0x8F,
    0x8F, 0xF7, 0xFD, 0x92, 0xF1, 0xFE, 0xFE, 0xBF, 0xC0, 0xD9, 0x01, 0x53, 0x03, 0x0A, 0xFD, 0x3A,
    0x76, 0x2C, 0x2C, 0xCE, 0x02, 0xC6, 0xFB, 0xBC, 0x05, 0x03, 0x01, 0x41, 0xFE, 0xBF, 0x00, 0x00,
    0x00, 0x02, 0x00, 0x8B, 0xFF, 0xE7, 0x04, 0x14, 0x06, 0x44, 0x00, 0x11, 0x00, 0x19, 0x00, 0xD2,
    0x40, 0x0B, 0x17, 0x01, 0x06, 0x05, 0x0E, 0x01, 0x02, 0x02, 0x01, 0x02, 0x4C, 0x4B, 0xB0, 0x14,
    0x50, 0x58, 0x40, 0x22, 0x09, 0x07, 0x02, 0x06, 0x05, 0x01, 0x05, 0x06, 0x01, 0x80, 0x00, 0x05,
    0x05, 0x3A, 0x4D, 0x03, 0x01, 0x01, 0x01, 0x3B, 0x4D, 0x00, 0x02, 0x02, 0x00, 0x62, 0x08, 0x04,
    0x02, 0x00, 0x00, 0x42, 0x00, 0x4E, 0x1B, 0x4B, 0xB0, 0x28, 0x50, 0x58, 0x40, 0x26, 0x09, 0x07,
    0x02, 0x06, 0x05, 0x01, 0x05, 0x06, 0x01, 0x80, 0x00, 0x05, 0x05, 0x3A, 0x4D, 0x03, 0x01, 0x01,
    0x01, 0x3B, 0x4D, 0x08, 0x01, 0x04, 0x04, 0x39, 0x4D, 0x00, 0x02, 0x02, 0x00, 0x62, 0x00, 0x00,
    0x00, 0x42, 0x00, 0x4E, 0x1B, 0x4B, 0xB0, 0x2A, 0x50, 0x58, 0x40, 0x23, 0x00, 0x05, 0x06, 0x05,
    0x85, 0x09, 0x07, 0x02, 0x06, 0x01, 0x06, 0x85, 0x03, 0x01, 0x01, 0x01, 0x3B, 0x4D, 0x08, 0x01,
    0x04, 0x04, 0x39, 0x4D, 0x00, 0x02, 0x02, 0x00, 0x62, 0x00, 0x00, 0x00, 0x42, 0x00, 0x4E, 0x1B,
    0x40, 0x23, 0x00, 0x05, 0x06, 0x05, 0x85, 0x09, 0x07, 0x02, 0x06, 0x01, 0x06, 0x85, 0x03, 0x01,
    0x01, 0x01, 0x3B, 0x4D, 0x08, 0x01, 0x04, 0x04, 0x3C, 0x4D, 0x00, 0x02, 0x02, 0x00, 0x62, 0x00,
    0x00, 0x00, 0x42, 0x00, 0x4E, 0x59, 0x59, 0x59, 0x40, 0x17, 0x12, 0x12, 0x00, 0x00, 0x12, 0x19,
    0x12, 0x19, 0x16, 0x15, 0x14, 0x13, 0x00, 0x11, 0x00, 0x11, 0x12, 0x24, 0x12, 0x22, 0x0A, 0x09,
    0x1A, 0x2B, 0x21, 0x35, 0x06, 0x23, 0x20, 0x11, 0x11, 0x33, 0x11, 0x14, 0x17, 0x16, 0x33, 0x32,
    0x37, 0x11, 0x33, 0x11, 0x01, 0x13, 0x33, 0x13, 0x23, 0x27, 0x23, 0x07, 0x03, 0x1D, 0xA2, 0xD0,
    0xFE, 0xE0, 0xF6, 0x1A, 0x1B, 0x49, 0x8F, 0x8F, 0xF7, 0xFC, 0xCF, 0xF1, 0xF6, 0xF1, 0xA4, 0xC7,
    0x02, 0xC7, 0xC0, 0xD9, 0x01, 0x53, 0x03, 0x0A, 0xFD, 0x3A, 0x76, 0x2C, 0x2C, 0xCE, 0x02, 0xC6,
    0xFB, 0xBC, 0x05, 0x03, 0x01, 0x41, 0xFE, 0xBF, 0xC7, 0xC7, 0x00, 0x00, 0x00, 0x03, 0x00, 0x8B,
    0xFF, 0xE7, 0x04, 0x14, 0x05, 0xD2, 0x00, 0x11, 0x00, 0x15, 0x00, 0x19, 0x00, 0xA5, 0xB6, 0x0E,
    0x01, 0x02, 0x02, 0x01, 0x01, 0x4C, 0x4B, 0xB0, 0x14, 0x50, 0x58, 0x40, 0x21, 0x0B, 0x08, 0x0A,
    0x03, 0x06, 0x06, 0x05, 0x5F, 0x07, 0x01, 0x05, 0x05, 0x38, 0x4D, 0x03, 0x01, 0x01, 0x01, 0x3B,
    0x4D, 0x00, 0x02, 0x02, 0x00, 0x62, 0x09, 0x04, 0x02, 0x00, 0x00, 0x42, 0x00, 0x4E, 0x1B, 0x4B,
    0xB0, 0x2A, 0x50, 0x58, 0x40, 0x25, 0x0B, 0x08, 0x0A, 0x03, 0x06, 0x06, 0x05, 0x5F, 0x07, 0x01,
    0x05, 0x05, 0x38, 0x4D, 0x03, 0x01, 0x01, 0x01, 0x3B, 0x4D, 0x09, 0x01, 0x04, 0x04, 0x39, 0x4D,
    0x00, 0x02, 0x02, 0x00, 0x62, 0x00, 0x00, 0x00, 0x42, 0x00, 0x4E, 0x1B, 0x40, 0x23, 0x07, 0x01,
    0x05, 0x0B, 0x08, 0x0A, 0x03, 0x06, 0x01, 0x05, 0x06, 0x67, 0x03, 0x01, 0x01, 0x01, 0x3B, 0x4D,
    0x09, 0x01, 0x04, 0x04, 0x3C, 0x4D, 0x00, 0x02, 0x02, 0x00, 0x62, 0x00, 0x00, 0x00, 0x42, 0x00,
    0x4E, 0x59, 0x59, 0x40, 0x1D, 0x16, 0x16, 0x12, 0x12, 0x00, 0x00, 0x16, 0x19, 0x16, 0x19, 0x18,
    0x17, 0x12, 0x15, 0x12, 0x15, 0x14, 0x13, 0x00, 0x11, 0x00, 0x11, 0x12, 0x24, 0x12, 0x22, 0x0C,
    0x09, 0x1A, 0x2B, 0x21, 0x35, 0x06, 0x23, 0x20, 0x11, 0x11, 0x33, 0x11, 0x14, 0x17, 0x16, 0x33,
    0x32, 0x37, 0x11, 0x33, 0x11, 0x01, 0x35, 0x33, 0x15, 0x33, 0x35, 0x33, 0x15, 0x03, 0x1D, 0xA2,
    0xD0, 0xFE, 0xE0, 0xF6, 0x1A, 0x1B, 0x49, 0x8F, 0x8F, 0xF7, 0xFD, 0x03, 0xC5, 0xE6, 0xC6, 0xC0,
    0xD9, 0x01, 0x53, 0x03, 0x0A, 0xFD, 0x3A, 0x76, 0x2C, 0x2C, 0xCE, 0x02, 0xC6, 0xFB, 0xBC, 0x05,
    0x0D, 0xC5, 0xC5, 0xC5, 0xC5, 0x00, 0x00, 0x00, 0x00, 0x02, 0x00, 0x16, 0xFE, 0x75, 0x04, 0x26,
    0x06, 0x44, 0x00, 0x07, 0x00, 0x0B, 0x00, 0x53, 0xB5, 0x03, 0x01, 0x02, 0x00, 0x01, 0x4C, 0x4B,
    0xB0, 0x28, 0x50, 0x58, 0x40, 0x1A, 0x05, 0x01, 0x04, 0x03, 0x00, 0x03, 0x04, 0x00, 0x80, 0x00,
    0x03, 0x03, 0x3A, 0x4D, 0x01, 0x01, 0x00, 0x00, 0x3B, 0x4D, 0x00, 0x02, 0x02, 0x3D, 0x02, 0x4E,
    0x1B, 0x40, 0x17, 0x00, 0x03, 0x04, 0x03, 0x85, 0x05, 0x01, 0x04, 0x00, 0x04, 0x85, 0x01, 0x01,
    0x00, 0x00, 0x3B, 0x4D, 0x00, 0x02, 0x02, 0x3D, 0x02, 0x4E, 0x59, 0x40, 0x0D, 0x08, 0x08, 0x08,
    0x0B, 0x08, 0x0B, 0x12, 0x11, 0x12, 0x11, 0x06, 0x09, 0x1A, 0x2B, 0x21, 0x01, 0x21, 0x01, 0x01,
    0x33, 0x01, 0x23, 0x13, 0x13, 0x33, 0x01, 0x01, 0x9B, 0xFE, 0x7B, 0x01, 0x00, 0x01, 0x12, 0x01,
    0x39, 0xC5, 0xFD, 0xA1, 0xFD, 0xB5, 0xF1, 0xFE, 0xFE, 0xBF, 0x04, 0x44, 0xFC, 0xFC, 0x03, 0x04,
    0xFA, 0x31, 0x06, 0x8E, 0x01, 0x41, 0xFE, 0xBF, 0x00, 0x02, 0x00, 0x97, 0xFE, 0x75, 0x04, 0x58,
    0x06, 0x2B, 0x00, 0x12, 0x00, 0x1C, 0x00, 0x37, 0x40, 0x34, 0x1C, 0x13, 0x04, 0x03, 0x04, 0x05,
    0x12, 0x01, 0x03, 0x04, 0x02, 0x4C, 0x00, 0x01, 0x01, 0x3A, 0x4D, 0x00, 0x05, 0x05, 0x02, 0x61,
    0x00, 0x02, 0x02, 0x41, 0x4D, 0x00, 0x04, 0x04, 0x03, 0x61, 0x00, 0x03, 0x03, 0x42, 0x4D, 0x00,
    0x00, 0x00, 0x3D, 0x00, 0x4E, 0x23, 0x23, 0x28, 0x22, 0x11, 0x10, 0x06, 0x09, 0x1C, 0x2B, 0x01,
    0x23, 0x11, 0x33, 0x11, 0x36, 0x33, 0x32, 0x1E, 0x02, 0x15, 0x14, 0x0E, 0x02, 0x23, 0x22, 0x27,
    0x35, 0x16, 0x33, 0x20, 0x11, 0x34, 0x26, 0x23, 0x22, 0x07, 0x01, 0x8D, 0xF6, 0xF6, 0x8A, 0xC5,
    0x55, 0x8D, 0x63, 0x37, 0x46, 0x84, 0xBF, 0x79, 0x5B, 0x6E, 0x7A, 0x40, 0x01, 0x09, 0x67, 0x5A,
    0x7D, 0x85, 0xFE, 0x75, 0x07, 0xB6, 0xFD, 0x58, 0xD9, 0x4E, 0x8F, 0xC7, 0x78, 0x8E, 0xDF, 0x9B,
    0x51, 0x19, 0xA2, 0x16, 0x01, 0x97, 0xB3, 0xBC, 0xCD, 0x00, 0x00, 0x00, 0x00, 0x03, 0x00, 0x16,
    0xFE, 0x75, 0x04, 0x26, 0x05, 0xD2, 0x00, 0x07, 0x00, 0x0B, 0x00, 0x0F, 0x00, 0x5C, 0xB5, 0x03,
    0x01, 0x02, 0x00, 0x01, 0x4C, 0x4B, 0xB0, 0x2A, 0x50, 0x58, 0x40, 0x1A, 0x08, 0x06, 0x07, 0x03,
    0x04, 0x04, 0x03, 0x5F, 0x05, 0x01, 0x03, 0x03, 0x38, 0x4D, 0x01, 0x01, 0x00, 0x00, 0x3B, 0x4D,
    0x00, 0x02, 0x02, 0x3D, 0x02, 0x4E, 0x1B, 0x40, 0x18, 0x05, 0x01, 0x03, 0x08, 0x06, 0x07, 0x03,
    0x04, 0x00, 0x03, 0x04, 0x67, 0x01, 0x01, 0x00, 0x00, 0x3B, 0x4D, 0x00, 0x02, 0x02, 0x3D, 0x02,
    0x4E, 0x59, 0x40, 0x15, 0x0C, 0x0C, 0x08, 0x08, 0x0C, 0x0F, 0x0C, 0x0F, 0x0E, 0x0D, 0x08, 0x0B,
    0x08, 0x0B, 0x12, 0x11, 0x12, 0x11, 0x09, 0x09, 0x1A, 0x2B, 0x21, 0x01, 0x21, 0x01, 0x01, 0x33,
    0x01, 0x23, 0x13, 0x35, 0x33, 0x15, 0x33, 0x35, 0x33, 0x15, 0x01, 0x9B, 0xFE, 0x7B, 0x01, 0x00,
    0x01, 0x12, 0x01, 0x39, 0xC5, 0xFD, 0xA1, 0xFD, 0x32, 0xC6, 0xDB, 0xC6, 0x04, 0x44, 0xFC, 0xFC,
    0x03, 0x04, 0xFA, 0x31, 0x06, 0x98, 0xC5, 0xC5, 0xC5, 0xC5, 0x00, 0x00, 0x00, 0x03, 0x00, 0x10,
    0x00, 0x00, 0x05, 0x7D, 0x07, 0x0C, 0x00, 0x07, 0x00, 0x0A, 0x00, 0x0E, 0x00, 0x6A, 0xB5, 0x0A,
    0x01, 0x04, 0x00, 0x01, 0x4C, 0x4B, 0xB0, 0x2A, 0x50, 0x58, 0x40, 0x1E, 0x00, 0x05, 0x08, 0x01,
    0x06, 0x00, 0x05, 0x06, 0x67, 0x00, 0x04, 0x00, 0x02, 0x01, 0x04, 0x02, 0x68, 0x00, 0x00, 0x00,
    0x38, 0x4D, 0x07, 0x03, 0x02, 0x01, 0x01, 0x39, 0x01, 0x4E, 0x1B, 0x40, 0x21, 0x00, 0x00, 0x06,
    0x04, 0x06, 0x00, 0x04, 0x80, 0x00, 0x05, 0x08, 0x01, 0x06, 0x00, 0x05, 0x06, 0x67, 0x00, 0x04,
    0x00, 0x02, 0x01, 0x04, 0x02, 0x68, 0x07, 0x03, 0x02, 0x01, 0x01, 0x3C, 0x01, 0x4E, 0x59, 0x40,
    0x16, 0x0B, 0x0B, 0x00, 0x00, 0x0B, 0x0E, 0x0B, 0x0E, 0x0D, 0x0C, 0x09, 0x08, 0x00, 0x07, 0x00,
    0x07, 0x11, 0x11, 0x11, 0x09, 0x09, 0x19, 0x2B, 0x33, 0x01, 0x21, 0x01, 0x21, 0x03, 0x21, 0x03,
    0x13, 0x21, 0x03, 0x01, 0x35, 0x21, 0x15, 0x10, 0x02, 0x38, 0x01, 0x02, 0x02, 0x33, 0xFE, 0xF1,
    0x98, 0xFD, 0xA5, 0x99, 0xDD, 0x01, 0xD4, 0xEA, 0xFE, 0xC4, 0x02, 0xB3, 0x05, 0xC8, 0xFA, 0x38,
    0x01, 0x92, 0xFE, 0x6E, 0x02, 0x43, 0x02, 0x64, 0x01, 0xC5, 0xA0, 0xA0, 0x00, 0x03, 0x00, 0x57,
    0xFF, 0xE7, 0x04, 0x47, 0x05, 0xB7, 0x00, 0x21, 0x00, 0x2C, 0x00, 0x30, 0x00, 0xE8, 0x4B, 0xB0,
    0x1D, 0x50, 0x58, 0x40, 0x12, 0x12, 0x01, 0x02, 0x03, 0x11, 0x01, 0x01, 0x02, 0x2C, 0x01, 0x04,
    0x06, 0x1E, 0x01, 0x00, 0x04, 0x04, 0x4C, 0x1B, 0x40, 0x12, 0x12, 0x01, 0x02, 0x03, 0x11, 0x01,
    0x01, 0x02, 0x2C, 0x01, 0x07, 0x06, 0x1E, 0x01, 0x00, 0x04, 0x04, 0x4C, 0x59, 0x4B, 0xB0, 0x1D,
    0x50, 0x58, 0x40, 0x2A, 0x00, 0x01, 0x00, 0x06, 0x04, 0x01, 0x06, 0x69, 0x0A, 0x01, 0x09, 0x09,
    0x08, 0x5F, 0x00, 0x08, 0x08, 0x38, 0x4D, 0x00, 0x02, 0x02, 0x03, 0x61, 0x00, 0x03, 0x03, 0x41,
    0x4D, 0x07, 0x01, 0x04, 0x04, 0x00, 0x61, 0x05, 0x01, 0x00, 0x00, 0x42, 0x00, 0x4E, 0x1B, 0x4B,
    0xB0, 0x2A, 0x50, 0x58, 0x40, 0x34, 0x00, 0x01, 0x00, 0x06, 0x07, 0x01, 0x06, 0x69, 0x0A, 0x01,
    0x09, 0x09, 0x08, 0x5F, 0x00, 0x08, 0x08, 0x38, 0x4D, 0x00, 0x02, 0x02, 0x03, 0x61, 0x00, 0x03,
    0x03, 0x41, 0x4D, 0x00, 0x07, 0x07, 0x00, 0x61, 0x05, 0x01, 0x00, 0x00, 0x42, 0x4D, 0x00, 0x04,
    0x04, 0x00, 0x61, 0x05, 0x01, 0x00, 0x00, 0x42, 0x00, 0x4E, 0x1B, 0x40, 0x32, 0x00, 0x08, 0x0A,
    0x01, 0x09, 0x03, 0x08, 0x09, 0x67, 0x00, 0x01, 0x00, 0x06, 0x07, 0x01, 0x06, 0x69, 0x00, 0x02,
    0x02, 0x03, 0x61, 0x00, 0x03, 0x03, 0x41, 0x4D, 0x00, 0x07, 0x07, 0x00, 0x61, 0x05, 0x01, 0x00,
    0x00, 0x42, 0x4D, 0x00, 0x04, 0x04, 0x00, 0x61, 0x05, 0x01, 0x00, 0x00, 0x42, 0x00, 0x4E, 0x59,
    0x59, 0x40, 0x12, 0x2D, 0x2D, 0x2D, 0x30, 0x2D, 0x30, 0x13, 0x23, 0x41, 0x24, 0x15, 0x23, 0x22,
    0x25, 0x23, 0x0B, 0x09, 0x1F, 0x2B, 0x25, 0x06, 0x07, 0x06, 0x23, 0x22, 0x2E, 0x02, 0x35, 0x10,
    0x21, 0x33, 0x35, 0x34, 0x23, 0x22, 0x07, 0x35, 0x36, 0x33, 0x32, 0x16, 0x15, 0x11, 0x14, 0x16,
    0x33, 0x32, 0x37, 0x17, 0x06, 0x23, 0x22, 0x03, 0x06, 0x26, 0x23, 0x20, 0x15, 0x14, 0x16, 0x33,
    0x32, 0x37, 0x01, 0x35, 0x21, 0x15, 0x02, 0xDD, 0x15, 0x15, 0x7D, 0x9C, 0x48, 0x77, 0x55, 0x2F,
    0x02, 0x33, 0x3E, 0xBD, 0xA3, 0xB2, 0xBE, 0xC0, 0xC7, 0xBE, 0x30, 0x2D, 0x10, 0x17, 0x0A, 0x51,
    0x4C, 0xA0, 0x42, 0x11, 0x21, 0x11, 0xFE, 0xC6, 0x57, 0x4E, 0x76, 0x62, 0xFE, 0x01, 0x02, 0xB3,
    0x80, 0x11, 0x0D, 0x7B, 0x2D, 0x51, 0x72, 0x46, 0x01, 0x73, 0x73, 0xB4, 0x61, 0xB8, 0x4E, 0xA6,
    0xAE, 0xFE, 0x17, 0x4A, 0x4B, 0x04, 0x89, 0x1E, 0x02, 0x1A, 0x01, 0x02, 0xC7, 0x4C, 0x53, 0x69,
    0x04, 0x12, 0xA0, 0xA0, 0x00, 0x03, 0x00, 0x10, 0x00, 0x00, 0x05, 0x7D, 0x07, 0x8F, 0x00, 0x07,
    0x00, 0x0A, 0x00, 0x18, 0x00, 0x7A, 0xB5, 0x0A, 0x01, 0x04, 0x00, 0x01, 0x4C, 0x4B, 0xB0, 0x2A,
    0x50, 0x58, 0x40, 0x24, 0x0A, 0x08, 0x02, 0x06, 0x05, 0x06, 0x85, 0x00, 0x05, 0x00, 0x07, 0x00,
    0x05, 0x07, 0x69, 0x00, 0x04, 0x00, 0x02, 0x01, 0x04, 0x02, 0x68, 0x00, 0x00, 0x00, 0x38, 0x4D,
    0x09, 0x03, 0x02, 0x01, 0x01, 0x39, 0x01, 0x4E, 0x1B, 0x40, 0x27, 0x0A, 0x08, 0x02, 0x06, 0x05,
    0x06, 0x85, 0x00, 0x00, 0x07, 0x04, 0x07, 0x00, 0x04, 0x80, 0x00, 0x05, 0x00, 0x07, 0x00, 0x05,
    0x07, 0x69, 0x00, 0x04, 0x00, 0x02, 0x01, 0x04, 0x02, 0x68, 0x09, 0x03, 0x02, 0x01, 0x01, 0x3C,
    0x01, 0x4E, 0x59, 0x40, 0x1A, 0x0B, 0x0B, 0x00, 0x00, 0x0B, 0x18, 0x0B, 0x18, 0x15, 0x13, 0x10,
    0x0F, 0x0E, 0x0C, 0x09, 0x08, 0x00, 0x07, 0x00, 0x07, 0x11, 0x11, 0x11, 0x0B, 0x09, 0x19, 0x2B,
    0x33, 0x01, 0x21, 0x01, 0x21, 0x03, 0x21, 0x03, 0x13, 0x21, 0x03, 0x03, 0x16, 0x33, 0x32, 0x37,
    0x33, 0x06, 0x07, 0x06, 0x23, 0x22, 0x27, 0x26, 0x27, 0x10, 0x02, 0x38, 0x01, 0x02, 0x02, 0x33,
    0xFE, 0xF1, 0x98, 0xFD, 0xA5, 0x99, 0xDD, 0x01, 0xD4, 0xEA, 0xB3, 0x26, 0xAA, 0xAA, 0x26, 0x87,
    0x0F, 0x5E, 0x5D, 0x8D, 0x8B, 0x5F, 0x5D, 0x10, 0x05, 0xC8, 0xFA, 0x38, 0x01, 0x92, 0xFE, 0x6E,
    0x02, 0x43, 0x02, 0x64, 0x02, 0xE8, 0x9E, 0x9E, 0x94, 0x56, 0x57, 0x56, 0x57, 0x94, 0x00, 0x00,
    0x00, 0x03, 0x00, 0x57, 0xFF, 0xE7, 0x04, 0x47, 0x06, 0x44, 0x00, 0x21, 0x00, 0x2C, 0x00, 0x3C,
    0x01, 0x3F, 0x4B, 0xB0, 0x1D, 0x50, 0x58, 0x40, 0x12, 0x12, 0x01, 0x02, 0x03, 0x11, 0x01, 0x01,
    0x02, 0x2C, 0x01, 0x04, 0x06, 0x1E, 0x01, 0x00, 0x04, 0x04, 0x4C, 0x1B, 0x40, 0x12, 0x12, 0x01,
    0x02, 0x03, 0x11, 0x01, 0x01, 0x02, 0x2C, 0x01, 0x07, 0x06, 0x1E, 0x01, 0x00, 0x04, 0x04, 0x4C,
    0x59, 0x4B, 0xB0, 0x1D, 0x50, 0x58, 0x40, 0x30, 0x00, 0x01, 0x00, 0x06, 0x04, 0x01, 0x06, 0x6A,
    0x0C, 0x0B, 0x02, 0x09, 0x09, 0x3A, 0x4D, 0x00, 0x0A, 0x0A, 0x08, 0x61, 0x00, 0x08, 0x08, 0x38,
    0x4D, 0x00, 0x02, 0x02, 0x03, 0x61, 0x00, 0x03, 0x03, 0x41, 0x4D, 0x07, 0x01, 0x04, 0x04, 0x00,
    0x62, 0x05, 0x01, 0x00, 0x00, 0x42, 0x00, 0x4E, 0x1B, 0x4B, 0xB0, 0x1F, 0x50, 0x58, 0x40, 0x3A,
    0x00, 0x01, 0x00, 0x06, 0x07, 0x01, 0x06, 0x6A, 0x0C, 0x0B, 0x02, 0x09, 0x09, 0x3A, 0x4D, 0x00,
    0x0A, 0x0A, 0x08, 0x61, 0x00, 0x08, 0x08, 0x38, 0x4D, 0x00, 0x02, 0x02, 0x03, 0x61, 0x00, 0x03,
    0x03, 0x41, 0x4D, 0x00, 0x07, 0x07, 0x00, 0x61, 0x05, 0x01, 0x00, 0x00, 0x42, 0x4D, 0x00, 0x04,
    0x04, 0x00, 0x62, 0x05, 0x01, 0x00, 0x00, 0x42, 0x00, 0x4E, 0x1B, 0x4B, 0xB0, 0x28, 0x50, 0x58,
    0x40, 0x38, 0x00, 0x08, 0x00, 0x0A, 0x03, 0x08, 0x0A, 0x69, 0x00, 0x01, 0x00, 0x06, 0x07, 0x01,
    0x06, 0x6A, 0x0C, 0x0B, 0x02, 0x09, 0x09, 0x3A, 0x4D, 0x00, 0x02, 0x02, 0x03, 0x61, 0x00, 0x03,
    0x03, 0x41, 0x4D, 0x00, 0x07, 0x07, 0x00, 0x61, 0x05, 0x01, 0x00, 0x00, 0x42, 0x4D, 0x00, 0x04,
    0x04, 0x00, 0x62, 0x05, 0x01, 0x00, 0x00, 0x42, 0x00, 0x4E, 0x1B, 0x40, 0x38, 0x0C, 0x0B, 0x02,
    0x09, 0x08, 0x09, 0x85, 0x00, 0x08, 0x00, 0x0A, 0x03, 0x08, 0x0A, 0x69, 0x00, 0x01, 0x00, 0x06,
    0x07, 0x01, 0x06, 0x6A, 0x00, 0x02, 0x02, 0x03, 0x61, 0x00, 0x03, 0x03, 0x41, 0x4D, 0x00, 0x07,
    0x07, 0x00, 0x61, 0x05, 0x01, 0x00, 0x00, 0x42, 0x4D, 0x00, 0x04, 0x04, 0x00, 0x62, 0x05, 0x01,
    0x00, 0x00, 0x42, 0x00, 0x4E, 0x59, 0x59, 0x59, 0x40, 0x16, 0x2D, 0x2D, 0x2D, 0x3C, 0x2D, 0x3C,
    0x38, 0x36, 0x32, 0x31, 0x23, 0x23, 0x41, 0x24, 0x15, 0x23, 0x22, 0x25, 0x23, 0x0D, 0x09, 0x1F,
    0x2B, 0x25, 0x06, 0x07, 0x06, 0x23, 0x22, 0x2E, 0x02, 0x35, 0x10, 0x21, 0x33, 0x35, 0x34, 0x23,
    0x22, 0x07, 0x35, 0x36, 0x33, 0x32, 0x16, 0x15, 0x11, 0x14, 0x16, 0x33, 0x32, 0x37, 0x17, 0x06,
    0x23, 0x22, 0x03, 0x06, 0x26, 0x23, 0x20, 0x15, 0x14, 0x16, 0x33, 0x32, 0x37, 0x01, 0x16, 0x33,
    0x32, 0x37, 0x33, 0x0E, 0x03, 0x23, 0x22, 0x2E, 0x02, 0x27, 0x02, 0xDD, 0x15, 0x15, 0x7D, 0x9C,
    0x48, 0x77, 0x55, 0x2F, 0x02, 0x33, 0x3E, 0xBD, 0xA3, 0xB2, 0xBE, 0xC0, 0xC7, 0xBE, 0x30, 0x2D,
    0x10, 0x17, 0x0A, 0x51, 0x4C, 0xA0, 0x42, 0x11, 0x21, 0x11, 0xFE, 0xC6, 0x57, 0x4E, 0x76, 0x62,
    0xFE, 0xA2, 0x26, 0xAA, 0xAA, 0x26, 0x87, 0x08, 0x38, 0x59, 0x78, 0x46, 0x46, 0x77, 0x59, 0x39,
    0x08, 0x80, 0x11, 0x0D, 0x7B, 0x2D, 0x51, 0x72, 0x46, 0x01, 0x73, 0x73, 0xB4, 0x61, 0xB8, 0x4E,
    0xA6, 0xAE, 0xFE, 0x17, 0x4A, 0x4B, 0x04, 0x89, 0x1E, 0x02, 0x1A, 0x01, 0x02, 0xC7, 0x4C, 0x53,
    0x69, 0x05, 0x3F, 0x9E, 0x9E, 0x49, 0x76, 0x54, 0x2E, 0x2D, 0x53, 0x77, 0x4A, 0x00, 0x00, 0x00,
    0x00, 0x02, 0x00, 0x0F, 0xFE, 0x8E, 0x05, 0x7C, 0x05, 0xC8, 0x00, 0x14, 0x00, 0x17, 0x00, 0x93,
    0x40, 0x13, 0x17, 0x01, 0x06, 0x00, 0x0A, 0x01, 0x02, 0x01, 0x0B, 0x01, 0x03, 0x02, 0x03, 0x4C,
    0x11, 0x01, 0x01, 0x01, 0x4B, 0x4B, 0xB0, 0x28, 0x50, 0x58, 0x40, 0x1F, 0x00, 0x06, 0x00, 0x04,
    0x01, 0x06, 0x04, 0x68, 0x00, 0x00, 0x00, 0x38, 0x4D, 0x07, 0x05, 0x02, 0x01, 0x01, 0x39, 0x4D,
    0x00, 0x02, 0x02, 0x03, 0x61, 0x00, 0x03, 0x03, 0x3D, 0x03, 0x4E, 0x1B, 0x4B, 0xB0, 0x2A, 0x50,
    0x58, 0x40, 0x1C, 0x00, 0x06, 0x00, 0x04, 0x01, 0x06, 0x04, 0x68, 0x00, 0x02, 0x00, 0x03, 0x02,
    0x03, 0x65, 0x00, 0x00, 0x00, 0x38, 0x4D, 0x07, 0x05, 0x02, 0x01, 0x01, 0x39, 0x01, 0x4E, 0x1B,
    0x40, 0x1C, 0x00, 0x00, 0x06, 0x00, 0x85, 0x00, 0x06, 0x00, 0x04, 0x01, 0x06, 0x04, 0x68, 0x00,
    0x02, 0x00, 0x03, 0x02, 0x03, 0x65, 0x07, 0x05, 0x02, 0x01, 0x01, 0x3C, 0x01, 0x4E, 0x59, 0x59,
    0x40, 0x10, 0x00, 0x00, 0x16, 0x15, 0x00, 0x14, 0x00, 0x14, 0x14, 0x23, 0x23, 0x11, 0x11, 0x08,
    0x09, 0x1B, 0x2B, 0x33, 0x01, 0x21, 0x01, 0x23, 0x06, 0x15, 0x14, 0x33, 0x32, 0x37, 0x15, 0x06,
    0x23, 0x22, 0x35, 0x34, 0x37, 0x03, 0x21, 0x03, 0x13, 0x21, 0x03, 0x0F, 0x02, 0x38, 0x01, 0x02,
    0x02, 0x33, 0x8A, 0x9D, 0x8A, 0x47, 0x2A, 0x4B, 0x5E, 0xF9, 0xBF, 0x98, 0xFD, 0xA5, 0x99, 0xDD,
    0x01, 0xD4, 0xEA, 0x05, 0xC8, 0xFA, 0x38, 0x51, 0x63, 0x5F, 0x0F, 0x51, 0x1D, 0x9F, 0x79, 0x5A,
    0x01, 0x92, 0xFE, 0x6E, 0x02, 0x43, 0x02, 0x64, 0x00, 0x02, 0x00, 0x52, 0xFE, 0x8E, 0x04, 0x42,
    0x04, 0x5C, 0x00, 0x36, 0x00, 0x41, 0x00, 0xF4, 0x4B, 0xB0, 0x1D, 0x50, 0x58, 0x40, 0x1C, 0x14,
    0x01, 0x02, 0x03, 0x13, 0x01, 0x01, 0x02, 0x41, 0x01, 0x04, 0x08, 0x35, 0x1F, 0x02, 0x00, 0x04,
    0x30, 0x2B, 0x02, 0x06, 0x00, 0x2C, 0x01, 0x07, 0x06, 0x06, 0x4C, 0x1B, 0x40, 0x1C, 0x14, 0x01,
    0x02, 0x03, 0x13, 0x01, 0x01, 0x02, 0x41, 0x01, 0x09, 0x08, 0x35, 0x1F, 0x02, 0x00, 0x04, 0x30,
    0x2B, 0x02, 0x06, 0x00, 0x2C, 0x01, 0x07, 0x06, 0x06, 0x4C, 0x59, 0x4B, 0xB0, 0x1D, 0x50, 0x58,
    0x40, 0x29, 0x00, 0x01, 0x00, 0x08, 0x04, 0x01, 0x08, 0x69, 0x00, 0x02, 0x02, 0x03, 0x61, 0x00,
    0x03, 0x03, 0x41, 0x4D, 0x09, 0x01, 0x04, 0x04, 0x00, 0x61, 0x05, 0x01, 0x00, 0x00, 0x42, 0x4D,
    0x00, 0x06, 0x06, 0x07, 0x61, 0x00, 0x07, 0x07, 0x3D, 0x07, 0x4E, 0x1B, 0x4B, 0xB0, 0x28, 0x50,
    0x58, 0x40, 0x33, 0x00, 0x01, 0x00, 0x08, 0x09, 0x01, 0x08, 0x69, 0x00, 0x02, 0x02, 0x03, 0x61,
    0x00, 0x03, 0x03, 0x41, 0x4D, 0x00, 0x09, 0x09, 0x00, 0x61, 0x05, 0x01, 0x00, 0x00, 0x42, 0x4D,
    0x00, 0x04, 0x04, 0x00, 0x61, 0x05, 0x01, 0x00, 0x00, 0x42, 0x4D, 0x00, 0x06, 0x06, 0x07, 0x61,
    0x00, 0x07, 0x07, 0x3D, 0x07, 0x4E, 0x1B, 0x40, 0x30, 0x00, 0x01, 0x00, 0x08, 0x09, 0x01, 0x08,
    0x69, 0x00, 0x06, 0x00, 0x07, 0x06, 0x07, 0x65, 0x00, 0x02, 0x02, 0x03, 0x61, 0x00, 0x03, 0x03,
    0x41, 0x4D, 0x00, 0x09, 0x09, 0x00, 0x61, 0x05, 0x01, 0x00, 0x00, 0x42, 0x4D, 0x00, 0x04, 0x04,
    0x00, 0x61, 0x05, 0x01, 0x00, 0x00, 0x42, 0x00, 0x4E, 0x59, 0x59, 0x40, 0x0E, 0x40, 0x3E, 0x48,
    0x23, 0x26, 0x15, 0x14, 0x23, 0x22, 0x26, 0x24, 0x0A, 0x09, 0x1F, 0x2B, 0x25, 0x06, 0x06, 0x07,
    0x06, 0x23, 0x22, 0x2E, 0x02, 0x35, 0x34, 0x24, 0x21, 0x33, 0x35, 0x34, 0x23, 0x22, 0x07, 0x35,
    0x36, 0x33, 0x32, 0x16, 0x15, 0x11, 0x14, 0x33, 0x32, 0x37, 0x17, 0x06, 0x06, 0x23, 0x22, 0x22,
    0x27, 0x06, 0x15, 0x14, 0x33, 0x32, 0x37, 0x15, 0x06, 0x23, 0x22, 0x35, 0x34, 0x37, 0x36, 0x36,
    0x37, 0x26, 0x03, 0x06, 0x26, 0x23, 0x20, 0x15, 0x14, 0x16, 0x33, 0x32, 0x37, 0x02, 0xD8, 0x11,
    0x20, 0x11, 0x71, 0x90, 0x48, 0x77, 0x55, 0x2F, 0x01, 0x23, 0x01, 0x23, 0x2B, 0xBD, 0xA3, 0xB2,
    0xBE, 0xC0, 0xC7, 0xBE, 0x5D, 0x10, 0x17, 0x0A, 0x26, 0x52, 0x28, 0x05, 0x08, 0x04, 0x72, 0x8A,
    0x47, 0x2A, 0x4B, 0x5E, 0xF9, 0x07, 0x0C, 0x5C, 0x51, 0x46, 0x2F, 0x11, 0x21, 0x11, 0xFE, 0xC6,
    0x57, 0x4E, 0x76, 0x62, 0x80, 0x0E, 0x17, 0x09, 0x6B, 0x2D, 0x51, 0x72, 0x46, 0xBF, 0xB4, 0x73,
    0xB4, 0x61, 0xB8, 0x4E, 0xA6, 0xAE, 0xFE, 0x17, 0x95, 0x04, 0x89, 0x0F, 0x0F, 0x01, 0x48, 0x53,
    0x60, 0x0F, 0x51, 0x1D, 0xA0, 0x0F, 0x0E, 0x31, 0x5B, 0x28, 0x24, 0x01, 0xDE, 0x01, 0x02, 0xC7,
    0x4C, 0x53, 0x69, 0x00, 0x00, 0x02, 0x00, 0x62, 0xFF, 0xDB, 0x05, 0x63, 0x07, 0x8F, 0x00, 0x1C,
    0x00, 0x20, 0x00, 0x6B, 0x40, 0x0F, 0x0F, 0x01, 0x02, 0x01, 0x1C, 0x10, 0x02, 0x03, 0x02, 0x00,
    0x01, 0x00, 0x03, 0x03, 0x4C, 0x4B, 0xB0, 0x2A, 0x50, 0x58, 0x40, 0x20, 0x00, 0x04, 0x05, 0x04,
    0x85, 0x06, 0x01, 0x05, 0x01, 0x05, 0x85, 0x00, 0x02, 0x02, 0x01, 0x61, 0x00, 0x01, 0x01, 0x3E,
    0x4D, 0x00, 0x03, 0x03, 0x00, 0x61, 0x00, 0x00, 0x00, 0x3F, 0x00, 0x4E, 0x1B, 0x40, 0x1E, 0x00,
    0x04, 0x05, 0x04, 0x85, 0x06, 0x01, 0x05, 0x01, 0x05, 0x85, 0x00, 0x01, 0x00, 0x02, 0x03, 0x01,
    0x02, 0x6A, 0x00, 0x03, 0x03, 0x00, 0x61, 0x00, 0x00, 0x00, 0x42, 0x00, 0x4E, 0x59, 0x40, 0x0E,
    0x1D, 0x1D, 0x1D, 0x20, 0x1D, 0x20, 0x13, 0x26, 0x24, 0x28, 0x21, 0x07, 0x09, 0x1B, 0x2B, 0x25,
    0x06, 0x21, 0x22, 0x24, 0x26, 0x02, 0x35, 0x34, 0x12, 0x36, 0x24, 0x33, 0x32, 0x16, 0x17, 0x15,
    0x24, 0x23, 0x20, 0x00, 0x11, 0x14, 0x1E, 0x02, 0x33, 0x32, 0x37, 0x01, 0x13, 0x33, 0x01, 0x05,
    0x63, 0xDB, 0xFE, 0xDB, 0xBA, 0xFE, 0xE1, 0xC3, 0x65, 0x65, 0xC6, 0x01, 0x25, 0xC0, 0x76, 0xF3,
    0x80, 0xFE, 0xDC, 0xBB, 0xFF, 0x00, 0xFE, 0xFA, 0x46, 0x8A, 0xCB, 0x85, 0xE4, 0xE9, 0xFD, 0x5D,
    0xF1, 0xFE, 0xFE, 0xBF, 0x43, 0x68, 0x66, 0xC5, 0x01, 0x21, 0xBC, 0xBD, 0x01, 0x23, 0xC5, 0x65,
    0x1F, 0x1E, 0xDB, 0x64, 0xFE, 0xD2, 0xFE, 0xD9, 0x8E, 0xDC, 0x96, 0x4D, 0x78, 0x05, 0x3F, 0x01,
    0x41, 0xFE, 0xBF, 0x00, 0x00, 0x02, 0x00, 0x50, 0xFF, 0xE7, 0x03, 0xDF, 0x06, 0x44, 0x00, 0x1A,
    0x00, 0x1E, 0x00, 0x70, 0x40, 0x0F, 0x0E, 0x01, 0x02, 0x01, 0x1A, 0x0F, 0x02, 0x03, 0x02, 0x00,
    0x01, 0x00, 0x03, 0x03, 0x4C, 0x4B, 0xB0, 0x28, 0x50, 0x58, 0x40, 0x23, 0x06, 0x01, 0x05, 0x04,
    0x01, 0x04, 0x05, 0x01, 0x80, 0x00, 0x04, 0x04, 0x3A, 0x4D, 0x00, 0x02, 0x02, 0x01, 0x61, 0x00,
    0x01, 0x01, 0x41, 0x4D, 0x00, 0x03, 0x03, 0x00, 0x61, 0x00, 0x00, 0x00, 0x42, 0x00, 0x4E, 0x1B,
    0x40, 0x20, 0x00, 0x04, 0x05, 0x04, 0x85, 0x06, 0x01, 0x05, 0x01, 0x05, 0x85, 0x00, 0x02, 0x02,
    0x01, 0x61, 0x00, 0x01, 0x01, 0x41, 0x4D, 0x00, 0x03, 0x03, 0x00, 0x61, 0x00, 0x00, 0x00, 0x42,
    0x00, 0x4E, 0x59, 0x40, 0x0E, 0x1B, 0x1B, 0x1B, 0x1E, 0x1B, 0x1E, 0x13, 0x25, 0x23, 0x28, 0x21,
    0x07, 0x09, 0x1B, 0x2B, 0x25, 0x06, 0x23, 0x22, 0x2E, 0x02, 0x35, 0x34, 0x3E, 0x02, 0x33, 0x32,
    0x17, 0x15, 0x26, 0x23, 0x20, 0x11, 0x14, 0x1E, 0x02, 0x33, 0x32, 0x37, 0x01, 0x13, 0x33, 0x01,
    0x03, 0xDF, 0xC2, 0xA8, 0x7F, 0xCB, 0x8F, 0x4C, 0x4B, 0x93, 0xD7, 0x8D, 0x98, 0xAA, 0xB9, 0x6A,
    0xFE, 0xAB, 0x2F, 0x5A, 0x82, 0x53, 0x7B, 0xAA, 0xFD, 0xFE, 0xF1, 0xFE, 0xFE, 0xBF, 0x1C, 0x35,
    0x50, 0x94, 0xD3, 0x83, 0x8A, 0xD5, 0x91, 0x4B, 0x27, 0xBD, 0x36, 0xFE, 0x73, 0x5D, 0x92, 0x65,
    0x35, 0x40, 0x04, 0x2B, 0x01, 0x41, 0xFE, 0xBF, 0x00, 0x02, 0x00, 0x62, 0xFF, 0xDB, 0x05, 0x63,
    0x07, 0x8F, 0x00, 0x1C, 0x00, 0x28, 0x00, 0x72, 0x40, 0x13, 0x24, 0x01, 0x05, 0x04, 0x0F, 0x01,
    0x02, 0x01, 0x1C, 0x10, 0x02, 0x03, 0x02, 0x00, 0x01, 0x00, 0x03, 0x04, 0x4C, 0x4B, 0xB0, 0x2A,
    0x50, 0x58, 0x40, 0x21, 0x00, 0x04, 0x05, 0x04, 0x85, 0x07, 0x06, 0x02, 0x05, 0x01, 0x05, 0x85,
    0x00, 0x02, 0x02, 0x01, 0x61, 0x00, 0x01, 0x01, 0x3E, 0x4D, 0x00, 0x03, 0x03, 0x00, 0x61, 0x00,
    0x00, 0x00, 0x3F, 0x00, 0x4E, 0x1B, 0x40, 0x1F, 0x00, 0x04, 0x05, 0x04, 0x85, 0x07, 0x06, 0x02,
    0x05, 0x01, 0x05, 0x85, 0x00, 0x01, 0x00, 0x02, 0x03, 0x01, 0x02, 0x6A, 0x00, 0x03, 0x03, 0x00,
    0x61, 0x00, 0x00, 0x00, 0x42, 0x00, 0x4E, 0x59, 0x40, 0x0F, 0x1D, 0x1D, 0x1D, 0x28, 0x1D, 0x28,
    0x11, 0x13, 0x26, 0x24, 0x28, 0x21, 0x08, 0x09, 0x1C, 0x2B, 0x25, 0x06, 0x21, 0x22, 0x24, 0x26,
    0x02, 0x35, 0x34, 0x12, 0x36, 0x24, 0x33, 0x32, 0x16, 0x17, 0x15, 0x24, 0x23, 0x20, 0x00, 0x11,
    0x14, 0x1E, 0x02, 0x33, 0x32, 0x37, 0x01, 0x13, 0x33, 0x13, 0x23, 0x26, 0x26, 0x27, 0x23, 0x06,
    0x06, 0x07, 0x05, 0x63, 0xDB, 0xFE, 0xDB, 0xBA, 0xFE, 0xE1, 0xC3, 0x65, 0x65, 0xC6, 0x01, 0x25,
    0xC0, 0x76, 0xF3, 0x80, 0xFE, 0xDC, 0xBB, 0xFF, 0x00, 0xFE, 0xFA, 0x46, 0x8A, 0xCB, 0x85, 0xE4,
    0xE9, 0xFC, 0x94, 0xF1, 0xF5, 0xF1, 0xA3, 0x33, 0x62, 0x32, 0x03, 0x32, 0x62, 0x33, 0x43, 0x68,
    0x66, 0xC5, 0x01, 0x21, 0xBC, 0xBD, 0x01, 0x23, 0xC5, 0x65, 0x1F, 0x1E, 0xDB, 0x64, 0xFE, 0xD2,
    0xFE, 0xD9, 0x8E, 0xDC, 0x96, 0x4D, 0x78, 0x05, 0x3F, 0x01, 0x41, 0xFE, 0xBF, 0x32, 0x63, 0x32,
    0x32, 0x63, 0x32, 0x00, 0x00, 0x02, 0x00, 0x50, 0xFF, 0xE7, 0x03, 0xEB, 0x06, 0x44, 0x00, 0x1A,
    0x00, 0x26, 0x00, 0x77, 0x40, 0x13, 0x22, 0x01, 0x05, 0x04, 0x0E, 0x01, 0x02, 0x01, 0x1A, 0x0F,
    0x02, 0x03, 0x02, 0x00, 0x01, 0x00, 0x03, 0x04, 0x4C, 0x4B, 0xB0, 0x28, 0x50, 0x58, 0x40, 0x24,
    0x07, 0x06, 0x02, 0x05, 0x04, 0x01, 0x04, 0x05, 0x01, 0x80, 0x00, 0x04, 0x04, 0x3A, 0x4D, 0x00,
    0x02, 0x02, 0x01, 0x61, 0x00, 0x01, 0x01, 0x41, 0x4D, 0x00, 0x03, 0x03, 0x00, 0x61, 0x00, 0x00,
    0x00, 0x42, 0x00, 0x4E, 0x1B, 0x40, 0x21, 0x00, 0x04, 0x05, 0x04, 0x85, 0x07, 0x06, 0x02, 0x05,
    0x01, 0x05, 0x85, 0x00, 0x02, 0x02, 0x01, 0x61, 0x00, 0x01, 0x01, 0x41, 0x4D, 0x00, 0x03, 0x03,
    0x00, 0x61, 0x00, 0x00, 0x00, 0x42, 0x00, 0x4E, 0x59, 0x40, 0x0F, 0x1B, 0x1B, 0x1B, 0x26, 0x1B,
    0x26, 0x11, 0x13, 0x25, 0x23, 0x28, 0x21, 0x08, 0x09, 0x1C, 0x2B, 0x25, 0x06, 0x23, 0x22, 0x2E,
    0x02, 0x35, 0x34, 0x3E, 0x02, 0x33, 0x32, 0x17, 0x15, 0x26, 0x23, 0x20, 0x11, 0x14, 0x1E, 0x02,
    0x33, 0x32, 0x37, 0x01, 0x13, 0x33, 0x13, 0x23, 0x26, 0x26, 0x27, 0x23, 0x06, 0x06, 0x07, 0x03,
    0xDF, 0xC2, 0xA8, 0x7F, 0xCB, 0x8F, 0x4C, 0x4B, 0x93, 0xD7, 0x8D, 0x98, 0xAA, 0xB9, 0x6A, 0xFE,
    0xAB, 0x2F, 0x5A, 0x82, 0x53, 0x7B, 0xAA, 0xFD, 0x35, 0xF1, 0xF5, 0xF1, 0xA3, 0x33, 0x62, 0x32,
    0x03, 0x32, 0x62, 0x33, 0x1C, 0x35, 0x50, 0x94, 0xD3, 0x83, 0x8A, 0xD5, 0x91, 0x4B, 0x27, 0xBD,
    0x36, 0xFE, 0x73, 0x5D, 0x92, 0x65, 0x35, 0x40, 0x04, 0x2B, 0x01, 0x41, 0xFE, 0xBF, 0x32, 0x63,
    0x32, 0x32, 0x63, 0x32, 0x00, 0x02, 0x00, 0x62, 0xFF, 0xDB, 0x05, 0x63, 0x07, 0x62, 0x00, 0x1C,
    0x00, 0x20, 0x00, 0x67, 0x40, 0x0F, 0x0F, 0x01, 0x02, 0x01, 0x1C, 0x10, 0x02, 0x03, 0x02, 0x00,
    0x01, 0x00, 0x03, 0x03, 0x4C, 0x4B, 0xB0, 0x2A, 0x50, 0x58, 0x40, 0x1E, 0x00, 0x04, 0x06, 0x01,
    0x05, 0x01, 0x04, 0x05, 0x67, 0x00, 0x02, 0x02, 0x01, 0x61, 0x00, 0x01, 0x01, 0x3E, 0x4D, 0x00,
    0x03, 0x03, 0x00, 0x61, 0x00, 0x00, 0x00, 0x3F, 0x00, 0x4E, 0x1B, 0x40, 0x1C, 0x00, 0x04, 0x06,
    0x01, 0x05, 0x01, 0x04, 0x05, 0x67, 0x00, 0x01, 0x00, 0x02, 0x03, 0x01, 0x02, 0x69, 0x00, 0x03,
    0x03, 0x00, 0x61, 0x00, 0x00, 0x00, 0x42, 0x00, 0x4E, 0x59, 0x40, 0x0E, 0x1D, 0x1D, 0x1D, 0x20,
    0x1D, 0x20, 0x13, 0x26, 0x24, 0x28, 0x21, 0x07, 0x09, 0x1B, 0x2B, 0x25, 0x06, 0x21, 0x22, 0x24,
    0x26, 0x02, 0x35, 0x34, 0x12, 0x36, 0x24, 0x33, 0x32, 0x16, 0x17, 0x15, 0x24, 0x23, 0x20, 0x00,
    0x11, 0x14, 0x1E, 0x02, 0x33, 0x32, 0x37, 0x01, 0x35, 0x33, 0x15, 0x05, 0x63, 0xDB, 0xFE, 0xDB,
    0xBA, 0xFE, 0xE1, 0xC3, 0x65, 0x65, 0xC6, 0x01, 0x25, 0xC0, 0x76, 0xF3, 0x80, 0xFE, 0xDC, 0xBB,
    0xFF, 0x00, 0xFE, 0xFA, 0x46, 0x8A, 0xCB, 0x85, 0xE4, 0xE9, 0xFD, 0x85, 0xF6, 0x43, 0x68, 0x66,
    0xC5, 0x01, 0x21, 0xBC, 0xBD, 0x01, 0x23, 0xC5, 0x65, 0x1F, 0x1E, 0xDB, 0x64, 0xFE, 0xD2, 0xFE,
    0xD9, 0x8E, 0xDC, 0x96, 0x4D, 0x78, 0x05, 0x5D, 0xF6, 0xF6, 0x00, 0x00, 0x00, 0x02, 0x00, 0x50,
    0xFF, 0xE7, 0x03, 0xDF, 0x06, 0x0D, 0x00, 0x1A, 0x00, 0x1E, 0x00, 0x6B, 0x40, 0x0F, 0x0E, 0x01,
    0x02, 0x01, 0x1A, 0x0F, 0x02, 0x03, 0x02, 0x00, 0x01, 0x00, 0x03, 0x03, 0x4C, 0x4B, 0xB0, 0x22,
    0x50, 0x58, 0x40, 0x20, 0x06, 0x01, 0x05, 0x05, 0x04, 0x5F, 0x00, 0x04, 0x04, 0x3A, 0x4D, 0x00,
    0x02, 0x02, 0x01, 0x61, 0x00, 0x01, 0x01, 0x41, 0x4D, 0x00, 0x03, 0x03, 0x00, 0x61, 0x00, 0x00,
    0x00, 0x42, 0x00, 0x4E, 0x1B, 0x40, 0x1E, 0x00, 0x04, 0x06, 0x01, 0x05, 0x01, 0x04, 0x05, 0x67,
    0x00, 0x02, 0x02, 0x01, 0x61, 0x00, 0x01, 0x01, 0x41, 0x4D, 0x00, 0x03, 0x03, 0x00, 0x61, 0x00,
    0x00, 0x00, 0x42, 0x00, 0x4E, 0x59, 0x40, 0x0E, 0x1B, 0x1B, 0x1B, 0x1E, 0x1B, 0x1E, 0x13, 0x25,
    0x23, 0x28, 0x21, 0x07, 0x09, 0x1B, 0x2B, 0x25, 0x06, 0x23, 0x22, 0x2E, 0x02, 0x35, 0x34, 0x3E,
    0x02, 0x33, 0x32, 0x17, 0x15, 0x26, 0x23, 0x20, 0x11, 0x14, 0x1E, 0x02, 0x33, 0x32, 0x37, 0x01,
    0x35, 0x33, 0x15, 0x03, 0xDF, 0xC2, 0xA8, 0x7F, 0xCB, 0x8F, 0x4C, 0x4B, 0x93, 0xD7, 0x8D, 0x98,
    0xAA, 0xB9, 0x6A, 0xFE, 0xAB, 0x2F, 0x5A, 0x82, 0x53, 0x7B, 0xAA, 0xFE, 0x1C, 0xF6, 0x1C, 0x35,
    0x50, 0x94, 0xD3, 0x83, 0x8A, 0xD5, 0x91, 0x4B, 0x27, 0xBD, 0x36, 0xFE, 0x73, 0x5D, 0x92, 0x65,
    0x35, 0x40, 0x04, 0x3F, 0xF6, 0xF6, 0x00, 0x00, 0x00, 0x02, 0x00, 0x62, 0xFF, 0xDB, 0x05, 0x63,
    0x07, 0x8F, 0x00, 0x1C, 0x00, 0x28, 0x00, 0x72, 0x40, 0x13, 0x24, 0x01, 0x04, 0x05, 0x0F, 0x01,
    0x02, 0x01, 0x1C, 0x10, 0x02, 0x03, 0x02, 0x00, 0x01, 0x00, 0x03, 0x04, 0x4C, 0x4B, 0xB0, 0x2A,
    0x50, 0x58, 0x40, 0x21, 0x07, 0x06, 0x02, 0x05, 0x04, 0x05, 0x85, 0x00, 0x04, 0x01, 0x04, 0x85,
    0x00, 0x02, 0x02, 0x01, 0x61, 0x00, 0x01, 0x01, 0x3E, 0x4D, 0x00, 0x03, 0x03, 0x00, 0x61, 0x00,
    0x00, 0x00, 0x3F, 0x00, 0x4E, 0x1B, 0x40, 0x1F, 0x07, 0x06, 0x02, 0x05, 0x04, 0x05, 0x85, 0x00,
    0x04, 0x01, 0x04, 0x85, 0x00, 0x01, 0x00, 0x02, 0x03, 0x01, 0x02, 0x6A, 0x00, 0x03, 0x03, 0x00,
    0x61, 0x00, 0x00, 0x00, 0x42, 0x00, 0x4E, 0x59, 0x40, 0x0F, 0x1D, 0x1D, 0x1D, 0x28, 0x1D, 0x28,
    0x11, 0x13, 0x26, 0x24, 0x28, 0x21, 0x08, 0x09, 0x1C, 0x2B, 0x25, 0x06, 0x21, 0x22, 0x24, 0x26,
    0x02, 0x35, 0x34, 0x12, 0x36, 0x24, 0x33, 0x32, 0x16, 0x17, 0x15, 0x24, 0x23, 0x20, 0x00, 0x11,
    0x14, 0x1E, 0x02, 0x33, 0x32, 0x37, 0x03, 0x03, 0x23, 0x03, 0x33, 0x16, 0x16, 0x17, 0x33, 0x36,
    0x36, 0x37, 0x05, 0x63, 0xDB, 0xFE, 0xDB, 0xBA, 0xFE, 0xE1, 0xC3, 0x65, 0x65, 0xC6, 0x01, 0x25,
    0xC0, 0x76, 0xF3, 0x80, 0xFE, 0xDC, 0xBB, 0xFF, 0x00, 0xFE, 0xFA, 0x46, 0x8A, 0xCB, 0x85, 0xE4,
    0xE9, 0x9B, 0xF1, 0xF5, 0xF1, 0xA3, 0x33, 0x62, 0x32, 0x03, 0x32, 0x62, 0x33, 0x43, 0x68, 0x66,
    0xC5, 0x01, 0x21, 0xBC, 0xBD, 0x01, 0x23, 0xC5, 0x65, 0x1F, 0x1E, 0xDB, 0x64, 0xFE, 0xD2, 0xFE,
    0xD9, 0x8E, 0xDC, 0x96, 0x4D, 0x78, 0x06, 0x80, 0xFE, 0xBF, 0x01, 0x41, 0x32, 0x63, 0x33, 0x33,
    0x63, 0x32, 0x00, 0x00, 0x00, 0x02, 0x00, 0x50, 0xFF, 0xE7, 0x03, 0xEB, 0x06, 0x44, 0x00, 0x1A,
    0x00, 0x22, 0x00, 0x77, 0x40, 0x13, 0x20, 0x01, 0x04, 0x05, 0x0E, 0x01, 0x02, 0x01, 0x1A, 0x0F,
    0x02, 0x03, 0x02, 0x00, 0x01, 0x00, 0x03, 0x04, 0x4C, 0x4B, 0xB0, 0x28, 0x50, 0x58, 0x40, 0x24,
    0x00, 0x04, 0x05, 0x01, 0x05, 0x04, 0x01, 0x80, 0x07, 0x06, 0x02, 0x05, 0x05, 0x3A, 0x4D, 0x00,
    0x02, 0x02, 0x01, 0x61, 0x00, 0x01, 0x01, 0x41, 0x4D, 0x00, 0x03, 0x03, 0x00, 0x61, 0x00, 0x00,
    0x00, 0x42, 0x00, 0x4E, 0x1B, 0x40, 0x21, 0x07, 0x06, 0x02, 0x05, 0x04, 0x05, 0x85, 0x00, 0x04,
    0x01, 0x04, 0x85, 0x00, 0x02, 0x02, 0x01, 0x61, 0x00, 0x01, 0x01, 0x41, 0x4D, 0x00, 0x03, 0x03,
    0x00, 0x61, 0x00, 0x00, 0x00, 0x42, 0x00, 0x4E, 0x59, 0x40, 0x0F, 0x1B, 0x1B, 0x1B, 0x22, 0x1B,
    0x22, 0x11, 0x13, 0x25, 0x23, 0x28, 0x21, 0x08, 0x09, 0x1C, 0x2B, 0x25, 0x06, 0x23, 0x22, 0x2E,
    0x02, 0x35, 0x34, 0x3E, 0x02, 0x33, 0x32, 0x17, 0x15, 0x26, 0x23, 0x20, 0x11, 0x14, 0x1E, 0x02,
    0x33, 0x32, 0x37, 0x13, 0x03, 0x23, 0x03, 0x33, 0x17, 0x33, 0x37, 0x03, 0xDF, 0xC2, 0xA8, 0x7F,
    0xCB, 0x8F, 0x4C, 0x4B, 0x93, 0xD7, 0x8D, 0x98, 0xAA, 0xB9, 0x6A, 0xFE, 0xAB, 0x2F, 0x5A, 0x82,
    0x53, 0x7B, 0xAA, 0x0C, 0xF1, 0xF5, 0xF1, 0xA3, 0xC7, 0x03, 0xC7, 0x1C, 0x35, 0x50, 0x94, 0xD3,
    0x83, 0x8A, 0xD5, 0x91, 0x4B, 0x27, 0xBD, 0x36, 0xFE, 0x73, 0x5D, 0x92, 0x65, 0x35, 0x40, 0x05,
    0x6C, 0xFE, 0xBF, 0x01, 0x41, 0xC8, 0xC8, 0x00, 0x00, 0x03, 0x00, 0xA9, 0x00, 0x00, 0x05, 0x70,
    0x07, 0x8F, 0x00, 0x0A, 0x00, 0x17, 0x00, 0x23, 0x00, 0x6F, 0xB5, 0x1F, 0x01, 0x04, 0x05, 0x01,
    0x4C, 0x4B, 0xB0, 0x2A, 0x50, 0x58, 0x40, 0x22, 0x08, 0x06, 0x02, 0x05, 0x04, 0x05, 0x85, 0x00,
    0x04, 0x00, 0x04, 0x85, 0x00, 0x03, 0x03, 0x00, 0x5F, 0x00, 0x00, 0x00, 0x38, 0x4D, 0x00, 0x02,
    0x02, 0x01, 0x5F, 0x07, 0x01, 0x01, 0x01, 0x39, 0x01, 0x4E, 0x1B, 0x40, 0x20, 0x08, 0x06, 0x02,
    0x05, 0x04, 0x05, 0x85, 0x00, 0x04, 0x00, 0x04, 0x85, 0x00, 0x00, 0x00, 0x03, 0x02, 0x00, 0x03,
    0x68, 0x00, 0x02, 0x02, 0x01, 0x5F, 0x07, 0x01, 0x01, 0x01, 0x3C, 0x01, 0x4E, 0x59, 0x40, 0x18,
    0x18, 0x18, 0x00, 0x00, 0x18, 0x23, 0x18, 0x23, 0x1C, 0x1B, 0x1A, 0x19, 0x17, 0x15, 0x0D, 0x0B,
    0x00, 0x0A, 0x00, 0x09, 0x21, 0x09, 0x09, 0x17, 0x2B, 0x33, 0x11, 0x21, 0x20, 0x00, 0x11, 0x14,
    0x02, 0x06, 0x04, 0x23, 0x27, 0x33, 0x20, 0x12, 0x11, 0x34, 0x27, 0x2E, 0x03, 0x23, 0x23, 0x01,
    0x03, 0x23, 0x03, 0x33, 0x16, 0x16, 0x17, 0x33, 0x36, 0x36, 0x37, 0xA9, 0x01, 0xEE, 0x01, 0x66,
    0x01, 0x73, 0x63, 0xBE, 0xFE, 0xED, 0xB1, 0xDF, 0xB4, 0x01, 0x00, 0xFC, 0x59, 0x23, 0x52, 0x6B,
    0x8A, 0x5A, 0x93, 0x02, 0x62, 0xF1, 0xF5, 0xF1, 0xA3, 0x33, 0x62, 0x32, 0x03, 0x32, 0x62, 0x33,
    0x05, 0xC8, 0xFE, 0x96, 0xFE, 0xA7, 0xB8, 0xFE, 0xE1, 0xC6, 0x68, 0xB7, 0x01, 0x1A, 0x01, 0x21,
    0xD5, 0x83, 0x37, 0x4D, 0x30, 0x16, 0x02, 0x7B, 0xFE, 0xBF, 0x01, 0x41, 0x32, 0x63, 0x33, 0x33,
    0x63, 0x32, 0x00, 0x00, 0x00, 0x03, 0x00, 0x53, 0xFF, 0xE7, 0x05, 0x7A, 0x06, 0x2B, 0x00, 0x09,
    0x00, 0x1C, 0x00, 0x26, 0x00, 0xA0, 0x40, 0x11, 0x1D, 0x01, 0x03, 0x06, 0x26, 0x18, 0x02, 0x00,
    0x03, 0x0A, 0x09, 0x00, 0x03, 0x01, 0x00, 0x03, 0x4C, 0x4B, 0xB0, 0x14, 0x50, 0x58, 0x40, 0x21,
    0x00, 0x06, 0x06, 0x04, 0x5F, 0x07, 0x01, 0x04, 0x04, 0x3A, 0x4D, 0x00, 0x00, 0x00, 0x03, 0x61,
    0x00, 0x03, 0x03, 0x41, 0x4D, 0x00, 0x01, 0x01, 0x02, 0x61, 0x05, 0x01, 0x02, 0x02, 0x42, 0x02,
    0x4E, 0x1B, 0x4B, 0xB0, 0x2A, 0x50, 0x58, 0x40, 0x25, 0x00, 0x06, 0x06, 0x04, 0x5F, 0x07, 0x01,
    0x04, 0x04, 0x3A, 0x4D, 0x00, 0x00, 0x00, 0x03, 0x61, 0x00, 0x03, 0x03, 0x41, 0x4D, 0x00, 0x05,
    0x05, 0x39, 0x4D, 0x00, 0x01, 0x01, 0x02, 0x61, 0x00, 0x02, 0x02, 0x42, 0x02, 0x4E, 0x1B, 0x40,
    0x25, 0x00, 0x06, 0x06, 0x04, 0x5F, 0x07, 0x01, 0x04, 0x04, 0x3A, 0x4D, 0x00, 0x00, 0x00, 0x03,
    0x61, 0x00, 0x03, 0x03, 0x41, 0x4D, 0x00, 0x05, 0x05, 0x3C, 0x4D, 0x00, 0x01, 0x01, 0x02, 0x61,
    0x00, 0x02, 0x02, 0x42, 0x02, 0x4E, 0x59, 0x59, 0x40, 0x0B, 0x11, 0x14, 0x11, 0x12, 0x28, 0x23,
    0x23, 0x21, 0x08, 0x09, 0x1E, 0x2B, 0x01, 0x26, 0x23, 0x20, 0x11, 0x14, 0x16, 0x33, 0x32, 0x37,
    0x15, 0x06, 0x23, 0x22, 0x2E, 0x02, 0x35, 0x34, 0x3E, 0x02, 0x33, 0x32, 0x17, 0x11, 0x33, 0x11,
    0x23, 0x01, 0x36, 0x35, 0x35, 0x23, 0x35, 0x33, 0x15, 0x10, 0x07, 0x03, 0x1D, 0x7A, 0x3F, 0xFE,
    0xF7, 0x65, 0x5C, 0x7D, 0x84, 0x8A, 0xC4, 0x56, 0x8C, 0x64, 0x36, 0x45, 0x84, 0xBF, 0x7A, 0x57,
    0x71, 0xF6, 0xF6, 0x01, 0x79, 0x5F, 0x5F, 0xE4, 0xE4, 0x03, 0xA1, 0x16, 0xFE, 0x69, 0xB1, 0xBE,
    0xCD, 0xBE, 0xD9, 0x4E, 0x8E, 0xC7, 0x79, 0x8F, 0xDF, 0x9A, 0x51, 0x18, 0x01, 0xE7, 0xF9, 0xD5,
    0x04, 0x70, 0x0B, 0xA2, 0x17, 0xF7, 0xC8, 0xFE, 0xD0, 0x13, 0x00, 0x00, 0x00, 0x02, 0x00, 0x07,
    0x00, 0x00, 0x05, 0x75, 0x05, 0xC8, 0x00, 0x0E, 0x00, 0x22, 0x00, 0x60, 0x4B, 0xB0, 0x2A, 0x50,
    0x58, 0x40, 0x20, 0x06, 0x01, 0x01, 0x07, 0x01, 0x00, 0x04, 0x01, 0x00, 0x67, 0x00, 0x05, 0x05,
    0x02, 0x5F, 0x00, 0x02, 0x02, 0x38, 0x4D, 0x00, 0x04, 0x04, 0x03, 0x5F, 0x08, 0x01, 0x03, 0x03,
    0x39, 0x03, 0x4E, 0x1B, 0x40, 0x1E, 0x00, 0x02, 0x00, 0x05, 0x01, 0x02, 0x05, 0x67, 0x06, 0x01,
    0x01, 0x07, 0x01, 0x00, 0x04, 0x01, 0x00, 0x67, 0x00, 0x04, 0x04, 0x03, 0x5F, 0x08, 0x01, 0x03,
    0x03, 0x3C, 0x03, 0x4E, 0x59, 0x40, 0x14, 0x00, 0x00, 0x22, 0x21, 0x20, 0x1F, 0x1E, 0x1C, 0x14,
    0x0F, 0x00, 0x0E, 0x00, 0x0D, 0x21, 0x11, 0x11, 0x09, 0x09, 0x19, 0x2B, 0x33, 0x11, 0x23, 0x35,
    0x33, 0x11, 0x21, 0x20, 0x00, 0x11, 0x14, 0x02, 0x06, 0x04, 0x23, 0x27, 0x33, 0x32, 0x36, 0x37,
    0x36, 0x12, 0x11, 0x34, 0x27, 0x2E, 0x03, 0x23, 0x23, 0x11, 0x21, 0x15, 0x21, 0xAE, 0xA7, 0xA7,
    0x01, 0xEE, 0x01, 0x66, 0x01, 0x73, 0x63, 0xBE, 0xFE, 0xED, 0xB1, 0xDF, 0x75, 0x1F, 0x3C, 0x1D,
    0xE4, 0xDF, 0x7B, 0x23, 0x4E, 0x63, 0x7D, 0x51, 0x93, 0x01, 0x0F, 0xFE, 0xF1, 0x02, 0xA2, 0xA5,
    0x02, 0x81, 0xFE, 0x98, 0xFE, 0xA5, 0xB8, 0xFE, 0xE1, 0xC6, 0x68, 0xB7, 0x02, 0x02, 0x0F, 0x01,
    0x18, 0x01, 0x10, 0xFD, 0x90, 0x28, 0x39, 0x24, 0x10, 0xFE, 0x33, 0xA5, 0x00, 0x02, 0x00, 0x53,
    0xFF, 0xE7, 0x04, 0xA7, 0x06, 0x2B, 0x00, 0x1A, 0x00, 0x24, 0x00, 0xAA, 0x40, 0x0C, 0x1A, 0x01,
    0x08, 0x07, 0x24, 0x1B, 0x0C, 0x03, 0x09, 0x08, 0x02, 0x4C, 0x4B, 0xB0, 0x14, 0x50, 0x58, 0x40,
    0x25, 0x03, 0x01, 0x01, 0x04, 0x01, 0x00, 0x07, 0x01, 0x00, 0x67, 0x00, 0x02, 0x02, 0x3A, 0x4D,
    0x00, 0x08, 0x08, 0x07, 0x61, 0x00, 0x07, 0x07, 0x41, 0x4D, 0x00, 0x09, 0x09, 0x05, 0x61, 0x06,
    0x01, 0x05, 0x05, 0x39, 0x05, 0x4E, 0x1B, 0x4B, 0xB0, 0x2A, 0x50, 0x58, 0x40, 0x29, 0x03, 0x01,
    0x01, 0x04, 0x01, 0x00, 0x07, 0x01, 0x00, 0x67, 0x00, 0x02, 0x02, 0x3A, 0x4D, 0x00, 0x08, 0x08,
    0x07, 0x61, 0x00, 0x07, 0x07, 0x41, 0x4D, 0x00, 0x05, 0x05, 0x39, 0x4D, 0x00, 0x09, 0x09, 0x06,
    0x61, 0x00, 0x06, 0x06, 0x42, 0x06, 0x4E, 0x1B, 0x40, 0x29, 0x03, 0x01, 0x01, 0x04, 0x01, 0x00,
    0x07, 0x01, 0x00, 0x67, 0x00, 0x02, 0x02, 0x3A, 0x4D, 0x00, 0x08, 0x08, 0x07, 0x61, 0x00, 0x07,
    0x07, 0x41, 0x4D, 0x00, 0x05, 0x05, 0x3C, 0x4D, 0x00, 0x09, 0x09, 0x06, 0x61, 0x00, 0x06, 0x06,
    0x42, 0x06, 0x4E, 0x59, 0x59, 0x40, 0x0E, 0x23, 0x21, 0x23, 0x28, 0x22, 0x11, 0x11, 0x11, 0x11,
    0x11, 0x10, 0x0A, 0x09, 0x1F, 0x2B, 0x01, 0x21, 0x35, 0x21, 0x35, 0x33, 0x15, 0x33, 0x15, 0x23,
    0x11, 0x23, 0x35, 0x06, 0x23, 0x22, 0x2E, 0x02, 0x35, 0x34, 0x3E, 0x02, 0x33, 0x32, 0x17, 0x15,
    0x26, 0x23, 0x20, 0x11, 0x14, 0x16, 0x33, 0x32, 0x37, 0x03, 0x1D, 0xFE, 0xDE, 0x01, 0x22, 0xF6,
    0x94, 0x94, 0xF6, 0x8A, 0xC4, 0x56, 0x8C, 0x64, 0x36, 0x45, 0x84, 0xBF, 0x7A, 0x57, 0x71, 0x7A,
    0x3F, 0xFE, 0xF7, 0x65, 0x5C, 0x7D, 0x84, 0x04, 0xDE, 0x94, 0xB9, 0xB9, 0x94, 0xFB, 0x22, 0xC0,
    0xD9, 0x4E, 0x8E, 0xC7, 0x79, 0x8F, 0xDF, 0x9A, 0x51, 0x18, 0xA3, 0x16, 0xFE, 0x69, 0xB1, 0xBE,
    0xCD, 0x00, 0x00, 0x00, 0x00, 0x02, 0x00, 0xB5, 0x00, 0x00, 0x05, 0x1A, 0x07, 0x0C, 0x00, 0x0B,
    0x00, 0x0F, 0x00, 0x70, 0x4B, 0xB0, 0x2A, 0x50, 0x58, 0x40, 0x27, 0x00, 0x06, 0x09, 0x01, 0x07,
    0x00, 0x06, 0x07, 0x67, 0x00, 0x02, 0x00, 0x03, 0x04, 0x02, 0x03, 0x67, 0x00, 0x01, 0x01, 0x00,
    0x5F, 0x00, 0x00, 0x00, 0x38, 0x4D, 0x00, 0x04, 0x04, 0x05, 0x5F, 0x08, 0x01, 0x05, 0x05, 0x39,
    0x05, 0x4E, 0x1B, 0x40, 0x25, 0x00, 0x06, 0x09, 0x01, 0x07, 0x00, 0x06, 0x07, 0x67, 0x00, 0x00,
    0x00, 0x01, 0x02, 0x00, 0x01, 0x67, 0x00, 0x02, 0x00, 0x03, 0x04, 0x02, 0x03, 0x67, 0x00, 0x04,
    0x04, 0x05, 0x5F, 0x08, 0x01, 0x05, 0x05, 0x3C, 0x05, 0x4E, 0x59, 0x40, 0x16, 0x0C, 0x0C, 0x00,
    0x00, 0x0C, 0x0F, 0x0C, 0x0F, 0x0E, 0x0D, 0x00, 0x0B, 0x00, 0x0B, 0x11, 0x11, 0x11, 0x11, 0x11,
    0x0A, 0x09, 0x1B, 0x2B, 0x33, 0x11, 0x21, 0x15, 0x21, 0x11, 0x21, 0x15, 0x21, 0x11, 0x21, 0x15,
    0x01, 0x35, 0x21, 0x15, 0xB5, 0x04, 0x38, 0xFC, 0xCB, 0x02, 0xCC, 0xFD, 0x34, 0x03, 0x62, 0xFC,
    0x67, 0x02, 0xB3, 0x05, 0xC8, 0xB4, 0xFE, 0x44, 0xB1, 0xFE, 0x10, 0xB7, 0x06, 0x6C, 0xA0, 0xA0,
    0x00, 0x03, 0x00, 0x50, 0xFF, 0xE7, 0x04, 0x00, 0x05, 0xB7, 0x00, 0x04, 0x00, 0x1C, 0x00, 0x20,
    0x00, 0x84, 0x40, 0x0A, 0x1C, 0x01, 0x05, 0x04, 0x05, 0x01, 0x02, 0x05, 0x02, 0x4C, 0x4B, 0xB0,
    0x2A, 0x50, 0x58, 0x40, 0x29, 0x08, 0x01, 0x01, 0x00, 0x04, 0x05, 0x01, 0x04, 0x67, 0x09, 0x01,
    0x07, 0x07, 0x06, 0x5F, 0x00, 0x06, 0x06, 0x38, 0x4D, 0x00, 0x00, 0x00, 0x03, 0x61, 0x00, 0x03,
    0x03, 0x41, 0x4D, 0x00, 0x05, 0x05, 0x02, 0x61, 0x00, 0x02, 0x02, 0x42, 0x02, 0x4E, 0x1B, 0x40,
    0x27, 0x00, 0x06, 0x09, 0x01, 0x07, 0x03, 0x06, 0x07, 0x67, 0x08, 0x01, 0x01, 0x00, 0x04, 0x05,
    0x01, 0x04, 0x67, 0x00, 0x00, 0x00, 0x03, 0x61, 0x00, 0x03, 0x03, 0x41, 0x4D, 0x00, 0x05, 0x05,
    0x02, 0x61, 0x00, 0x02, 0x02, 0x42, 0x02, 0x4E, 0x59, 0x40, 0x1A, 0x1D, 0x1D, 0x00, 0x00, 0x1D,
    0x20, 0x1D, 0x20, 0x1F, 0x1E, 0x1B, 0x19, 0x18, 0x17, 0x13, 0x11, 0x09, 0x07, 0x00, 0x04, 0x00,
    0x04, 0x21, 0x0A, 0x09, 0x17, 0x2B, 0x01, 0x10, 0x23, 0x22, 0x03, 0x01, 0x06, 0x06, 0x23, 0x22,
    0x2E, 0x02, 0x35, 0x34, 0x3E, 0x02, 0x33, 0x32, 0x1E, 0x02, 0x15, 0x21, 0x12, 0x21, 0x32, 0x37,
    0x01, 0x35, 0x21, 0x15, 0x03, 0x0B, 0xCA, 0xD3, 0x1B, 0x02, 0xAB, 0x5F, 0xB9, 0x5C, 0x84, 0xD3,
    0x94, 0x4F, 0x46, 0x82, 0xB7, 0x71, 0x76, 0xAA, 0x6D, 0x33, 0xFD, 0x53, 0x1E, 0x01, 0x49, 0x93,
    0xB1, 0xFC, 0xEA, 0x02, 0xB3, 0x02, 0x92, 0x01, 0x24, 0xFE, 0xDC, 0xFD, 0x92, 0x1E, 0x1F, 0x52,
    0x97, 0xD9, 0x87, 0x7F, 0xCD, 0x91, 0x4F, 0x49, 0x98, 0xE7, 0x9F, 0xFE, 0xA1, 0x44, 0x04, 0x3D,
    0xA0, 0xA0, 0x00, 0x00, 0x00, 0x02, 0x00, 0xB5, 0x00, 0x00, 0x05, 0x1A, 0x07, 0x8F, 0x00, 0x0B,
    0x00, 0x19, 0x00, 0x80, 0x4B, 0xB0, 0x2A, 0x50, 0x58, 0x40, 0x2D, 0x0B, 0x09, 0x02, 0x07, 0x06,
    0x07, 0x85, 0x00, 0x06, 0x00, 0x08, 0x00, 0x06, 0x08, 0x69, 0x00, 0x02, 0x00, 0x03, 0x04, 0x02,
    0x03, 0x67, 0x00, 0x01, 0x01, 0x00, 0x5F, 0x00, 0x00, 0x00, 0x38, 0x4D, 0x00, 0x04, 0x04, 0x05,
    0x5F, 0x0A, 0x01, 0x05, 0x05, 0x39, 0x05, 0x4E, 0x1B, 0x40, 0x2B, 0x0B, 0x09, 0x02, 0x07, 0x06,
    0x07, 0x85, 0x00, 0x06, 0x00, 0x08, 0x00, 0x06, 0x08, 0x69, 0x00, 0x00, 0x00, 0x01, 0x02, 0x00,
    0x01, 0x68, 0x00, 0x02, 0x00, 0x03, 0x04, 0x02, 0x03, 0x67, 0x00, 0x04, 0x04, 0x05, 0x5F, 0x0A,
    0x01, 0x05, 0x05, 0x3C, 0x05, 0x4E, 0x59, 0x40, 0x1A, 0x0C, 0x0C, 0x00, 0x00, 0x0C, 0x19, 0x0C,
    0x19, 0x16, 0x14, 0x11, 0x10, 0x0F, 0x0D, 0x00, 0x0B, 0x00, 0x0B, 0x11, 0x11, 0x11, 0x11, 0x11,
    0x0C, 0x09, 0x1B, 0x2B, 0x33, 0x11, 0x21, 0x15, 0x21, 0x11, 0x21, 0x15, 0x21, 0x11, 0x21, 0x15,
    0x01, 0x16, 0x33, 0x32, 0x37, 0x33, 0x06, 0x07, 0x06, 0x23, 0x22, 0x27, 0x26, 0x27, 0xB5, 0x04,
    0x38, 0xFC, 0xCB, 0x02, 0xCC, 0xFD, 0x34, 0x03, 0x62, 0xFC, 0xF6, 0x26, 0xAA, 0xAA, 0x26, 0x87,
    0x0F, 0x5E, 0x5D, 0x8D, 0x8B, 0x5F, 0x5D, 0x10, 0x05, 0xC8, 0xB4, 0xFE, 0x44, 0xB1, 0xFE, 0x10,
    0xB7, 0x07, 0x8F, 0x9E, 0x9E, 0x94, 0x56, 0x57, 0x56, 0x57, 0x94, 0x00, 0x00, 0x03, 0x00, 0x50,
    0xFF, 0xE7, 0x04, 0x00, 0x06, 0x44, 0x00, 0x04, 0x00, 0x1C, 0x00, 0x2C, 0x00, 0xCA, 0x40, 0x0A,
    0x1C, 0x01, 0x05, 0x04, 0x05, 0x01, 0x02, 0x05, 0x02, 0x4C, 0x4B, 0xB0, 0x1F, 0x50, 0x58, 0x40,
    0x2F, 0x0A, 0x01, 0x01, 0x00, 0x04, 0x05, 0x01, 0x04, 0x68, 0x0B, 0x09, 0x02, 0x07, 0x07, 0x3A,
    0x4D, 0x00, 0x08, 0x08, 0x06, 0x61, 0x00, 0x06, 0x06, 0x38, 0x4D, 0x00, 0x00, 0x00, 0x03, 0x61,
    0x00, 0x03, 0x03, 0x41, 0x4D, 0x00, 0x05, 0x05, 0x02, 0x61, 0x00, 0x02, 0x02, 0x42, 0x02, 0x4E,
    0x1B, 0x4B, 0xB0, 0x28, 0x50, 0x58, 0x40, 0x2D, 0x00, 0x06, 0x00, 0x08, 0x03, 0x06, 0x08, 0x69,
    0x0A, 0x01, 0x01, 0x00, 0x04, 0x05, 0x01, 0x04, 0x68, 0x0B, 0x09, 0x02, 0x07, 0x07, 0x3A, 0x4D,
    0x00, 0x00, 0x00, 0x03, 0x61, 0x00, 0x03, 0x03, 0x41, 0x4D, 0x00, 0x05, 0x05, 0x02, 0x61, 0x00,
    0x02, 0x02, 0x42, 0x02, 0x4E, 0x1B, 0x40, 0x2D, 0x0B, 0x09, 0x02, 0x07, 0x06, 0x07, 0x85, 0x00,
    0x06, 0x00, 0x08, 0x03, 0x06, 0x08, 0x69, 0x0A, 0x01, 0x01, 0x00, 0x04, 0x05, 0x01, 0x04, 0x68,
    0x00, 0x00, 0x00, 0x03, 0x61, 0x00, 0x03, 0x03, 0x41, 0x4D, 0x00, 0x05, 0x05, 0x02, 0x61, 0x00,
    0x02, 0x02, 0x42, 0x02, 0x4E, 0x59, 0x59, 0x40, 0x1E, 0x1D, 0x1D, 0x00, 0x00, 0x1D, 0x2C, 0x1D,
    0x2C, 0x28, 0x26, 0x22, 0x21, 0x20, 0x1E, 0x1B, 0x19, 0x18, 0x17, 0x13, 0x11, 0x09, 0x07, 0x00,
    0x04, 0x00, 0x04, 0x21, 0x0C, 0x09, 0x17, 0x2B, 0x01, 0x10, 0x23, 0x22, 0x03, 0x01, 0x06, 0x06,
    0x23, 0x22, 0x2E, 0x02, 0x35, 0x34, 0x3E, 0x02, 0x33, 0x32, 0x1E, 0x02, 0x15, 0x21, 0x12, 0x21,
    0x32, 0x37, 0x01, 0x16, 0x33, 0x32, 0x37, 0x33, 0x0E, 0x03, 0x23, 0x22, 0x2E, 0x02, 0x27, 0x03,
    0x0B, 0xCA, 0xD3, 0x1B, 0x02, 0xAB, 0x5F, 0xB9, 0x5C, 0x84, 0xD3, 0x94, 0x4F, 0x46, 0x82, 0xB7,
    0x71, 0x76, 0xAA, 0x6D, 0x33, 0xFD, 0x53, 0x1E, 0x01, 0x49, 0x93, 0xB1, 0xFD, 0x74, 0x24, 0xAC,
    0xAB, 0x24, 0x88, 0x08, 0x39, 0x5A, 0x76, 0x46, 0x47, 0x76, 0x5A, 0x39, 0x08, 0x02, 0x92, 0x01,
    0x24, 0xFE, 0xDC, 0xFD, 0x92, 0x1E, 0x1F, 0x52, 0x97, 0xD9, 0x87, 0x7F, 0xCD, 0x91, 0x4F, 0x49,
    0x98, 0xE7, 0x9F, 0xFE, 0xA1, 0x44, 0x05, 0x6A, 0x9E, 0x9E, 0x4A, 0x76, 0x54, 0x2D, 0x2D, 0x54,
    0x76, 0x4A, 0x00, 0x00, 0x00, 0x02, 0x00, 0xB5, 0x00, 0x00, 0x05, 0x1A, 0x07, 0x62, 0x00, 0x0B,
    0x00, 0x0F, 0x00, 0x70, 0x4B, 0xB0, 0x2A, 0x50, 0x58, 0x40, 0x27, 0x00, 0x06, 0x09, 0x01, 0x07,
    0x00, 0x06, 0x07, 0x67, 0x00, 0x02, 0x00, 0x03, 0x04, 0x02, 0x03, 0x67, 0x00, 0x01, 0x01, 0x00,
    0x5F, 0x00, 0x00, 0x00, 0x38, 0x4D, 0x00, 0x04, 0x04, 0x05, 0x5F, 0x08, 0x01, 0x05, 0x05, 0x39,
    0x05, 0x4E, 0x1B, 0x40, 0x25, 0x00, 0x06, 0x09, 0x01, 0x07, 0x00, 0x06, 0x07, 0x67, 0x00, 0x00,
    0x00, 0x01, 0x02, 0x00, 0x01, 0x67, 0x00, 0x02, 0x00, 0x03, 0x04, 0x02, 0x03, 0x67, 0x00, 0x04,
    0x04, 0x05, 0x5F, 0x08, 0x01, 0x05, 0x05, 0x3C, 0x05, 0x4E, 0x59, 0x40, 0x16, 0x0C, 0x0C, 0x00,
    0x00, 0x0C, 0x0F, 0x0C, 0x0F, 0x0E, 0x0D, 0x00, 0x0B, 0x00, 0x0B, 0x11, 0x11, 0x11, 0x11, 0x11,
    0x0A, 0x09, 0x1B, 0x2B, 0x33, 0x11, 0x21, 0x15, 0x21, 0x11, 0x21, 0x15, 0x21, 0x11, 0x21, 0x15,
    0x01, 0x35, 0x33, 0x15, 0xB5, 0x04, 0x38, 0xFC, 0xCB, 0x02, 0xCC, 0xFD, 0x34, 0x03, 0x62, 0xFD,
    0x45, 0xF6, 0x05, 0xC8, 0xB4, 0xFE, 0x44, 0xB1, 0xFE, 0x10, 0xB7, 0x06, 0x6C, 0xF6, 0xF6, 0x00,
    0x00, 0x03, 0x00, 0x50, 0xFF, 0xE7, 0x04, 0x00, 0x06, 0x0D, 0x00, 0x04, 0x00, 0x1C, 0x00, 0x20,
    0x00, 0x84, 0x40, 0x0A, 0x1C, 0x01, 0x05, 0x04, 0x05, 0x01, 0x02, 0x05, 0x02, 0x4C, 0x4B, 0xB0,
    0x22, 0x50, 0x58, 0x40, 0x29, 0x08, 0x01, 0x01, 0x00, 0x04, 0x05, 0x01, 0x04, 0x67, 0x09, 0x01,
    0x07, 0x07, 0x06, 0x5F, 0x00, 0x06, 0x06, 0x3A, 0x4D, 0x00, 0x00, 0x00, 0x03, 0x61, 0x00, 0x03,
    0x03, 0x41, 0x4D, 0x00, 0x05, 0x05, 0x02, 0x61, 0x00, 0x02, 0x02, 0x42, 0x02, 0x4E, 0x1B, 0x40,
    0x27, 0x00, 0x06, 0x09, 0x01, 0x07, 0x03, 0x06, 0x07, 0x67, 0x08, 0x01, 0x01, 0x00, 0x04, 0x05,
    0x01, 0x04, 0x67, 0x00, 0x00, 0x00, 0x03, 0x61, 0x00, 0x03, 0x03, 0x41, 0x4D, 0x00, 0x05, 0x05,
    0x02, 0x61, 0x00, 0x02, 0x02, 0x42, 0x02, 0x4E, 0x59, 0x40, 0x1A, 0x1D, 0x1D, 0x00, 0x00, 0x1D,
    0x20, 0x1D, 0x20, 0x1F, 0x1E, 0x1B, 0x19, 0x18, 0x17, 0x13, 0x11, 0x09, 0x07, 0x00, 0x04, 0x00,
    0x04, 0x21, 0x0A, 0x09, 0x17, 0x2B, 0x01, 0x10, 0x23, 0x22, 0x03, 0x01, 0x06, 0x06, 0x23, 0x22,
    0x2E, 0x02, 0x35, 0x34, 0x3E, 0x02, 0x33, 0x32, 0x1E, 0x02, 0x15, 0x21, 0x12, 0x21, 0x32, 0x37,
    0x01, 0x35, 0x33, 0x15, 0x03, 0x0B, 0xCA, 0xD3, 0x1B, 0x02, 0xAB, 0x5F, 0xB9, 0x5C, 0x84, 0xD3,
    0x94, 0x4F, 0x46, 0x82, 0xB7, 0x71, 0x76, 0xAA, 0x6D, 0x33, 0xFD, 0x53, 0x1E, 0x01, 0x49, 0x93,
    0xB1, 0xFD, 0xC8, 0xF6, 0x02, 0x92, 0x01, 0x24, 0xFE, 0xDC, 0xFD, 0x92, 0x1E, 0x1F, 0x52, 0x97,
    0xD9, 0x87, 0x7F, 0xCD, 0x91, 0x4F, 0x49, 0x98, 0xE7, 0x9F, 0xFE, 0xA1, 0x44, 0x04, 0x3D, 0xF6,
    0xF6, 0x00, 0x00, 0x00, 0x00, 0x01, 0x00, 0xB5, 0xFE, 0x8E, 0x05, 0x1A, 0x05, 0xC8, 0x00, 0x19,
    0x00, 0xA7, 0x40, 0x0A, 0x12, 0x01, 0x06, 0x05, 0x13, 0x01, 0x07, 0x06, 0x02, 0x4C, 0x4B, 0xB0,
    0x28, 0x50, 0x58, 0x40, 0x29, 0x00, 0x02, 0x00, 0x03, 0x04, 0x02, 0x03, 0x67, 0x00, 0x01, 0x01,
    0x00, 0x5F, 0x00, 0x00, 0x00, 0x38, 0x4D, 0x00, 0x04, 0x04, 0x05, 0x5F, 0x09, 0x08, 0x02, 0x05,
    0x05, 0x39, 0x4D, 0x00, 0x06, 0x06, 0x07, 0x61, 0x00, 0x07, 0x07, 0x3D, 0x07, 0x4E, 0x1B, 0x4B,
    0xB0, 0x2A, 0x50, 0x58, 0x40, 0x26, 0x00, 0x02, 0x00, 0x03, 0x04, 0x02, 0x03, 0x67, 0x00, 0x06,
    0x00, 0x07, 0x06, 0x07, 0x65, 0x00, 0x01, 0x01, 0x00, 0x5F, 0x00, 0x00, 0x00, 0x38, 0x4D, 0x00,
    0x04, 0x04, 0x05, 0x5F, 0x09, 0x08, 0x02, 0x05, 0x05, 0x39, 0x05, 0x4E, 0x1B, 0x40, 0x24, 0x00,
    0x00, 0x00, 0x01, 0x02, 0x00, 0x01, 0x67, 0x00, 0x02, 0x00, 0x03, 0x04, 0x02, 0x03, 0x67, 0x00,
    0x06, 0x00, 0x07, 0x06, 0x07, 0x65, 0x00, 0x04, 0x04, 0x05, 0x5F, 0x09, 0x08, 0x02, 0x05, 0x05,
    0x3C, 0x05, 0x4E, 0x59, 0x59, 0x40, 0x11, 0x00, 0x00, 0x00, 0x19, 0x00, 0x19, 0x23, 0x23, 0x11,
    0x11, 0x11, 0x11, 0x11, 0x11, 0x0A, 0x09, 0x1E, 0x2B, 0x33, 0x11, 0x21, 0x15, 0x21, 0x11, 0x21,
    0x15, 0x21, 0x11, 0x21, 0x15, 0x23, 0x06, 0x15, 0x14, 0x33, 0x32, 0x37, 0x15, 0x06, 0x23, 0x22,
    0x35, 0x34, 0x37, 0xB5, 0x04, 0x38, 0xFC, 0xCB, 0x02, 0xCC, 0xFD, 0x34, 0x03, 0x62, 0x8F, 0x9D,
    0x8A, 0x47, 0x2A, 0x4B, 0x5E, 0xF9, 0xBF, 0x05, 0xC8, 0xB4, 0xFE, 0x44, 0xB1, 0xFE, 0x10, 0xB7,
    0x51, 0x63, 0x5F, 0x0F, 0x51, 0x1D, 0x9F, 0x79, 0x5A, 0x00, 0x00, 0x00, 0x00, 0x02, 0x00, 0x50,
    0xFE, 0x8E, 0x04, 0x00, 0x04, 0x5C, 0x00, 0x28, 0x00, 0x2D, 0x00, 0x80, 0x40, 0x13, 0x28, 0x01,
    0x05, 0x04, 0x00, 0x01, 0x02, 0x05, 0x11, 0x0A, 0x02, 0x00, 0x02, 0x0B, 0x01, 0x01, 0x00, 0x04,
    0x4C, 0x4B, 0xB0, 0x28, 0x50, 0x58, 0x40, 0x28, 0x08, 0x01, 0x07, 0x00, 0x04, 0x05, 0x07, 0x04,
    0x67, 0x00, 0x06, 0x06, 0x03, 0x61, 0x00, 0x03, 0x03, 0x41, 0x4D, 0x00, 0x05, 0x05, 0x02, 0x61,
    0x00, 0x02, 0x02, 0x42, 0x4D, 0x00, 0x00, 0x00, 0x01, 0x61, 0x00, 0x01, 0x01, 0x3D, 0x01, 0x4E,
    0x1B, 0x40, 0x25, 0x08, 0x01, 0x07, 0x00, 0x04, 0x05, 0x07, 0x04, 0x67, 0x00, 0x00, 0x00, 0x01,
    0x00, 0x01, 0x65, 0x00, 0x06, 0x06, 0x03, 0x61, 0x00, 0x03, 0x03, 0x41, 0x4D, 0x00, 0x05, 0x05,
    0x02, 0x61, 0x00, 0x02, 0x02, 0x42, 0x02, 0x4E, 0x59, 0x40, 0x10, 0x29, 0x29, 0x29, 0x2D, 0x29,
    0x2D, 0x23, 0x21, 0x14, 0x28, 0x25, 0x23, 0x27, 0x09, 0x09, 0x1D, 0x2B, 0x25, 0x06, 0x06, 0x07,
    0x06, 0x06, 0x15, 0x14, 0x33, 0x32, 0x37, 0x15, 0x06, 0x23, 0x22, 0x35, 0x34, 0x37, 0x22, 0x26,
    0x27, 0x2E, 0x03, 0x35, 0x34, 0x3E, 0x02, 0x33, 0x32, 0x1E, 0x02, 0x15, 0x21, 0x12, 0x21, 0x32,
    0x37, 0x03, 0x10, 0x23, 0x22, 0x03, 0x03, 0xFE, 0x2E, 0x5A, 0x2D, 0x5F, 0x4D, 0x8A, 0x47, 0x2A,
    0x4B, 0x5E, 0xF9, 0x8E, 0x0E, 0x1A, 0x0D, 0x77, 0xBD, 0x84, 0x47, 0x46, 0x82, 0xB7, 0x71, 0x76,
    0xAA, 0x6D, 0x33, 0xFD, 0x53, 0x1E, 0x01, 0x49, 0x93, 0xB1, 0xF3, 0xCA, 0xD3, 0x1B, 0x24, 0x0F,
    0x15, 0x08, 0x26, 0x54, 0x31, 0x60, 0x0F, 0x51, 0x1D, 0xA0, 0x6A, 0x4F, 0x03, 0x01, 0x07, 0x59,
    0x97, 0xCF, 0x7F, 0x7F, 0xCD, 0x91, 0x4F, 0x49, 0x98, 0xE7, 0x9F, 0xFE, 0xA1, 0x44, 0x01, 0xB8,
    0x01, 0x24, 0xFE, 0xDC, 0x00, 0x02, 0x00, 0xB6, 0x00, 0x00, 0x05, 0x1B, 0x07, 0x8F, 0x00, 0x0B,
    0x00, 0x13, 0x00, 0x7F, 0xB5, 0x11, 0x01, 0x06, 0x07, 0x01, 0x4C, 0x4B, 0xB0, 0x2A, 0x50, 0x58,
    0x40, 0x2A, 0x0A, 0x08, 0x02, 0x07, 0x06, 0x07, 0x85, 0x00, 0x06, 0x00, 0x06, 0x85, 0x00, 0x02,
    0x00, 0x03, 0x04, 0x02, 0x03, 0x67, 0x00, 0x01, 0x01, 0x00, 0x5F, 0x00, 0x00, 0x00, 0x38, 0x4D,
    0x00, 0x04, 0x04, 0x05, 0x5F, 0x09, 0x01, 0x05, 0x05, 0x39, 0x05, 0x4E, 0x1B, 0x40, 0x28, 0x0A,
    0x08, 0x02, 0x07, 0x06, 0x07, 0x85, 0x00, 0x06, 0x00, 0x06, 0x85, 0x00, 0x00, 0x00, 0x01, 0x02,
    0x00, 0x01, 0x68, 0x00, 0x02, 0x00, 0x03, 0x04, 0x02, 0x03, 0x67, 0x00, 0x04, 0x04, 0x05, 0x5F,
    0x09, 0x01, 0x05, 0x05, 0x3C, 0x05, 0x4E, 0x59, 0x40, 0x18, 0x0C, 0x0C, 0x00, 0x00, 0x0C, 0x13,
    0x0C, 0x13, 0x10, 0x0F, 0x0E, 0x0D, 0x00, 0x0B, 0x00, 0x0B, 0x11, 0x11, 0x11, 0x11, 0x11, 0x0B,
    0x09, 0x1B, 0x2B, 0x33, 0x11, 0x21, 0x15, 0x21, 0x11, 0x21, 0x15, 0x21, 0x11, 0x21, 0x15, 0x03,
    0x03, 0x23, 0x03, 0x33, 0x17, 0x33, 0x37, 0xB6, 0x04, 0x37, 0xFC, 0xCC, 0x02, 0xCB, 0xFD, 0x35,
    0x03, 0x62, 0xDB, 0xF1, 0xF5, 0xF1, 0xA3, 0xC7, 0x03, 0xC7, 0x05, 0xC8, 0xB4, 0xFE, 0x44, 0xB1,
    0xFE, 0x10, 0xB7, 0x07, 0x8F, 0xFE, 0xBF, 0x01, 0x41, 0xC8, 0xC8, 0x00, 0x00, 0x03, 0x00, 0x50,
    0xFF, 0xE7, 0x04, 0x00, 0x06, 0x44, 0x00, 0x04, 0x00, 0x1C, 0x00, 0x24, 0x00, 0x91, 0x40, 0x0E,
    0x22, 0x01, 0x06, 0x07, 0x1C, 0x01, 0x05, 0x04, 0x05, 0x01, 0x02, 0x05, 0x03, 0x4C, 0x4B, 0xB0,
    0x28, 0x50, 0x58, 0x40, 0x2D, 0x00, 0x06, 0x07, 0x03, 0x07, 0x06, 0x03, 0x80, 0x09, 0x01, 0x01,
    0x00, 0x04, 0x05, 0x01, 0x04, 0x67, 0x0A, 0x08, 0x02, 0x07, 0x07, 0x3A, 0x4D, 0x00, 0x00, 0x00,
    0x03, 0x61, 0x00, 0x03, 0x03, 0x41, 0x4D, 0x00, 0x05, 0x05, 0x02, 0x61, 0x00, 0x02, 0x02, 0x42,
    0x02, 0x4E, 0x1B, 0x40, 0x2A, 0x0A, 0x08, 0x02, 0x07, 0x06, 0x07, 0x85, 0x00, 0x06, 0x03, 0x06,
    0x85, 0x09, 0x01, 0x01, 0x00, 0x04, 0x05, 0x01, 0x04, 0x67, 0x00, 0x00, 0x00, 0x03, 0x61, 0x00,
    0x03, 0x03, 0x41, 0x4D, 0x00, 0x05, 0x05, 0x02, 0x61, 0x00, 0x02, 0x02, 0x42, 0x02, 0x4E, 0x59,
    0x40, 0x1C, 0x1D, 0x1D, 0x00, 0x00, 0x1D, 0x24, 0x1D, 0x24, 0x21, 0x20, 0x1F, 0x1E, 0x1B, 0x19,
    0x18, 0x17, 0x13, 0x11, 0x09, 0x07, 0x00, 0x04, 0x00, 0x04, 0x21, 0x0B, 0x09, 0x17, 0x2B, 0x01,
    0x10, 0x23, 0x22, 0x03, 0x01, 0x06, 0x06, 0x23, 0x22, 0x2E, 0x02, 0x35, 0x34, 0x3E, 0x02, 0x33,
    0x32, 0x1E, 0x02, 0x15, 0x21, 0x12, 0x21, 0x32, 0x37, 0x03, 0x03, 0x23, 0x03, 0x33, 0x17, 0x33,
    0x37, 0x03, 0x0B, 0xCA, 0xD3, 0x1B, 0x02, 0xAB, 0x5F, 0xB9, 0x5C, 0x84, 0xD3, 0x94, 0x4F, 0x46,
    0x82, 0xB7, 0x71, 0x76, 0xAA, 0x6D, 0x33, 0xFD, 0x53, 0x1E, 0x01, 0x49, 0x93, 0xB1, 0x51, 0xF1,
    0xF5, 0xF1, 0xA3, 0xC7, 0x03, 0xC7, 0x02, 0x92, 0x01, 0x24, 0xFE, 0xDC, 0xFD, 0x92, 0x1E, 0x1F,
    0x52, 0x97, 0xD9, 0x87, 0x7F, 0xCD, 0x91, 0x4F, 0x49, 0x98, 0xE7, 0x9F, 0xFE, 0xA1, 0x44, 0x05,
    0x6A, 0xFE, 0xBF, 0x01, 0x41, 0xC8, 0xC8, 0x00, 0x00, 0x02, 0x00, 0x56, 0xFF, 0xDB, 0x05, 0x91,
    0x07, 0x8F, 0x00, 0x27, 0x00, 0x33, 0x00, 0x90, 0x40, 0x16, 0x2F, 0x01, 0x07, 0x06, 0x15, 0x01,
    0x02, 0x01, 0x16, 0x01, 0x05, 0x02, 0x24, 0x01, 0x03, 0x04, 0x01, 0x01, 0x00, 0x03, 0x05, 0x4C,
    0x4B, 0xB0, 0x2A, 0x50, 0x58, 0x40, 0x2A, 0x00, 0x06, 0x07, 0x06, 0x85, 0x0A, 0x08, 0x02, 0x07,
    0x01, 0x07, 0x85, 0x09, 0x01, 0x05, 0x00, 0x04, 0x03, 0x05, 0x04, 0x67, 0x00, 0x02, 0x02, 0x01,
    0x61, 0x00, 0x01, 0x01, 0x3E, 0x4D, 0x00, 0x03, 0x03, 0x00, 0x61, 0x00, 0x00, 0x00, 0x3F, 0x00,
    0x4E, 0x1B, 0x40, 0x28, 0x00, 0x06, 0x07, 0x06, 0x85, 0x0A, 0x08, 0x02, 0x07, 0x01, 0x07, 0x85,
    0x00, 0x01, 0x00, 0x02, 0x05, 0x01, 0x02, 0x6A, 0x09, 0x01, 0x05, 0x00, 0x04, 0x03, 0x05, 0x04,
    0x67, 0x00, 0x03, 0x03, 0x00, 0x61, 0x00, 0x00, 0x00, 0x42, 0x00, 0x4E, 0x59, 0x40, 0x18, 0x28,
    0x28, 0x00, 0x00, 0x28, 0x33, 0x28, 0x33, 0x2C, 0x2B, 0x2A, 0x29, 0x00, 0x27, 0x00, 0x27, 0x13,
    0x26, 0x25, 0x2D, 0x22, 0x0B, 0x09, 0x1B, 0x2B, 0x01, 0x11, 0x04, 0x23, 0x22, 0x26, 0x27, 0x2E,
    0x03, 0x35, 0x10, 0x37, 0x3E, 0x03, 0x33, 0x32, 0x04, 0x17, 0x15, 0x26, 0x24, 0x23, 0x20, 0x00,
    0x11, 0x14, 0x1E, 0x02, 0x33, 0x32, 0x36, 0x37, 0x11, 0x23, 0x35, 0x01, 0x13, 0x33, 0x13, 0x23,
    0x26, 0x26, 0x27, 0x23, 0x06, 0x06, 0x07, 0x05, 0x91, 0xFE, 0xED, 0xFA, 0x76, 0xC2, 0x4D, 0x67,
    0x9E, 0x6C, 0x38, 0xC2, 0x35, 0x7C, 0x94, 0xB2, 0x6B, 0x8C, 0x01, 0x08, 0x81, 0x9B, 0xFE, 0xF8,
    0x70, 0xFE, 0xF8, 0xFE, 0xF6, 0x4A, 0x8F, 0xD2, 0x88, 0x2F, 0x78, 0x4A, 0xF8, 0xFE, 0x65, 0xF1,
    0xF5, 0xF1, 0xA3, 0x33, 0x62, 0x32, 0x03, 0x32, 0x62, 0x33, 0x02, 0xBF, 0xFD, 0x66, 0x4A, 0x1C,
    0x1B, 0x24, 0x85, 0xB8, 0xE8, 0x88, 0x01, 0x68, 0xCE, 0x38, 0x51, 0x33, 0x18, 0x1F, 0x1F, 0xDA,
    0x32, 0x32, 0xFE, 0xD4, 0xFE, 0xD6, 0x90, 0xDD, 0x97, 0x4E, 0x0D, 0x0D, 0x01, 0x62, 0xB2, 0x03,
    0x8F, 0x01, 0x41, 0xFE, 0xBF, 0x32, 0x63, 0x32, 0x32, 0x63, 0x32, 0x00, 0x00, 0x03, 0x00, 0x56,
    0xFE, 0x5C, 0x04, 0x17, 0x06, 0x44, 0x00, 0x0A, 0x00, 0x2C, 0x00, 0x38, 0x01, 0x0A, 0x40, 0x14,
    0x34, 0x01, 0x08, 0x07, 0x0B, 0x0A, 0x00, 0x03, 0x01, 0x00, 0x27, 0x01, 0x06, 0x02, 0x26, 0x01,
    0x05, 0x06, 0x04, 0x4C, 0x4B, 0xB0, 0x15, 0x50, 0x58, 0x40, 0x2F, 0x0A, 0x09, 0x02, 0x08, 0x07,
    0x03, 0x07, 0x08, 0x03, 0x80, 0x00, 0x07, 0x07, 0x3A, 0x4D, 0x00, 0x00, 0x00, 0x03, 0x61, 0x04,
    0x01, 0x03, 0x03, 0x41, 0x4D, 0x00, 0x01, 0x01, 0x02, 0x61, 0x00, 0x02, 0x02, 0x39, 0x4D, 0x00,
    0x06, 0x06, 0x05, 0x61, 0x00, 0x05, 0x05, 0x43, 0x05, 0x4E, 0x1B, 0x4B, 0xB0, 0x28, 0x50, 0x58,
    0x40, 0x33, 0x0A, 0x09, 0x02, 0x08, 0x07, 0x03, 0x07, 0x08, 0x03, 0x80, 0x00, 0x07, 0x07, 0x3A,
    0x4D, 0x00, 0x04, 0x04, 0x3B, 0x4D, 0x00, 0x00, 0x00, 0x03, 0x61, 0x00, 0x03, 0x03, 0x41, 0x4D,
    0x00, 0x01, 0x01, 0x02, 0x61, 0x00, 0x02, 0x02, 0x39, 0x4D, 0x00, 0x06, 0x06, 0x05, 0x61, 0x00,
    0x05, 0x05, 0x43, 0x05, 0x4E, 0x1B, 0x4B, 0xB0, 0x2A, 0x50, 0x58, 0x40, 0x30, 0x00, 0x07, 0x08,
    0x07, 0x85, 0x0A, 0x09, 0x02, 0x08, 0x03, 0x08, 0x85, 0x00, 0x04, 0x04, 0x3B, 0x4D, 0x00, 0x00,
    0x00, 0x03, 0x61, 0x00, 0x03, 0x03, 0x41, 0x4D, 0x00, 0x01, 0x01, 0x02, 0x61, 0x00, 0x02, 0x02,
    0x39, 0x4D, 0x00, 0x06, 0x06, 0x05, 0x61, 0x00, 0x05, 0x05, 0x43, 0x05, 0x4E, 0x1B, 0x40, 0x30,
    0x00, 0x07, 0x08, 0x07, 0x85, 0x0A, 0x09, 0x02, 0x08, 0x03, 0x08, 0x85, 0x00, 0x04, 0x04, 0x3B,
    0x4D, 0x00, 0x00, 0x00, 0x03, 0x61, 0x00, 0x03, 0x03, 0x41, 0x4D, 0x00, 0x01, 0x01, 0x02, 0x61,
    0x00, 0x02, 0x02, 0x3C, 0x4D, 0x00, 0x06, 0x06, 0x05, 0x61, 0x00, 0x05, 0x05, 0x43, 0x05, 0x4E,
    0x59, 0x59, 0x59, 0x40, 0x12, 0x2D, 0x2D, 0x2D, 0x38, 0x2D, 0x38, 0x11, 0x14, 0x23, 0x28, 0x12,
    0x28, 0x23, 0x23, 0x22, 0x0B, 0x09, 0x1F, 0x2B, 0x01, 0x26, 0x26, 0x23, 0x20, 0x11, 0x14, 0x16,
    0x33, 0x32, 0x37, 0x15, 0x06, 0x23, 0x22, 0x2E, 0x02, 0x35, 0x34, 0x3E, 0x02, 0x33, 0x32, 0x16,
    0x17, 0x33, 0x11, 0x14, 0x06, 0x07, 0x0E, 0x03, 0x23, 0x22, 0x27, 0x35, 0x16, 0x33, 0x32, 0x36,
    0x35, 0x01, 0x13, 0x33, 0x13, 0x23, 0x26, 0x26, 0x27, 0x23, 0x06, 0x06, 0x07, 0x03, 0x20, 0x3E,
    0x5B, 0x1F, 0xFE, 0xF6, 0x66, 0x5B, 0x7D, 0x84, 0x89, 0xC5, 0x54, 0x8C, 0x65, 0x37, 0x46, 0x84,
    0xBF, 0x78, 0x2F, 0x88, 0x44, 0xC5, 0x0F, 0x0E, 0x13, 0x57, 0x84, 0xAE, 0x69, 0xBF, 0xC6, 0xD5,
    0x9B, 0xA4, 0x9C, 0xFD, 0xD9, 0xF1, 0xF6, 0xF1, 0xA4, 0x32, 0x62, 0x33, 0x02, 0x33, 0x62, 0x32,
    0x03, 0xA1, 0x0B, 0x0B, 0xFE, 0x85, 0xAD, 0xB9, 0xCD, 0xBD, 0xDA, 0x4E, 0x8B, 0xC3, 0x75, 0x86,
    0xD5, 0x95, 0x4F, 0x10, 0x08, 0xFC, 0xD2, 0x80, 0xB8, 0x3A, 0x50, 0x7A, 0x53, 0x2B, 0x45, 0xC3,
    0x54, 0x9E, 0xA6, 0x04, 0xAF, 0x01, 0x41, 0xFE, 0xBF, 0x32, 0x63, 0x32, 0x32, 0x63, 0x32, 0x00,
    0x00, 0x02, 0x00, 0x56, 0xFF, 0xDB, 0x05, 0x91, 0x07, 0x8F, 0x00, 0x27, 0x00, 0x37, 0x00, 0x94,
    0x40, 0x12, 0x15, 0x01, 0x02, 0x01, 0x16, 0x01, 0x05, 0x02, 0x24, 0x01, 0x03, 0x04, 0x01, 0x01,
    0x00, 0x03, 0x04, 0x4C, 0x4B, 0xB0, 0x2A, 0x50, 0x58, 0x40, 0x2D, 0x0B, 0x09, 0x02, 0x07, 0x06,
    0x07, 0x85, 0x00, 0x06, 0x00, 0x08, 0x01, 0x06, 0x08, 0x69, 0x0A, 0x01, 0x05, 0x00, 0x04, 0x03,
    0x05, 0x04, 0x68, 0x00, 0x02, 0x02, 0x01, 0x61, 0x00, 0x01, 0x01, 0x3E, 0x4D, 0x00, 0x03, 0x03,
    0x00, 0x61, 0x00, 0x00, 0x00, 0x3F, 0x00, 0x4E, 0x1B, 0x40, 0x2B, 0x0B, 0x09, 0x02, 0x07, 0x06,
    0x07, 0x85, 0x00, 0x06, 0x00, 0x08, 0x01, 0x06, 0x08, 0x69, 0x00, 0x01, 0x00, 0x02, 0x05, 0x01,
    0x02, 0x6A, 0x0A, 0x01, 0x05, 0x00, 0x04, 0x03, 0x05, 0x04, 0x68, 0x00, 0x03, 0x03, 0x00, 0x61,
    0x00, 0x00, 0x00, 0x42, 0x00, 0x4E, 0x59, 0x40, 0x1A, 0x28, 0x28, 0x00, 0x00, 0x28, 0x37, 0x28,
    0x37, 0x33, 0x31, 0x2D, 0x2C, 0x2B, 0x29, 0x00, 0x27, 0x00, 0x27, 0x13, 0x26, 0x25, 0x2D, 0x22,
    0x0C, 0x09, 0x1B, 0x2B, 0x01, 0x11, 0x04, 0x23, 0x22, 0x26, 0x27, 0x2E, 0x03, 0x35, 0x10, 0x37,
    0x3E, 0x03, 0x33, 0x32, 0x04, 0x17, 0x15, 0x26, 0x24, 0x23, 0x20, 0x00, 0x11, 0x14, 0x1E, 0x02,
    0x33, 0x32, 0x36, 0x37, 0x11, 0x23, 0x35, 0x01, 0x16, 0x33, 0x32, 0x37, 0x33, 0x0E, 0x03, 0x23,
    0x22, 0x2E, 0x02, 0x27, 0x05, 0x91, 0xFE, 0xED, 0xFA, 0x76, 0xC2, 0x4D, 0x67, 0x9E, 0x6C, 0x38,
    0xC2, 0x35, 0x7C, 0x94, 0xB2, 0x6B, 0x8C, 0x01, 0x08, 0x81, 0x9B, 0xFE, 0xF8, 0x70, 0xFE, 0xF8,
    0xFE, 0xF6, 0x4A, 0x8F, 0xD2, 0x88, 0x2F, 0x78, 0x4A, 0xF8, 0xFF, 0x00, 0x26, 0xAA, 0xAA, 0x26,
    0x87, 0x08, 0x38, 0x59, 0x78, 0x46, 0x46, 0x77, 0x59, 0x39, 0x08, 0x02, 0xBF, 0xFD, 0x66, 0x4A,
    0x1C, 0x1B, 0x24, 0x85, 0xB8, 0xE8, 0x88, 0x01, 0x68, 0xCE, 0x38, 0x51, 0x33, 0x18, 0x1F, 0x1F,
    0xDA, 0x32, 0x32, 0xFE, 0xD4, 0xFE, 0xD6, 0x90, 0xDD, 0x97, 0x4E, 0x0D, 0x0D, 0x01, 0x62, 0xB2,
    0x04, 0xD0, 0x9E, 0x9E, 0x49, 0x76, 0x54, 0x2E, 0x2D, 0x53, 0x77, 0x4A, 0x00, 0x03, 0x00, 0x56,
    0xFE, 0x5C, 0x04, 0x17, 0x06, 0x44, 0x00, 0x0A, 0x00, 0x2C, 0x00, 0x3C, 0x01, 0x4E, 0x40, 0x10,
    0x0B, 0x0A, 0x00, 0x03, 0x01, 0x00, 0x27, 0x01, 0x06, 0x02, 0x26, 0x01, 0x05, 0x06, 0x03, 0x4C,
    0x4B, 0xB0, 0x15, 0x50, 0x58, 0x40, 0x31, 0x0B, 0x0A, 0x02, 0x08, 0x08, 0x3A, 0x4D, 0x00, 0x09,
    0x09, 0x07, 0x61, 0x00, 0x07, 0x07, 0x38, 0x4D, 0x00, 0x00, 0x00, 0x03, 0x61, 0x04, 0x01, 0x03,
    0x03, 0x41, 0x4D, 0x00, 0x01, 0x01, 0x02, 0x61, 0x00, 0x02, 0x02, 0x39, 0x4D, 0x00, 0x06, 0x06,
    0x05, 0x61, 0x00, 0x05, 0x05, 0x43, 0x05, 0x4E, 0x1B, 0x4B, 0xB0, 0x1F, 0x50, 0x58, 0x40, 0x35,
    0x0B, 0x0A, 0x02, 0x08, 0x08, 0x3A, 0x4D, 0x00, 0x09, 0x09, 0x07, 0x61, 0x00, 0x07, 0x07, 0x38,
    0x4D, 0x00, 0x04, 0x04, 0x3B, 0x4D, 0x00, 0x00, 0x00, 0x03, 0x61, 0x00, 0x03, 0x03, 0x41, 0x4D,
    0x00, 0x01, 0x01, 0x02, 0x61, 0x00, 0x02, 0x02, 0x39, 0x4D, 0x00, 0x06, 0x06, 0x05, 0x61, 0x00,
    0x05, 0x05, 0x43, 0x05, 0x4E, 0x1B, 0x4B, 0xB0, 0x28, 0x50, 0x58, 0x40, 0x33, 0x00, 0x07, 0x00,
    0x09, 0x03, 0x07, 0x09, 0x69, 0x0B, 0x0A, 0x02, 0x08, 0x08, 0x3A, 0x4D, 0x00, 0x04, 0x04, 0x3B,
    0x4D, 0x00, 0x00, 0x00, 0x03, 0x61, 0x00, 0x03, 0x03, 0x41, 0x4D, 0x00, 0x01, 0x01, 0x02, 0x61,
    0x00, 0x02, 0x02, 0x39, 0x4D, 0x00, 0x06, 0x06, 0x05, 0x61, 0x00, 0x05, 0x05, 0x43, 0x05, 0x4E,
    0x1B, 0x4B, 0xB0, 0x2A, 0x50, 0x58, 0x40, 0x33, 0x0B, 0x0A, 0x02, 0x08, 0x07, 0x08, 0x85, 0x00,
    0x07, 0x00, 0x09, 0x03, 0x07, 0x09, 0x69, 0x00, 0x04, 0x04, 0x3B, 0x4D, 0x00, 0x00, 0x00, 0x03,
    0x61, 0x00, 0x03, 0x03, 0x41, 0x4D, 0x00, 0x01, 0x01, 0x02, 0x61, 0x00, 0x02, 0x02, 0x39, 0x4D,
    0x00, 0x06, 0x06, 0x05, 0x61, 0x00, 0x05, 0x05, 0x43, 0x05, 0x4E, 0x1B, 0x40, 0x33, 0x0B, 0x0A,
    0x02, 0x08, 0x07, 0x08, 0x85, 0x00, 0x07, 0x00, 0x09, 0x03, 0x07, 0x09, 0x69, 0x00, 0x04, 0x04,
    0x3B, 0x4D, 0x00, 0x00, 0x00, 0x03, 0x61, 0x00, 0x03, 0x03, 0x41, 0x4D, 0x00, 0x01, 0x01, 0x02,
    0x61, 0x00, 0x02, 0x02, 0x3C, 0x4D, 0x00, 0x06, 0x06, 0x05, 0x61, 0x00, 0x05, 0x05, 0x43, 0x05,
    0x4E, 0x59, 0x59, 0x59, 0x59, 0x40, 0x14, 0x2D, 0x2D, 0x2D, 0x3C, 0x2D, 0x3C, 0x38, 0x36, 0x11,
    0x24, 0x23, 0x28, 0x12, 0x28, 0x23, 0x23, 0x22, 0x0C, 0x09, 0x1F, 0x2B, 0x01, 0x26, 0x26, 0x23,
    0x20, 0x11, 0x14, 0x16, 0x33, 0x32, 0x37, 0x15, 0x06, 0x23, 0x22, 0x2E, 0x02, 0x35, 0x34, 0x3E,
    0x02, 0x33, 0x32, 0x16, 0x17, 0x33, 0x11, 0x14, 0x06, 0x07, 0x0E, 0x03, 0x23, 0x22, 0x27, 0x35,
    0x16, 0x33, 0x32, 0x36, 0x35, 0x01, 0x16, 0x33, 0x32, 0x37, 0x33, 0x0E, 0x03, 0x23, 0x22, 0x2E,
    0x02, 0x27, 0x03, 0x20, 0x3E, 0x5B, 0x1F, 0xFE, 0xF6, 0x66, 0x5B, 0x7D, 0x84, 0x89, 0xC5, 0x54,
    0x8C, 0x65, 0x37, 0x46, 0x84, 0xBF, 0x78, 0x2F, 0x88, 0x44, 0xC5, 0x0F, 0x0E, 0x13, 0x57, 0x84,
    0xAE, 0x69, 0xBF, 0xC6, 0xD5, 0x9B, 0xA4, 0x9C, 0xFE, 0x71, 0x26, 0xAA, 0xAA, 0x26, 0x87, 0x08,
    0x38, 0x59, 0x78, 0x46, 0x46, 0x77, 0x59, 0x39, 0x08, 0x03, 0xA1, 0x0B, 0x0B, 0xFE, 0x85, 0xAD,
    0xB9, 0xCD, 0xBD, 0xDA, 0x4E, 0x8B, 0xC3, 0x75, 0x86, 0xD5, 0x95, 0x4F, 0x10, 0x08, 0xFC, 0xD2,
    0x80, 0xB8, 0x3A, 0x50, 0x7A, 0x53, 0x2B, 0x45, 0xC3, 0x54, 0x9E, 0xA6, 0x05, 0xF0, 0x9E, 0x9E,
    0x49, 0x76, 0x54, 0x2E, 0x2D, 0x53, 0x77, 0x4A, 0x00, 0x02, 0x00, 0x56, 0xFF, 0xDB, 0x05, 0x91,
    0x07, 0x62, 0x00, 0x27, 0x00, 0x2B, 0x00, 0x84, 0x40, 0x12, 0x15, 0x01, 0x02, 0x01, 0x16, 0x01,
    0x05, 0x02, 0x24, 0x01, 0x03, 0x04, 0x01, 0x01, 0x00, 0x03, 0x04, 0x4C, 0x4B, 0xB0, 0x2A, 0x50,
    0x58, 0x40, 0x27, 0x00, 0x06, 0x09, 0x01, 0x07, 0x01, 0x06, 0x07, 0x67, 0x08, 0x01, 0x05, 0x00,
    0x04, 0x03, 0x05, 0x04, 0x67, 0x00, 0x02, 0x02, 0x01, 0x61, 0x00, 0x01, 0x01, 0x3E, 0x4D, 0x00,
    0x03, 0x03, 0x00, 0x61, 0x00, 0x00, 0x00, 0x3F, 0x00, 0x4E, 0x1B, 0x40, 0x25, 0x00, 0x06, 0x09,
    0x01, 0x07, 0x01, 0x06, 0x07, 0x67, 0x00, 0x01, 0x00, 0x02, 0x05, 0x01, 0x02, 0x69, 0x08, 0x01,
    0x05, 0x00, 0x04, 0x03, 0x05, 0x04, 0x67, 0x00, 0x03, 0x03, 0x00, 0x61, 0x00, 0x00, 0x00, 0x42,
    0x00, 0x4E, 0x59, 0x40, 0x16, 0x28, 0x28, 0x00, 0x00, 0x28, 0x2B, 0x28, 0x2B, 0x2A, 0x29, 0x00,
    0x27, 0x00, 0x27, 0x13, 0x26, 0x25, 0x2D, 0x22, 0x0A, 0x09, 0x1B, 0x2B, 0x01, 0x11, 0x04, 0x23,
    0x22, 0x26, 0x27, 0x2E, 0x03, 0x35, 0x10, 0x37, 0x3E, 0x03, 0x33, 0x32, 0x04, 0x17, 0x15, 0x26,
    0x24, 0x23, 0x20, 0x00, 0x11, 0x14, 0x1E, 0x02, 0x33, 0x32, 0x36, 0x37, 0x11, 0x23, 0x35, 0x03,
    0x35, 0x33, 0x15, 0x05, 0x91, 0xFE, 0xED, 0xFA, 0x76, 0xC2, 0x4D, 0x67, 0x9E, 0x6C, 0x38, 0xC2,
    0x35, 0x7C, 0x94, 0xB2, 0x6B, 0x8C, 0x01, 0x08, 0x81, 0x9B, 0xFE, 0xF8, 0x70, 0xFE, 0xF8, 0xFE,
    0xF6, 0x4A, 0x8F, 0xD2, 0x88, 0x2F, 0x78, 0x4A, 0xF8, 0x9F, 0xF6, 0x02, 0xBF, 0xFD, 0x66, 0x4A,
    0x1C, 0x1B, 0x24, 0x85, 0xB8, 0xE8, 0x88, 0x01, 0x68, 0xCE, 0x38, 0x51, 0x33, 0x18, 0x1F, 0x1F,
    0xDA, 0x32, 0x32, 0xFE, 0xD4, 0xFE, 0xD6, 0x90, 0xDD, 0x97, 0x4E, 0x0D, 0x0D, 0x01, 0x62, 0xB2,
    0x03, 0xAD, 0xF6, 0xF6, 0x00, 0x03, 0x00, 0x56, 0xFE, 0x5C, 0x04, 0x17, 0x06, 0x0D, 0x00, 0x0A,
    0x00, 0x2C, 0x00, 0x30, 0x00, 0xF7, 0x40, 0x10, 0x0B, 0x0A, 0x00, 0x03, 0x01, 0x00, 0x27, 0x01,
    0x06, 0x02, 0x26, 0x01, 0x05, 0x06, 0x03, 0x4C, 0x4B, 0xB0, 0x15, 0x50, 0x58, 0x40, 0x2B, 0x09,
    0x01, 0x08, 0x08, 0x07, 0x5F, 0x00, 0x07, 0x07, 0x3A, 0x4D, 0x00, 0x00, 0x00, 0x03, 0x61, 0x04,
    0x01, 0x03, 0x03, 0x41, 0x4D, 0x00, 0x01, 0x01, 0x02, 0x61, 0x00, 0x02, 0x02, 0x39, 0x4D, 0x00,
    0x06, 0x06, 0x05, 0x61, 0x00, 0x05, 0x05, 0x43, 0x05, 0x4E, 0x1B, 0x4B, 0xB0, 0x22, 0x50, 0x58,
    0x40, 0x2F, 0x09, 0x01, 0x08, 0x08, 0x07, 0x5F, 0x00, 0x07, 0x07, 0x3A, 0x4D, 0x00, 0x04, 0x04,
    0x3B, 0x4D, 0x00, 0x00, 0x00, 0x03, 0x61, 0x00, 0x03, 0x03, 0x41, 0x4D, 0x00, 0x01, 0x01, 0x02,
    0x61, 0x00, 0x02, 0x02, 0x39, 0x4D, 0x00, 0x06, 0x06, 0x05, 0x61, 0x00, 0x05, 0x05, 0x43, 0x05,
    0x4E, 0x1B, 0x4B, 0xB0, 0x2A, 0x50, 0x58, 0x40, 0x2D, 0x00, 0x07, 0x09, 0x01, 0x08, 0x03, 0x07,
    0x08, 0x67, 0x00, 0x04, 0x04, 0x3B, 0x4D, 0x00, 0x00, 0x00, 0x03, 0x61, 0x00, 0x03, 0x03, 0x41,
    0x4D, 0x00, 0x01, 0x01, 0x02, 0x61, 0x00, 0x02, 0x02, 0x39, 0x4D, 0x00, 0x06, 0x06, 0x05, 0x61,
    0x00, 0x05, 0x05, 0x43, 0x05, 0x4E, 0x1B, 0x40, 0x2D, 0x00, 0x07, 0x09, 0x01, 0x08, 0x03, 0x07,
    0x08, 0x67, 0x00, 0x04, 0x04, 0x3B, 0x4D, 0x00, 0x00, 0x00, 0x03, 0x61, 0x00, 0x03, 0x03, 0x41,
    0x4D, 0x00, 0x01, 0x01, 0x02, 0x61, 0x00, 0x02, 0x02, 0x3C, 0x4D, 0x00, 0x06, 0x06, 0x05, 0x61,
    0x00, 0x05, 0x05, 0x43, 0x05, 0x4E, 0x59, 0x59, 0x59, 0x40, 0x11, 0x2D, 0x2D, 0x2D, 0x30, 0x2D,
    0x30, 0x14, 0x23, 0x28, 0x12, 0x28, 0x23, 0x23, 0x22, 0x0A, 0x09, 0x1E, 0x2B, 0x01, 0x26, 0x26,
    0x23, 0x20, 0x11, 0x14, 0x16, 0x33, 0x32, 0x37, 0x15, 0x06, 0x23, 0x22, 0x2E, 0x02, 0x35, 0x34,
    0x3E, 0x02, 0x33, 0x32, 0x16, 0x17, 0x33, 0x11, 0x14, 0x06, 0x07, 0x0E, 0x03, 0x23, 0x22, 0x27,
    0x35, 0x16, 0x33, 0x32, 0x36, 0x35, 0x01, 0x35, 0x33, 0x15, 0x03, 0x20, 0x3E, 0x5B, 0x1F, 0xFE,
    0xF6, 0x66, 0x5B, 0x7D, 0x84, 0x89, 0xC5, 0x54, 0x8C, 0x65, 0x37, 0x46, 0x84, 0xBF, 0x78, 0x2F,
    0x88, 0x44, 0xC5, 0x0F, 0x0E, 0x13, 0x57, 0x84, 0xAE, 0x69, 0xBF, 0xC6, 0xD5, 0x9B, 0xA4, 0x9C,
    0xFE, 0xD3, 0xF7, 0x03, 0xA1, 0x0B, 0x0B, 0xFE, 0x85, 0xAD, 0xB9, 0xCD, 0xBD, 0xDA, 0x4E, 0x8B,
    0xC3, 0x75, 0x86, 0xD5, 0x95, 0x4F, 0x10, 0x08, 0xFC, 0xD2, 0x80, 0xB8, 0x3A, 0x50, 0x7A, 0x53,
    0x2B, 0x45, 0xC3, 0x54, 0x9E, 0xA6, 0x04, 0xC3, 0xF6, 0xF6, 0x00, 0x00, 0x00, 0x02, 0x00, 0x56,
    0xFE, 0x50, 0x05, 0x91, 0x05, 0xED, 0x00, 0x27, 0x00, 0x39, 0x00, 0x9E, 0x40, 0x1A, 0x15, 0x01,
    0x02, 0x01, 0x16, 0x01, 0x05, 0x02, 0x24, 0x01, 0x03, 0x04, 0x01, 0x01, 0x00, 0x03, 0x28, 0x01,
    0x06, 0x07, 0x39, 0x01, 0x09, 0x06, 0x06, 0x4C, 0x4B, 0xB0, 0x2A, 0x50, 0x58, 0x40, 0x30, 0x0A,
    0x01, 0x05, 0x00, 0x04, 0x03, 0x05, 0x04, 0x67, 0x00, 0x08, 0x00, 0x07, 0x06, 0x08, 0x07, 0x69,
    0x00, 0x02, 0x02, 0x01, 0x61, 0x00, 0x01, 0x01, 0x3E, 0x4D, 0x00, 0x03, 0x03, 0x00, 0x61, 0x00,
    0x00, 0x00, 0x3F, 0x4D, 0x00, 0x06, 0x06, 0x09, 0x61, 0x00, 0x09, 0x09, 0x43, 0x09, 0x4E, 0x1B,
    0x40, 0x2E, 0x00, 0x01, 0x00, 0x02, 0x05, 0x01, 0x02, 0x69, 0x0A, 0x01, 0x05, 0x00, 0x04, 0x03,
    0x05, 0x04, 0x67, 0x00, 0x08, 0x00, 0x07, 0x06, 0x08, 0x07, 0x69, 0x00, 0x03, 0x03, 0x00, 0x61,
    0x00, 0x00, 0x00, 0x42, 0x4D, 0x00, 0x06, 0x06, 0x09, 0x61, 0x00, 0x09, 0x09, 0x43, 0x09, 0x4E,
    0x59, 0x40, 0x16, 0x00, 0x00, 0x38, 0x36, 0x31, 0x30, 0x2F, 0x2E, 0x2C, 0x2A, 0x00, 0x27, 0x00,
    0x27, 0x13, 0x26, 0x25, 0x2D, 0x22, 0x0B, 0x09, 0x1B, 0x2B, 0x01, 0x11, 0x04, 0x23, 0x22, 0x26,
    0x27, 0x2E, 0x03, 0x35, 0x10, 0x37, 0x3E, 0x03, 0x33, 0x32, 0x04, 0x17, 0x15, 0x26, 0x24, 0x23,
    0x20, 0x00, 0x11, 0x14, 0x1E, 0x02, 0x33, 0x32, 0x36, 0x37, 0x11, 0x23, 0x35, 0x03, 0x16, 0x16,
    0x33, 0x32, 0x35, 0x34, 0x27, 0x35, 0x20, 0x15, 0x14, 0x0E, 0x02, 0x23, 0x22, 0x27, 0x05, 0x91,
    0xFE, 0xED, 0xFA, 0x76, 0xC2, 0x4D, 0x67, 0x9E, 0x6C, 0x38, 0xC2, 0x35, 0x7C, 0x94, 0xB2, 0x6B,
    0x8C, 0x01, 0x08, 0x81, 0x9B, 0xFE, 0xF8, 0x70, 0xFE, 0xF8, 0xFE, 0xF6, 0x4A, 0x8F, 0xD2, 0x88,
    0x2F, 0x78, 0x4A, 0xF8, 0xFF, 0x1D, 0x35, 0x17, 0x76, 0xA1, 0x01, 0x48, 0x21, 0x3C, 0x54, 0x34,
    0x49, 0x58, 0x02, 0xBF, 0xFD, 0x66, 0x4A, 0x1C, 0x1B, 0x24, 0x85, 0xB8, 0xE8, 0x88, 0x01, 0x68,
    0xCE, 0x38, 0x51, 0x33, 0x18, 0x1F, 0x1F, 0xDA, 0x32, 0x32, 0xFE, 0xD4, 0xFE, 0xD6, 0x90, 0xDD,
    0x97, 0x4E, 0x0D, 0x0D, 0x01, 0x62, 0xB2, 0xFB, 0xF9, 0x04, 0x04, 0x42, 0x43, 0x0B, 0x58, 0xA9,
    0x24, 0x3B, 0x29, 0x17, 0x0C, 0x00, 0x00, 0x00, 0x00, 0x03, 0x00, 0x56, 0xFE, 0x5C, 0x04, 0x17,
    0x07, 0x18, 0x00, 0x0A, 0x00, 0x2C, 0x00, 0x37, 0x00, 0xBB, 0x40, 0x16, 0x32, 0x30, 0x2D, 0x03,
    0x07, 0x08, 0x0B, 0x0A, 0x00, 0x03, 0x01, 0x00, 0x27, 0x01, 0x06, 0x02, 0x26, 0x01, 0x05, 0x06,
    0x04, 0x4C, 0x4B, 0xB0, 0x15, 0x50, 0x58, 0x40, 0x28, 0x00, 0x08, 0x00, 0x07, 0x03, 0x08, 0x07,
    0x67, 0x00, 0x00, 0x00, 0x03, 0x61, 0x04, 0x01, 0x03, 0x03, 0x41, 0x4D, 0x00, 0x01, 0x01, 0x02,
    0x61, 0x00, 0x02, 0x02, 0x39, 0x4D, 0x00, 0x06, 0x06, 0x05, 0x61, 0x00, 0x05, 0x05, 0x43, 0x05,
    0x4E, 0x1B, 0x4B, 0xB0, 0x2A, 0x50, 0x58, 0x40, 0x2C, 0x00, 0x08, 0x00, 0x07, 0x03, 0x08, 0x07,
    0x67, 0x00, 0x04, 0x04, 0x3B, 0x4D, 0x00, 0x00, 0x00, 0x03, 0x61, 0x00, 0x03, 0x03, 0x41, 0x4D,
    0x00, 0x01, 0x01, 0x02, 0x61, 0x00, 0x02, 0x02, 0x39, 0x4D, 0x00, 0x06, 0x06, 0x05, 0x61, 0x00,
    0x05, 0x05, 0x43, 0x05, 0x4E, 0x1B, 0x40, 0x2C, 0x00, 0x08, 0x00, 0x07, 0x03, 0x08, 0x07, 0x67,
    0x00, 0x04, 0x04, 0x3B, 0x4D, 0x00, 0x00, 0x00, 0x03, 0x61, 0x00, 0x03, 0x03, 0x41, 0x4D, 0x00,
    0x01, 0x01, 0x02, 0x61, 0x00, 0x02, 0x02, 0x3C, 0x4D, 0x00, 0x06, 0x06, 0x05, 0x61, 0x00, 0x05,
    0x05, 0x43, 0x05, 0x4E, 0x59, 0x59, 0x40, 0x0C, 0x12, 0x19, 0x23, 0x28, 0x12, 0x28, 0x23, 0x23,
    0x22, 0x09, 0x09, 0x1F, 0x2B, 0x01, 0x26, 0x26, 0x23, 0x20, 0x11, 0x14, 0x16, 0x33, 0x32, 0x37,
    0x15, 0x06, 0x23, 0x22, 0x2E, 0x02, 0x35, 0x34, 0x3E, 0x02, 0x33, 0x32, 0x16, 0x17, 0x33, 0x11,
    0x14, 0x06, 0x07, 0x0E, 0x03, 0x23, 0x22, 0x27, 0x35, 0x16, 0x33, 0x32, 0x36, 0x35, 0x03, 0x06,
    0x06, 0x15, 0x15, 0x33, 0x15, 0x23, 0x35, 0x10, 0x37, 0x03, 0x20, 0x3E, 0x5B, 0x1F, 0xFE, 0xF6,
    0x66, 0x5B, 0x7D, 0x84, 0x89, 0xC5, 0x54, 0x8C, 0x65, 0x37, 0x46, 0x84, 0xBF, 0x78, 0x2F, 0x88,
    0x44, 0xC5, 0x0F, 0x0E, 0x13, 0x57, 0x84, 0xAE, 0x69, 0xBF, 0xC6, 0xD5, 0x9B, 0xA4, 0x9C, 0x36,
    0x33, 0x2C, 0x5F, 0xF7, 0xF7, 0x03, 0xA1, 0x0B, 0x0B, 0xFE, 0x85, 0xAD, 0xB9, 0xCD, 0xBD, 0xDA,
    0x4E, 0x8B, 0xC3, 0x75, 0x86, 0xD5, 0x95, 0x4F, 0x10, 0x08, 0xFC, 0xD2, 0x80, 0xB8, 0x3A, 0x50,
    0x7A, 0x53, 0x2B, 0x45, 0xC3, 0x54, 0x9E, 0xA6, 0x06, 0x73, 0x05, 0x59, 0x56, 0x10, 0xF6, 0xC8,
    0x01, 0x3A, 0x09, 0x00, 0x00, 0x02, 0x00, 0xA9, 0x00, 0x00, 0x05, 0x1D, 0x07, 0x8F, 0x00, 0x0B,
    0x00, 0x13, 0x00, 0x71, 0xB5, 0x11, 0x01, 0x07, 0x06, 0x01, 0x4C, 0x4B, 0xB0, 0x2A, 0x50, 0x58,
    0x40, 0x22, 0x00, 0x06, 0x07, 0x06, 0x85, 0x0A, 0x08, 0x02, 0x07, 0x00, 0x07, 0x85, 0x00, 0x01,
    0x00, 0x04, 0x03, 0x01, 0x04, 0x68, 0x02, 0x01, 0x00, 0x00, 0x38, 0x4D, 0x09, 0x05, 0x02, 0x03,
    0x03, 0x39, 0x03, 0x4E, 0x1B, 0x40, 0x22, 0x00, 0x06, 0x07, 0x06, 0x85, 0x0A, 0x08, 0x02, 0x07,
    0x00, 0x07, 0x85, 0x00, 0x01, 0x00, 0x04, 0x03, 0x01, 0x04, 0x68, 0x02, 0x01, 0x00, 0x00, 0x03,
    0x5F, 0x09, 0x05, 0x02, 0x03, 0x03, 0x3C, 0x03, 0x4E, 0x59, 0x40, 0x18, 0x0C, 0x0C, 0x00, 0x00,
    0x0C, 0x13, 0x0C, 0x13, 0x10, 0x0F, 0x0E, 0x0D, 0x00, 0x0B, 0x00, 0x0B, 0x11, 0x11, 0x11, 0x11,
    0x11, 0x0B, 0x09, 0x1B, 0x2B, 0x33, 0x11, 0x21, 0x11, 0x21, 0x11, 0x21, 0x11, 0x21, 0x11, 0x21,
    0x11, 0x03, 0x13, 0x33, 0x13, 0x23, 0x27, 0x23, 0x07, 0xA9, 0x01, 0x03, 0x02, 0x6F, 0x01, 0x02,
    0xFE, 0xFE, 0xFD, 0x91, 0x35, 0xF1, 0xF6, 0xF1, 0xA4, 0xC7, 0x02, 0xC7, 0x05, 0xC8, 0xFD, 0x9B,
    0x02, 0x65, 0xFA, 0x38, 0x02, 0xAF, 0xFD, 0x51, 0x06, 0x4E, 0x01, 0x41, 0xFE, 0xBF, 0xC7, 0xC7,
    0x00, 0x02, 0x00, 0x97, 0x00, 0x00, 0x04, 0x20, 0x07, 0xCF, 0x00, 0x11, 0x00, 0x19, 0x00, 0x78,
    0x40, 0x0B, 0x17, 0x01, 0x06, 0x05, 0x10, 0x03, 0x02, 0x02, 0x03, 0x02, 0x4C, 0x4B, 0xB0, 0x2A,
    0x50, 0x58, 0x40, 0x23, 0x00, 0x05, 0x06, 0x05, 0x85, 0x09, 0x07, 0x02, 0x06, 0x00, 0x06, 0x85,
    0x00, 0x00, 0x00, 0x3A, 0x4D, 0x00, 0x03, 0x03, 0x01, 0x61, 0x00, 0x01, 0x01, 0x41, 0x4D, 0x08,
    0x04, 0x02, 0x02, 0x02, 0x39, 0x02, 0x4E, 0x1B, 0x40, 0x23, 0x00, 0x05, 0x06, 0x05, 0x85, 0x09,
    0x07, 0x02, 0x06, 0x00, 0x06, 0x85, 0x00, 0x00, 0x00, 0x3A, 0x4D, 0x00, 0x03, 0x03, 0x01, 0x61,
    0x00, 0x01, 0x01, 0x41, 0x4D, 0x08, 0x04, 0x02, 0x02, 0x02, 0x3C, 0x02, 0x4E, 0x59, 0x40, 0x17,
    0x12, 0x12, 0x00, 0x00, 0x12, 0x19, 0x12, 0x19, 0x16, 0x15, 0x14, 0x13, 0x00, 0x11, 0x00, 0x11,
    0x24, 0x12, 0x22, 0x11, 0x0A, 0x09, 0x1A, 0x2B, 0x33, 0x11, 0x33, 0x11, 0x36, 0x33, 0x20, 0x11,
    0x11, 0x23, 0x11, 0x34, 0x27, 0x26, 0x23, 0x22, 0x07, 0x11, 0x03, 0x13, 0x33, 0x13, 0x23, 0x27,
    0x23, 0x07, 0x97, 0xF6, 0xA3, 0xCF, 0x01, 0x21, 0xF7, 0x1B, 0x19, 0x49, 0x90, 0x8F, 0xA3, 0xF1,
    0xF6, 0xF1, 0xA4, 0xC7, 0x02, 0xC7, 0x06, 0x2B, 0xFD, 0x58, 0xD9, 0xFE, 0xAE, 0xFC, 0xF6, 0x02,
    0xC5, 0x77, 0x2C, 0x2B, 0xCE, 0xFD, 0x3B, 0x06, 0x8E, 0x01, 0x41, 0xFE, 0xBF, 0xC7, 0xC7, 0x00,
    0x00, 0x02, 0x00, 0x15, 0x00, 0x00, 0x05, 0xB1, 0x05, 0xC8, 0x00, 0x03, 0x00, 0x17, 0x00, 0x68,
    0x4B, 0xB0, 0x2A, 0x50, 0x58, 0x40, 0x22, 0x07, 0x05, 0x02, 0x03, 0x08, 0x02, 0x02, 0x01, 0x00,
    0x03, 0x01, 0x67, 0x00, 0x00, 0x00, 0x0A, 0x09, 0x00, 0x0A, 0x67, 0x06, 0x01, 0x04, 0x04, 0x38,
    0x4D, 0x0C, 0x0B, 0x02, 0x09, 0x09, 0x39, 0x09, 0x4E, 0x1B, 0x40, 0x22, 0x07, 0x05, 0x02, 0x03,
    0x08, 0x02, 0x02, 0x01, 0x00, 0x03, 0x01, 0x67, 0x00, 0x00, 0x00, 0x0A, 0x09, 0x00, 0x0A, 0x67,
    0x06, 0x01, 0x04, 0x04, 0x09, 0x5F, 0x0C, 0x0B, 0x02, 0x09, 0x09, 0x3C, 0x09, 0x4E, 0x59, 0x40,
    0x16, 0x04, 0x04, 0x04, 0x17, 0x04, 0x17, 0x16, 0x15, 0x14, 0x13, 0x11, 0x11, 0x11, 0x11, 0x11,
    0x11, 0x12, 0x11, 0x10, 0x0D, 0x09, 0x1F, 0x2B, 0x01, 0x21, 0x35, 0x21, 0x01, 0x11, 0x23, 0x35,
    0x33, 0x35, 0x21, 0x15, 0x21, 0x35, 0x21, 0x15, 0x33, 0x15, 0x23, 0x11, 0x21, 0x11, 0x21, 0x11,
    0x01, 0xAC, 0x02, 0x6F, 0xFD, 0x91, 0xFE, 0xFD, 0x94, 0x94, 0x01, 0x03, 0x02, 0x6F, 0x01, 0x02,
    0x94, 0x94, 0xFE, 0xFE, 0xFD, 0x91, 0x03, 0x63, 0xED, 0xFB, 0xB0, 0x04, 0x50, 0x88, 0xF0, 0xF0,
    0xF0, 0xF0, 0x88, 0xFB, 0xB0, 0x02, 0xAF, 0xFD, 0x51, 0x00, 0x00, 0x00, 0x00, 0x01, 0x00, 0x0F,
    0x00, 0x00, 0x04, 0x20, 0x06, 0x2B, 0x00, 0x19, 0x00, 0x69, 0xB6, 0x18, 0x0B, 0x02, 0x06, 0x07,
    0x01, 0x4C, 0x4B, 0xB0, 0x2A, 0x50, 0x58, 0x40, 0x21, 0x03, 0x01, 0x01, 0x04, 0x01, 0x00, 0x05,
    0x01, 0x00, 0x67, 0x00, 0x02, 0x02, 0x3A, 0x4D, 0x00, 0x07, 0x07, 0x05, 0x61, 0x00, 0x05, 0x05,
    0x41, 0x4D, 0x09, 0x08, 0x02, 0x06, 0x06, 0x39, 0x06, 0x4E, 0x1B, 0x40, 0x21, 0x03, 0x01, 0x01,
    0x04, 0x01, 0x00, 0x05, 0x01, 0x00, 0x67, 0x00, 0x02, 0x02, 0x3A, 0x4D, 0x00, 0x07, 0x07, 0x05,
    0x61, 0x00, 0x05, 0x05, 0x41, 0x4D, 0x09, 0x08, 0x02, 0x06, 0x06, 0x3C, 0x06, 0x4E, 0x59, 0x40,
    0x11, 0x00, 0x00, 0x00, 0x19, 0x00, 0x19, 0x24, 0x12, 0x22, 0x11, 0x11, 0x11, 0x11, 0x11, 0x0A,
    0x09, 0x1E, 0x2B, 0x33, 0x11, 0x23, 0x35, 0x33, 0x35, 0x33, 0x15, 0x21, 0x15, 0x21, 0x11, 0x36,
    0x33, 0x20, 0x11, 0x11, 0x23, 0x11, 0x34, 0x27, 0x26, 0x23, 0x22, 0x07, 0x11, 0x97, 0x88, 0x88,
    0xF6, 0x01, 0x28, 0xFE, 0xD8, 0xA3, 0xCF, 0x01, 0x21, 0xF7, 0x1B, 0x19, 0x49, 0x90, 0x8F, 0x04,
    0xEA, 0x88, 0xB9, 0xB9, 0x88, 0xFE, 0x99, 0xD9, 0xFE, 0xAE, 0xFC, 0xF6, 0x02, 0xC5, 0x77, 0x2C,
    0x2B, 0xCE, 0xFD, 0x3B, 0x00, 0x02, 0x00, 0x5E, 0x00, 0x00, 0x03, 0x0A, 0x07, 0x77, 0x00, 0x0B,
    0x00, 0x23, 0x00, 0x80, 0x4B, 0xB0, 0x2A, 0x50, 0x58, 0x40, 0x2B, 0x08, 0x01, 0x06, 0x00, 0x0A,
    0x09, 0x06, 0x0A, 0x69, 0x00, 0x07, 0x0D, 0x0B, 0x02, 0x09, 0x02, 0x07, 0x09, 0x6A, 0x03, 0x01,
    0x01, 0x01, 0x02, 0x5F, 0x00, 0x02, 0x02, 0x38, 0x4D, 0x04, 0x01, 0x00, 0x00, 0x05, 0x5F, 0x0C,
    0x01, 0x05, 0x05, 0x39, 0x05, 0x4E, 0x1B, 0x40, 0x29, 0x08, 0x01, 0x06, 0x00, 0x0A, 0x09, 0x06,
    0x0A, 0x69, 0x00, 0x07, 0x0D, 0x0B, 0x02, 0x09, 0x02, 0x07, 0x09, 0x6A, 0x00, 0x02, 0x03, 0x01,
    0x01, 0x00, 0x02, 0x01, 0x67, 0x04, 0x01, 0x00, 0x00, 0x05, 0x5F, 0x0C, 0x01, 0x05, 0x05, 0x3C,
    0x05, 0x4E, 0x59, 0x40, 0x1E, 0x0C, 0x0C, 0x00, 0x00, 0x0C, 0x23, 0x0C, 0x23, 0x22, 0x20, 0x1A,
    0x18, 0x17, 0x16, 0x15, 0x13, 0x0F, 0x0D, 0x00, 0x0B, 0x00, 0x0B, 0x11, 0x11, 0x11, 0x11, 0x11,
    0x0E, 0x09, 0x1B, 0x2B, 0x33, 0x35, 0x33, 0x11, 0x23, 0x35, 0x21, 0x15, 0x23, 0x11, 0x33, 0x15,
    0x01, 0x12, 0x33, 0x32, 0x16, 0x17, 0x16, 0x16, 0x33, 0x32, 0x37, 0x33, 0x02, 0x23, 0x22, 0x27,
    0x27, 0x2E, 0x03, 0x23, 0x22, 0x07, 0x70, 0xC3, 0xC3, 0x02, 0x88, 0xC3, 0xC3, 0xFD, 0x66, 0x06,
    0xBB, 0x28, 0x40, 0x24, 0x39, 0x41, 0x16, 0x43, 0x05, 0x87, 0x04, 0xBD, 0x46, 0x3C, 0x0A, 0x20,
    0x2B, 0x1F, 0x18, 0x0D, 0x45, 0x04, 0xB7, 0x04, 0x59, 0xB8, 0xB8, 0xFB, 0xA7, 0xB7, 0x06, 0x62,
    0x01, 0x15, 0x18, 0x17, 0x24, 0x28, 0x7B, 0xFE, 0xEB, 0x29, 0x06, 0x12, 0x1C, 0x13, 0x0B, 0x7B,
    0x00, 0x02, 0xFF, 0xBC, 0x00, 0x00, 0x02, 0x68, 0x06, 0x22, 0x00, 0x03, 0x00, 0x1D, 0x00, 0x96,
    0x4B, 0xB0, 0x1F, 0x50, 0x58, 0x40, 0x23, 0x00, 0x06, 0x06, 0x02, 0x61, 0x04, 0x01, 0x02, 0x02,
    0x3A, 0x4D, 0x09, 0x07, 0x02, 0x05, 0x05, 0x03, 0x61, 0x00, 0x03, 0x03, 0x38, 0x4D, 0x00, 0x00,
    0x00, 0x3B, 0x4D, 0x08, 0x01, 0x01, 0x01, 0x39, 0x01, 0x4E, 0x1B, 0x4B, 0xB0, 0x2A, 0x50, 0x58,
    0x40, 0x21, 0x00, 0x03, 0x09, 0x07, 0x02, 0x05, 0x00, 0x03, 0x05, 0x6A, 0x00, 0x06, 0x06, 0x02,
    0x61, 0x04, 0x01, 0x02, 0x02, 0x3A, 0x4D, 0x00, 0x00, 0x00, 0x3B, 0x4D, 0x08, 0x01, 0x01, 0x01,
    0x39, 0x01, 0x4E, 0x1B, 0x40, 0x21, 0x00, 0x03, 0x09, 0x07, 0x02, 0x05, 0x00, 0x03, 0x05, 0x6A,
    0x00, 0x06, 0x06, 0x02, 0x61, 0x04, 0x01, 0x02, 0x02, 0x3A, 0x4D, 0x00, 0x00, 0x00, 0x3B, 0x4D,
    0x08, 0x01, 0x01, 0x01, 0x3C, 0x01, 0x4E, 0x59, 0x59, 0x40, 0x1A, 0x04, 0x04, 0x00, 0x00, 0x04,
    0x1D, 0x04, 0x1D, 0x1C, 0x1A, 0x12, 0x10, 0x0F, 0x0E, 0x0D, 0x0B, 0x07, 0x05, 0x00, 0x03, 0x00,
    0x03, 0x11, 0x0A, 0x09, 0x17, 0x2B, 0x33, 0x11, 0x33, 0x11, 0x01, 0x12, 0x33, 0x32, 0x16, 0x17,
    0x17, 0x16, 0x33, 0x32, 0x37, 0x33, 0x02, 0x23, 0x22, 0x27, 0x27, 0x26, 0x26, 0x27, 0x27, 0x26,
    0x26, 0x07, 0x22, 0x07, 0x97, 0xF6, 0xFE, 0x2F, 0x06, 0xBB, 0x27, 0x42, 0x23, 0x37, 0x3E, 0x1A,
    0x43, 0x05, 0x88, 0x06, 0xBB, 0x47, 0x3C, 0x0A, 0x06, 0x0C, 0x06, 0x1F, 0x1E, 0x2A, 0x10, 0x44,
    0x04, 0x04, 0x44, 0xFB, 0xBC, 0x05, 0x0D, 0x01, 0x15, 0x18, 0x17, 0x24, 0x28, 0x7B, 0xFE, 0xEB,
    0x29, 0x06, 0x04, 0x07, 0x05, 0x14, 0x14, 0x15, 0x01, 0x7B, 0x00, 0x00, 0x00, 0x02, 0x00, 0x5B,
    0x00, 0x00, 0x03, 0x0E, 0x07, 0x0C, 0x00, 0x03, 0x00, 0x0F, 0x00, 0x68, 0x4B, 0xB0, 0x2A, 0x50,
    0x58, 0x40, 0x21, 0x00, 0x00, 0x08, 0x01, 0x01, 0x04, 0x00, 0x01, 0x67, 0x05, 0x01, 0x03, 0x03,
    0x04, 0x5F, 0x00, 0x04, 0x04, 0x38, 0x4D, 0x06, 0x01, 0x02, 0x02, 0x07, 0x5F, 0x09, 0x01, 0x07,
    0x07, 0x39, 0x07, 0x4E, 0x1B, 0x40, 0x1F, 0x00, 0x00, 0x08, 0x01, 0x01, 0x04, 0x00, 0x01, 0x67,
    0x00, 0x04, 0x05, 0x01, 0x03, 0x02, 0x04, 0x03, 0x67, 0x06, 0x01, 0x02, 0x02, 0x07, 0x5F, 0x09,
    0x01, 0x07, 0x07, 0x3C, 0x07, 0x4E, 0x59, 0x40, 0x1A, 0x04, 0x04, 0x00, 0x00, 0x04, 0x0F, 0x04,
    0x0F, 0x0E, 0x0D, 0x0C, 0x0B, 0x0A, 0x09, 0x08, 0x07, 0x06, 0x05, 0x00, 0x03, 0x00, 0x03, 0x11,
    0x0A, 0x09, 0x17, 0x2B, 0x13, 0x35, 0x21, 0x15, 0x01, 0x35, 0x33, 0x11, 0x23, 0x35, 0x21, 0x15,
    0x23, 0x11, 0x33, 0x15, 0x5B, 0x02, 0xB3, 0xFD, 0x62, 0xC3, 0xC3, 0x02, 0x88, 0xC3, 0xC3, 0x06,
    0x6C, 0xA0, 0xA0, 0xF9, 0x94, 0xB7, 0x04, 0x59, 0xB8, 0xB8, 0xFB, 0xA7, 0xB7, 0x00, 0x00, 0x00,
    0x00, 0x02, 0xFF, 0xB8, 0x00, 0x00, 0x02, 0x6B, 0x05, 0xAD, 0x00, 0x03, 0x00, 0x07, 0x00, 0x6A,
    0x4B, 0xB0, 0x26, 0x50, 0x58, 0x40, 0x17, 0x05, 0x01, 0x03, 0x03, 0x02, 0x5F, 0x00, 0x02, 0x02,
    0x38, 0x4D, 0x00, 0x00, 0x00, 0x3B, 0x4D, 0x04, 0x01, 0x01, 0x01, 0x39, 0x01, 0x4E, 0x1B, 0x4B,
    0xB0, 0x2A, 0x50, 0x58, 0x40, 0x15, 0x00, 0x02, 0x05, 0x01, 0x03, 0x00, 0x02, 0x03, 0x67, 0x00,
    0x00, 0x00, 0x3B, 0x4D, 0x04, 0x01, 0x01, 0x01, 0x39, 0x01, 0x4E, 0x1B, 0x40, 0x15, 0x00, 0x02,
    0x05, 0x01, 0x03, 0x00, 0x02, 0x03, 0x67, 0x00, 0x00, 0x00, 0x3B, 0x4D, 0x04, 0x01, 0x01, 0x01,
    0x3C, 0x01, 0x4E, 0x59, 0x59, 0x40, 0x12, 0x04, 0x04, 0x00, 0x00, 0x04, 0x07, 0x04, 0x07, 0x06,
    0x05, 0x00, 0x03, 0x00, 0x03, 0x11, 0x06, 0x09, 0x17, 0x2B, 0x33, 0x11, 0x33, 0x11, 0x01, 0x35,
    0x21, 0x15, 0x97, 0xF6, 0xFE, 0x2B, 0x02, 0xB3, 0x04, 0x44, 0xFB, 0xBC, 0x05, 0x0D, 0xA0, 0xA0,
    0x00, 0x02, 0x00, 0x5D, 0x00, 0x00, 0x03, 0x0B, 0x07, 0x8F, 0x00, 0x0D, 0x00, 0x19, 0x00, 0x76,
    0x4B, 0xB0, 0x2A, 0x50, 0x58, 0x40, 0x27, 0x0A, 0x03, 0x02, 0x01, 0x00, 0x01, 0x85, 0x00, 0x00,
    0x00, 0x02, 0x06, 0x00, 0x02, 0x69, 0x07, 0x01, 0x05, 0x05, 0x06, 0x5F, 0x00, 0x06, 0x06, 0x38,
    0x4D, 0x08, 0x01, 0x04, 0x04, 0x09, 0x5F, 0x0B, 0x01, 0x09, 0x09, 0x39, 0x09, 0x4E, 0x1B, 0x40,
    0x25, 0x0A, 0x03, 0x02, 0x01, 0x00, 0x01, 0x85, 0x00, 0x00, 0x00, 0x02, 0x06, 0x00, 0x02, 0x69,
    0x00, 0x06, 0x07, 0x01, 0x05, 0x04, 0x06, 0x05, 0x68, 0x08, 0x01, 0x04, 0x04, 0x09, 0x5F, 0x0B,
    0x01, 0x09, 0x09, 0x3C, 0x09, 0x4E, 0x59, 0x40, 0x1C, 0x0E, 0x0E, 0x00, 0x00, 0x0E, 0x19, 0x0E,
    0x19, 0x18, 0x17, 0x16, 0x15, 0x14, 0x13, 0x12, 0x11, 0x10, 0x0F, 0x00, 0x0D, 0x00, 0x0D, 0x23,
    0x11, 0x21, 0x0C, 0x09, 0x19, 0x2B, 0x13, 0x16, 0x33, 0x32, 0x37, 0x33, 0x06, 0x07, 0x06, 0x23,
    0x22, 0x27, 0x26, 0x27, 0x13, 0x35, 0x33, 0x11, 0x23, 0x35, 0x21, 0x15, 0x23, 0x11, 0x33, 0x15,
    0xE4, 0x26, 0xAA, 0xAA, 0x26, 0x87, 0x0F, 0x5E, 0x5D, 0x8D, 0x8B, 0x5F, 0x5D, 0x10, 0x13, 0xC3,
    0xC3, 0x02, 0x88, 0xC3, 0xC3, 0x07, 0x8F, 0x9E, 0x9E, 0x94, 0x56, 0x57, 0x56, 0x57, 0x94, 0xF8,
    0x71, 0xB7, 0x04, 0x59, 0xB8, 0xB8, 0xFB, 0xA7, 0xB7, 0x00, 0x00, 0x00, 0x00, 0x02, 0xFF, 0xBA,
    0x00, 0x00, 0x02, 0x69, 0x06, 0x44, 0x00, 0x03, 0x00, 0x11, 0x00, 0xA4, 0x4B, 0xB0, 0x1F, 0x50,
    0x58, 0x40, 0x1D, 0x07, 0x05, 0x02, 0x03, 0x03, 0x3A, 0x4D, 0x00, 0x04, 0x04, 0x02, 0x61, 0x00,
    0x02, 0x02, 0x38, 0x4D, 0x00, 0x00, 0x00, 0x3B, 0x4D, 0x06, 0x01, 0x01, 0x01, 0x39, 0x01, 0x4E,
    0x1B, 0x4B, 0xB0, 0x28, 0x50, 0x58, 0x40, 0x1B, 0x00, 0x02, 0x00, 0x04, 0x00, 0x02, 0x04, 0x69,
    0x07, 0x05, 0x02, 0x03, 0x03, 0x3A, 0x4D, 0x00, 0x00, 0x00, 0x3B, 0x4D, 0x06, 0x01, 0x01, 0x01,
    0x39, 0x01, 0x4E, 0x1B, 0x4B, 0xB0, 0x2A, 0x50, 0x58, 0x40, 0x1B, 0x07, 0x05, 0x02, 0x03, 0x02,
    0x03, 0x85, 0x00, 0x02, 0x00, 0x04, 0x00, 0x02, 0x04, 0x69, 0x00, 0x00, 0x00, 0x3B, 0x4D, 0x06,
    0x01, 0x01, 0x01, 0x39, 0x01, 0x4E, 0x1B, 0x40, 0x1B, 0x07, 0x05, 0x02, 0x03, 0x02, 0x03, 0x85,
    0x00, 0x02, 0x00, 0x04, 0x00, 0x02, 0x04, 0x69, 0x00, 0x00, 0x00, 0x3B, 0x4D, 0x06, 0x01, 0x01,
    0x01, 0x3C, 0x01, 0x4E, 0x59, 0x59, 0x59, 0x40, 0x16, 0x04, 0x04, 0x00, 0x00, 0x04, 0x11, 0x04,
    0x11, 0x0E, 0x0C, 0x09, 0x08, 0x07, 0x05, 0x00, 0x03, 0x00, 0x03, 0x11, 0x08, 0x09, 0x17, 0x2B,
    0x33, 0x11, 0x33, 0x11, 0x01, 0x16, 0x33, 0x32, 0x37, 0x33, 0x06, 0x07, 0x06, 0x23, 0x22, 0x27,
    0x26, 0x27, 0x97, 0xF6, 0xFE, 0xB5, 0x24, 0xAC, 0xAB, 0x24, 0x88, 0x11, 0x5C, 0x5F, 0x8B, 0x8C,
    0x5E, 0x5E, 0x10, 0x04, 0x44, 0xFB, 0xBC, 0x06, 0x44, 0x9E, 0x9E, 0x94, 0x56, 0x57, 0x56, 0x58,
    0x93, 0x00, 0x00, 0x00, 0x00, 0x01, 0x00, 0x70, 0xFE, 0x8E, 0x02, 0xF8, 0x05, 0xC8, 0x00, 0x19,
    0x00, 0x95, 0x40, 0x0A, 0x12, 0x01, 0x06, 0x05, 0x13, 0x01, 0x07, 0x06, 0x02, 0x4C, 0x4B, 0xB0,
    0x28, 0x50, 0x58, 0x40, 0x23, 0x03, 0x01, 0x01, 0x01, 0x02, 0x5F, 0x00, 0x02, 0x02, 0x38, 0x4D,
    0x04, 0x01, 0x00, 0x00, 0x05, 0x5F, 0x09, 0x08, 0x02, 0x05, 0x05, 0x39, 0x4D, 0x00, 0x06, 0x06,
    0x07, 0x61, 0x00, 0x07, 0x07, 0x3D, 0x07, 0x4E, 0x1B, 0x4B, 0xB0, 0x2A, 0x50, 0x58, 0x40, 0x20,
    0x00, 0x06, 0x00, 0x07, 0x06, 0x07, 0x65, 0x03, 0x01, 0x01, 0x01, 0x02, 0x5F, 0x00, 0x02, 0x02,
    0x38, 0x4D, 0x04, 0x01, 0x00, 0x00, 0x05, 0x5F, 0x09, 0x08, 0x02, 0x05, 0x05, 0x39, 0x05, 0x4E,
    0x1B, 0x40, 0x1E, 0x00, 0x02, 0x03, 0x01, 0x01, 0x00, 0x02, 0x01, 0x67, 0x00, 0x06, 0x00, 0x07,
    0x06, 0x07, 0x65, 0x04, 0x01, 0x00, 0x00, 0x05, 0x5F, 0x09, 0x08, 0x02, 0x05, 0x05, 0x3C, 0x05,
    0x4E, 0x59, 0x59, 0x40, 0x11, 0x00, 0x00, 0x00, 0x19, 0x00, 0x19, 0x23, 0x23, 0x11, 0x11, 0x11,
    0x11, 0x11, 0x11, 0x0A, 0x09, 0x1E, 0x2B, 0x33, 0x35, 0x33, 0x11, 0x23, 0x35, 0x21, 0x15, 0x23,
    0x11, 0x33, 0x15, 0x23, 0x06, 0x15, 0x14, 0x33, 0x32, 0x37, 0x15, 0x06, 0x23, 0x22, 0x35, 0x34,
    0x37, 0x70, 0xC3, 0xC3, 0x02, 0x88, 0xC3, 0xC3, 0xCD, 0x9D, 0x8A, 0x47, 0x2A, 0x4B, 0x5D, 0xFA,
    0xC0, 0xB7, 0x04, 0x59, 0xB8, 0xB8, 0xFB, 0xA7, 0xB7, 0x52, 0x62, 0x5F, 0x0F, 0x51, 0x1D, 0x9F,
    0x79, 0x5A, 0x00, 0x00, 0x00, 0x02, 0x00, 0x49, 0xFE, 0x8E, 0x01, 0xEB, 0x06, 0x03, 0x00, 0x10,
    0x00, 0x14, 0x00, 0xB3, 0x40, 0x0F, 0x06, 0x01, 0x00, 0x02, 0x07, 0x01, 0x01, 0x00, 0x02, 0x4C,
    0x00, 0x01, 0x02, 0x01, 0x4B, 0x4B, 0xB0, 0x19, 0x50, 0x58, 0x40, 0x20, 0x06, 0x01, 0x05, 0x05,
    0x04, 0x5F, 0x00, 0x04, 0x04, 0x3A, 0x4D, 0x00, 0x03, 0x03, 0x3B, 0x4D, 0x00, 0x02, 0x02, 0x39,
    0x4D, 0x00, 0x00, 0x00, 0x01, 0x61, 0x00, 0x01, 0x01, 0x3D, 0x01, 0x4E, 0x1B, 0x4B, 0xB0, 0x28,
    0x50, 0x58, 0x40, 0x1E, 0x00, 0x04, 0x06, 0x01, 0x05, 0x03, 0x04, 0x05, 0x67, 0x00, 0x03, 0x03,
    0x3B, 0x4D, 0x00, 0x02, 0x02, 0x39, 0x4D, 0x00, 0x00, 0x00, 0x01, 0x61, 0x00, 0x01, 0x01, 0x3D,
    0x01, 0x4E, 0x1B, 0x4B, 0xB0, 0x2A, 0x50, 0x58, 0x40, 0x1B, 0x00, 0x04, 0x06, 0x01, 0x05, 0x03,
    0x04, 0x05, 0x67, 0x00, 0x00, 0x00, 0x01, 0x00, 0x01, 0x65, 0x00, 0x03, 0x03, 0x3B, 0x4D, 0x00,
    0x02, 0x02, 0x39, 0x02, 0x4E, 0x1B, 0x40, 0x1B, 0x00, 0x04, 0x06, 0x01, 0x05, 0x03, 0x04, 0x05,
    0x67, 0x00, 0x00, 0x00, 0x01, 0x00, 0x01, 0x65, 0x00, 0x03, 0x03, 0x3B, 0x4D, 0x00, 0x02, 0x02,
    0x3C, 0x02, 0x4E, 0x59, 0x59, 0x59, 0x40, 0x0E, 0x11, 0x11, 0x11, 0x14, 0x11, 0x14, 0x12, 0x11,
    0x13, 0x23, 0x23, 0x07, 0x09, 0x1B, 0x2B, 0x21, 0x06, 0x15, 0x14, 0x33, 0x32, 0x37, 0x15, 0x06,
    0x23, 0x22, 0x35, 0x34, 0x37, 0x23, 0x11, 0x33, 0x25, 0x35, 0x21, 0x15, 0x01, 0x8D, 0x9D, 0x8A,
    0x47, 0x2A, 0x4B, 0x5D, 0xFA, 0xC0, 0x72, 0xF6, 0xFF, 0x00, 0x01, 0x0A, 0x52, 0x62, 0x5F, 0x0F,
    0x51, 0x1D, 0x9F, 0x79, 0x5A, 0x04, 0x44, 0xC4, 0xFB, 0xFB, 0x00, 0x00, 0x00, 0x02, 0x00, 0x70,
    0x00, 0x00, 0x02, 0xF8, 0x07, 0x5F, 0x00, 0x03, 0x00, 0x0F, 0x00, 0x68, 0x4B, 0xB0, 0x2A, 0x50,
    0x58, 0x40, 0x21, 0x00, 0x00, 0x08, 0x01, 0x01, 0x04, 0x00, 0x01, 0x67, 0x05, 0x01, 0x03, 0x03,
    0x04, 0x5F, 0x00, 0x04, 0x04, 0x38, 0x4D, 0x06, 0x01, 0x02, 0x02, 0x07, 0x5F, 0x09, 0x01, 0x07,
    0x07, 0x39, 0x07, 0x4E, 0x1B, 0x40, 0x1F, 0x00, 0x00, 0x08, 0x01, 0x01, 0x04, 0x00, 0x01, 0x67,
    0x00, 0x04, 0x05, 0x01, 0x03, 0x02, 0x04, 0x03, 0x67, 0x06, 0x01, 0x02, 0x02, 0x07, 0x5F, 0x09,
    0x01, 0x07, 0x07, 0x3C, 0x07, 0x4E, 0x59, 0x40, 0x1A, 0x04, 0x04, 0x00, 0x00, 0x04, 0x0F, 0x04,
    0x0F, 0x0E, 0x0D, 0x0C, 0x0B, 0x0A, 0x09, 0x08, 0x07, 0x06, 0x05, 0x00, 0x03, 0x00, 0x03, 0x11,
    0x0A, 0x09, 0x17, 0x2B, 0x01, 0x35, 0x33, 0x15, 0x01, 0x35, 0x33, 0x11, 0x23, 0x35, 0x21, 0x15,
    0x23, 0x11, 0x33, 0x15, 0x01, 0x36, 0xFC, 0xFE, 0x3E, 0xC3, 0xC3, 0x02, 0x88, 0xC3, 0xC3, 0x06,
    0x6C, 0xF3, 0xF3, 0xF9, 0x94, 0xB7, 0x04, 0x59, 0xB8, 0xB8, 0xFB, 0xA7, 0xB7, 0x00, 0x00, 0x00,
    0x00, 0x01, 0x00, 0x97, 0x00, 0x00, 0x01, 0x8D, 0x04, 0x44, 0x00, 0x03, 0x00, 0x30, 0x4B, 0xB0,
    0x2A, 0x50, 0x58, 0x40, 0x0C, 0x00, 0x00, 0x00, 0x3B, 0x4D, 0x02, 0x01, 0x01, 0x01, 0x39, 0x01,
    0x4E, 0x1B, 0x40, 0x0C, 0x00, 0x00, 0x00, 0x3B, 0x4D, 0x02, 0x01, 0x01, 0x01, 0x3C, 0x01, 0x4E,
    0x59, 0x40, 0x0A, 0x00, 0x00, 0x00, 0x03, 0x00, 0x03, 0x11, 0x03, 0x09, 0x17, 0x2B, 0x33, 0x11,
    0x33, 0x11, 0x97, 0xF6, 0x04, 0x44, 0xFB, 0xBC, 0x00, 0x02, 0x00, 0x70, 0xFE, 0xD8, 0x05, 0xE7,
    0x05, 0xC8, 0x00, 0x0B, 0x00, 0x20, 0x00, 0x70, 0x40, 0x0A, 0x0C, 0x01, 0x06, 0x05, 0x20, 0x01,
    0x09, 0x06, 0x02, 0x4C, 0x4B, 0xB0, 0x2A, 0x50, 0x58, 0x40, 0x21, 0x00, 0x06, 0x00, 0x09, 0x06,
    0x09, 0x65, 0x07, 0x03, 0x02, 0x01, 0x01, 0x02, 0x5F, 0x08, 0x01, 0x02, 0x02, 0x38, 0x4D, 0x04,
    0x01, 0x00, 0x00, 0x05, 0x5F, 0x0A, 0x01, 0x05, 0x05, 0x39, 0x05, 0x4E, 0x1B, 0x40, 0x1F, 0x08,
    0x01, 0x02, 0x07, 0x03, 0x02, 0x01, 0x00, 0x02, 0x01, 0x67, 0x00, 0x06, 0x00, 0x09, 0x06, 0x09,
    0x65, 0x04, 0x01, 0x00, 0x00, 0x05, 0x5F, 0x0A, 0x01, 0x05, 0x05, 0x3C, 0x05, 0x4E, 0x59, 0x40,
    0x16, 0x00, 0x00, 0x1F, 0x1D, 0x18, 0x17, 0x16, 0x15, 0x10, 0x0E, 0x00, 0x0B, 0x00, 0x0B, 0x11,
    0x11, 0x11, 0x11, 0x11, 0x0B, 0x09, 0x1B, 0x2B, 0x33, 0x35, 0x33, 0x11, 0x23, 0x35, 0x21, 0x15,
    0x23, 0x11, 0x33, 0x15, 0x17, 0x16, 0x16, 0x33, 0x32, 0x3E, 0x02, 0x35, 0x11, 0x23, 0x35, 0x21,
    0x11, 0x14, 0x0E, 0x02, 0x23, 0x22, 0x27, 0x70, 0xC3, 0xC3, 0x02, 0x88, 0xC3, 0xC3, 0x06, 0x4B,
    0x79, 0x2F, 0x45, 0x5E, 0x38, 0x18, 0xD7, 0x01, 0xDA, 0x41, 0x7B, 0xB3, 0x73, 0x79, 0x8E, 0xB7,
    0x04, 0x59, 0xB8, 0xB8, 0xFB, 0xA7, 0xB7, 0x32, 0x1A, 0x1D, 0x1A, 0x42, 0x6F, 0x54, 0x04, 0x5B,
    0xB7, 0xFB, 0x02, 0x80, 0xBB, 0x7B, 0x3C, 0x30, 0x00, 0x04, 0x00, 0x97, 0xFE, 0x5D, 0x03, 0x90,
    0x05, 0xF9, 0x00, 0x03, 0x00, 0x07, 0x00, 0x15, 0x00, 0x19, 0x01, 0x08, 0x40, 0x0A, 0x08, 0x01,
    0x04, 0x01, 0x15, 0x01, 0x06, 0x04, 0x02, 0x4C, 0x4B, 0xB0, 0x0C, 0x50, 0x58, 0x40, 0x25, 0x0B,
    0x08, 0x0A, 0x03, 0x03, 0x03, 0x02, 0x5F, 0x07, 0x01, 0x02, 0x02, 0x38, 0x4D, 0x05, 0x01, 0x00,
    0x00, 0x3B, 0x4D, 0x09, 0x01, 0x01, 0x01, 0x39, 0x4D, 0x00, 0x04, 0x04, 0x06, 0x62, 0x00, 0x06,
    0x06, 0x43, 0x06, 0x4E, 0x1B, 0x4B, 0xB0, 0x0E, 0x50, 0x58, 0x40, 0x23, 0x07, 0x01, 0x02, 0x0B,
    0x08, 0x0A, 0x03, 0x03, 0x00, 0x02, 0x03, 0x67, 0x05, 0x01, 0x00, 0x00, 0x3B, 0x4D, 0x09, 0x01,
    0x01, 0x01, 0x39, 0x4D, 0x00, 0x04, 0x04, 0x06, 0x62, 0x00, 0x06, 0x06, 0x43, 0x06, 0x4E, 0x1B,
    0x4B, 0xB0, 0x15, 0x50, 0x58, 0x40, 0x25, 0x0B, 0x08, 0x0A, 0x03, 0x03, 0x03, 0x02, 0x5F, 0x07,
    0x01, 0x02, 0x02, 0x38, 0x4D, 0x05, 0x01, 0x00, 0x00, 0x3B, 0x4D, 0x09, 0x01, 0x01, 0x01, 0x39,
    0x4D, 0x00, 0x04, 0x04, 0x06, 0x62, 0x00, 0x06, 0x06, 0x43, 0x06, 0x4E, 0x1B, 0x4B, 0xB0, 0x2A,
    0x50, 0x58, 0x40, 0x23, 0x07, 0x01, 0x02, 0x0B, 0x08, 0x0A, 0x03, 0x03, 0x00, 0x02, 0x03, 0x67,
    0x05, 0x01, 0x00, 0x00, 0x3B, 0x4D, 0x09, 0x01, 0x01, 0x01, 0x39, 0x4D, 0x00, 0x04, 0x04, 0x06,
    0x62, 0x00, 0x06, 0x06, 0x43, 0x06, 0x4E, 0x1B, 0x40, 0x23, 0x07, 0x01, 0x02, 0x0B, 0x08, 0x0A,
    0x03, 0x03, 0x00, 0x02, 0x03, 0x67, 0x05, 0x01, 0x00, 0x00, 0x3B, 0x4D, 0x09, 0x01, 0x01, 0x01,
    0x3C, 0x4D, 0x00, 0x04, 0x04, 0x06, 0x62, 0x00, 0x06, 0x06, 0x43, 0x06, 0x4E, 0x59, 0x59, 0x59,
    0x59, 0x40, 0x20, 0x16, 0x16, 0x04, 0x04, 0x00, 0x00, 0x16, 0x19, 0x16, 0x19, 0x18, 0x17, 0x14,
    0x12, 0x10, 0x0F, 0x0B, 0x09, 0x04, 0x07, 0x04, 0x07, 0x06, 0x05, 0x00, 0x03, 0x00, 0x03, 0x11,
    0x0C, 0x09, 0x17, 0x2B, 0x33, 0x11, 0x33, 0x11, 0x03, 0x35, 0x33, 0x15, 0x03, 0x16, 0x33, 0x32,
    0x37, 0x36, 0x35, 0x11, 0x33, 0x11, 0x10, 0x21, 0x22, 0x27, 0x01, 0x35, 0x33, 0x15, 0x97, 0xF6,
    0xF6, 0xF6, 0x09, 0x4F, 0x3D, 0x51, 0x1C, 0x1C, 0xF7, 0xFE, 0x9E, 0x5A, 0x50, 0x01, 0x15, 0xF7,
    0x04, 0x44, 0xFB, 0xBC, 0x05, 0x0A, 0xEF, 0xEF, 0xFA, 0x1D, 0x24, 0x34, 0x32, 0x97, 0x04, 0x44,
    0xFB, 0xC5, 0xFE, 0x54, 0x1F, 0x06, 0x8E, 0xEF, 0xEF, 0x00, 0x00, 0x00, 0x00, 0x02, 0x00, 0x18,
    0xFE, 0xD8, 0x04, 0x00, 0x07, 0x8F, 0x00, 0x11, 0x00, 0x1D, 0x00, 0x6F, 0x40, 0x0E, 0x19, 0x01,
    0x05, 0x04, 0x00, 0x01, 0x00, 0x01, 0x11, 0x01, 0x03, 0x00, 0x03, 0x4C, 0x4B, 0xB0, 0x2A, 0x50,
    0x58, 0x40, 0x1E, 0x00, 0x04, 0x05, 0x04, 0x85, 0x07, 0x06, 0x02, 0x05, 0x02, 0x05, 0x85, 0x00,
    0x00, 0x00, 0x03, 0x00, 0x03, 0x65, 0x00, 0x01, 0x01, 0x02, 0x5F, 0x00, 0x02, 0x02, 0x38, 0x01,
    0x4E, 0x1B, 0x40, 0x24, 0x00, 0x04, 0x05, 0x04, 0x85, 0x07, 0x06, 0x02, 0x05, 0x02, 0x05, 0x85,
    0x00, 0x02, 0x00, 0x01, 0x00, 0x02, 0x01, 0x68, 0x00, 0x00, 0x03, 0x03, 0x00, 0x59, 0x00, 0x00,
    0x00, 0x03, 0x61, 0x00, 0x03, 0x00, 0x03, 0x51, 0x59, 0x40, 0x0F, 0x12, 0x12, 0x12, 0x1D, 0x12,
    0x1D, 0x11, 0x13, 0x23, 0x11, 0x15, 0x21, 0x08, 0x09, 0x1C, 0x2B, 0x17, 0x16, 0x33, 0x32, 0x3E,
    0x02, 0x35, 0x11, 0x23, 0x35, 0x21, 0x11, 0x14, 0x04, 0x21, 0x22, 0x27, 0x01, 0x13, 0x33, 0x13,
    0x23, 0x26, 0x26, 0x27, 0x23, 0x06, 0x06, 0x07, 0x18, 0xB1, 0x9E, 0x4E, 0x67, 0x3C, 0x19, 0xF5,
    0x01, 0xF8, 0xFF, 0x00, 0xFE, 0xF6, 0xAA, 0xA8, 0x01, 0x11, 0xF1, 0xF5, 0xF1, 0xA3, 0x33, 0x62,
    0x32, 0x03, 0x32, 0x62, 0x33, 0x29, 0x42, 0x1B, 0x43, 0x6F, 0x54, 0x04, 0x5B, 0xB7, 0xFB, 0x02,
    0xFE, 0xF4, 0x36, 0x07, 0x40, 0x01, 0x41, 0xFE, 0xBF, 0x32, 0x63, 0x32, 0x32, 0x63, 0x32, 0x00,
    0x00, 0x02, 0xFF, 0x8E, 0xFE, 0x5D, 0x02, 0x7C, 0x06, 0x44, 0x00, 0x0D, 0x00, 0x15, 0x00, 0x67,
    0x40, 0x0E, 0x13, 0x01, 0x04, 0x03, 0x00, 0x01, 0x00, 0x01, 0x0D, 0x01, 0x02, 0x00, 0x03, 0x4C,
    0x4B, 0xB0, 0x28, 0x50, 0x58, 0x40, 0x1F, 0x06, 0x05, 0x02, 0x04, 0x03, 0x01, 0x03, 0x04, 0x01,
    0x80, 0x00, 0x03, 0x03, 0x3A, 0x4D, 0x00, 0x01, 0x01, 0x3B, 0x4D, 0x00, 0x00, 0x00, 0x02, 0x62,
    0x00, 0x02, 0x02, 0x43, 0x02, 0x4E, 0x1B, 0x40, 0x1C, 0x00, 0x03, 0x04, 0x03, 0x85, 0x06, 0x05,
    0x02, 0x04, 0x01, 0x04, 0x85, 0x00, 0x01, 0x01, 0x3B, 0x4D, 0x00, 0x00, 0x00, 0x02, 0x62, 0x00,
    0x02, 0x02, 0x43, 0x02, 0x4E, 0x59, 0x40, 0x0E, 0x0E, 0x0E, 0x0E, 0x15, 0x0E, 0x15, 0x11, 0x13,
    0x22, 0x14, 0x21, 0x07, 0x09, 0x1B, 0x2B, 0x07, 0x16, 0x33, 0x32, 0x37, 0x36, 0x35, 0x11, 0x33,
    0x11, 0x10, 0x21, 0x22, 0x27, 0x13, 0x13, 0x33, 0x13, 0x23, 0x27, 0x23, 0x07, 0x72, 0x4E, 0x3E,
    0x51, 0x1C, 0x1C, 0xF7, 0xFE, 0x9D, 0x5B, 0x4E, 0x17, 0xF1, 0xF6, 0xF0, 0xA3, 0xC7, 0x02, 0xC7,
    0xD9, 0x24, 0x34, 0x32, 0x97, 0x04, 0x44, 0xFB, 0xC5, 0xFE, 0x54, 0x1F, 0x06, 0x87, 0x01, 0x41,
    0xFE, 0xBF, 0xC7, 0xC7, 0x00, 0x02, 0x00, 0xB6, 0xFE, 0x50, 0x05, 0x6E, 0x05, 0xC8, 0x00, 0x0C,
    0x00, 0x1E, 0x00, 0x74, 0x40, 0x10, 0x0B, 0x06, 0x03, 0x03, 0x02, 0x00, 0x0D, 0x01, 0x04, 0x05,
    0x1E, 0x01, 0x07, 0x04, 0x03, 0x4C, 0x4B, 0xB0, 0x2A, 0x50, 0x58, 0x40, 0x20, 0x00, 0x06, 0x00,
    0x05, 0x04, 0x06, 0x05, 0x69, 0x01, 0x01, 0x00, 0x00, 0x38, 0x4D, 0x08, 0x03, 0x02, 0x02, 0x02,
    0x39, 0x4D, 0x00, 0x04, 0x04, 0x07, 0x61, 0x00, 0x07, 0x07, 0x43, 0x07, 0x4E, 0x1B, 0x40, 0x20,
    0x00, 0x06, 0x00, 0x05, 0x04, 0x06, 0x05, 0x69, 0x01, 0x01, 0x00, 0x00, 0x02, 0x5F, 0x08, 0x03,
    0x02, 0x02, 0x02, 0x3C, 0x4D, 0x00, 0x04, 0x04, 0x07, 0x61, 0x00, 0x07, 0x07, 0x43, 0x07, 0x4E,
    0x59, 0x40, 0x14, 0x00, 0x00, 0x1D, 0x1B, 0x16, 0x15, 0x14, 0x13, 0x11, 0x0F, 0x00, 0x0C, 0x00,
    0x0C, 0x12, 0x12, 0x11, 0x09, 0x09, 0x19, 0x2B, 0x33, 0x11, 0x33, 0x11, 0x01, 0x33, 0x01, 0x01,
    0x21, 0x26, 0x00, 0x27, 0x11, 0x13, 0x16, 0x16, 0x33, 0x32, 0x35, 0x34, 0x27, 0x35, 0x20, 0x15,
    0x14, 0x0E, 0x02, 0x23, 0x22, 0x27, 0xB6, 0xF6, 0x02, 0x68, 0xE9, 0xFD, 0xBD, 0x02, 0xB4, 0xFE,
    0xBB, 0xA0, 0xFE, 0xC3, 0xA0, 0x4A, 0x1D, 0x35, 0x17, 0x76, 0xA1, 0x01, 0x48, 0x21, 0x3C, 0x54,
    0x34, 0x49, 0x58, 0x05, 0xC8, 0xFD, 0x2D, 0x02, 0xD3, 0xFD, 0x53, 0xFC, 0xE5, 0xBA, 0x01, 0x6F,
    0xBA, 0xFD, 0x1D, 0xFE, 0xB8, 0x04, 0x04, 0x42, 0x43, 0x0B, 0x58, 0xA9, 0x24, 0x3B, 0x29, 0x17,
    0x0C, 0x00, 0x00, 0x00, 0x00, 0x02, 0x00, 0x97, 0xFE, 0x50, 0x04, 0x2C, 0x06, 0x2B, 0x00, 0x12,
    0x00, 0x24, 0x00, 0x7C, 0x40, 0x10, 0x11, 0x09, 0x03, 0x03, 0x02, 0x01, 0x13, 0x01, 0x04, 0x05,
    0x24, 0x01, 0x07, 0x04, 0x03, 0x4C, 0x4B, 0xB0, 0x2A, 0x50, 0x58, 0x40, 0x24, 0x00, 0x06, 0x00,
    0x05, 0x04, 0x06, 0x05, 0x69, 0x00, 0x00, 0x00, 0x3A, 0x4D, 0x00, 0x01, 0x01, 0x3B, 0x4D, 0x08,
    0x03, 0x02, 0x02, 0x02, 0x39, 0x4D, 0x00, 0x04, 0x04, 0x07, 0x61, 0x00, 0x07, 0x07, 0x43, 0x07,
    0x4E, 0x1B, 0x40, 0x24, 0x00, 0x06, 0x00, 0x05, 0x04, 0x06, 0x05, 0x69, 0x00, 0x00, 0x00, 0x3A,
    0x4D, 0x00, 0x01, 0x01, 0x3B, 0x4D, 0x08, 0x03, 0x02, 0x02, 0x02, 0x3C, 0x4D, 0x00, 0x04, 0x04,
    0x07, 0x61, 0x00, 0x07, 0x07, 0x43, 0x07, 0x4E, 0x59, 0x40, 0x14, 0x00, 0x00, 0x23, 0x21, 0x1C,
    0x1B, 0x1A, 0x19, 0x17, 0x15, 0x00, 0x12, 0x00, 0x12, 0x14, 0x13, 0x11, 0x09, 0x09, 0x19, 0x2B,
    0x33, 0x11, 0x33, 0x11, 0x37, 0x01, 0x33, 0x06, 0x06, 0x07, 0x01, 0x21, 0x26, 0x26, 0x27, 0x26,
    0x26, 0x27, 0x11, 0x13, 0x16, 0x16, 0x33, 0x32, 0x35, 0x34, 0x27, 0x35, 0x20, 0x15, 0x14, 0x0E,
    0x02, 0x23, 0x22, 0x27, 0x97, 0xF6, 0x37, 0x01, 0x35, 0xD9, 0x55, 0xA4, 0x55, 0x01, 0xA8, 0xFE,
    0xEA, 0x54, 0xA4, 0x53, 0x10, 0x1F, 0x0F, 0x13, 0x1D, 0x34, 0x17, 0x77, 0xA2, 0x01, 0x48, 0x21,
    0x3C, 0x55, 0x33, 0x48, 0x58, 0x06, 0x2B, 0xFC, 0x11, 0x42, 0x01, 0xC6, 0x7D, 0xF5, 0x7D, 0xFD,
    0xAB, 0x79, 0xF1, 0x79, 0x11, 0x23, 0x12, 0xFD, 0xD7, 0xFE, 0xB8, 0x04, 0x04, 0x42, 0x43, 0x0B,
    0x58, 0xA9, 0x25, 0x3B, 0x29, 0x16, 0x0C, 0x00, 0x00, 0x01, 0x00, 0x97, 0x00, 0x00, 0x04, 0x2C,
    0x04, 0x44, 0x00, 0x12, 0x00, 0x3F, 0xB7, 0x11, 0x09, 0x03, 0x03, 0x02, 0x00, 0x01, 0x4C, 0x4B,
    0xB0, 0x2A, 0x50, 0x58, 0x40, 0x0E, 0x01, 0x01, 0x00, 0x00, 0x3B, 0x4D, 0x04, 0x03, 0x02, 0x02,
    0x02, 0x39, 0x02, 0x4E, 0x1B, 0x40, 0x0E, 0x01, 0x01, 0x00, 0x00, 0x3B, 0x4D, 0x04, 0x03, 0x02,
    0x02, 0x02, 0x3C, 0x02, 0x4E, 0x59, 0x40, 0x0C, 0x00, 0x00, 0x00, 0x12, 0x00, 0x12, 0x12, 0x15,
    0x11, 0x05, 0x09, 0x19, 0x2B, 0x33, 0x11, 0x33, 0x11, 0x37, 0x36, 0x36, 0x37, 0x33, 0x01, 0x01,
    0x21, 0x26, 0x26, 0x27, 0x26, 0x26, 0x27, 0x11, 0x97, 0xF6, 0x3A, 0x4F, 0x9E, 0x4F, 0xD9, 0xFE,
    0xA8, 0x01, 0xA8, 0xFE, 0xEA, 0x54, 0xA4, 0x53, 0x10, 0x1F, 0x0F, 0x04, 0x44, 0xFD, 0xF8, 0x42,
    0x73, 0xE0, 0x73, 0xFE, 0x11, 0xFD, 0xAB, 0x79, 0xF1, 0x79, 0x11, 0x23, 0x12, 0xFD, 0xD7, 0x00,
    0x00, 0x02, 0x00, 0xA9, 0x00, 0x00, 0x04, 0x8F, 0x07, 0x8F, 0x00, 0x05, 0x00, 0x09, 0x00, 0x59,
    0x4B, 0xB0, 0x2A, 0x50, 0x58, 0x40, 0x1C, 0x00, 0x03, 0x04, 0x03, 0x85, 0x06, 0x01, 0x04, 0x00,
    0x04, 0x85, 0x00, 0x00, 0x00, 0x38, 0x4D, 0x00, 0x01, 0x01, 0x02, 0x60, 0x05, 0x01, 0x02, 0x02,
    0x39, 0x02, 0x4E, 0x1B, 0x40, 0x1C, 0x00, 0x03, 0x04, 0x03, 0x85, 0x06, 0x01, 0x04, 0x00, 0x04,
    0x85, 0x00, 0x00, 0x01, 0x00, 0x85, 0x00, 0x01, 0x01, 0x02, 0x60, 0x05, 0x01, 0x02, 0x02, 0x3C,
    0x02, 0x4E, 0x59, 0x40, 0x13, 0x06, 0x06, 0x00, 0x00, 0x06, 0x09, 0x06, 0x09, 0x08, 0x07, 0x00,
    0x05, 0x00, 0x05, 0x11, 0x11, 0x07, 0x09, 0x18, 0x2B, 0x33, 0x11, 0x21, 0x11, 0x21, 0x15, 0x01,
    0x13, 0x33, 0x01, 0xA9, 0x01, 0x03, 0x02, 0xE3, 0xFC, 0x55, 0xF1, 0xFF, 0xFE, 0xBF, 0x05, 0xC8,
    0xFA, 0xEF, 0xB7, 0x06, 0x4E, 0x01, 0x41, 0xFE, 0xBF, 0x00, 0x00, 0x00, 0x00, 0x02, 0x00, 0x58,
    0xFF, 0xE7, 0x02, 0x43, 0x07, 0xCF, 0x00, 0x0C, 0x00, 0x10, 0x00, 0x31, 0x40, 0x2E, 0x05, 0x01,
    0x01, 0x00, 0x01, 0x4C, 0x00, 0x03, 0x04, 0x03, 0x85, 0x05, 0x01, 0x04, 0x02, 0x04, 0x85, 0x00,
    0x02, 0x02, 0x3A, 0x4D, 0x00, 0x00, 0x00, 0x01, 0x62, 0x00, 0x01, 0x01, 0x42, 0x01, 0x4E, 0x0D,
    0x0D, 0x0D, 0x10, 0x0D, 0x10, 0x12, 0x13, 0x23, 0x12, 0x06, 0x09, 0x1A, 0x2B, 0x01, 0x14, 0x16,
    0x33, 0x33, 0x15, 0x06, 0x23, 0x22, 0x26, 0x35, 0x11, 0x33, 0x25, 0x13, 0x33, 0x01, 0x01, 0x87,
    0x47, 0x52, 0x0D, 0x2C, 0x3A, 0x93, 0xA4, 0xF7, 0xFE, 0xD1, 0xF1, 0xFA, 0xFE, 0xBF, 0x01, 0x63,
    0x84, 0x47, 0xA1, 0x10, 0xAE, 0xA8, 0x04, 0xEE, 0x63, 0x01, 0x41, 0xFE, 0xBF, 0x00, 0x00, 0x00,
    0x00, 0x02, 0x00, 0xA9, 0xFE, 0x50, 0x04, 0x8F, 0x05, 0xC8, 0x00, 0x05, 0x00, 0x17, 0x00, 0x73,
    0x40, 0x0A, 0x06, 0x01, 0x03, 0x04, 0x17, 0x01, 0x06, 0x03, 0x02, 0x4C, 0x4B, 0xB0, 0x2A, 0x50,
    0x58, 0x40, 0x23, 0x00, 0x05, 0x00, 0x04, 0x03, 0x05, 0x04, 0x69, 0x00, 0x00, 0x00, 0x38, 0x4D,
    0x00, 0x01, 0x01, 0x02, 0x60, 0x07, 0x01, 0x02, 0x02, 0x39, 0x4D, 0x00, 0x03, 0x03, 0x06, 0x61,
    0x00, 0x06, 0x06, 0x43, 0x06, 0x4E, 0x1B, 0x40, 0x23, 0x00, 0x00, 0x01, 0x00, 0x85, 0x00, 0x05,
    0x00, 0x04, 0x03, 0x05, 0x04, 0x69, 0x00, 0x01, 0x01, 0x02, 0x60, 0x07, 0x01, 0x02, 0x02, 0x3C,
    0x4D, 0x00, 0x03, 0x03, 0x06, 0x61, 0x00, 0x06, 0x06, 0x43, 0x06, 0x4E, 0x59, 0x40, 0x13, 0x00,
    0x00, 0x16, 0x14, 0x0F, 0x0E, 0x0D, 0x0C, 0x0A, 0x08, 0x00, 0x05, 0x00, 0x05, 0x11, 0x11, 0x08,
    0x09, 0x18, 0x2B, 0x33, 0x11, 0x21, 0x11, 0x21, 0x15, 0x01, 0x16, 0x16, 0x33, 0x32, 0x35, 0x34,
    0x27, 0x35, 0x20, 0x15, 0x14, 0x0E, 0x02, 0x23, 0x22, 0x27, 0xA9, 0x01, 0x03, 0x02, 0xE3, 0xFD,
    0x54, 0x1D, 0x35, 0x17, 0x76, 0xA1, 0x01, 0x48, 0x21, 0x3C, 0x54, 0x34, 0x49, 0x58, 0x05, 0xC8,
    0xFA, 0xEF, 0xB7, 0xFE, 0xB8, 0x04, 0x04, 0x42, 0x43, 0x0B, 0x58, 0xA9, 0x24, 0x3B, 0x29, 0x17,
    0x0C, 0x00, 0x00, 0x00, 0x00, 0x02, 0x00, 0x90, 0xFE, 0x50, 0x02, 0x2D, 0x06, 0x2B, 0x00, 0x11,
    0x00, 0x1E, 0x00, 0x3D, 0x40, 0x3A, 0x17, 0x01, 0x05, 0x04, 0x00, 0x01, 0x00, 0x01, 0x11, 0x01,
    0x03, 0x00, 0x03, 0x4C, 0x00, 0x02, 0x00, 0x01, 0x00, 0x02, 0x01, 0x69, 0x00, 0x06, 0x06, 0x3A,
    0x4D, 0x00, 0x04, 0x04, 0x05, 0x62, 0x00, 0x05, 0x05, 0x42, 0x4D, 0x00, 0x00, 0x00, 0x03, 0x61,
    0x00, 0x03, 0x03, 0x43, 0x03, 0x4E, 0x13, 0x23, 0x14, 0x25, 0x11, 0x12, 0x22, 0x07, 0x09, 0x1D,
    0x2B, 0x13, 0x16, 0x16, 0x33, 0x32, 0x35, 0x34, 0x27, 0x35, 0x20, 0x15, 0x14, 0x0E, 0x02, 0x23,
    0x22, 0x27, 0x13, 0x14, 0x16, 0x33, 0x33, 0x15, 0x06, 0x23, 0x22, 0x26, 0x35, 0x11, 0x33, 0x9A,
    0x1D, 0x35, 0x17, 0x76, 0xA1, 0x01, 0x48, 0x21, 0x3C, 0x54, 0x34, 0x49, 0x58, 0xED, 0x47, 0x52,
    0x0D, 0x2C, 0x3A, 0x93, 0xA4, 0xF7, 0xFE, 0xB8, 0x04, 0x04, 0x42, 0x43, 0x0B, 0x58, 0xA9, 0x24,
    0x3B, 0x29, 0x17, 0x0C, 0x03, 0x07, 0x84, 0x47, 0xA1, 0x10, 0xAE, 0xA8, 0x04, 0xEE, 0x00, 0x00,
    0x00, 0x02, 0x00, 0xA9, 0x00, 0x00, 0x04, 0x8F, 0x05, 0xC8, 0x00, 0x05, 0x00, 0x0F, 0x00, 0x51,
    0xB6, 0x0F, 0x06, 0x02, 0x01, 0x03, 0x01, 0x4C, 0x4B, 0xB0, 0x2A, 0x50, 0x58, 0x40, 0x17, 0x00,
    0x03, 0x03, 0x00, 0x5F, 0x04, 0x01, 0x00, 0x00, 0x38, 0x4D, 0x00, 0x01, 0x01, 0x02, 0x60, 0x05,
    0x01, 0x02, 0x02, 0x39, 0x02, 0x4E, 0x1B, 0x40, 0x15, 0x04, 0x01, 0x00, 0x00, 0x03, 0x01, 0x00,
    0x03, 0x67, 0x00, 0x01, 0x01, 0x02, 0x60, 0x05, 0x01, 0x02, 0x02, 0x3C, 0x02, 0x4E, 0x59, 0x40,
    0x0F, 0x00, 0x00, 0x0C, 0x0B, 0x0A, 0x09, 0x00, 0x05, 0x00, 0x05, 0x11, 0x11, 0x06, 0x09, 0x18,
    0x2B, 0x33, 0x11, 0x21, 0x11, 0x21, 0x15, 0x01, 0x36, 0x35, 0x35, 0x23, 0x35, 0x33, 0x15, 0x10,
    0x07, 0xA9, 0x01, 0x03, 0x02, 0xE3, 0xFE, 0x51, 0x5F, 0x5F, 0xE4, 0xE4, 0x05, 0xC8, 0xFA, 0xEF,
    0xB7, 0x04, 0x0E, 0x0A, 0xA3, 0x17, 0xF6, 0xC8, 0xFE, 0xD2, 0x15, 0x00, 0x00, 0x02, 0x00, 0x90,
    0xFF, 0xE7, 0x02, 0xF1, 0x06, 0x2B, 0x00, 0x09, 0x00, 0x16, 0x00, 0x2C, 0x40, 0x29, 0x09, 0x00,
    0x02, 0x02, 0x00, 0x0F, 0x01, 0x03, 0x02, 0x02, 0x4C, 0x00, 0x00, 0x00, 0x01, 0x5F, 0x04, 0x01,
    0x01, 0x01, 0x3A, 0x4D, 0x00, 0x02, 0x02, 0x03, 0x62, 0x00, 0x03, 0x03, 0x42, 0x03, 0x4E, 0x13,
    0x23, 0x16, 0x11, 0x13, 0x05, 0x09, 0x1B, 0x2B, 0x01, 0x36, 0x35, 0x35, 0x23, 0x35, 0x33, 0x15,
    0x10, 0x07, 0x03, 0x14, 0x16, 0x33, 0x33, 0x15, 0x06, 0x23, 0x22, 0x26, 0x35, 0x11, 0x33, 0x02,
    0x0D, 0x5F, 0x5F, 0xE4, 0xE4, 0x86, 0x47, 0x52, 0x0D, 0x2C, 0x3A, 0x93, 0xA4, 0xF7, 0x04, 0x70,
    0x0B, 0xA2, 0x17, 0xF7, 0xC8, 0xFE, 0xD0, 0x13, 0xFD, 0x43, 0x84, 0x47, 0xA1, 0x10, 0xAE, 0xA8,
    0x04, 0xEE, 0x00, 0x00, 0x00, 0x02, 0x00, 0xA9, 0x00, 0x00, 0x04, 0x8F, 0x05, 0xC8, 0x00, 0x05,
    0x00, 0x09, 0x00, 0x55, 0x4B, 0xB0, 0x2A, 0x50, 0x58, 0x40, 0x1A, 0x00, 0x03, 0x06, 0x01, 0x04,
    0x01, 0x03, 0x04, 0x67, 0x00, 0x00, 0x00, 0x38, 0x4D, 0x00, 0x01, 0x01, 0x02, 0x60, 0x05, 0x01,
    0x02, 0x02, 0x39, 0x02, 0x4E, 0x1B, 0x40, 0x1A, 0x00, 0x00, 0x03, 0x00, 0x85, 0x00, 0x03, 0x06,
    0x01, 0x04, 0x01, 0x03, 0x04, 0x67, 0x00, 0x01, 0x01, 0x02, 0x60, 0x05, 0x01, 0x02, 0x02, 0x3C,
    0x02, 0x4E, 0x59, 0x40, 0x13, 0x06, 0x06, 0x00, 0x00, 0x06, 0x09, 0x06, 0x09, 0x08, 0x07, 0x00,
    0x05, 0x00, 0x05, 0x11, 0x11, 0x07, 0x09, 0x18, 0x2B, 0x33, 0x11, 0x21, 0x11, 0x21, 0x15, 0x01,
    0x35, 0x33, 0x15, 0xA9, 0x01, 0x03, 0x02, 0xE3, 0xFE, 0x6F, 0xF7, 0x05, 0xC8, 0xFA, 0xEF, 0xB7,
    0x02, 0x88, 0xF7, 0xF7, 0x00, 0x02, 0x00, 0x90, 0xFF, 0xE7, 0x03, 0x29, 0x06, 0x2B, 0x00, 0x03,
    0x00, 0x10, 0x00, 0x32, 0x40, 0x2F, 0x09, 0x01, 0x03, 0x02, 0x01, 0x4C, 0x00, 0x00, 0x05, 0x01,
    0x01, 0x02, 0x00, 0x01, 0x67, 0x00, 0x04, 0x04, 0x3A, 0x4D, 0x00, 0x02, 0x02, 0x03, 0x62, 0x00,
    0x03, 0x03, 0x42, 0x03, 0x4E, 0x00, 0x00, 0x10, 0x0F, 0x0C, 0x0A, 0x07, 0x06, 0x00, 0x03, 0x00,
    0x03, 0x11, 0x06, 0x09, 0x17, 0x2B, 0x01, 0x35, 0x33, 0x15, 0x01, 0x14, 0x16, 0x33, 0x33, 0x15,
    0x06, 0x23, 0x22, 0x26, 0x35, 0x11, 0x33, 0x02, 0x32, 0xF7, 0xFE, 0x5E, 0x47, 0x52, 0x0D, 0x2C,
    0x3A, 0x93, 0xA4, 0xF7, 0x02, 0x88, 0xF6, 0xF6, 0xFE, 0xDB, 0x84, 0x47, 0xA1, 0x10, 0xAE, 0xA8,
    0x04, 0xEE, 0x00, 0x00, 0x00, 0x01, 0x00, 0x08, 0x00, 0x00, 0x04, 0x8E, 0x05, 0xC8, 0x00, 0x0D,
    0x00, 0x4A, 0x40, 0x0D, 0x0A, 0x09, 0x08, 0x07, 0x04, 0x03, 0x02, 0x01, 0x08, 0x01, 0x00, 0x01,
    0x4C, 0x4B, 0xB0, 0x2A, 0x50, 0x58, 0x40, 0x11, 0x00, 0x00, 0x00, 0x38, 0x4D, 0x00, 0x01, 0x01,
    0x02, 0x60, 0x03, 0x01, 0x02, 0x02, 0x39, 0x02, 0x4E, 0x1B, 0x40, 0x11, 0x00, 0x00, 0x01, 0x00,
    0x85, 0x00, 0x01, 0x01, 0x02, 0x60, 0x03, 0x01, 0x02, 0x02, 0x3C, 0x02, 0x4E, 0x59, 0x40, 0x0B,
    0x00, 0x00, 0x00, 0x0D, 0x00, 0x0D, 0x15, 0x15, 0x04, 0x09, 0x18, 0x2B, 0x33, 0x11, 0x07, 0x35,
    0x37, 0x11, 0x21, 0x11, 0x37, 0x15, 0x07, 0x11, 0x21, 0x15, 0xA9, 0xA1, 0xA1, 0x01, 0x03, 0xF6,
    0xF6, 0x02, 0xE2, 0x02, 0x84, 0x55, 0xB4, 0x57, 0x02, 0x8E, 0xFD, 0xFE, 0x85, 0xB7, 0x85, 0xFD,
    0xA8, 0xB7, 0x00, 0x00, 0x00, 0x01, 0x00, 0x06, 0xFF, 0xE9, 0x02, 0x54, 0x06, 0x2B, 0x00, 0x1A,
    0x00, 0x2A, 0x40, 0x27, 0x1A, 0x19, 0x18, 0x17, 0x12, 0x11, 0x10, 0x0D, 0x08, 0x00, 0x02, 0x05,
    0x01, 0x01, 0x00, 0x02, 0x4C, 0x00, 0x02, 0x02, 0x3A, 0x4D, 0x00, 0x00, 0x00, 0x01, 0x61, 0x00,
    0x01, 0x01, 0x42, 0x01, 0x4E, 0x1D, 0x23, 0x12, 0x03, 0x09, 0x19, 0x2B, 0x01, 0x14, 0x16, 0x33,
    0x33, 0x15, 0x06, 0x23, 0x22, 0x2E, 0x02, 0x35, 0x11, 0x06, 0x06, 0x07, 0x35, 0x37, 0x16, 0x31,
    0x11, 0x33, 0x11, 0x37, 0x15, 0x07, 0x01, 0x9B, 0x47, 0x52, 0x0D, 0x27, 0x31, 0x4A, 0x78, 0x54,
    0x2E, 0x28, 0x4F, 0x28, 0x9E, 0x01, 0xF6, 0xB9, 0xB9, 0x01, 0x63, 0x84, 0x47, 0xA1, 0x0E, 0x28,
    0x51, 0x7A, 0x52, 0x01, 0x75, 0x15, 0x2A, 0x16, 0xB5, 0x58, 0x02, 0x02, 0xD2, 0xFD, 0xB5, 0x60,
    0xB3, 0x63, 0x00, 0x00, 0x00, 0x02, 0x00, 0xA9, 0x00, 0x00, 0x05, 0x1D, 0x07, 0x8F, 0x00, 0x09,
    0x00, 0x0D, 0x00, 0x5C, 0xB6, 0x08, 0x03, 0x02, 0x02, 0x00, 0x01, 0x4C, 0x4B, 0xB0, 0x2A, 0x50,
    0x58, 0x40, 0x19, 0x00, 0x04, 0x05, 0x04, 0x85, 0x07, 0x01, 0x05, 0x00, 0x05, 0x85, 0x01, 0x01,
    0x00, 0x00, 0x38, 0x4D, 0x06, 0x03, 0x02, 0x02, 0x02, 0x39, 0x02, 0x4E, 0x1B, 0x40, 0x19, 0x00,
    0x04, 0x05, 0x04, 0x85, 0x07, 0x01, 0x05, 0x00, 0x05, 0x85, 0x01, 0x01, 0x00, 0x00, 0x02, 0x5F,
    0x06, 0x03, 0x02, 0x02, 0x02, 0x3C, 0x02, 0x4E, 0x59, 0x40, 0x14, 0x0A, 0x0A, 0x00, 0x00, 0x0A,
    0x0D, 0x0A, 0x0D, 0x0C, 0x0B, 0x00, 0x09, 0x00, 0x09, 0x11, 0x12, 0x11, 0x08, 0x09, 0x19, 0x2B,
    0x33, 0x11, 0x33, 0x01, 0x11, 0x33, 0x11, 0x23, 0x01, 0x11, 0x13, 0x13, 0x33, 0x01, 0xA9, 0xEE,
    0x02, 0xB1, 0xD5, 0xF0, 0xFD, 0x51, 0xD4, 0xF1, 0xFF, 0xFE, 0xBF, 0x05, 0xC8, 0xFB, 0xCB, 0x04,
    0x35, 0xFA, 0x38, 0x04, 0x35, 0xFB, 0xCB, 0x06, 0x4E, 0x01, 0x41, 0xFE, 0xBF, 0x00, 0x00, 0x00,
    0x00, 0x02, 0x00, 0x97, 0x00, 0x00, 0x04, 0x20, 0x06, 0x44, 0x00, 0x11, 0x00, 0x15, 0x00, 0xC7,
    0xB6, 0x10, 0x03, 0x02, 0x02, 0x03, 0x01, 0x4C, 0x4B, 0xB0, 0x15, 0x50, 0x58, 0x40, 0x21, 0x08,
    0x01, 0x06, 0x05, 0x00, 0x05, 0x06, 0x00, 0x80, 0x00, 0x05, 0x05, 0x3A, 0x4D, 0x00, 0x03, 0x03,
    0x00, 0x61, 0x01, 0x01, 0x00, 0x00, 0x3B, 0x4D, 0x07, 0x04, 0x02, 0x02, 0x02, 0x39, 0x02, 0x4E,
    0x1B, 0x4B, 0xB0, 0x28, 0x50, 0x58, 0x40, 0x25, 0x08, 0x01, 0x06, 0x05, 0x01, 0x05, 0x06, 0x01,
    0x80, 0x00, 0x05, 0x05, 0x3A, 0x4D, 0x00, 0x00, 0x00, 0x3B, 0x4D, 0x00, 0x03, 0x03, 0x01, 0x61,
    0x00, 0x01, 0x01, 0x41, 0x4D, 0x07, 0x04, 0x02, 0x02, 0x02, 0x39, 0x02, 0x4E, 0x1B, 0x4B, 0xB0,
    0x2A, 0x50, 0x58, 0x40, 0x22, 0x00, 0x05, 0x06, 0x05, 0x85, 0x08, 0x01, 0x06, 0x01, 0x06, 0x85,
    0x00, 0x00, 0x00, 0x3B, 0x4D, 0x00, 0x03, 0x03, 0x01, 0x61, 0x00, 0x01, 0x01, 0x41, 0x4D, 0x07,
    0x04, 0x02, 0x02, 0x02, 0x39, 0x02, 0x4E, 0x1B, 0x40, 0x22, 0x00, 0x05, 0x06, 0x05, 0x85, 0x08,
    0x01, 0x06, 0x01, 0x06, 0x85, 0x00, 0x00, 0x00, 0x3B, 0x4D, 0x00, 0x03, 0x03, 0x01, 0x61, 0x00,
    0x01, 0x01, 0x41, 0x4D, 0x07, 0x04, 0x02, 0x02, 0x02, 0x3C, 0x02, 0x4E, 0x59, 0x59, 0x59, 0x40,
    0x15, 0x12, 0x12, 0x00, 0x00, 0x12, 0x15, 0x12, 0x15, 0x14, 0x13, 0x00, 0x11, 0x00, 0x11, 0x24,
    0x12, 0x22, 0x11, 0x09, 0x09, 0x1A, 0x2B, 0x33, 0x11, 0x33, 0x15, 0x36, 0x33, 0x20, 0x11, 0x11,
    0x23, 0x11, 0x34, 0x27, 0x26, 0x23, 0x22, 0x07, 0x11, 0x13, 0x13, 0x33, 0x01, 0x97, 0xF6, 0xA3,
    0xCF, 0x01, 0x21, 0xF7, 0x1B, 0x19, 0x49, 0x90, 0x8F, 0x1F, 0xF1, 0xFF, 0xFE, 0xBF, 0x04, 0x44,
    0xC1, 0xD9, 0xFE, 0xAE, 0xFC, 0xF6, 0x02, 0xC5, 0x77, 0x2C, 0x2B, 0xCE, 0xFD, 0x3B, 0x05, 0x03,
    0x01, 0x41, 0xFE, 0xBF, 0x00, 0x02, 0x00, 0xA9, 0xFE, 0x50, 0x05, 0x1D, 0x05, 0xC8, 0x00, 0x0B,
    0x00, 0x1D, 0x00, 0x73, 0x40, 0x0F, 0x0A, 0x05, 0x02, 0x02, 0x00, 0x0C, 0x01, 0x04, 0x05, 0x1D,
    0x01, 0x07, 0x04, 0x03, 0x4C, 0x4B, 0xB0, 0x2A, 0x50, 0x58, 0x40, 0x20, 0x00, 0x06, 0x00, 0x05,
    0x04, 0x06, 0x05, 0x69, 0x01, 0x01, 0x00, 0x00, 0x38, 0x4D, 0x08, 0x03, 0x02, 0x02, 0x02, 0x39,
    0x4D, 0x00, 0x04, 0x04, 0x07, 0x61, 0x00, 0x07, 0x07, 0x43, 0x07, 0x4E, 0x1B, 0x40, 0x20, 0x00,
    0x06, 0x00, 0x05, 0x04, 0x06, 0x05, 0x69, 0x01, 0x01, 0x00, 0x00, 0x02, 0x5F, 0x08, 0x03, 0x02,
    0x02, 0x02, 0x3C, 0x4D, 0x00, 0x04, 0x04, 0x07, 0x61, 0x00, 0x07, 0x07, 0x43, 0x07, 0x4E, 0x59,
    0x40, 0x14, 0x00, 0x00, 0x1C, 0x1A, 0x15, 0x14, 0x13, 0x12, 0x10, 0x0E, 0x00, 0x0B, 0x00, 0x0B,
    0x11, 0x14, 0x11, 0x09, 0x09, 0x19, 0x2B, 0x33, 0x11, 0x33, 0x12, 0x00, 0x13, 0x11, 0x33, 0x11,
    0x23, 0x01, 0x11, 0x13, 0x16, 0x16, 0x33, 0x32, 0x35, 0x34, 0x27, 0x35, 0x20, 0x15, 0x14, 0x0E,
    0x02, 0x23, 0x22, 0x27, 0xA9, 0xEE, 0xAD, 0x01, 0x56, 0xAE, 0xD5, 0xF0, 0xFD, 0x51, 0x88, 0x1D,
    0x34, 0x17, 0x77, 0xA2, 0x01, 0x48, 0x21, 0x3C, 0x55, 0x33, 0x48, 0x58, 0x05, 0xC8, 0xFE, 0xF1,
    0xFD, 0xE9, 0xFE, 0xF1, 0x04, 0x35, 0xFA, 0x38, 0x04, 0x35, 0xFB, 0xCB, 0xFE, 0xB8, 0x04, 0x04,
    0x42, 0x43, 0x0B, 0x58, 0xA9, 0x25, 0x3B, 0x29, 0x16, 0x0C, 0x00, 0x00, 0x00, 0x02, 0x00, 0x97,
    0xFE, 0x50, 0x04, 0x20, 0x04, 0x5C, 0x00, 0x12, 0x00, 0x24, 0x00, 0xB4, 0x40, 0x0F, 0x11, 0x03,
    0x02, 0x02, 0x03, 0x13, 0x01, 0x05, 0x06, 0x24, 0x01, 0x08, 0x05, 0x03, 0x4C, 0x4B, 0xB0, 0x15,
    0x50, 0x58, 0x40, 0x25, 0x00, 0x07, 0x00, 0x06, 0x05, 0x07, 0x06, 0x69, 0x00, 0x03, 0x03, 0x00,
    0x61, 0x01, 0x01, 0x00, 0x00, 0x3B, 0x4D, 0x09, 0x04, 0x02, 0x02, 0x02, 0x39, 0x4D, 0x00, 0x05,
    0x05, 0x08, 0x61, 0x00, 0x08, 0x08, 0x43, 0x08, 0x4E, 0x1B, 0x4B, 0xB0, 0x2A, 0x50, 0x58, 0x40,
    0x29, 0x00, 0x07, 0x00, 0x06, 0x05, 0x07, 0x06, 0x69, 0x00, 0x00, 0x00, 0x3B, 0x4D, 0x00, 0x03,
    0x03, 0x01, 0x61, 0x00, 0x01, 0x01, 0x41, 0x4D, 0x09, 0x04, 0x02, 0x02, 0x02, 0x39, 0x4D, 0x00,
    0x05, 0x05, 0x08, 0x61, 0x00, 0x08, 0x08, 0x43, 0x08, 0x4E, 0x1B, 0x40, 0x29, 0x00, 0x07, 0x00,
    0x06, 0x05, 0x07, 0x06, 0x69, 0x00, 0x00, 0x00, 0x3B, 0x4D, 0x00, 0x03, 0x03, 0x01, 0x61, 0x00,
    0x01, 0x01, 0x41, 0x4D, 0x09, 0x04, 0x02, 0x02, 0x02, 0x3C, 0x4D, 0x00, 0x05, 0x05, 0x08, 0x61,
    0x00, 0x08, 0x08, 0x43, 0x08, 0x4E, 0x59, 0x59, 0x40, 0x15, 0x00, 0x00, 0x23, 0x21, 0x1C, 0x1B,
    0x1A, 0x19, 0x17, 0x15, 0x00, 0x12, 0x00, 0x12, 0x25, 0x12, 0x22, 0x11, 0x0A, 0x09, 0x1A, 0x2B,
    0x33, 0x11, 0x33, 0x15, 0x36, 0x33, 0x20, 0x11, 0x11, 0x23, 0x11, 0x34, 0x2E, 0x02, 0x23, 0x22,
    0x07, 0x11, 0x13, 0x16, 0x16, 0x33, 0x32, 0x35, 0x34, 0x27, 0x35, 0x20, 0x15, 0x14, 0x0E, 0x02,
    0x23, 0x22, 0x27, 0x97, 0xF6, 0xA3, 0xCF, 0x01, 0x21, 0xF7, 0x0C, 0x1C, 0x31, 0x24, 0x90, 0x8F,
    0x1F, 0x1D, 0x35, 0x17, 0x76, 0xA1, 0x01, 0x48, 0x21, 0x3C, 0x54, 0x34, 0x49, 0x58, 0x04, 0x44,
    0xC1, 0xD9, 0xFE, 0xAE, 0xFC, 0xF6, 0x02, 0xC5, 0x3B, 0x4F, 0x30, 0x14, 0xCE, 0xFD, 0x3B, 0xFE,
    0xB8, 0x04, 0x04, 0x42, 0x43, 0x0B, 0x58, 0xA9, 0x24, 0x3B, 0x29, 0x17, 0x0C, 0x00, 0x00, 0x00,
    0x00, 0x02, 0x00, 0xA9, 0x00, 0x00, 0x05, 0x1D, 0x07, 0x8F, 0x00, 0x09, 0x00, 0x11, 0x00, 0x65,
    0x40, 0x0B, 0x0F, 0x01, 0x04, 0x05, 0x08, 0x03, 0x02, 0x02, 0x00, 0x02, 0x4C, 0x4B, 0xB0, 0x2A,
    0x50, 0x58, 0x40, 0x1A, 0x08, 0x06, 0x02, 0x05, 0x04, 0x05, 0x85, 0x00, 0x04, 0x00, 0x04, 0x85,
    0x01, 0x01, 0x00, 0x00, 0x38, 0x4D, 0x07, 0x03, 0x02, 0x02, 0x02, 0x39, 0x02, 0x4E, 0x1B, 0x40,
    0x1A, 0x08, 0x06, 0x02, 0x05, 0x04, 0x05, 0x85, 0x00, 0x04, 0x00, 0x04, 0x85, 0x01, 0x01, 0x00,
    0x00, 0x02, 0x5F, 0x07, 0x03, 0x02, 0x02, 0x02, 0x3C, 0x02, 0x4E, 0x59, 0x40, 0x16, 0x0A, 0x0A,
    0x00, 0x00, 0x0A, 0x11, 0x0A, 0x11, 0x0E, 0x0D, 0x0C, 0x0B, 0x00, 0x09, 0x00, 0x09, 0x11, 0x12,
    0x11, 0x09, 0x09, 0x19, 0x2B, 0x33, 0x11, 0x33, 0x01, 0x11, 0x33, 0x11, 0x23, 0x01, 0x11, 0x01,
    0x03, 0x23, 0x03, 0x33, 0x17, 0x33, 0x37, 0xA9, 0xEE, 0x02, 0xB1, 0xD5, 0xF0, 0xFD, 0x51, 0x02,
    0xD1, 0xF1, 0xF6, 0xF1, 0xA4, 0xC7, 0x02, 0xC7, 0x05, 0xC8, 0xFB, 0xCB, 0x04, 0x35, 0xFA, 0x38,
    0x04, 0x35, 0xFB, 0xCB, 0x07, 0x8F, 0xFE, 0xBF, 0x01, 0x41, 0xC8, 0xC8, 0x00, 0x02, 0x00, 0x97,
    0x00, 0x00, 0x04, 0x20, 0x06, 0x44, 0x00, 0x11, 0x00, 0x19, 0x00, 0xD2, 0x40, 0x0B, 0x17, 0x01,
    0x05, 0x06, 0x10, 0x03, 0x02, 0x02, 0x03, 0x02, 0x4C, 0x4B, 0xB0, 0x15, 0x50, 0x58, 0x40, 0x22,
    0x00, 0x05, 0x06, 0x00, 0x06, 0x05, 0x00, 0x80, 0x09, 0x07, 0x02, 0x06, 0x06, 0x3A, 0x4D, 0x00,
    0x03, 0x03, 0x00, 0x61, 0x01, 0x01, 0x00, 0x00, 0x3B, 0x4D, 0x08, 0x04, 0x02, 0x02, 0x02, 0x39,
    0x02, 0x4E, 0x1B, 0x4B, 0xB0, 0x28, 0x50, 0x58, 0x40, 0x26, 0x00, 0x05, 0x06, 0x01, 0x06, 0x05,
    0x01, 0x80, 0x09, 0x07, 0x02, 0x06, 0x06, 0x3A, 0x4D, 0x00, 0x00, 0x00, 0x3B, 0x4D, 0x00, 0x03,
    0x03, 0x01, 0x61, 0x00, 0x01, 0x01, 0x41, 0x4D, 0x08, 0x04, 0x02, 0x02, 0x02, 0x39, 0x02, 0x4E,
    0x1B, 0x4B, 0xB0, 0x2A, 0x50, 0x58, 0x40, 0x23, 0x09, 0x07, 0x02, 0x06, 0x05, 0x06, 0x85, 0x00,
    0x05, 0x01, 0x05, 0x85, 0x00, 0x00, 0x00, 0x3B, 0x4D, 0x00, 0x03, 0x03, 0x01, 0x61, 0x00, 0x01,
    0x01, 0x41, 0x4D, 0x08, 0x04, 0x02, 0x02, 0x02, 0x39, 0x02, 0x4E, 0x1B, 0x40, 0x23, 0x09, 0x07,
    0x02, 0x06, 0x05, 0x06, 0x85, 0x00, 0x05, 0x01, 0x05, 0x85, 0x00, 0x00, 0x00, 0x3B, 0x4D, 0x00,
    0x03, 0x03, 0x01, 0x61, 0x00, 0x01, 0x01, 0x41, 0x4D, 0x08, 0x04, 0x02, 0x02, 0x02, 0x3C, 0x02,
    0x4E, 0x59, 0x59, 0x59, 0x40, 0x17, 0x12, 0x12, 0x00, 0x00, 0x12, 0x19, 0x12, 0x19, 0x16, 0x15,
    0x14, 0x13, 0x00, 0x11, 0x00, 0x11, 0x24, 0x12, 0x22, 0x11, 0x0A, 0x09, 0x1A, 0x2B, 0x33, 0x11,
    0x33, 0x15, 0x36, 0x33, 0x20, 0x11, 0x11, 0x23, 0x11, 0x34, 0x27, 0x26, 0x23, 0x22, 0x07, 0x11,
    0x01, 0x03, 0x23, 0x03, 0x33, 0x17, 0x33, 0x37, 0x97, 0xF6, 0xA3, 0xCF, 0x01, 0x21, 0xF7, 0x1B,
    0x19, 0x49, 0x90, 0x8F, 0x02, 0x31, 0xF1, 0xF5, 0xF1, 0xA3, 0xC7, 0x03, 0xC7, 0x04, 0x44, 0xC1,
    0xD9, 0xFE, 0xAE, 0xFC, 0xF6, 0x02, 0xC5, 0x77, 0x2C, 0x2B, 0xCE, 0xFD, 0x3B, 0x06, 0x44, 0xFE,
    0xBF, 0x01, 0x41, 0xC8, 0xC8, 0x00, 0x00, 0x00, 0x00, 0x02, 0x00, 0x07, 0x00, 0x00, 0x04, 0xB5,
    0x06, 0x2B, 0x00, 0x12, 0x00, 0x1C, 0x00, 0xB0, 0x4B, 0xB0, 0x15, 0x50, 0x58, 0x40, 0x0F, 0x13,
    0x01, 0x00, 0x05, 0x1C, 0x01, 0x03, 0x00, 0x11, 0x03, 0x02, 0x02, 0x03, 0x03, 0x4C, 0x1B, 0x40,
    0x0F, 0x13, 0x01, 0x01, 0x05, 0x1C, 0x01, 0x03, 0x00, 0x11, 0x03, 0x02, 0x02, 0x03, 0x03, 0x4C,
    0x59, 0x4B, 0xB0, 0x15, 0x50, 0x58, 0x40, 0x1D, 0x00, 0x05, 0x05, 0x06, 0x5F, 0x00, 0x06, 0x06,
    0x3A, 0x4D, 0x00, 0x03, 0x03, 0x00, 0x61, 0x01, 0x01, 0x00, 0x00, 0x3B, 0x4D, 0x07, 0x04, 0x02,
    0x02, 0x02, 0x39, 0x02, 0x4E, 0x1B, 0x4B, 0xB0, 0x2A, 0x50, 0x58, 0x40, 0x21, 0x00, 0x05, 0x05,
    0x06, 0x5F, 0x00, 0x06, 0x06, 0x3A, 0x4D, 0x00, 0x00, 0x00, 0x3B, 0x4D, 0x00, 0x03, 0x03, 0x01,
    0x61, 0x00, 0x01, 0x01, 0x41, 0x4D, 0x07, 0x04, 0x02, 0x02, 0x02, 0x39, 0x02, 0x4E, 0x1B, 0x40,
    0x21, 0x00, 0x05, 0x05, 0x06, 0x5F, 0x00, 0x06, 0x06, 0x3A, 0x4D, 0x00, 0x00, 0x00, 0x3B, 0x4D,
    0x00, 0x03, 0x03, 0x01, 0x61, 0x00, 0x01, 0x01, 0x41, 0x4D, 0x07, 0x04, 0x02, 0x02, 0x02, 0x3C,
    0x02, 0x4E, 0x59, 0x59, 0x40, 0x11, 0x00, 0x00, 0x19, 0x18, 0x17, 0x16, 0x00, 0x12, 0x00, 0x12,
    0x25, 0x12, 0x22, 0x11, 0x08, 0x09, 0x1A, 0x2B, 0x21, 0x11, 0x33, 0x15, 0x36, 0x33, 0x20, 0x11,
    0x11, 0x23, 0x11, 0x34, 0x2E, 0x02, 0x23, 0x22, 0x07, 0x11, 0x01, 0x36, 0x35, 0x35, 0x23, 0x35,
    0x33, 0x15, 0x10, 0x07, 0x01, 0x2B, 0xF7, 0xA3, 0xCF, 0x01, 0x21, 0xF7, 0x0C, 0x1D, 0x30, 0x24,
    0x91, 0x8E, 0xFD, 0xE5, 0x5F, 0x5F, 0xE4, 0xE4, 0x04, 0x44, 0xC1, 0xD9, 0xFE, 0xAE, 0xFC, 0xF6,
    0x02, 0xC5, 0x3C, 0x4F, 0x30, 0x13, 0xCE, 0xFD, 0x3B, 0x04, 0x70, 0x0A, 0xA3, 0x17, 0xF7, 0xC8,
    0xFE, 0xD0, 0x13, 0x00, 0x00, 0x01, 0x00, 0xA9, 0xFE, 0x5C, 0x05, 0x1D, 0x05, 0xC8, 0x00, 0x17,
    0x00, 0x5A, 0x40, 0x0F, 0x16, 0x05, 0x02, 0x04, 0x00, 0x0D, 0x01, 0x03, 0x04, 0x0C, 0x01, 0x02,
    0x03, 0x03, 0x4C, 0x4B, 0xB0, 0x2A, 0x50, 0x58, 0x40, 0x17, 0x01, 0x01, 0x00, 0x00, 0x38, 0x4D,
    0x05, 0x01, 0x04, 0x04, 0x39, 0x4D, 0x00, 0x03, 0x03, 0x02, 0x61, 0x00, 0x02, 0x02, 0x43, 0x02,
    0x4E, 0x1B, 0x40, 0x17, 0x01, 0x01, 0x00, 0x00, 0x04, 0x5F, 0x05, 0x01, 0x04, 0x04, 0x3C, 0x4D,
    0x00, 0x03, 0x03, 0x02, 0x61, 0x00, 0x02, 0x02, 0x43, 0x02, 0x4E, 0x59, 0x40, 0x0D, 0x00, 0x00,
    0x00, 0x17, 0x00, 0x17, 0x23, 0x22, 0x14, 0x11, 0x06, 0x09, 0x1A, 0x2B, 0x33, 0x11, 0x33, 0x12,
    0x00, 0x13, 0x11, 0x33, 0x11, 0x10, 0x21, 0x22, 0x27, 0x35, 0x16, 0x33, 0x32, 0x37, 0x26, 0x26,
    0x27, 0x35, 0x01, 0x11, 0xA9, 0xEE, 0xAD, 0x01, 0x56, 0xAE, 0xD5, 0xFE, 0xAA, 0x52, 0x54, 0x42,
    0x4E, 0x71, 0x12, 0x04, 0x11, 0x0E, 0xFD, 0x6D, 0x05, 0xC8, 0xFE, 0xF1, 0xFD, 0xE9, 0xFE, 0xF1,
    0x04, 0x35, 0xF9, 0xF3, 0xFE, 0xA1, 0x17, 0xB0, 0x1A, 0x75, 0x23, 0x54, 0x32, 0x07, 0x04, 0x07,
    0xFB, 0xCB, 0x00, 0x00, 0x00, 0x01, 0x00, 0x97, 0xFE, 0x5C, 0x04, 0x20, 0x04, 0x5C, 0x00, 0x1C,
    0x00, 0x92, 0x40, 0x0F, 0x1B, 0x03, 0x02, 0x05, 0x04, 0x0E, 0x01, 0x03, 0x05, 0x0D, 0x01, 0x02,
    0x03, 0x03, 0x4C, 0x4B, 0xB0, 0x15, 0x50, 0x58, 0x40, 0x1C, 0x00, 0x04, 0x04, 0x00, 0x61, 0x01,
    0x01, 0x00, 0x00, 0x3B, 0x4D, 0x06, 0x01, 0x05, 0x05, 0x39, 0x4D, 0x00, 0x03, 0x03, 0x02, 0x61,
    0x00, 0x02, 0x02, 0x43, 0x02, 0x4E, 0x1B, 0x4B, 0xB0, 0x2A, 0x50, 0x58, 0x40, 0x20, 0x00, 0x00,
    0x00, 0x3B, 0x4D, 0x00, 0x04, 0x04, 0x01, 0x61, 0x00, 0x01, 0x01, 0x41, 0x4D, 0x06, 0x01, 0x05,
    0x05, 0x39, 0x4D, 0x00, 0x03, 0x03, 0x02, 0x61, 0x00, 0x02, 0x02, 0x43, 0x02, 0x4E, 0x1B, 0x40,
    0x20, 0x00, 0x00, 0x00, 0x3B, 0x4D, 0x00, 0x04, 0x04, 0x01, 0x61, 0x00, 0x01, 0x01, 0x41, 0x4D,
    0x06, 0x01, 0x05, 0x05, 0x3C, 0x4D, 0x00, 0x03, 0x03, 0x02, 0x61, 0x00, 0x02, 0x02, 0x43, 0x02,
    0x4E, 0x59, 0x59, 0x40, 0x0E, 0x00, 0x00, 0x00, 0x1C, 0x00, 0x1C, 0x27, 0x24, 0x23, 0x22, 0x11,
    0x07, 0x09, 0x1B, 0x2B, 0x33, 0x11, 0x33, 0x15, 0x36, 0x33, 0x20, 0x11, 0x11, 0x10, 0x21, 0x22,
    0x26, 0x27, 0x35, 0x16, 0x33, 0x32, 0x36, 0x35, 0x11, 0x34, 0x2E, 0x02, 0x23, 0x22, 0x07, 0x11,
    0x97, 0xF6, 0xA3, 0xCF, 0x01, 0x21, 0xFE, 0xAD, 0x26, 0x52, 0x2D, 0x3F, 0x3B, 0x46, 0x41, 0x0C,
    0x1C, 0x31, 0x24, 0x90, 0x8F, 0x04, 0x44, 0xC1, 0xD9, 0xFE, 0xAE, 0xFC, 0xAD, 0xFE, 0xA5, 0x0B,
    0x0B, 0xAF, 0x18, 0x62, 0x6C, 0x02, 0xEE, 0x3B, 0x4F, 0x30, 0x14, 0xCE, 0xFD, 0x3B, 0x00, 0x00,
    0x00, 0x03, 0x00, 0x56, 0xFF, 0xDB, 0x05, 0xE3, 0x07, 0x0C, 0x00, 0x0F, 0x00, 0x1F, 0x00, 0x23,
    0x00, 0x67, 0x4B, 0xB0, 0x2A, 0x50, 0x58, 0x40, 0x20, 0x00, 0x04, 0x08, 0x01, 0x05, 0x01, 0x04,
    0x05, 0x67, 0x00, 0x03, 0x03, 0x01, 0x61, 0x00, 0x01, 0x01, 0x3E, 0x4D, 0x07, 0x01, 0x02, 0x02,
    0x00, 0x61, 0x06, 0x01, 0x00, 0x00, 0x3F, 0x00, 0x4E, 0x1B, 0x40, 0x1E, 0x00, 0x04, 0x08, 0x01,
    0x05, 0x01, 0x04, 0x05, 0x67, 0x00, 0x01, 0x00, 0x03, 0x02, 0x01, 0x03, 0x69, 0x07, 0x01, 0x02,
    0x02, 0x00, 0x61, 0x06, 0x01, 0x00, 0x00, 0x42, 0x00, 0x4E, 0x59, 0x40, 0x1B, 0x20, 0x20, 0x11,
    0x10, 0x01, 0x00, 0x20, 0x23, 0x20, 0x23, 0x22, 0x21, 0x19, 0x17, 0x10, 0x1F, 0x11, 0x1F, 0x09,
    0x07, 0x00, 0x0F, 0x01, 0x0F, 0x09, 0x09, 0x16, 0x2B, 0x05, 0x20, 0x27, 0x26, 0x11, 0x10, 0x37,
    0x36, 0x21, 0x20, 0x17, 0x16, 0x11, 0x10, 0x07, 0x06, 0x25, 0x32, 0x37, 0x36, 0x11, 0x10, 0x27,
    0x26, 0x23, 0x22, 0x07, 0x06, 0x11, 0x10, 0x17, 0x16, 0x03, 0x35, 0x21, 0x15, 0x03, 0x12, 0xFE,
    0xBF, 0xBD, 0xBE, 0xBF, 0xBF, 0x01, 0x49, 0x01, 0x47, 0xBF, 0xC0, 0xC0, 0xBF, 0xFE, 0xB2, 0xD4,
    0x72, 0x73, 0x73, 0x72, 0xCD, 0xCE, 0x73, 0x72, 0x72, 0x72, 0x8B, 0x02, 0xB3, 0x25, 0xD2, 0xD3,
    0x01, 0x64, 0x01, 0x67, 0xD1, 0xD1, 0xD1, 0xD1, 0xFE, 0x9C, 0xFE, 0x93, 0xD0, 0xCF, 0xB4, 0x9C,
    0x9B, 0x01, 0x21, 0x01, 0x18, 0x9D, 0x9D, 0x9D, 0x9E, 0xFE, 0xE6, 0xFE, 0xE7, 0x9D, 0x9F, 0x05,
    0xDD, 0xA0, 0xA0, 0x00, 0x00, 0x03, 0x00, 0x50, 0xFF, 0xE7, 0x04, 0x5A, 0x05, 0xB7, 0x00, 0x13,
    0x00, 0x21, 0x00, 0x25, 0x00, 0x6B, 0x4B, 0xB0, 0x2A, 0x50, 0x58, 0x40, 0x22, 0x08, 0x01, 0x05,
    0x05, 0x04, 0x5F, 0x00, 0x04, 0x04, 0x38, 0x4D, 0x00, 0x03, 0x03, 0x01, 0x61, 0x00, 0x01, 0x01,
    0x41, 0x4D, 0x07, 0x01, 0x02, 0x02, 0x00, 0x61, 0x06, 0x01, 0x00, 0x00, 0x42, 0x00, 0x4E, 0x1B,
    0x40, 0x20, 0x00, 0x04, 0x08, 0x01, 0x05, 0x01, 0x04, 0x05, 0x67, 0x00, 0x03, 0x03, 0x01, 0x61,
    0x00, 0x01, 0x01, 0x41, 0x4D, 0x07, 0x01, 0x02, 0x02, 0x00, 0x61, 0x06, 0x01, 0x00, 0x00, 0x42,
    0x00, 0x4E, 0x59, 0x40, 0x1B, 0x22, 0x22, 0x15, 0x14, 0x01, 0x00, 0x22, 0x25, 0x22, 0x25, 0x24,
    0x23, 0x1B, 0x19, 0x14, 0x21, 0x15, 0x21, 0x0B, 0x09, 0x00, 0x13, 0x01, 0x13, 0x09, 0x09, 0x16,
    0x2B, 0x05, 0x22, 0x2E, 0x02, 0x35, 0x34, 0x3E, 0x02, 0x33, 0x32, 0x1E, 0x02, 0x15, 0x14, 0x0E,
    0x02, 0x27, 0x32, 0x36, 0x35, 0x34, 0x26, 0x23, 0x22, 0x06, 0x15, 0x14, 0x1E, 0x02, 0x01, 0x35,
    0x21, 0x15, 0x02, 0x4E, 0x74, 0xBD, 0x85, 0x48, 0x49, 0x87, 0xBF, 0x76, 0x76, 0xBF, 0x87, 0x49,
    0x49, 0x87, 0xC3, 0x75, 0x7E, 0x83, 0x85, 0x79, 0x7B, 0x83, 0x21, 0x41, 0x5D, 0xFE, 0xE5, 0x02,
    0xB3, 0x19, 0x51, 0x95, 0xD3, 0x82, 0x84, 0xD3, 0x94, 0x4F, 0x50, 0x94, 0xD2, 0x82, 0x85, 0xD4,
    0x95, 0x4F, 0xA6, 0xD4, 0xC4, 0xC0, 0xD1, 0xD4, 0xC0, 0x60, 0x97, 0x68, 0x36, 0x04, 0x8A, 0xA0,
    0xA0, 0x00, 0x00, 0x00, 0x00, 0x03, 0x00, 0x56, 0xFF, 0xDB, 0x05, 0xE3, 0x07, 0x8F, 0x00, 0x0F,
    0x00, 0x1F, 0x00, 0x2D, 0x00, 0x77, 0x4B, 0xB0, 0x2A, 0x50, 0x58, 0x40, 0x26, 0x0A, 0x07, 0x02,
    0x05, 0x04, 0x05, 0x85, 0x00, 0x04, 0x00, 0x06, 0x01, 0x04, 0x06, 0x69, 0x00, 0x03, 0x03, 0x01,
    0x61, 0x00, 0x01, 0x01, 0x3E, 0x4D, 0x09, 0x01, 0x02, 0x02, 0x00, 0x61, 0x08, 0x01, 0x00, 0x00,
    0x3F, 0x00, 0x4E, 0x1B, 0x40, 0x24, 0x0A, 0x07, 0x02, 0x05, 0x04, 0x05, 0x85, 0x00, 0x04, 0x00,
    0x06, 0x01, 0x04, 0x06, 0x69, 0x00, 0x01, 0x00, 0x03, 0x02, 0x01, 0x03, 0x69, 0x09, 0x01, 0x02,
    0x02, 0x00, 0x61, 0x08, 0x01, 0x00, 0x00, 0x42, 0x00, 0x4E, 0x59, 0x40, 0x1F, 0x20, 0x20, 0x11,
    0x10, 0x01, 0x00, 0x20, 0x2D, 0x20, 0x2D, 0x2A, 0x28, 0x25, 0x24, 0x23, 0x21, 0x19, 0x17, 0x10,
    0x1F, 0x11, 0x1F, 0x09, 0x07, 0x00, 0x0F, 0x01, 0x0F, 0x0B, 0x09, 0x16, 0x2B, 0x05, 0x20, 0x27,
    0x26, 0x11, 0x10, 0x37, 0x36, 0x21, 0x20, 0x17, 0x16, 0x11, 0x10, 0x07, 0x06, 0x25, 0x32, 0x37,
    0x36, 0x11, 0x10, 0x27, 0x26, 0x23, 0x22, 0x07, 0x06, 0x11, 0x10, 0x17, 0x16, 0x03, 0x16, 0x33,
    0x32, 0x37, 0x33, 0x06, 0x07, 0x06, 0x23, 0x22, 0x27, 0x26, 0x27, 0x03, 0x12, 0xFE, 0xBF, 0xBD,
    0xBE, 0xBF, 0xBF, 0x01, 0x49, 0x01, 0x47, 0xBF, 0xC0, 0xC0, 0xBF, 0xFE, 0xB2, 0xD4, 0x72, 0x73,
    0x73, 0x72, 0xCD, 0xCE, 0x73, 0x72, 0x72, 0x72, 0x01, 0x24, 0xAC, 0xAB, 0x24, 0x88, 0x11, 0x5C,
    0x5F, 0x8B, 0x8C, 0x5E, 0x5E, 0x10, 0x25, 0xD2, 0xD3, 0x01, 0x64, 0x01, 0x67, 0xD1, 0xD1, 0xD1,
    0xD1, 0xFE, 0x9C, 0xFE, 0x93, 0xD0, 0xCF, 0xB4, 0x9C, 0x9B, 0x01, 0x21, 0x01, 0x18, 0x9D, 0x9D,
    0x9D, 0x9E, 0xFE, 0xE6, 0xFE, 0xE7, 0x9D, 0x9F, 0x07, 0x00, 0x9E, 0x9E, 0x94, 0x56, 0x57, 0x56,
    0x58, 0x93, 0x00, 0x00, 0x00, 0x03, 0x00, 0x50, 0xFF, 0xE7, 0x04, 0x5A, 0x06, 0x44, 0x00, 0x13,
    0x00, 0x21, 0x00, 0x31, 0x00, 0xAA, 0x4B, 0xB0, 0x1F, 0x50, 0x58, 0x40, 0x28, 0x0A, 0x07, 0x02,
    0x05, 0x05, 0x3A, 0x4D, 0x00, 0x06, 0x06, 0x04, 0x61, 0x00, 0x04, 0x04, 0x38, 0x4D, 0x00, 0x03,
    0x03, 0x01, 0x61, 0x00, 0x01, 0x01, 0x41, 0x4D, 0x09, 0x01, 0x02, 0x02, 0x00, 0x61, 0x08, 0x01,
    0x00, 0x00, 0x42, 0x00, 0x4E, 0x1B, 0x4B, 0xB0, 0x28, 0x50, 0x58, 0x40, 0x26, 0x00, 0x04, 0x00,
    0x06, 0x01, 0x04, 0x06, 0x69, 0x0A, 0x07, 0x02, 0x05, 0x05, 0x3A, 0x4D, 0x00, 0x03, 0x03, 0x01,
    0x61, 0x00, 0x01, 0x01, 0x41, 0x4D, 0x09, 0x01, 0x02, 0x02, 0x00, 0x61, 0x08, 0x01, 0x00, 0x00,
    0x42, 0x00, 0x4E, 0x1B, 0x40, 0x26, 0x0A, 0x07, 0x02, 0x05, 0x04, 0x05, 0x85, 0x00, 0x04, 0x00,
    0x06, 0x01, 0x04, 0x06, 0x69, 0x00, 0x03, 0x03, 0x01, 0x61, 0x00, 0x01, 0x01, 0x41, 0x4D, 0x09,
    0x01, 0x02, 0x02, 0x00, 0x61, 0x08, 0x01, 0x00, 0x00, 0x42, 0x00, 0x4E, 0x59, 0x59, 0x40, 0x1F,
    0x22, 0x22, 0x15, 0x14, 0x01, 0x00, 0x22, 0x31, 0x22, 0x31, 0x2D, 0x2B, 0x27, 0x26, 0x25, 0x23,
    0x1B, 0x19, 0x14, 0x21, 0x15, 0x21, 0x0B, 0x09, 0x00, 0x13, 0x01, 0x13, 0x0B, 0x09, 0x16, 0x2B,
    0x05, 0x22, 0x2E, 0x02, 0x35, 0x34, 0x3E, 0x02, 0x33, 0x32, 0x1E, 0x02, 0x15, 0x14, 0x0E, 0x02,
    0x27, 0x32, 0x36, 0x35, 0x34, 0x26, 0x23, 0x22, 0x06, 0x15, 0x14, 0x1E, 0x02, 0x03, 0x16, 0x33,
    0x32, 0x37, 0x33, 0x0E, 0x03, 0x23, 0x22, 0x2E, 0x02, 0x27, 0x02, 0x4E, 0x74, 0xBD, 0x85, 0x48,
    0x49, 0x87, 0xBF, 0x76, 0x76, 0xBF, 0x87, 0x49, 0x49, 0x87, 0xC3, 0x75, 0x7E, 0x83, 0x85, 0x79,
    0x7B, 0x83, 0x21, 0x41, 0x5D, 0x91, 0x26, 0xAA, 0xAA, 0x26, 0x87, 0x08, 0x38, 0x59, 0x78, 0x46,
    0x46, 0x77, 0x59, 0x39, 0x08, 0x19, 0x51, 0x95, 0xD3, 0x82, 0x84, 0xD3, 0x94, 0x4F, 0x50, 0x94,
    0xD2, 0x82, 0x85, 0xD4, 0x95, 0x4F, 0xA6, 0xD4, 0xC4, 0xC0, 0xD1, 0xD4, 0xC0, 0x60, 0x97, 0x68,
    0x36, 0x05, 0xB7, 0x9E, 0x9E, 0x49, 0x76, 0x54, 0x2E, 0x2D, 0x53, 0x77, 0x4A, 0x00, 0x00, 0x00,
    0x00, 0x04, 0x00, 0x56, 0xFF, 0xDB, 0x05, 0xE3, 0x07, 0x8F, 0x00, 0x0F, 0x00, 0x1F, 0x00, 0x23,
    0x00, 0x27, 0x00, 0x75, 0x4B, 0xB0, 0x2A, 0x50, 0x58, 0x40, 0x23, 0x06, 0x01, 0x04, 0x0B, 0x07,
    0x0A, 0x03, 0x05, 0x01, 0x04, 0x05, 0x67, 0x00, 0x03, 0x03, 0x01, 0x61, 0x00, 0x01, 0x01, 0x3E,
    0x4D, 0x09, 0x01, 0x02, 0x02, 0x00, 0x61, 0x08, 0x01, 0x00, 0x00, 0x3F, 0x00, 0x4E, 0x1B, 0x40,
    0x21, 0x06, 0x01, 0x04, 0x0B, 0x07, 0x0A, 0x03, 0x05, 0x01, 0x04, 0x05, 0x67, 0x00, 0x01, 0x00,
    0x03, 0x02, 0x01, 0x03, 0x69, 0x09, 0x01, 0x02, 0x02, 0x00, 0x61, 0x08, 0x01, 0x00, 0x00, 0x42,
    0x00, 0x4E, 0x59, 0x40, 0x23, 0x24, 0x24, 0x20, 0x20, 0x11, 0x10, 0x01, 0x00, 0x24, 0x27, 0x24,
    0x27, 0x26, 0x25, 0x20, 0x23, 0x20, 0x23, 0x22, 0x21, 0x19, 0x17, 0x10, 0x1F, 0x11, 0x1F, 0x09,
    0x07, 0x00, 0x0F, 0x01, 0x0F, 0x0C, 0x09, 0x16, 0x2B, 0x05, 0x20, 0x27, 0x26, 0x11, 0x10, 0x37,
    0x36, 0x21, 0x20, 0x17, 0x16, 0x11, 0x10, 0x07, 0x06, 0x25, 0x32, 0x37, 0x36, 0x11, 0x10, 0x27,
    0x26, 0x23, 0x22, 0x07, 0x06, 0x11, 0x10, 0x17, 0x16, 0x03, 0x13, 0x33, 0x01, 0x33, 0x13, 0x33,
    0x01, 0x03, 0x12, 0xFE, 0xBF, 0xBD, 0xBE, 0xBF, 0xBF, 0x01, 0x49, 0x01, 0x47, 0xBF, 0xC0, 0xC0,
    0xBF, 0xFE, 0xB2, 0xD4, 0x72, 0x73, 0x73, 0x72, 0xCD, 0xCE, 0x73, 0x72, 0x72, 0x72, 0x42, 0xF1,
    0xD1, 0xFE, 0xBF, 0xEB, 0xF0, 0xD2, 0xFE, 0xC0, 0x25, 0xD2, 0xD3, 0x01, 0x64, 0x01, 0x67, 0xD1,
    0xD1, 0xD1, 0xD1, 0xFE, 0x9C, 0xFE, 0x93, 0xD0, 0xCF, 0xB4, 0x9C, 0x9B, 0x01, 0x21, 0x01, 0x18,
    0x9D, 0x9D, 0x9D, 0x9E, 0xFE, 0xE6, 0xFE, 0xE7, 0x9D, 0x9F, 0x05, 0xBF, 0x01, 0x41, 0xFE, 0xBF,
    0x01, 0x41, 0xFE, 0xBF, 0x00, 0x04, 0x00, 0x50, 0xFF, 0xE7, 0x04, 0x72, 0x06, 0x44, 0x00, 0x13,
    0x00, 0x21, 0x00, 0x25, 0x00, 0x29, 0x00, 0x79, 0x4B, 0xB0, 0x28, 0x50, 0x58, 0x40, 0x25, 0x0B,
    0x07, 0x0A, 0x03, 0x05, 0x05, 0x04, 0x5F, 0x06, 0x01, 0x04, 0x04, 0x3A, 0x4D, 0x00, 0x03, 0x03,
    0x01, 0x61, 0x00, 0x01, 0x01, 0x41, 0x4D, 0x09, 0x01, 0x02, 0x02, 0x00, 0x61, 0x08, 0x01, 0x00,
    0x00, 0x42, 0x00, 0x4E, 0x1B, 0x40, 0x23, 0x06, 0x01, 0x04, 0x0B, 0x07, 0x0A, 0x03, 0x05, 0x01,
    0x04, 0x05, 0x67, 0x00, 0x03, 0x03, 0x01, 0x61, 0x00, 0x01, 0x01, 0x41, 0x4D, 0x09, 0x01, 0x02,
    0x02, 0x00, 0x61, 0x08, 0x01, 0x00, 0x00, 0x42, 0x00, 0x4E, 0x59, 0x40, 0x23, 0x26, 0x26, 0x22,
    0x22, 0x15, 0x14, 0x01, 0x00, 0x26, 0x29, 0x26, 0x29, 0x28, 0x27, 0x22, 0x25, 0x22, 0x25, 0x24,
    0x23, 0x1B, 0x19, 0x14, 0x21, 0x15, 0x21, 0x0B, 0x09, 0x00, 0x13, 0x01, 0x13, 0x0C, 0x09, 0x16,
    0x2B, 0x05, 0x22, 0x2E, 0x02, 0x35, 0x34, 0x3E, 0x02, 0x33, 0x32, 0x1E, 0x02, 0x15, 0x14, 0x0E,
    0x02, 0x27, 0x32, 0x36, 0x35, 0x34, 0x26, 0x23, 0x22, 0x06, 0x15, 0x14, 0x1E, 0x02, 0x03, 0x13,
    0x33, 0x01, 0x33, 0x13, 0x33, 0x01, 0x02, 0x4E, 0x74, 0xBD, 0x85, 0x48, 0x49, 0x87, 0xBF, 0x76,
    0x76, 0xBF, 0x87, 0x49, 0x49, 0x87, 0xC3, 0x75, 0x7E, 0x83, 0x85, 0x79, 0x7B, 0x83, 0x21, 0x41,
    0x5D, 0xD2, 0xF1, 0xD1, 0xFE, 0xBF, 0xEB, 0xF0, 0xD2, 0xFE, 0xC0, 0x19, 0x51, 0x95, 0xD3, 0x82,
    0x84, 0xD3, 0x94, 0x4F, 0x50, 0x94, 0xD2, 0x82, 0x85, 0xD4, 0x95, 0x4F, 0xA6, 0xD4, 0xC4, 0xC0,
    0xD1, 0xD4, 0xC0, 0x60, 0x97, 0x68, 0x36, 0x04, 0x76, 0x01, 0x41, 0xFE, 0xBF, 0x01, 0x41, 0xFE,
    0xBF, 0x00, 0x00, 0x00, 0x00, 0x02, 0x00, 0x56, 0xFF, 0xDB, 0x07, 0xC5, 0x05, 0xED, 0x00, 0x1A,
    0x00, 0x2B, 0x00, 0x92, 0x40, 0x0E, 0x0F, 0x01, 0x08, 0x02, 0x2B, 0x01, 0x06, 0x05, 0x01, 0x01,
    0x07, 0x09, 0x03, 0x4C, 0x4B, 0xB0, 0x2A, 0x50, 0x58, 0x40, 0x32, 0x00, 0x04, 0x00, 0x05, 0x06,
    0x04, 0x05, 0x67, 0x00, 0x08, 0x08, 0x01, 0x61, 0x00, 0x01, 0x01, 0x3E, 0x4D, 0x00, 0x03, 0x03,
    0x02, 0x5F, 0x00, 0x02, 0x02, 0x38, 0x4D, 0x00, 0x06, 0x06, 0x07, 0x5F, 0x0A, 0x01, 0x07, 0x07,
    0x39, 0x4D, 0x00, 0x09, 0x09, 0x00, 0x61, 0x00, 0x00, 0x00, 0x3F, 0x00, 0x4E, 0x1B, 0x40, 0x2E,
    0x00, 0x01, 0x00, 0x08, 0x03, 0x01, 0x08, 0x69, 0x00, 0x02, 0x00, 0x03, 0x04, 0x02, 0x03, 0x67,
    0x00, 0x04, 0x00, 0x05, 0x06, 0x04, 0x05, 0x67, 0x00, 0x06, 0x06, 0x07, 0x5F, 0x0A, 0x01, 0x07,
    0x07, 0x3C, 0x4D, 0x00, 0x09, 0x09, 0x00, 0x61, 0x00, 0x00, 0x00, 0x42, 0x00, 0x4E, 0x59, 0x40,
    0x14, 0x00, 0x00, 0x2A, 0x28, 0x20, 0x1E, 0x00, 0x1A, 0x00, 0x1A, 0x11, 0x11, 0x11, 0x11, 0x12,
    0x28, 0x22, 0x0B, 0x09, 0x1D, 0x2B, 0x21, 0x35, 0x06, 0x23, 0x22, 0x24, 0x26, 0x02, 0x35, 0x34,
    0x12, 0x36, 0x24, 0x33, 0x32, 0x17, 0x35, 0x21, 0x15, 0x21, 0x11, 0x21, 0x15, 0x21, 0x11, 0x21,
    0x15, 0x01, 0x34, 0x27, 0x26, 0x23, 0x22, 0x0E, 0x02, 0x15, 0x14, 0x1E, 0x02, 0x33, 0x32, 0x13,
    0x04, 0x4B, 0x8C, 0xAF, 0xA0, 0xFE, 0xFE, 0xB6, 0x62, 0x62, 0xB7, 0x01, 0x05, 0xA2, 0xA9, 0x8C,
    0x03, 0x4D, 0xFD, 0x9C, 0x01, 0xFB, 0xFE, 0x05, 0x02, 0x91, 0xFC, 0x6C, 0x28, 0x5E, 0x97, 0x65,
    0x9F, 0x6D, 0x3A, 0x3A, 0x6F, 0x9F, 0x65, 0xE8, 0x33, 0x1D, 0x42, 0x6D, 0xCB, 0x01, 0x1F, 0xB2,
    0xB3, 0x01, 0x1F, 0xCA, 0x6D, 0x42, 0x1D, 0xB4, 0xFE, 0x44, 0xB1, 0xFE, 0x10, 0xB7, 0x03, 0x78,
    0xD5, 0x91, 0x5B, 0x52, 0x9A, 0xDE, 0x8B, 0x8D, 0xDD, 0x9A, 0x51, 0x01, 0x06, 0x00, 0x00, 0x00,
    0x00, 0x03, 0x00, 0x50, 0xFF, 0xE7, 0x07, 0x1A, 0x04, 0x5C, 0x00, 0x22, 0x00, 0x32, 0x00, 0x37,
    0x00, 0x42, 0x40, 0x3F, 0x15, 0x0D, 0x02, 0x02, 0x01, 0x0E, 0x01, 0x03, 0x02, 0x02, 0x4C, 0x0A,
    0x01, 0x09, 0x00, 0x01, 0x02, 0x09, 0x01, 0x67, 0x08, 0x01, 0x07, 0x07, 0x00, 0x61, 0x05, 0x01,
    0x00, 0x00, 0x41, 0x4D, 0x06, 0x01, 0x02, 0x02, 0x03, 0x61, 0x04, 0x01, 0x03, 0x03, 0x42, 0x03,
    0x4E, 0x33, 0x33, 0x33, 0x37, 0x33, 0x37, 0x25, 0x26, 0x23, 0x28, 0x25, 0x23, 0x22, 0x14, 0x21,
    0x0B, 0x09, 0x1F, 0x2B, 0x01, 0x36, 0x33, 0x32, 0x1E, 0x02, 0x15, 0x21, 0x16, 0x16, 0x33, 0x32,
    0x37, 0x15, 0x06, 0x23, 0x22, 0x2E, 0x02, 0x27, 0x06, 0x23, 0x22, 0x2E, 0x02, 0x35, 0x34, 0x3E,
    0x02, 0x33, 0x32, 0x01, 0x14, 0x16, 0x33, 0x32, 0x36, 0x35, 0x34, 0x2E, 0x02, 0x23, 0x22, 0x0E,
    0x02, 0x25, 0x10, 0x23, 0x22, 0x03, 0x03, 0xEA, 0x88, 0xE9, 0x75, 0xA8, 0x6E, 0x34, 0xFD, 0x59,
    0x10, 0xAF, 0xAC, 0x95, 0xA7, 0xBA, 0xB4, 0x49, 0x7C, 0x6B, 0x5E, 0x2C, 0x8E, 0xFC, 0x7B, 0xC6,
    0x8B, 0x4C, 0x4D, 0x8D, 0xC6, 0x7A, 0xF9, 0xFD, 0xF3, 0x8E, 0x87, 0x80, 0x85, 0x23, 0x42, 0x61,
    0x3E, 0x44, 0x68, 0x46, 0x24, 0x04, 0xCA, 0xC2, 0xCE, 0x1B, 0x03, 0xB1, 0xAB, 0x47, 0x96, 0xE8,
    0xA2, 0xB6, 0xAA, 0x46, 0xB6, 0x3E, 0x13, 0x2A, 0x43, 0x30, 0xB0, 0x51, 0x95, 0xD3, 0x82, 0x83,
    0xD3, 0x94, 0x50, 0xFD, 0xC9, 0xC3, 0xD5, 0xD1, 0xC5, 0x60, 0x96, 0x67, 0x36, 0x36, 0x67, 0x95,
    0x08, 0x01, 0x2A, 0xFE, 0xD6, 0x00, 0x00, 0x00, 0x00, 0x03, 0x00, 0xA9, 0x00, 0x00, 0x05, 0xAA,
    0x07, 0x8F, 0x00, 0x0B, 0x00, 0x14, 0x00, 0x18, 0x00, 0x75, 0xB5, 0x06, 0x01, 0x02, 0x04, 0x01,
    0x4C, 0x4B, 0xB0, 0x2A, 0x50, 0x58, 0x40, 0x25, 0x00, 0x06, 0x07, 0x06, 0x85, 0x09, 0x01, 0x07,
    0x00, 0x07, 0x85, 0x00, 0x04, 0x00, 0x02, 0x01, 0x04, 0x02, 0x67, 0x00, 0x05, 0x05, 0x00, 0x5F,
    0x00, 0x00, 0x00, 0x38, 0x4D, 0x08, 0x03, 0x02, 0x01, 0x01, 0x39, 0x01, 0x4E, 0x1B, 0x40, 0x23,
    0x00, 0x06, 0x07, 0x06, 0x85, 0x09, 0x01, 0x07, 0x00, 0x07, 0x85, 0x00, 0x00, 0x00, 0x05, 0x04,
    0x00, 0x05, 0x68, 0x00, 0x04, 0x00, 0x02, 0x01, 0x04, 0x02, 0x67, 0x08, 0x03, 0x02, 0x01, 0x01,
    0x3C, 0x01, 0x4E, 0x59, 0x40, 0x18, 0x15, 0x15, 0x00, 0x00, 0x15, 0x18, 0x15, 0x18, 0x17, 0x16,
    0x14, 0x12, 0x0E, 0x0C, 0x00, 0x0B, 0x00, 0x0B, 0x11, 0x14, 0x21, 0x0A, 0x09, 0x19, 0x2B, 0x33,
    0x11, 0x21, 0x20, 0x11, 0x10, 0x05, 0x01, 0x21, 0x01, 0x21, 0x11, 0x11, 0x33, 0x32, 0x36, 0x35,
    0x34, 0x26, 0x23, 0x23, 0x13, 0x13, 0x33, 0x01, 0xA9, 0x02, 0x77, 0x01, 0xC6, 0xFE, 0xDB, 0x01,
    0xE9, 0xFE, 0xD2, 0xFE, 0x5D, 0xFE, 0xCA, 0xC6, 0xBE, 0xB8, 0x9A, 0xA9, 0xF9, 0x62, 0xF1, 0xFF,
    0xFE, 0xBF, 0x05, 0xC8, 0xFE, 0x91, 0xFE, 0xD9, 0x7E, 0xFD, 0x4C, 0x02, 0x67, 0xFD, 0x99, 0x03,
    0x1B, 0x8D, 0x95, 0x6F, 0x68, 0x01, 0x3A, 0x01, 0x41, 0xFE, 0xBF, 0x00, 0x00, 0x02, 0x00, 0xA3,
    0x00, 0x00, 0x02, 0xDD, 0x06, 0x44, 0x00, 0x0E, 0x00, 0x12, 0x00, 0xC3, 0xB7, 0x0D, 0x09, 0x03,
    0x03, 0x03, 0x02, 0x01, 0x4C, 0x4B, 0xB0, 0x15, 0x50, 0x58, 0x40, 0x20, 0x07, 0x01, 0x05, 0x04,
    0x00, 0x04, 0x05, 0x00, 0x80, 0x00, 0x04, 0x04, 0x3A, 0x4D, 0x00, 0x02, 0x02, 0x00, 0x61, 0x01,
    0x01, 0x00, 0x00, 0x3B, 0x4D, 0x06, 0x01, 0x03, 0x03, 0x39, 0x03, 0x4E, 0x1B, 0x4B, 0xB0, 0x28,
    0x50, 0x58, 0x40, 0x24, 0x07, 0x01, 0x05, 0x04, 0x01, 0x04, 0x05, 0x01, 0x80, 0x00, 0x04, 0x04,
    0x3A, 0x4D, 0x00, 0x00, 0x00, 0x3B, 0x4D, 0x00, 0x02, 0x02, 0x01, 0x61, 0x00, 0x01, 0x01, 0x41,
    0x4D, 0x06, 0x01, 0x03, 0x03, 0x39, 0x03, 0x4E, 0x1B, 0x4B, 0xB0, 0x2A, 0x50, 0x58, 0x40, 0x21,
    0x00, 0x04, 0x05, 0x04, 0x85, 0x07, 0x01, 0x05, 0x01, 0x05, 0x85, 0x00, 0x00, 0x00, 0x3B, 0x4D,
    0x00, 0x02, 0x02, 0x01, 0x61, 0x00, 0x01, 0x01, 0x41, 0x4D, 0x06, 0x01, 0x03, 0x03, 0x39, 0x03,
    0x4E, 0x1B, 0x40, 0x21, 0x00, 0x04, 0x05, 0x04, 0x85, 0x07, 0x01, 0x05, 0x01, 0x05, 0x85, 0x00,
    0x00, 0x00, 0x3B, 0x4D, 0x00, 0x02, 0x02, 0x01, 0x61, 0x00, 0x01, 0x01, 0x41, 0x4D, 0x06, 0x01,
    0x03, 0x03, 0x3C, 0x03, 0x4E, 0x59, 0x59, 0x59, 0x40, 0x14, 0x0F, 0x0F, 0x00, 0x00, 0x0F, 0x12,
    0x0F, 0x12, 0x11, 0x10, 0x00, 0x0E, 0x00, 0x0E, 0x25, 0x12, 0x11, 0x08, 0x09, 0x19, 0x2B, 0x33,
    0x11, 0x33, 0x15, 0x36, 0x33, 0x32, 0x16, 0x17, 0x15, 0x26, 0x23, 0x22, 0x07, 0x11, 0x03, 0x13,
    0x33, 0x01, 0xA3, 0xF7, 0x55, 0xA8, 0x0B, 0x1B, 0x0F, 0x36, 0x22, 0x75, 0x65, 0xAD, 0xF1, 0xFF,
    0xFE, 0xBF, 0x04, 0x44, 0xC1, 0xD9, 0x03, 0x02, 0xE0, 0x14, 0xBC, 0xFD, 0x31, 0x05, 0x03, 0x01,
    0x41, 0xFE, 0xBF, 0x00, 0x00, 0x03, 0x00, 0xA9, 0xFE, 0x50, 0x05, 0xAA, 0x05, 0xC8, 0x00, 0x0B,
    0x00, 0x14, 0x00, 0x26, 0x00, 0x8C, 0x40, 0x0E, 0x06, 0x01, 0x02, 0x04, 0x15, 0x01, 0x06, 0x07,
    0x26, 0x01, 0x09, 0x06, 0x03, 0x4C, 0x4B, 0xB0, 0x2A, 0x50, 0x58, 0x40, 0x2C, 0x00, 0x04, 0x00,
    0x02, 0x01, 0x04, 0x02, 0x67, 0x00, 0x08, 0x00, 0x07, 0x06, 0x08, 0x07, 0x69, 0x00, 0x05, 0x05,
    0x00, 0x5F, 0x00, 0x00, 0x00, 0x38, 0x4D, 0x0A, 0x03, 0x02, 0x01, 0x01, 0x39, 0x4D, 0x00, 0x06,
    0x06, 0x09, 0x61, 0x00, 0x09, 0x09, 0x43, 0x09, 0x4E, 0x1B, 0x40, 0x2A, 0x00, 0x00, 0x00, 0x05,
    0x04, 0x00, 0x05, 0x67, 0x00, 0x04, 0x00, 0x02, 0x01, 0x04, 0x02, 0x67, 0x00, 0x08, 0x00, 0x07,
    0x06, 0x08, 0x07, 0x69, 0x0A, 0x03, 0x02, 0x01, 0x01, 0x3C, 0x4D, 0x00, 0x06, 0x06, 0x09, 0x61,
    0x00, 0x09, 0x09, 0x43, 0x09, 0x4E, 0x59, 0x40, 0x18, 0x00, 0x00, 0x25, 0x23, 0x1E, 0x1D, 0x1C,
    0x1B, 0x19, 0x17, 0x14, 0x12, 0x0E, 0x0C, 0x00, 0x0B, 0x00, 0x0B, 0x11, 0x14, 0x21, 0x0B, 0x09,
    0x19, 0x2B, 0x33, 0x11, 0x21, 0x20, 0x11, 0x10, 0x05, 0x01, 0x21, 0x01, 0x21, 0x11, 0x11, 0x33,
    0x32, 0x36, 0x35, 0x34, 0x26, 0x23, 0x23, 0x13, 0x16, 0x16, 0x33, 0x32, 0x35, 0x34, 0x27, 0x35,
    0x20, 0x15, 0x14, 0x0E, 0x02, 0x23, 0x22, 0x27, 0xA9, 0x02, 0x77, 0x01, 0xC6, 0xFE, 0xDB, 0x01,
    0xE9, 0xFE, 0xD2, 0xFE, 0x5D, 0xFE, 0xCA, 0xC6, 0xBE, 0xB8, 0x9A, 0xA9, 0xF9, 0x6F, 0x1D, 0x34,
    0x17, 0x77, 0xA2, 0x01, 0x48, 0x21, 0x3C, 0x55, 0x33, 0x48, 0x58, 0x05, 0xC8, 0xFE, 0x91, 0xFE,
    0xD9, 0x7E, 0xFD, 0x4C, 0x02, 0x67, 0xFD, 0x99, 0x03, 0x1B, 0x8D, 0x95, 0x6F, 0x68, 0xF9, 0xA4,
    0x04, 0x04, 0x42, 0x43, 0x0B, 0x58, 0xA9, 0x25, 0x3B, 0x29, 0x16, 0x0C, 0x00, 0x02, 0x00, 0xA3,
    0xFE, 0x50, 0x02, 0xCC, 0x04, 0x5C, 0x00, 0x0E, 0x00, 0x20, 0x00, 0xB1, 0x40, 0x10, 0x0D, 0x09,
    0x03, 0x03, 0x03, 0x02, 0x0F, 0x01, 0x04, 0x05, 0x20, 0x01, 0x07, 0x04, 0x03, 0x4C, 0x4B, 0xB0,
    0x15, 0x50, 0x58, 0x40, 0x24, 0x00, 0x06, 0x00, 0x05, 0x04, 0x06, 0x05, 0x69, 0x00, 0x02, 0x02,
    0x00, 0x61, 0x01, 0x01, 0x00, 0x00, 0x3B, 0x4D, 0x08, 0x01, 0x03, 0x03, 0x39, 0x4D, 0x00, 0x04,
    0x04, 0x07, 0x61, 0x00, 0x07, 0x07, 0x43, 0x07, 0x4E, 0x1B, 0x4B, 0xB0, 0x2A, 0x50, 0x58, 0x40,
    0x28, 0x00, 0x06, 0x00, 0x05, 0x04, 0x06, 0x05, 0x69, 0x00, 0x00, 0x00, 0x3B, 0x4D, 0x00, 0x02,
    0x02, 0x01, 0x61, 0x00, 0x01, 0x01, 0x41, 0x4D, 0x08, 0x01, 0x03, 0x03, 0x39, 0x4D, 0x00, 0x04,
    0x04, 0x07, 0x61, 0x00, 0x07, 0x07, 0x43, 0x07, 0x4E, 0x1B, 0x40, 0x28, 0x00, 0x06, 0x00, 0x05,
    0x04, 0x06, 0x05, 0x69, 0x00, 0x00, 0x00, 0x3B, 0x4D, 0x00, 0x02, 0x02, 0x01, 0x61, 0x00, 0x01,
    0x01, 0x41, 0x4D, 0x08, 0x01, 0x03, 0x03, 0x3C, 0x4D, 0x00, 0x04, 0x04, 0x07, 0x61, 0x00, 0x07,
    0x07, 0x43, 0x07, 0x4E, 0x59, 0x59, 0x40, 0x14, 0x00, 0x00, 0x1F, 0x1D, 0x18, 0x17, 0x16, 0x15,
    0x13, 0x11, 0x00, 0x0E, 0x00, 0x0E, 0x25, 0x12, 0x11, 0x09, 0x09, 0x19, 0x2B, 0x33, 0x11, 0x33,
    0x15, 0x36, 0x33, 0x32, 0x16, 0x17, 0x15, 0x26, 0x23, 0x22, 0x07, 0x11, 0x03, 0x16, 0x16, 0x33,
    0x32, 0x35, 0x34, 0x27, 0x35, 0x20, 0x15, 0x14, 0x0E, 0x02, 0x23, 0x22, 0x27, 0xA3, 0xF7, 0x55,
    0xA8, 0x0B, 0x1B, 0x0F, 0x36, 0x22, 0x75, 0x65, 0xEA, 0x1D, 0x35, 0x17, 0x76, 0xA1, 0x01, 0x48,
    0x21, 0x3C, 0x54, 0x34, 0x49, 0x58, 0x04, 0x44, 0xC1, 0xD9, 0x03, 0x02, 0xE0, 0x14, 0xBC, 0xFD,
    0x31, 0xFE, 0xB8, 0x04, 0x04, 0x42, 0x43, 0x0B, 0x58, 0xA9, 0x24, 0x3B, 0x29, 0x17, 0x0C, 0x00,
    0x00, 0x03, 0x00, 0xA9, 0x00, 0x00, 0x05, 0xAA, 0x07, 0x8F, 0x00, 0x0B, 0x00, 0x14, 0x00, 0x20,
    0x00, 0x7E, 0x40, 0x0A, 0x1C, 0x01, 0x06, 0x07, 0x06, 0x01, 0x02, 0x04, 0x02, 0x4C, 0x4B, 0xB0,
    0x2A, 0x50, 0x58, 0x40, 0x26, 0x0A, 0x08, 0x02, 0x07, 0x06, 0x07, 0x85, 0x00, 0x06, 0x00, 0x06,
    0x85, 0x00, 0x04, 0x00, 0x02, 0x01, 0x04, 0x02, 0x67, 0x00, 0x05, 0x05, 0x00, 0x5F, 0x00, 0x00,
    0x00, 0x38, 0x4D, 0x09, 0x03, 0x02, 0x01, 0x01, 0x39, 0x01, 0x4E, 0x1B, 0x40, 0x24, 0x0A, 0x08,
    0x02, 0x07, 0x06, 0x07, 0x85, 0x00, 0x06, 0x00, 0x06, 0x85, 0x00, 0x00, 0x00, 0x05, 0x04, 0x00,
    0x05, 0x68, 0x00, 0x04, 0x00, 0x02, 0x01, 0x04, 0x02, 0x67, 0x09, 0x03, 0x02, 0x01, 0x01, 0x3C,
    0x01, 0x4E, 0x59, 0x40, 0x1A, 0x15, 0x15, 0x00, 0x00, 0x15, 0x20, 0x15, 0x20, 0x19, 0x18, 0x17,
    0x16, 0x14, 0x12, 0x0E, 0x0C, 0x00, 0x0B, 0x00, 0x0B, 0x11, 0x14, 0x21, 0x0B, 0x09, 0x19, 0x2B,
    0x33, 0x11, 0x21, 0x20, 0x11, 0x10, 0x05, 0x01, 0x21, 0x01, 0x21, 0x11, 0x11, 0x33, 0x32, 0x36,
    0x35, 0x34, 0x26, 0x23, 0x23, 0x01, 0x03, 0x23, 0x03, 0x33, 0x16, 0x16, 0x17, 0x33, 0x36, 0x36,
    0x37, 0xA9, 0x02, 0x77, 0x01, 0xC6, 0xFE, 0xDB, 0x01, 0xE9, 0xFE, 0xD2, 0xFE, 0x5D, 0xFE, 0xCA,
    0xC6, 0xBE, 0xB8, 0x9A, 0xA9, 0xF9, 0x02, 0x5C, 0xF1, 0xF6, 0xF1, 0xA4, 0x32, 0x62, 0x33, 0x02,
    0x33, 0x62, 0x32, 0x05, 0xC8, 0xFE, 0x91, 0xFE, 0xD9, 0x7E, 0xFD, 0x4C, 0x02, 0x67, 0xFD, 0x99,
    0x03, 0x1B, 0x8D, 0x95, 0x6F, 0x68, 0x02, 0x7B, 0xFE, 0xBF, 0x01, 0x41, 0x33, 0x63, 0x32, 0x32,
    0x63, 0x33, 0x00, 0x00, 0x00, 0x02, 0x00, 0x0B, 0x00, 0x00, 0x02, 0xE3, 0x06, 0x44, 0x00, 0x0E,
    0x00, 0x16, 0x00, 0xCE, 0x40, 0x0C, 0x14, 0x01, 0x04, 0x05, 0x0D, 0x09, 0x03, 0x03, 0x03, 0x02,
    0x02, 0x4C, 0x4B, 0xB0, 0x15, 0x50, 0x58, 0x40, 0x21, 0x00, 0x04, 0x05, 0x00, 0x05, 0x04, 0x00,
    0x80, 0x08, 0x06, 0x02, 0x05, 0x05, 0x3A, 0x4D, 0x00, 0x02, 0x02, 0x00, 0x61, 0x01, 0x01, 0x00,
    0x00, 0x3B, 0x4D, 0x07, 0x01, 0x03, 0x03, 0x39, 0x03, 0x4E, 0x1B, 0x4B, 0xB0, 0x28, 0x50, 0x58,
    0x40, 0x25, 0x00, 0x04, 0x05, 0x01, 0x05, 0x04, 0x01, 0x80, 0x08, 0x06, 0x02, 0x05, 0x05, 0x3A,
    0x4D, 0x00, 0x00, 0x00, 0x3B, 0x4D, 0x00, 0x02, 0x02, 0x01, 0x61, 0x00, 0x01, 0x01, 0x41, 0x4D,
    0x07, 0x01, 0x03, 0x03, 0x39, 0x03, 0x4E, 0x1B, 0x4B, 0xB0, 0x2A, 0x50, 0x58, 0x40, 0x22, 0x08,
    0x06, 0x02, 0x05, 0x04, 0x05, 0x85, 0x00, 0x04, 0x01, 0x04, 0x85, 0x00, 0x00, 0x00, 0x3B, 0x4D,
    0x00, 0x02, 0x02, 0x01, 0x61, 0x00, 0x01, 0x01, 0x41, 0x4D, 0x07, 0x01, 0x03, 0x03, 0x39, 0x03,
    0x4E, 0x1B, 0x40, 0x22, 0x08, 0x06, 0x02, 0x05, 0x04, 0x05, 0x85, 0x00, 0x04, 0x01, 0x04, 0x85,
    0x00, 0x00, 0x00, 0x3B, 0x4D, 0x00, 0x02, 0x02, 0x01, 0x61, 0x00, 0x01, 0x01, 0x41, 0x4D, 0x07,
    0x01, 0x03, 0x03, 0x3C, 0x03, 0x4E, 0x59, 0x59, 0x59, 0x40, 0x16, 0x0F, 0x0F, 0x00, 0x00, 0x0F,
    0x16, 0x0F, 0x16, 0x13, 0x12, 0x11, 0x10, 0x00, 0x0E, 0x00, 0x0E, 0x25, 0x12, 0x11, 0x09, 0x09,
    0x19, 0x2B, 0x33, 0x11, 0x33, 0x15, 0x36, 0x33, 0x32, 0x16, 0x17, 0x15, 0x26, 0x23, 0x22, 0x07,
    0x11, 0x01, 0x03, 0x23, 0x03, 0x33, 0x17, 0x33, 0x37, 0xA4, 0xF6, 0x57, 0xA6, 0x0B, 0x1B, 0x10,
    0x37, 0x22, 0x74, 0x66, 0x01, 0x49, 0xF1, 0xF6, 0xF1, 0xA4, 0xC7, 0x02, 0xC7, 0x04, 0x44, 0xC1,
    0xD9, 0x03, 0x02, 0xE0, 0x14, 0xBC, 0xFD, 0x31, 0x06, 0x44, 0xFE, 0xBF, 0x01, 0x41, 0xC8, 0xC8,
    0x00, 0x02, 0x00, 0x6F, 0xFF, 0xDC, 0x04, 0xF2, 0x07, 0x8F, 0x00, 0x33, 0x00, 0x37, 0x00, 0x6F,
    0x40, 0x0F, 0x17, 0x01, 0x02, 0x01, 0x18, 0x00, 0x02, 0x00, 0x02, 0x33, 0x01, 0x03, 0x00, 0x03,
    0x4C, 0x4B, 0xB0, 0x2A, 0x50, 0x58, 0x40, 0x20, 0x00, 0x04, 0x05, 0x04, 0x85, 0x06, 0x01, 0x05,
    0x01, 0x05, 0x85, 0x00, 0x02, 0x02, 0x01, 0x61, 0x00, 0x01, 0x01, 0x3E, 0x4D, 0x00, 0x00, 0x00,
    0x03, 0x61, 0x00, 0x03, 0x03, 0x3F, 0x03, 0x4E, 0x1B, 0x40, 0x1E, 0x00, 0x04, 0x05, 0x04, 0x85,
    0x06, 0x01, 0x05, 0x01, 0x05, 0x85, 0x00, 0x01, 0x00, 0x02, 0x00, 0x01, 0x02, 0x6A, 0x00, 0x00,
    0x00, 0x03, 0x61, 0x00, 0x03, 0x03, 0x42, 0x03, 0x4E, 0x59, 0x40, 0x12, 0x34, 0x34, 0x34, 0x37,
    0x34, 0x37, 0x36, 0x35, 0x31, 0x2F, 0x1C, 0x1A, 0x16, 0x14, 0x21, 0x07, 0x09, 0x17, 0x2B, 0x13,
    0x04, 0x21, 0x20, 0x35, 0x34, 0x2E, 0x02, 0x27, 0x2E, 0x03, 0x27, 0x2E, 0x03, 0x35, 0x10, 0x21,
    0x32, 0x17, 0x15, 0x26, 0x26, 0x23, 0x22, 0x06, 0x15, 0x14, 0x1E, 0x02, 0x17, 0x16, 0x16, 0x17,
    0x1E, 0x05, 0x15, 0x14, 0x04, 0x21, 0x22, 0x24, 0x27, 0x01, 0x13, 0x33, 0x01, 0x6F, 0x01, 0x1D,
    0x01, 0x0F, 0x01, 0x49, 0x10, 0x20, 0x2D, 0x1E, 0x20, 0x52, 0x5C, 0x60, 0x2E, 0x70, 0x9D, 0x62,
    0x2D, 0x02, 0x3C, 0xF9, 0xEA, 0x7B, 0xF0, 0x77, 0xA7, 0x98, 0x15, 0x33, 0x57, 0x41, 0x0E, 0x1D,
    0x0E, 0x75, 0xB7, 0x89, 0x5F, 0x3B, 0x1B, 0xFE, 0xC8, 0xFE, 0xD6, 0x78, 0xFE, 0xEF, 0x98, 0x01,
    0x8F, 0xF1, 0xFE, 0xFE, 0xBF, 0x01, 0x06, 0x77, 0xDA, 0x24, 0x36, 0x2C, 0x26, 0x13, 0x0F, 0x20,
    0x20, 0x21, 0x11, 0x28, 0x56, 0x66, 0x7C, 0x4D, 0x01, 0x97, 0x39, 0xD6, 0x2E, 0x2C, 0x5B, 0x69,
    0x27, 0x39, 0x30, 0x2A, 0x17, 0x05, 0x0B, 0x06, 0x27, 0x45, 0x44, 0x49, 0x57, 0x6A, 0x43, 0xD4,
    0xE0, 0x24, 0x20, 0x06, 0x2E, 0x01, 0x41, 0xFE, 0xBF, 0x00, 0x00, 0x00, 0x00, 0x02, 0x00, 0x77,
    0xFF, 0xE7, 0x03, 0xCC, 0x06, 0x44, 0x00, 0x27, 0x00, 0x2B, 0x00, 0x70, 0x40, 0x0F, 0x12, 0x01,
    0x02, 0x01, 0x13, 0x00, 0x02, 0x00, 0x02, 0x27, 0x01, 0x03, 0x00, 0x03, 0x4C, 0x4B, 0xB0, 0x28,
    0x50, 0x58, 0x40, 0x23, 0x06, 0x01, 0x05, 0x04, 0x01, 0x04, 0x05, 0x01, 0x80, 0x00, 0x04, 0x04,
    0x3A, 0x4D, 0x00, 0x02, 0x02, 0x01, 0x61, 0x00, 0x01, 0x01, 0x41, 0x4D, 0x00, 0x00, 0x00, 0x03,
    0x61, 0x00, 0x03, 0x03, 0x42, 0x03, 0x4E, 0x1B, 0x40, 0x20, 0x00, 0x04, 0x05, 0x04, 0x85, 0x06,
    0x01, 0x05, 0x01, 0x05, 0x85, 0x00, 0x02, 0x02, 0x01, 0x61, 0x00, 0x01, 0x01, 0x41, 0x4D, 0x00,
    0x00, 0x00, 0x03, 0x61, 0x00, 0x03, 0x03, 0x42, 0x03, 0x4E, 0x59, 0x40, 0x0E, 0x28, 0x28, 0x28,
    0x2B, 0x28, 0x2B, 0x13, 0x2E, 0x24, 0x2B, 0x21, 0x07, 0x09, 0x1B, 0x2B, 0x37, 0x16, 0x33, 0x32,
    0x35, 0x34, 0x26, 0x27, 0x27, 0x2E, 0x03, 0x35, 0x10, 0x21, 0x32, 0x16, 0x17, 0x15, 0x26, 0x23,
    0x22, 0x15, 0x14, 0x16, 0x17, 0x17, 0x1E, 0x03, 0x15, 0x14, 0x0E, 0x02, 0x23, 0x22, 0x27, 0x01,
    0x13, 0x33, 0x01, 0x77, 0xD6, 0xA2, 0xE1, 0x52, 0x55, 0x8A, 0x52, 0x6F, 0x44, 0x1D, 0x01, 0xB8,
    0x45, 0xA1, 0x5C, 0xB9, 0x82, 0xCC, 0x4C, 0x4B, 0x7A, 0x5B, 0x7E, 0x4F, 0x23, 0x42, 0x7B, 0xAE,
    0x6C, 0xB5, 0xC9, 0x01, 0x1E, 0xF1, 0xFF, 0xFE, 0xBF, 0xEB, 0x5E, 0x8F, 0x2C, 0x4C, 0x1E, 0x31,
    0x1F, 0x3E, 0x49, 0x5A, 0x3B, 0x01, 0x3E, 0x12, 0x11, 0xB8, 0x35, 0x7D, 0x28, 0x45, 0x1A, 0x2A,
    0x20, 0x46, 0x52, 0x60, 0x3A, 0x4D, 0x7C, 0x57, 0x2F, 0x3E, 0x04, 0xDE, 0x01, 0x41, 0xFE, 0xBF,
    0x00, 0x02, 0x00, 0x6F, 0xFF, 0xDC, 0x04, 0xF2, 0x07, 0x8F, 0x00, 0x33, 0x00, 0x3F, 0x00, 0x77,
    0x40, 0x13, 0x3B, 0x01, 0x05, 0x04, 0x17, 0x01, 0x02, 0x01, 0x18, 0x00, 0x02, 0x00, 0x02, 0x33,
    0x01, 0x03, 0x00, 0x04, 0x4C, 0x4B, 0xB0, 0x2A, 0x50, 0x58, 0x40, 0x21, 0x00, 0x04, 0x05, 0x04,
    0x85, 0x07, 0x06, 0x02, 0x05, 0x01, 0x05, 0x85, 0x00, 0x02, 0x02, 0x01, 0x61, 0x00, 0x01, 0x01,
    0x3E, 0x4D, 0x00, 0x00, 0x00, 0x03, 0x61, 0x00, 0x03, 0x03, 0x3F, 0x03, 0x4E, 0x1B, 0x40, 0x1F,
    0x00, 0x04, 0x05, 0x04, 0x85, 0x07, 0x06, 0x02, 0x05, 0x01, 0x05, 0x85, 0x00, 0x01, 0x00, 0x02,
    0x00, 0x01, 0x02, 0x6A, 0x00, 0x00, 0x00, 0x03, 0x61, 0x00, 0x03, 0x03, 0x42, 0x03, 0x4E, 0x59,
    0x40, 0x14, 0x34, 0x34, 0x34, 0x3F, 0x34, 0x3F, 0x38, 0x37, 0x36, 0x35, 0x31, 0x2F, 0x1C, 0x1A,
    0x16, 0x14, 0x21, 0x08, 0x09, 0x17, 0x2B, 0x13, 0x04, 0x21, 0x20, 0x35, 0x34, 0x2E, 0x02, 0x27,
    0x2E, 0x03, 0x27, 0x2E, 0x03, 0x35, 0x10, 0x21, 0x32, 0x17, 0x15, 0x26, 0x26, 0x23, 0x22, 0x06,
    0x15, 0x14, 0x1E, 0x02, 0x17, 0x16, 0x16, 0x17, 0x1E, 0x05, 0x15, 0x14, 0x04, 0x21, 0x22, 0x24,
    0x27, 0x13, 0x13, 0x33, 0x13, 0x23, 0x26, 0x26, 0x27, 0x23, 0x06, 0x06, 0x07, 0x6F, 0x01, 0x1D,
    0x01, 0x0F, 0x01, 0x49, 0x10, 0x20, 0x2D, 0x1E, 0x20, 0x52, 0x5C, 0x60, 0x2E, 0x70, 0x9D, 0x62,
    0x2D, 0x02, 0x3C, 0xF9, 0xEA, 0x7B, 0xF0, 0x77, 0xA7, 0x98, 0x15, 0x33, 0x57, 0x41, 0x0E, 0x1D,
    0x0E, 0x75, 0xB7, 0x89, 0x5F, 0x3B, 0x1B, 0xFE, 0xC8, 0xFE, 0xD6, 0x78, 0xFE, 0xEF, 0x98, 0xD8,
    0xF1, 0xF6, 0xF1, 0xA4, 0x32, 0x62, 0x33, 0x02, 0x33, 0x62, 0x32, 0x01, 0x06, 0x77, 0xDA, 0x24,
    0x36, 0x2C, 0x26, 0x13, 0x0F, 0x20, 0x20, 0x21, 0x11, 0x28, 0x56, 0x66, 0x7C, 0x4D, 0x01, 0x97,
    0x39, 0xD6, 0x2E, 0x2C, 0x5B, 0x69, 0x27, 0x39, 0x30, 0x2A, 0x17, 0x05, 0x0B, 0x06, 0x27, 0x45,
    0x44, 0x49, 0x57, 0x6A, 0x43, 0xD4, 0xE0, 0x24, 0x20, 0x06, 0x2E, 0x01, 0x41, 0xFE, 0xBF, 0x32,
    0x63, 0x32, 0x32, 0x63, 0x32, 0x00, 0x00, 0x00, 0x00, 0x02, 0x00, 0x77, 0xFF, 0xE7, 0x03, 0xCC,
    0x06, 0x44, 0x00, 0x27, 0x00, 0x33, 0x00, 0x77, 0x40, 0x13, 0x2F, 0x01, 0x05, 0x04, 0x12, 0x01,
    0x02, 0x01, 0x13, 0x00, 0x02, 0x00, 0x02, 0x27, 0x01, 0x03, 0x00, 0x04, 0x4C, 0x4B, 0xB0, 0x28,
    0x50, 0x58, 0x40, 0x24, 0x07, 0x06, 0x02, 0x05, 0x04, 0x01, 0x04, 0x05, 0x01, 0x80, 0x00, 0x04,
    0x04, 0x3A, 0x4D, 0x00, 0x02, 0x02, 0x01, 0x61, 0x00, 0x01, 0x01, 0x41, 0x4D, 0x00, 0x00, 0x00,
    0x03, 0x61, 0x00, 0x03, 0x03, 0x42, 0x03, 0x4E, 0x1B, 0x40, 0x21, 0x00, 0x04, 0x05, 0x04, 0x85,
    0x07, 0x06, 0x02, 0x05, 0x01, 0x05, 0x85, 0x00, 0x02, 0x02, 0x01, 0x61, 0x00, 0x01, 0x01, 0x41,
    0x4D, 0x00, 0x00, 0x00, 0x03, 0x61, 0x00, 0x03, 0x03, 0x42, 0x03, 0x4E, 0x59, 0x40, 0x0F, 0x28,
    0x28, 0x28, 0x33, 0x28, 0x33, 0x11, 0x13, 0x2E, 0x24, 0x2B, 0x21, 0x08, 0x09, 0x1C, 0x2B, 0x37,
    0x16, 0x33, 0x32, 0x35, 0x34, 0x26, 0x27, 0x27, 0x2E, 0x03, 0x35, 0x10, 0x21, 0x32, 0x16, 0x17,
    0x15, 0x26, 0x23, 0x22, 0x15, 0x14, 0x16, 0x17, 0x17, 0x1E, 0x03, 0x15, 0x14, 0x0E, 0x02, 0x23,
    0x22, 0x27, 0x13, 0x13, 0x33, 0x13, 0x23, 0x26, 0x26, 0x27, 0x23, 0x06, 0x06, 0x07, 0x77, 0xD6,
    0xA2, 0xE1, 0x52, 0x55, 0x8A, 0x52, 0x6F, 0x44, 0x1D, 0x01, 0xB8, 0x45, 0xA1, 0x5C, 0xB9, 0x82,
    0xCC, 0x4C, 0x4B, 0x7A, 0x5B, 0x7E, 0x4F, 0x23, 0x42, 0x7B, 0xAE, 0x6C, 0xB5, 0xC9, 0x53, 0xF1,
    0xF6, 0xF1, 0xA4, 0x32, 0x62, 0x33, 0x02, 0x33, 0x62, 0x32, 0xEB, 0x5E, 0x8F, 0x2C, 0x4C, 0x1E,
    0x31, 0x1F, 0x3E, 0x49, 0x5A, 0x3B, 0x01, 0x3E, 0x12, 0x11, 0xB8, 0x35, 0x7D, 0x28, 0x45, 0x1A,
    0x2A, 0x20, 0x46, 0x52, 0x60, 0x3A, 0x4D, 0x7C, 0x57, 0x2F, 0x3E, 0x04, 0xDE, 0x01, 0x41, 0xFE,
    0xBF, 0x32, 0x63, 0x32, 0x32, 0x63, 0x32, 0x00, 0x00, 0x01, 0x00, 0x6F, 0xFE, 0x50, 0x04, 0xF2,
    0x05, 0xED, 0x00, 0x47, 0x01, 0x04, 0x40, 0x17, 0x17, 0x01, 0x02, 0x01, 0x18, 0x00, 0x02, 0x00,
    0x02, 0x47, 0x01, 0x03, 0x00, 0x3A, 0x01, 0x06, 0x07, 0x39, 0x01, 0x05, 0x06, 0x05, 0x4C, 0x4B,
    0xB0, 0x0C, 0x50, 0x58, 0x40, 0x2D, 0x00, 0x04, 0x03, 0x07, 0x06, 0x04, 0x72, 0x00, 0x07, 0x06,
    0x03, 0x07, 0x70, 0x00, 0x02, 0x02, 0x01, 0x61, 0x00, 0x01, 0x01, 0x3E, 0x4D, 0x00, 0x00, 0x00,
    0x03, 0x61, 0x08, 0x01, 0x03, 0x03, 0x42, 0x4D, 0x00, 0x06, 0x06, 0x05, 0x62, 0x00, 0x05, 0x05,
    0x43, 0x05, 0x4E, 0x1B, 0x4B, 0xB0, 0x12, 0x50, 0x58, 0x40, 0x2E, 0x00, 0x04, 0x03, 0x07, 0x03,
    0x04, 0x07, 0x80, 0x00, 0x07, 0x06, 0x03, 0x07, 0x70, 0x00, 0x02, 0x02, 0x01, 0x61, 0x00, 0x01,
    0x01, 0x3E, 0x4D, 0x00, 0x00, 0x00, 0x03, 0x61, 0x08, 0x01, 0x03, 0x03, 0x42, 0x4D, 0x00, 0x06,
    0x06, 0x05, 0x62, 0x00, 0x05, 0x05, 0x43, 0x05, 0x4E, 0x1B, 0x4B, 0xB0, 0x2A, 0x50, 0x58, 0x40,
    0x2F, 0x00, 0x04, 0x03, 0x07, 0x03, 0x04, 0x07, 0x80, 0x00, 0x07, 0x06, 0x03, 0x07, 0x06, 0x7E,
    0x00, 0x02, 0x02, 0x01, 0x61, 0x00, 0x01, 0x01, 0x3E, 0x4D, 0x00, 0x00, 0x00, 0x03, 0x61, 0x08,
    0x01, 0x03, 0x03, 0x42, 0x4D, 0x00, 0x06, 0x06, 0x05, 0x62, 0x00, 0x05, 0x05, 0x43, 0x05, 0x4E,
    0x1B, 0x40, 0x2D, 0x00, 0x04, 0x03, 0x07, 0x03, 0x04, 0x07, 0x80, 0x00, 0x07, 0x06, 0x03, 0x07,
    0x06, 0x7E, 0x00, 0x01, 0x00, 0x02, 0x00, 0x01, 0x02, 0x69, 0x00, 0x00, 0x00, 0x03, 0x61, 0x08,
    0x01, 0x03, 0x03, 0x42, 0x4D, 0x00, 0x06, 0x06, 0x05, 0x62, 0x00, 0x05, 0x05, 0x43, 0x05, 0x4E,
    0x59, 0x59, 0x59, 0x40, 0x14, 0x45, 0x43, 0x42, 0x41, 0x3D, 0x3B, 0x38, 0x36, 0x2E, 0x2D, 0x2C,
    0x2B, 0x1C, 0x1A, 0x16, 0x14, 0x22, 0x09, 0x09, 0x17, 0x2B, 0x13, 0x16, 0x04, 0x33, 0x32, 0x36,
    0x35, 0x34, 0x26, 0x27, 0x2E, 0x03, 0x27, 0x2E, 0x03, 0x35, 0x10, 0x21, 0x32, 0x17, 0x15, 0x26,
    0x26, 0x23, 0x22, 0x06, 0x15, 0x14, 0x1E, 0x02, 0x17, 0x17, 0x1E, 0x03, 0x15, 0x14, 0x04, 0x05,
    0x07, 0x1E, 0x03, 0x15, 0x14, 0x0E, 0x02, 0x23, 0x22, 0x27, 0x35, 0x16, 0x33, 0x32, 0x36, 0x35,
    0x34, 0x26, 0x23, 0x37, 0x27, 0x26, 0x26, 0x27, 0x6F, 0x8B, 0x01, 0x0E, 0x83, 0xAE, 0xAB, 0x1E,
    0x1E, 0x16, 0x58, 0x70, 0x80, 0x3D, 0x72, 0x9D, 0x61, 0x2C, 0x02, 0x3C, 0xF9, 0xEA, 0x7D, 0xF0,
    0x7A, 0xA4, 0x96, 0x17, 0x39, 0x62, 0x4B, 0xD8, 0x79, 0xA4, 0x65, 0x2C, 0xFE, 0xEB, 0xFE, 0xF3,
    0x2E, 0x30, 0x4E, 0x38, 0x1F, 0x24, 0x3D, 0x52, 0x2E, 0x4B, 0x5C, 0x3A, 0x35, 0x3B, 0x2F, 0x62,
    0x61, 0x56, 0x33, 0x64, 0xDF, 0x76, 0x01, 0x06, 0x3A, 0x3D, 0x67, 0x73, 0x31, 0x48, 0x1C, 0x15,
    0x2A, 0x2B, 0x2C, 0x15, 0x29, 0x56, 0x66, 0x7A, 0x4E, 0x01, 0x97, 0x39, 0xD6, 0x2F, 0x2B, 0x5D,
    0x67, 0x29, 0x3A, 0x31, 0x2D, 0x1B, 0x4C, 0x2B, 0x57, 0x68, 0x7F, 0x53, 0xC9, 0xDE, 0x0B, 0x4D,
    0x03, 0x1A, 0x29, 0x37, 0x20, 0x22, 0x3C, 0x2C, 0x1A, 0x1A, 0x56, 0x0F, 0x23, 0x1E, 0x28, 0x34,
    0x8E, 0x03, 0x06, 0x20, 0x1B, 0x00, 0x00, 0x00, 0x00, 0x01, 0x00, 0x77, 0xFE, 0x50, 0x03, 0xCC,
    0x04, 0x5C, 0x00, 0x3F, 0x00, 0x51, 0x40, 0x4E, 0x13, 0x01, 0x02, 0x01, 0x14, 0x00, 0x02, 0x00,
    0x02, 0x3F, 0x01, 0x07, 0x00, 0x36, 0x01, 0x05, 0x06, 0x35, 0x01, 0x04, 0x05, 0x05, 0x4C, 0x00,
    0x03, 0x00, 0x06, 0x05, 0x03, 0x06, 0x69, 0x00, 0x02, 0x02, 0x01, 0x61, 0x00, 0x01, 0x01, 0x41,
    0x4D, 0x00, 0x00, 0x00, 0x07, 0x61, 0x00, 0x07, 0x07, 0x42, 0x4D, 0x00, 0x05, 0x05, 0x04, 0x61,
    0x00, 0x04, 0x04, 0x43, 0x04, 0x4E, 0x3E, 0x3D, 0x3C, 0x3B, 0x39, 0x37, 0x34, 0x32, 0x2A, 0x29,
    0x24, 0x2C, 0x21, 0x08, 0x09, 0x19, 0x2B, 0x37, 0x16, 0x33, 0x32, 0x36, 0x35, 0x34, 0x26, 0x27,
    0x27, 0x2E, 0x03, 0x35, 0x10, 0x21, 0x32, 0x16, 0x17, 0x15, 0x26, 0x23, 0x22, 0x15, 0x14, 0x16,
    0x17, 0x17, 0x1E, 0x03, 0x15, 0x14, 0x0E, 0x02, 0x07, 0x06, 0x06, 0x07, 0x1E, 0x03, 0x15, 0x14,
    0x0E, 0x02, 0x23, 0x22, 0x27, 0x35, 0x16, 0x33, 0x32, 0x35, 0x34, 0x23, 0x37, 0x26, 0x27, 0x77,
    0xD6, 0xA2, 0x6A, 0x74, 0x4C, 0x58, 0x8A, 0x55, 0x70, 0x42, 0x1B, 0x01, 0xB8, 0x45, 0xA1, 0x5C,
    0xB9, 0x82, 0xCC, 0x4C, 0x4B, 0x7A, 0x5B, 0x7E, 0x4F, 0x23, 0x36, 0x66, 0x90, 0x5A, 0x0E, 0x1B,
    0x0E, 0x30, 0x4F, 0x38, 0x1E, 0x24, 0x3E, 0x52, 0x2D, 0x4A, 0x5D, 0x3A, 0x36, 0x70, 0xC9, 0x5D,
    0xA8, 0xB1, 0xEB, 0x5E, 0x40, 0x41, 0x33, 0x52, 0x1F, 0x31, 0x20, 0x3F, 0x4A, 0x58, 0x3A, 0x01,
    0x3E, 0x12, 0x11, 0xB8, 0x35, 0x7D, 0x28, 0x45, 0x1A, 0x2A, 0x21, 0x46, 0x51, 0x60, 0x3A, 0x45,
    0x74, 0x55, 0x36, 0x07, 0x17, 0x2C, 0x17, 0x03, 0x1A, 0x29, 0x37, 0x20, 0x23, 0x3C, 0x2C, 0x19,
    0x1A, 0x56, 0x0F, 0x43, 0x5A, 0x9A, 0x06, 0x37, 0x00, 0x02, 0x00, 0x6F, 0xFF, 0xDC, 0x04, 0xF2,
    0x07, 0x8F, 0x00, 0x33, 0x00, 0x3B, 0x00, 0x77, 0x40, 0x13, 0x39, 0x01, 0x04, 0x05, 0x17, 0x01,
    0x02, 0x01, 0x18, 0x00, 0x02, 0x00, 0x02, 0x33, 0x01, 0x03, 0x00, 0x04, 0x4C, 0x4B, 0xB0, 0x2A,
    0x50, 0x58, 0x40, 0x21, 0x07, 0x06, 0x02, 0x05, 0x04, 0x05, 0x85, 0x00, 0x04, 0x01, 0x04, 0x85,
    0x00, 0x02, 0x02, 0x01, 0x61, 0x00, 0x01, 0x01, 0x3E, 0x4D, 0x00, 0x00, 0x00, 0x03, 0x61, 0x00,
    0x03, 0x03, 0x3F, 0x03, 0x4E, 0x1B, 0x40, 0x1F, 0x07, 0x06, 0x02, 0x05, 0x04, 0x05, 0x85, 0x00,
    0x04, 0x01, 0x04, 0x85, 0x00, 0x01, 0x00, 0x02, 0x00, 0x01, 0x02, 0x69, 0x00, 0x00, 0x00, 0x03,
    0x61, 0x00, 0x03, 0x03, 0x42, 0x03, 0x4E, 0x59, 0x40, 0x14, 0x34, 0x34, 0x34, 0x3B, 0x34, 0x3B,
    0x38, 0x37, 0x36, 0x35, 0x31, 0x2F, 0x1C, 0x1A, 0x16, 0x14, 0x21, 0x08, 0x09, 0x17, 0x2B, 0x13,
    0x04, 0x21, 0x20, 0x35, 0x34, 0x2E, 0x02, 0x27, 0x2E, 0x03, 0x27, 0x2E, 0x03, 0x35, 0x10, 0x21,
    0x32, 0x17, 0x15, 0x26, 0x26, 0x23, 0x22, 0x06, 0x15, 0x14, 0x1E, 0x02, 0x17, 0x16, 0x16, 0x17,
    0x1E, 0x05, 0x15, 0x14, 0x04, 0x21, 0x22, 0x24, 0x27, 0x01, 0x03, 0x23, 0x03, 0x33, 0x17, 0x33,
    0x37, 0x6F, 0x01, 0x1D, 0x01, 0x0F, 0x01, 0x49, 0x10, 0x20, 0x2D, 0x1E, 0x20, 0x52, 0x5C, 0x60,
    0x2E, 0x70, 0x9D, 0x62, 0x2D, 0x02, 0x3C, 0xF9, 0xEA, 0x7B, 0xF0, 0x77, 0xA7, 0x98, 0x15, 0x33,
    0x57, 0x41, 0x0E, 0x1D, 0x0E, 0x75, 0xB7, 0x89, 0x5F, 0x3B, 0x1B, 0xFE, 0xC8, 0xFE, 0xD6, 0x78,
    0xFE, 0xEF, 0x98, 0x03, 0xA4, 0xF1, 0xF5, 0xF1, 0xA3, 0xC7, 0x03, 0xC7, 0x01, 0x06, 0x77, 0xDA,
    0x24, 0x36, 0x2C, 0x26, 0x13, 0x0F, 0x20, 0x20, 0x21, 0x11, 0x28, 0x56, 0x66, 0x7C, 0x4D, 0x01,
    0x97, 0x39, 0xD6, 0x2E, 0x2C, 0x5B, 0x69, 0x27, 0x39, 0x30, 0x2A, 0x17, 0x05, 0x0B, 0x06, 0x27,
    0x45, 0x44, 0x49, 0x57, 0x6A, 0x43, 0xD4, 0xE0, 0x24, 0x20, 0x07, 0x6F, 0xFE, 0xBF, 0x01, 0x41,
    0xC8, 0xC8, 0x00, 0x00, 0x00, 0x02, 0x00, 0x77, 0xFF, 0xE7, 0x03, 0xCC, 0x06, 0x44, 0x00, 0x27,
    0x00, 0x2F, 0x00, 0x77, 0x40, 0x13, 0x2D, 0x01, 0x04, 0x05, 0x12, 0x01, 0x02, 0x01, 0x13, 0x00,
    0x02, 0x00, 0x02, 0x27, 0x01, 0x03, 0x00, 0x04, 0x4C, 0x4B, 0xB0, 0x28, 0x50, 0x58, 0x40, 0x24,
    0x00, 0x04, 0x05, 0x01, 0x05, 0x04, 0x01, 0x80, 0x07, 0x06, 0x02, 0x05, 0x05, 0x3A, 0x4D, 0x00,
    0x02, 0x02, 0x01, 0x61, 0x00, 0x01, 0x01, 0x41, 0x4D, 0x00, 0x00, 0x00, 0x03, 0x62, 0x00, 0x03,
    0x03, 0x42, 0x03, 0x4E, 0x1B, 0x40, 0x21, 0x07, 0x06, 0x02, 0x05, 0x04, 0x05, 0x85, 0x00, 0x04,
    0x01, 0x04, 0x85, 0x00, 0x02, 0x02, 0x01, 0x61, 0x00, 0x01, 0x01, 0x41, 0x4D, 0x00, 0x00, 0x00,
    0x03, 0x62, 0x00, 0x03, 0x03, 0x42, 0x03, 0x4E, 0x59, 0x40, 0x0F, 0x28, 0x28, 0x28, 0x2F, 0x28,
    0x2F, 0x11, 0x13, 0x2E, 0x24, 0x2B, 0x21, 0x08, 0x09, 0x1C, 0x2B, 0x37, 0x16, 0x33, 0x32, 0x35,
    0x34, 0x26, 0x27, 0x27, 0x2E, 0x03, 0x35, 0x10, 0x21, 0x32, 0x16, 0x17, 0x15, 0x26, 0x23, 0x22,
    0x15, 0x14, 0x16, 0x17, 0x17, 0x1E, 0x03, 0x15, 0x14, 0x0E, 0x02, 0x23, 0x22, 0x27, 0x01, 0x03,
    0x23, 0x03, 0x33, 0x17, 0x33, 0x37, 0x77, 0xD6, 0xA2, 0xE1, 0x52, 0x55, 0x8A, 0x52, 0x6F, 0x44,
    0x1D, 0x01, 0xB8, 0x45, 0xA1, 0x5C, 0xB9, 0x82, 0xCC, 0x4C, 0x4B, 0x7A, 0x5B, 0x7E, 0x4F, 0x23,
    0x42, 0x7B, 0xAE, 0x6C, 0xB5, 0xC9, 0x03, 0x27, 0xF1, 0xF5, 0xF1, 0xA3, 0xC7, 0x03, 0xC7, 0xEB,
    0x5E, 0x8F, 0x2C, 0x4C, 0x1E, 0x31, 0x1F, 0x3E, 0x49, 0x5A, 0x3B, 0x01, 0x3E, 0x12, 0x11, 0xB8,
    0x35, 0x7D, 0x28, 0x45, 0x1A, 0x2A, 0x20, 0x46, 0x52, 0x60, 0x3A, 0x4D, 0x7C, 0x57, 0x2F, 0x3E,
    0x06, 0x1F, 0xFE, 0xBF, 0x01, 0x41, 0xC8, 0xC8, 0x00, 0x01, 0x00, 0x1E, 0xFE, 0x50, 0x04, 0xC5,
    0x05, 0xC8, 0x00, 0x20, 0x00, 0x73, 0x40, 0x0A, 0x18, 0x01, 0x06, 0x07, 0x17, 0x01, 0x05, 0x06,
    0x02, 0x4C, 0x4B, 0xB0, 0x2A, 0x50, 0x58, 0x40, 0x25, 0x00, 0x04, 0x00, 0x07, 0x06, 0x04, 0x07,
    0x69, 0x02, 0x01, 0x00, 0x00, 0x01, 0x5F, 0x00, 0x01, 0x01, 0x38, 0x4D, 0x09, 0x08, 0x02, 0x03,
    0x03, 0x39, 0x4D, 0x00, 0x06, 0x06, 0x05, 0x61, 0x00, 0x05, 0x05, 0x43, 0x05, 0x4E, 0x1B, 0x40,
    0x23, 0x00, 0x01, 0x02, 0x01, 0x00, 0x03, 0x01, 0x00, 0x67, 0x00, 0x04, 0x00, 0x07, 0x06, 0x04,
    0x07, 0x69, 0x09, 0x08, 0x02, 0x03, 0x03, 0x3C, 0x4D, 0x00, 0x06, 0x06, 0x05, 0x61, 0x00, 0x05,
    0x05, 0x43, 0x05, 0x4E, 0x59, 0x40, 0x11, 0x00, 0x00, 0x00, 0x20, 0x00, 0x20, 0x12, 0x23, 0x28,
    0x13, 0x11, 0x11, 0x11, 0x11, 0x0A, 0x09, 0x1E, 0x2B, 0x21, 0x11, 0x21, 0x35, 0x21, 0x15, 0x21,
    0x11, 0x23, 0x06, 0x06, 0x07, 0x1E, 0x03, 0x15, 0x14, 0x0E, 0x02, 0x23, 0x22, 0x27, 0x35, 0x16,
    0x33, 0x32, 0x35, 0x34, 0x23, 0x37, 0x37, 0x01, 0xF0, 0xFE, 0x2E, 0x04, 0xA7, 0xFE, 0x2E, 0x3F,
    0x11, 0x22, 0x11, 0x2F, 0x4F, 0x38, 0x1F, 0x24, 0x3D, 0x52, 0x2E, 0x4B, 0x5C, 0x3A, 0x35, 0x70,
    0xBF, 0x0E, 0x54, 0x05, 0x14, 0xB4, 0xB4, 0xFA, 0xEC, 0x1C, 0x37, 0x1C, 0x03, 0x1B, 0x2A, 0x37,
    0x1E, 0x22, 0x3C, 0x2C, 0x1A, 0x1A, 0x56, 0x0F, 0x43, 0x5A, 0x2B, 0x87, 0x00, 0x01, 0x00, 0x21,
    0xFE, 0x50, 0x02, 0x74, 0x05, 0x3B, 0x00, 0x31, 0x00, 0x55, 0x40, 0x52, 0x31, 0x01, 0x09, 0x05,
    0x1A, 0x00, 0x02, 0x00, 0x09, 0x11, 0x01, 0x03, 0x04, 0x10, 0x01, 0x02, 0x03, 0x04, 0x4C, 0x25,
    0x22, 0x02, 0x06, 0x4A, 0x00, 0x09, 0x05, 0x00, 0x05, 0x09, 0x00, 0x80, 0x00, 0x01, 0x00, 0x04,
    0x03, 0x01, 0x04, 0x69, 0x08, 0x01, 0x05, 0x05, 0x06, 0x5F, 0x07, 0x01, 0x06, 0x06, 0x3B, 0x4D,
    0x00, 0x00, 0x00, 0x42, 0x4D, 0x00, 0x03, 0x03, 0x02, 0x61, 0x00, 0x02, 0x02, 0x43, 0x02, 0x4E,
    0x30, 0x2E, 0x11, 0x15, 0x11, 0x17, 0x12, 0x23, 0x28, 0x11, 0x12, 0x0A, 0x09, 0x1F, 0x2B, 0x05,
    0x06, 0x06, 0x23, 0x07, 0x1E, 0x03, 0x15, 0x14, 0x0E, 0x02, 0x23, 0x22, 0x27, 0x35, 0x16, 0x33,
    0x32, 0x35, 0x34, 0x23, 0x36, 0x36, 0x37, 0x26, 0x26, 0x35, 0x11, 0x23, 0x35, 0x33, 0x35, 0x36,
    0x36, 0x37, 0x15, 0x33, 0x15, 0x23, 0x11, 0x14, 0x1E, 0x02, 0x33, 0x32, 0x37, 0x02, 0x55, 0x30,
    0x50, 0x26, 0x35, 0x2F, 0x4F, 0x38, 0x1F, 0x27, 0x3F, 0x51, 0x2A, 0x4A, 0x5D, 0x3A, 0x36, 0x70,
    0xC9, 0x1A, 0x34, 0x1A, 0x5B, 0x4E, 0x7C, 0x7C, 0x3E, 0x7A, 0x3E, 0xE1, 0xE1, 0x09, 0x18, 0x2B,
    0x23, 0x29, 0x2A, 0x02, 0x0D, 0x09, 0x57, 0x03, 0x1A, 0x2A, 0x37, 0x1F, 0x23, 0x3C, 0x2C, 0x19,
    0x1A, 0x56, 0x0F, 0x43, 0x5A, 0x2C, 0x55, 0x2C, 0x20, 0xAD, 0x92, 0x02, 0x43, 0xA7, 0xDD, 0x06,
    0x0E, 0x06, 0xF7, 0xA7, 0xFD, 0xC6, 0x40, 0x50, 0x2E, 0x11, 0x0C, 0x00, 0x00, 0x02, 0x00, 0x1E,
    0x00, 0x00, 0x04, 0xC5, 0x07, 0x8F, 0x00, 0x07, 0x00, 0x0F, 0x00, 0x65, 0xB5, 0x0D, 0x01, 0x04,
    0x05, 0x01, 0x4C, 0x4B, 0xB0, 0x2A, 0x50, 0x58, 0x40, 0x1E, 0x08, 0x06, 0x02, 0x05, 0x04, 0x05,
    0x85, 0x00, 0x04, 0x01, 0x04, 0x85, 0x02, 0x01, 0x00, 0x00, 0x01, 0x5F, 0x00, 0x01, 0x01, 0x38,
    0x4D, 0x07, 0x01, 0x03, 0x03, 0x39, 0x03, 0x4E, 0x1B, 0x40, 0x1C, 0x08, 0x06, 0x02, 0x05, 0x04,
    0x05, 0x85, 0x00, 0x04, 0x01, 0x04, 0x85, 0x00, 0x01, 0x02, 0x01, 0x00, 0x03, 0x01, 0x00, 0x68,
    0x07, 0x01, 0x03, 0x03, 0x3C, 0x03, 0x4E, 0x59, 0x40, 0x16, 0x08, 0x08, 0x00, 0x00, 0x08, 0x0F,
    0x08, 0x0F, 0x0C, 0x0B, 0x0A, 0x09, 0x00, 0x07, 0x00, 0x07, 0x11, 0x11, 0x11, 0x09, 0x09, 0x19,
    0x2B, 0x21, 0x11, 0x21, 0x35, 0x21, 0x15, 0x21, 0x11, 0x13, 0x03, 0x23, 0x03, 0x33, 0x17, 0x33,
    0x37, 0x01, 0xF0, 0xFE, 0x2E, 0x04, 0xA7, 0xFE, 0x2E, 0xEA, 0xF1, 0xF5, 0xF1, 0xA3, 0xC7, 0x03,
    0xC7, 0x05, 0x14, 0xB4, 0xB4, 0xFA, 0xEC, 0x07, 0x8F, 0xFE, 0xBF, 0x01, 0x41, 0xC8, 0xC8, 0x00,
    0x00, 0x02, 0x00, 0x21, 0xFF, 0xE7, 0x03, 0x3D, 0x06, 0xAB, 0x00, 0x18, 0x00, 0x22, 0x00, 0x3E,
    0x40, 0x3B, 0x22, 0x19, 0x0C, 0x09, 0x04, 0x02, 0x06, 0x18, 0x01, 0x05, 0x01, 0x00, 0x01, 0x00,
    0x05, 0x03, 0x4C, 0x00, 0x07, 0x00, 0x06, 0x02, 0x07, 0x06, 0x67, 0x04, 0x01, 0x01, 0x01, 0x02,
    0x5F, 0x03, 0x01, 0x02, 0x02, 0x3B, 0x4D, 0x00, 0x05, 0x05, 0x00, 0x61, 0x00, 0x00, 0x00, 0x42,
    0x00, 0x4E, 0x11, 0x15, 0x25, 0x11, 0x15, 0x11, 0x12, 0x21, 0x08, 0x09, 0x1E, 0x2B, 0x05, 0x06,
    0x23, 0x20, 0x11, 0x11, 0x23, 0x35, 0x33, 0x35, 0x36, 0x36, 0x37, 0x15, 0x33, 0x15, 0x23, 0x11,
    0x14, 0x1E, 0x02, 0x33, 0x32, 0x37, 0x13, 0x36, 0x35, 0x35, 0x23, 0x35, 0x33, 0x15, 0x10, 0x07,
    0x02, 0x55, 0x57, 0x3F, 0xFE, 0xDE, 0x7C, 0x7C, 0x3E, 0x7A, 0x3E, 0xE6, 0xE6, 0x09, 0x18, 0x2B,
    0x23, 0x29, 0x2A, 0x04, 0x5F, 0x5F, 0xE4, 0xE4, 0x02, 0x17, 0x01, 0x56, 0x02, 0x60, 0xA7, 0xDD,
    0x06, 0x0E, 0x06, 0xF7, 0xA7, 0xFD, 0xC6, 0x40, 0x50, 0x2E, 0x11, 0x0C, 0x04, 0x51, 0x0A, 0xA3,
    0x17, 0xF6, 0xC8, 0xFE, 0xD2, 0x15, 0x00, 0x00, 0x00, 0x01, 0x00, 0x1E, 0x00, 0x00, 0x04, 0xC5,
    0x05, 0xC8, 0x00, 0x0F, 0x00, 0x54, 0x4B, 0xB0, 0x2A, 0x50, 0x58, 0x40, 0x1C, 0x05, 0x01, 0x01,
    0x06, 0x01, 0x00, 0x07, 0x01, 0x00, 0x67, 0x04, 0x01, 0x02, 0x02, 0x03, 0x5F, 0x00, 0x03, 0x03,
    0x38, 0x4D, 0x08, 0x01, 0x07, 0x07, 0x39, 0x07, 0x4E, 0x1B, 0x40, 0x1A, 0x00, 0x03, 0x04, 0x01,
    0x02, 0x01, 0x03, 0x02, 0x67, 0x05, 0x01, 0x01, 0x06, 0x01, 0x00, 0x07, 0x01, 0x00, 0x67, 0x08,
    0x01, 0x07, 0x07, 0x3C, 0x07, 0x4E, 0x59, 0x40, 0x10, 0x00, 0x00, 0x00, 0x0F, 0x00, 0x0F, 0x11,
    0x11, 0x11, 0x11, 0x11, 0x11, 0x11, 0x09, 0x09, 0x1D, 0x2B, 0x21, 0x11, 0x21, 0x35, 0x21, 0x11,
    0x21, 0x35, 0x21, 0x15, 0x21, 0x11, 0x21, 0x15, 0x21, 0x11, 0x01, 0xF0, 0xFE, 0xCE, 0x01, 0x32,
    0xFE, 0x2E, 0x04, 0xA7, 0xFE, 0x2E, 0x01, 0x32, 0xFE, 0xCE, 0x02, 0xC5, 0xA0, 0x01, 0xAF, 0xB4,
    0xB4, 0xFE, 0x51, 0xA0, 0xFD, 0x3B, 0x00, 0x00, 0x00, 0x01, 0x00, 0x21, 0xFF, 0xE7, 0x02, 0x74,
    0x05, 0x3B, 0x00, 0x20, 0x00, 0x41, 0x40, 0x3E, 0x1B, 0x01, 0x08, 0x00, 0x1C, 0x01, 0x09, 0x08,
    0x02, 0x4C, 0x0B, 0x08, 0x02, 0x03, 0x4A, 0x06, 0x01, 0x01, 0x07, 0x01, 0x00, 0x08, 0x01, 0x00,
    0x67, 0x05, 0x01, 0x02, 0x02, 0x03, 0x5F, 0x04, 0x01, 0x03, 0x03, 0x3B, 0x4D, 0x00, 0x08, 0x08,
    0x09, 0x61, 0x00, 0x09, 0x09, 0x42, 0x09, 0x4E, 0x1F, 0x1D, 0x25, 0x11, 0x11, 0x11, 0x15, 0x11,
    0x11, 0x11, 0x10, 0x0A, 0x09, 0x1F, 0x2B, 0x13, 0x23, 0x35, 0x33, 0x35, 0x23, 0x35, 0x33, 0x35,
    0x36, 0x36, 0x37, 0x15, 0x33, 0x15, 0x23, 0x15, 0x33, 0x15, 0x23, 0x15, 0x14, 0x1E, 0x02, 0x33,
    0x32, 0x37, 0x15, 0x06, 0x23, 0x20, 0x11, 0x9D, 0x6F, 0x6F, 0x7C, 0x7C, 0x3E, 0x7A, 0x3E, 0xE1,
    0xE1, 0xCC, 0xCC, 0x09, 0x18, 0x2B, 0x23, 0x29, 0x2A, 0x57, 0x3F, 0xFE, 0xDE, 0x02, 0x31, 0x88,
    0xE4, 0xA7, 0xDD, 0x06, 0x0E, 0x06, 0xF7, 0xA7, 0xE4, 0x88, 0xCE, 0x40, 0x50, 0x2E, 0x11, 0x0C,
    0xA2, 0x17, 0x01, 0x56, 0x00, 0x02, 0x00, 0xA3, 0xFF, 0xDB, 0x05, 0x23, 0x07, 0x63, 0x00, 0x1E,
    0x00, 0x38, 0x00, 0x6B, 0x4B, 0xB0, 0x2A, 0x50, 0x58, 0x40, 0x24, 0x06, 0x01, 0x04, 0x00, 0x08,
    0x07, 0x04, 0x08, 0x69, 0x00, 0x05, 0x0A, 0x09, 0x02, 0x07, 0x00, 0x05, 0x07, 0x6A, 0x02, 0x01,
    0x00, 0x00, 0x38, 0x4D, 0x00, 0x01, 0x01, 0x03, 0x61, 0x00, 0x03, 0x03, 0x3F, 0x03, 0x4E, 0x1B,
    0x40, 0x27, 0x02, 0x01, 0x00, 0x07, 0x01, 0x07, 0x00, 0x01, 0x80, 0x06, 0x01, 0x04, 0x00, 0x08,
    0x07, 0x04, 0x08, 0x69, 0x00, 0x05, 0x0A, 0x09, 0x02, 0x07, 0x00, 0x05, 0x07, 0x6A, 0x00, 0x01,
    0x01, 0x03, 0x61, 0x00, 0x03, 0x03, 0x42, 0x03, 0x4E, 0x59, 0x40, 0x12, 0x1F, 0x1F, 0x1F, 0x38,
    0x1F, 0x38, 0x28, 0x21, 0x11, 0x24, 0x29, 0x27, 0x15, 0x25, 0x10, 0x0B, 0x09, 0x1F, 0x2B, 0x13,
    0x21, 0x11, 0x14, 0x17, 0x16, 0x16, 0x33, 0x32, 0x3E, 0x02, 0x35, 0x11, 0x33, 0x11, 0x14, 0x07,
    0x0E, 0x03, 0x23, 0x22, 0x26, 0x27, 0x2E, 0x03, 0x35, 0x13, 0x12, 0x33, 0x32, 0x16, 0x17, 0x17,
    0x16, 0x33, 0x32, 0x37, 0x33, 0x02, 0x23, 0x22, 0x27, 0x27, 0x26, 0x26, 0x27, 0x27, 0x26, 0x26,
    0x07, 0x22, 0x07, 0xA3, 0x01, 0x03, 0x1C, 0x1C, 0xA3, 0x7D, 0x55, 0x7B, 0x4E, 0x25, 0xE2, 0x27,
    0x18, 0x5C, 0x84, 0xAA, 0x65, 0x8E, 0xD3, 0x4B, 0x2D, 0x3F, 0x28, 0x12, 0xFA, 0x06, 0xBC, 0x27,
    0x42, 0x23, 0x37, 0x3E, 0x1A, 0x43, 0x05, 0x88, 0x06, 0xBB, 0x47, 0x3C, 0x0A, 0x06, 0x0C, 0x06,
    0x1F, 0x1E, 0x2A, 0x10, 0x44, 0x04, 0x05, 0xC8, 0xFC, 0x67, 0x98, 0x50, 0x54, 0x64, 0x2E, 0x61,
    0x98, 0x6A, 0x03, 0xA8, 0xFC, 0x64, 0xC9, 0x69, 0x3F, 0x69, 0x4D, 0x2A, 0x40, 0x40, 0x25, 0x5A,
    0x71, 0x8D, 0x59, 0x04, 0x1D, 0x01, 0x15, 0x18, 0x17, 0x24, 0x28, 0x7B, 0xFE, 0xEB, 0x29, 0x06,
    0x04, 0x07, 0x05, 0x14, 0x14, 0x15, 0x01, 0x7B, 0x00, 0x02, 0x00, 0x8B, 0xFF, 0xE7, 0x04, 0x14,
    0x06, 0x22, 0x00, 0x12, 0x00, 0x2A, 0x00, 0xF5, 0xB6, 0x0F, 0x01, 0x02, 0x02, 0x01, 0x01, 0x4C,
    0x4B, 0xB0, 0x14, 0x50, 0x58, 0x40, 0x2A, 0x00, 0x09, 0x09, 0x05, 0x61, 0x07, 0x01, 0x05, 0x05,
    0x3A, 0x4D, 0x0C, 0x0A, 0x02, 0x08, 0x08, 0x06, 0x61, 0x00, 0x06, 0x06, 0x38, 0x4D, 0x03, 0x01,
    0x01, 0x01, 0x3B, 0x4D, 0x00, 0x02, 0x02, 0x00, 0x62, 0x0B, 0x04, 0x02, 0x00, 0x00, 0x42, 0x00,
    0x4E, 0x1B, 0x4B, 0xB0, 0x1F, 0x50, 0x58, 0x40, 0x2E, 0x00, 0x09, 0x09, 0x05, 0x61, 0x07, 0x01,
    0x05, 0x05, 0x3A, 0x4D, 0x0C, 0x0A, 0x02, 0x08, 0x08, 0x06, 0x61, 0x00, 0x06, 0x06, 0x38, 0x4D,
    0x03, 0x01, 0x01, 0x01, 0x3B, 0x4D, 0x0B, 0x01, 0x04, 0x04, 0x39, 0x4D, 0x00, 0x02, 0x02, 0x00,
    0x62, 0x00, 0x00, 0x00, 0x42, 0x00, 0x4E, 0x1B, 0x4B, 0xB0, 0x2A, 0x50, 0x58, 0x40, 0x2C, 0x00,
    0x06, 0x0C, 0x0A, 0x02, 0x08, 0x01, 0x06, 0x08, 0x6A, 0x00, 0x09, 0x09, 0x05, 0x61, 0x07, 0x01,
    0x05, 0x05, 0x3A, 0x4D, 0x03, 0x01, 0x01, 0x01, 0x3B, 0x4D, 0x0B, 0x01, 0x04, 0x04, 0x39, 0x4D,
    0x00, 0x02, 0x02, 0x00, 0x62, 0x00, 0x00, 0x00, 0x42, 0x00, 0x4E, 0x1B, 0x40, 0x2C, 0x00, 0x06,
    0x0C, 0x0A, 0x02, 0x08, 0x01, 0x06, 0x08, 0x6A, 0x00, 0x09, 0x09, 0x05, 0x61, 0x07, 0x01, 0x05,
    0x05, 0x3A, 0x4D, 0x03, 0x01, 0x01, 0x01, 0x3B, 0x4D, 0x0B, 0x01, 0x04, 0x04, 0x3C, 0x4D, 0x00,
    0x02, 0x02, 0x00, 0x62, 0x00, 0x00, 0x00, 0x42, 0x00, 0x4E, 0x59, 0x59, 0x59, 0x40, 0x1D, 0x13,
    0x13, 0x00, 0x00, 0x13, 0x2A, 0x13, 0x2A, 0x29, 0x27, 0x21, 0x1F, 0x1E, 0x1D, 0x1C, 0x1A, 0x16,
    0x14, 0x00, 0x12, 0x00, 0x12, 0x12, 0x25, 0x12, 0x22, 0x0D, 0x09, 0x1A, 0x2B, 0x21, 0x35, 0x06,
    0x23, 0x20, 0x11, 0x11, 0x33, 0x11, 0x14, 0x1E, 0x02, 0x33, 0x32, 0x37, 0x11, 0x33, 0x11, 0x01,
    0x12, 0x33, 0x32, 0x16, 0x17, 0x16, 0x16, 0x33, 0x32, 0x37, 0x33, 0x02, 0x23, 0x22, 0x27, 0x27,
    0x2E, 0x03, 0x23, 0x22, 0x07, 0x03, 0x1D, 0xA2, 0xD0, 0xFE, 0xE0, 0xF6, 0x0C, 0x1D, 0x31, 0x24,
    0x8F, 0x8F, 0xF7, 0xFC, 0xE5, 0x06, 0xBB, 0x28, 0x40, 0x24, 0x39, 0x41, 0x16, 0x43, 0x05, 0x87,
    0x04, 0xBD, 0x46, 0x3C, 0x0A, 0x20, 0x2B, 0x1F, 0x18, 0x0D, 0x45, 0x04, 0xC0, 0xD9, 0x01, 0x53,
    0x03, 0x0A, 0xFD, 0x3A, 0x3C, 0x50, 0x2F, 0x13, 0xCE, 0x02, 0xC6, 0xFB, 0xBC, 0x05, 0x0D, 0x01,
    0x15, 0x18, 0x17, 0x24, 0x28, 0x7B, 0xFE, 0xEB, 0x29, 0x06, 0x12, 0x1C, 0x13, 0x0B, 0x7B, 0x00,
    0x00, 0x02, 0x00, 0xA3, 0xFF, 0xDB, 0x05, 0x23, 0x07, 0x0C, 0x00, 0x1E, 0x00, 0x22, 0x00, 0x53,
    0x4B, 0xB0, 0x2A, 0x50, 0x58, 0x40, 0x1A, 0x00, 0x04, 0x06, 0x01, 0x05, 0x00, 0x04, 0x05, 0x67,
    0x02, 0x01, 0x00, 0x00, 0x38, 0x4D, 0x00, 0x01, 0x01, 0x03, 0x61, 0x00, 0x03, 0x03, 0x3F, 0x03,
    0x4E, 0x1B, 0x40, 0x1D, 0x02, 0x01, 0x00, 0x05, 0x01, 0x05, 0x00, 0x01, 0x80, 0x00, 0x04, 0x06,
    0x01, 0x05, 0x00, 0x04, 0x05, 0x67, 0x00, 0x01, 0x01, 0x03, 0x61, 0x00, 0x03, 0x03, 0x42, 0x03,
    0x4E, 0x59, 0x40, 0x0E, 0x1F, 0x1F, 0x1F, 0x22, 0x1F, 0x22, 0x19, 0x27, 0x15, 0x25, 0x10, 0x07,
    0x09, 0x1B, 0x2B, 0x13, 0x21, 0x11, 0x14, 0x17, 0x16, 0x16, 0x33, 0x32, 0x3E, 0x02, 0x35, 0x11,
    0x33, 0x11, 0x14, 0x07, 0x0E, 0x03, 0x23, 0x22, 0x26, 0x27, 0x2E, 0x03, 0x35, 0x13, 0x35, 0x21,
    0x15, 0xA3, 0x01, 0x03, 0x1C, 0x1C, 0xA3, 0x7D, 0x55, 0x7B, 0x4E, 0x25, 0xE2, 0x27, 0x18, 0x5C,
    0x84, 0xAA, 0x65, 0x8E, 0xD3, 0x4B, 0x2D, 0x3F, 0x28, 0x12, 0xF7, 0x02, 0xB3, 0x05, 0xC8, 0xFC,
    0x67, 0x98, 0x50, 0x54, 0x64, 0x2E, 0x61, 0x98, 0x6A, 0x03, 0xA8, 0xFC, 0x64, 0xC9, 0x69, 0x3F,
    0x69, 0x4D, 0x2A, 0x40, 0x40, 0x25, 0x5A, 0x71, 0x8D, 0x59, 0x04, 0x3B, 0xA0, 0xA0, 0x00, 0x00,
    0x00, 0x02, 0x00, 0x8B, 0xFF, 0xE7, 0x04, 0x14, 0x05, 0xB7, 0x00, 0x11, 0x00, 0x15, 0x00, 0x94,
    0xB6, 0x0E, 0x01, 0x02, 0x02, 0x01, 0x01, 0x4C, 0x4B, 0xB0, 0x14, 0x50, 0x58, 0x40, 0x1E, 0x08,
    0x01, 0x06, 0x06, 0x05, 0x5F, 0x00, 0x05, 0x05, 0x38, 0x4D, 0x03, 0x01, 0x01, 0x01, 0x3B, 0x4D,
    0x00, 0x02, 0x02, 0x00, 0x62, 0x07, 0x04, 0x02, 0x00, 0x00, 0x42, 0x00, 0x4E, 0x1B, 0x4B, 0xB0,
    0x2A, 0x50, 0x58, 0x40, 0x22, 0x08, 0x01, 0x06, 0x06, 0x05, 0x5F, 0x00, 0x05, 0x05, 0x38, 0x4D,
    0x03, 0x01, 0x01, 0x01, 0x3B, 0x4D, 0x07, 0x01, 0x04, 0x04, 0x39, 0x4D, 0x00, 0x02, 0x02, 0x00,
    0x62, 0x00, 0x00, 0x00, 0x42, 0x00, 0x4E, 0x1B, 0x40, 0x20, 0x00, 0x05, 0x08, 0x01, 0x06, 0x01,
    0x05, 0x06, 0x67, 0x03, 0x01, 0x01, 0x01, 0x3B, 0x4D, 0x07, 0x01, 0x04, 0x04, 0x3C, 0x4D, 0x00,
    0x02, 0x02, 0x00, 0x62, 0x00, 0x00, 0x00, 0x42, 0x00, 0x4E, 0x59, 0x59, 0x40, 0x15, 0x12, 0x12,
    0x00, 0x00, 0x12, 0x15, 0x12, 0x15, 0x14, 0x13, 0x00, 0x11, 0x00, 0x11, 0x12, 0x24, 0x12, 0x22,
    0x09, 0x09, 0x1A, 0x2B, 0x21, 0x35, 0x06, 0x23, 0x20, 0x11, 0x11, 0x33, 0x11, 0x14, 0x17, 0x16,
    0x33, 0x32, 0x37, 0x11, 0x33, 0x11, 0x01, 0x35, 0x21, 0x15, 0x03, 0x1D, 0xA2, 0xD0, 0xFE, 0xE0,
    0xF6, 0x1A, 0x1B, 0x49, 0x8F, 0x8F, 0xF7, 0xFC, 0xE2, 0x02, 0xB3, 0xC0, 0xD9, 0x01, 0x53, 0x03,
    0x0A, 0xFD, 0x3A, 0x76, 0x2C, 0x2C, 0xCE, 0x02, 0xC6, 0xFB, 0xBC, 0x05, 0x17, 0xA0, 0xA0, 0x00,
    0x00, 0x02, 0x00, 0xA3, 0xFF, 0xDB, 0x05, 0x23, 0x07, 0x8F, 0x00, 0x1E, 0x00, 0x2E, 0x00, 0x61,
    0x4B, 0xB0, 0x2A, 0x50, 0x58, 0x40, 0x20, 0x08, 0x07, 0x02, 0x05, 0x04, 0x05, 0x85, 0x00, 0x04,
    0x00, 0x06, 0x00, 0x04, 0x06, 0x69, 0x02, 0x01, 0x00, 0x00, 0x38, 0x4D, 0x00, 0x01, 0x01, 0x03,
    0x61, 0x00, 0x03, 0x03, 0x3F, 0x03, 0x4E, 0x1B, 0x40, 0x23, 0x08, 0x07, 0x02, 0x05, 0x04, 0x05,
    0x85, 0x02, 0x01, 0x00, 0x06, 0x01, 0x06, 0x00, 0x01, 0x80, 0x00, 0x04, 0x00, 0x06, 0x00, 0x04,
    0x06, 0x69, 0x00, 0x01, 0x01, 0x03, 0x61, 0x00, 0x03, 0x03, 0x42, 0x03, 0x4E, 0x59, 0x40, 0x10,
    0x1F, 0x1F, 0x1F, 0x2E, 0x1F, 0x2E, 0x24, 0x11, 0x29, 0x27, 0x15, 0x25, 0x10, 0x09, 0x09, 0x1D,
    0x2B, 0x13, 0x21, 0x11, 0x14, 0x17, 0x16, 0x16, 0x33, 0x32, 0x3E, 0x02, 0x35, 0x11, 0x33, 0x11,
    0x14, 0x07, 0x0E, 0x03, 0x23, 0x22, 0x26, 0x27, 0x2E, 0x03, 0x35, 0x01, 0x16, 0x33, 0x32, 0x37,
    0x33, 0x0E, 0x03, 0x23, 0x22, 0x2E, 0x02, 0x27, 0xA3, 0x01, 0x03, 0x1C, 0x1C, 0xA3, 0x7D, 0x55,
    0x7B, 0x4E, 0x25, 0xE2, 0x27, 0x18, 0x5C, 0x84, 0xAA, 0x65, 0x8E, 0xD3, 0x4B, 0x2D, 0x3F, 0x28,
    0x12, 0x01, 0x81, 0x24, 0xAC, 0xAB, 0x24, 0x88, 0x08, 0x39, 0x5A, 0x76, 0x46, 0x47, 0x76, 0x5A,
    0x39, 0x08, 0x05, 0xC8, 0xFC, 0x67, 0x98, 0x50, 0x54, 0x64, 0x2E, 0x61, 0x98, 0x6A, 0x03, 0xA8,
    0xFC, 0x64, 0xC9, 0x69, 0x3F, 0x69, 0x4D, 0x2A, 0x40, 0x40, 0x25, 0x5A, 0x71, 0x8D, 0x59, 0x05,
    0x5E, 0x9E, 0x9E, 0x4A, 0x76, 0x54, 0x2D, 0x2D, 0x54, 0x76, 0x4A, 0x00, 0x00, 0x02, 0x00, 0x8B,
    0xFF, 0xE7, 0x04, 0x14, 0x06, 0x44, 0x00, 0x11, 0x00, 0x1F, 0x01, 0x08, 0xB6, 0x0E, 0x01, 0x02,
    0x02, 0x01, 0x01, 0x4C, 0x4B, 0xB0, 0x14, 0x50, 0x58, 0x40, 0x24, 0x0A, 0x08, 0x02, 0x06, 0x06,
    0x3A, 0x4D, 0x00, 0x07, 0x07, 0x05, 0x61, 0x00, 0x05, 0x05, 0x38, 0x4D, 0x03, 0x01, 0x01, 0x01,
    0x3B, 0x4D, 0x00, 0x02, 0x02, 0x00, 0x62, 0x09, 0x04, 0x02, 0x00, 0x00, 0x42, 0x00, 0x4E, 0x1B,
    0x4B, 0xB0, 0x1F, 0x50, 0x58, 0x40, 0x28, 0x0A, 0x08, 0x02, 0x06, 0x06, 0x3A, 0x4D, 0x00, 0x07,
    0x07, 0x05, 0x61, 0x00, 0x05, 0x05, 0x38, 0x4D, 0x03, 0x01, 0x01, 0x01, 0x3B, 0x4D, 0x09, 0x01,
    0x04, 0x04, 0x39, 0x4D, 0x00, 0x02, 0x02, 0x00, 0x62, 0x00, 0x00, 0x00, 0x42, 0x00, 0x4E, 0x1B,
    0x4B, 0xB0, 0x28, 0x50, 0x58, 0x40, 0x26, 0x00, 0x05, 0x00, 0x07, 0x01, 0x05, 0x07, 0x69, 0x0A,
    0x08, 0x02, 0x06, 0x06, 0x3A, 0x4D, 0x03, 0x01, 0x01, 0x01, 0x3B, 0x4D, 0x09, 0x01, 0x04, 0x04,
    0x39, 0x4D, 0x00, 0x02, 0x02, 0x00, 0x62, 0x00, 0x00, 0x00, 0x42, 0x00, 0x4E, 0x1B, 0x4B, 0xB0,
    0x2A, 0x50, 0x58, 0x40, 0x26, 0x0A, 0x08, 0x02, 0x06, 0x05, 0x06, 0x85, 0x00, 0x05, 0x00, 0x07,
    0x01, 0x05, 0x07, 0x69, 0x03, 0x01, 0x01, 0x01, 0x3B, 0x4D, 0x09, 0x01, 0x04, 0x04, 0x39, 0x4D,
    0x00, 0x02, 0x02, 0x00, 0x62, 0x00, 0x00, 0x00, 0x42, 0x00, 0x4E, 0x1B, 0x40, 0x26, 0x0A, 0x08,
    0x02, 0x06, 0x05, 0x06, 0x85, 0x00, 0x05, 0x00, 0x07, 0x01, 0x05, 0x07, 0x69, 0x03, 0x01, 0x01,
    0x01, 0x3B, 0x4D, 0x09, 0x01, 0x04, 0x04, 0x3C, 0x4D, 0x00, 0x02, 0x02, 0x00, 0x62, 0x00, 0x00,
    0x00, 0x42, 0x00, 0x4E, 0x59, 0x59, 0x59, 0x59, 0x40, 0x19, 0x12, 0x12, 0x00, 0x00, 0x12, 0x1F,
    0x12, 0x1F, 0x1C, 0x1A, 0x17, 0x16, 0x15, 0x13, 0x00, 0x11, 0x00, 0x11, 0x12, 0x24, 0x12, 0x22,
    0x0B, 0x09, 0x1A, 0x2B, 0x21, 0x35, 0x06, 0x23, 0x20, 0x11, 0x11, 0x33, 0x11, 0x14, 0x17, 0x16,
    0x33, 0x32, 0x37, 0x11, 0x33, 0x11, 0x01, 0x16, 0x33, 0x32, 0x37, 0x33, 0x06, 0x07, 0x06, 0x23,
    0x22, 0x27, 0x26, 0x27, 0x03, 0x1D, 0xA2, 0xD0, 0xFE, 0xE0, 0xF6, 0x1A, 0x1B, 0x49, 0x8F, 0x8F,
    0xF7, 0xFD, 0x6B, 0x26, 0xAA, 0xAA, 0x26, 0x87, 0x0F, 0x5E, 0x5D, 0x8D, 0x8B, 0x5F, 0x5D, 0x10,
    0xC0, 0xD9, 0x01, 0x53, 0x03, 0x0A, 0xFD, 0x3A, 0x76, 0x2C, 0x2C, 0xCE, 0x02, 0xC6, 0xFB, 0xBC,
    0x06, 0x44, 0x9E, 0x9E, 0x94, 0x56, 0x57, 0x56, 0x57, 0x94, 0x00, 0x00, 0x00, 0x03, 0x00, 0xA3,
    0xFF, 0xDB, 0x05, 0x23, 0x08, 0x05, 0x00, 0x1E, 0x00, 0x32, 0x00, 0x46, 0x00, 0x6E, 0x4B, 0xB0,
    0x2A, 0x50, 0x58, 0x40, 0x23, 0x00, 0x05, 0x00, 0x07, 0x06, 0x05, 0x07, 0x69, 0x09, 0x01, 0x06,
    0x08, 0x01, 0x04, 0x00, 0x06, 0x04, 0x69, 0x02, 0x01, 0x00, 0x00, 0x38, 0x4D, 0x00, 0x01, 0x01,
    0x03, 0x61, 0x00, 0x03, 0x03, 0x3F, 0x03, 0x4E, 0x1B, 0x40, 0x26, 0x02, 0x01, 0x00, 0x04, 0x01,
    0x04, 0x00, 0x01, 0x80, 0x00, 0x05, 0x00, 0x07, 0x06, 0x05, 0x07, 0x69, 0x09, 0x01, 0x06, 0x08,
    0x01, 0x04, 0x00, 0x06, 0x04, 0x69, 0x00, 0x01, 0x01, 0x03, 0x61, 0x00, 0x03, 0x03, 0x42, 0x03,
    0x4E, 0x59, 0x40, 0x17, 0x34, 0x33, 0x20, 0x1F, 0x3E, 0x3C, 0x33, 0x46, 0x34, 0x46, 0x2A, 0x28,
    0x1F, 0x32, 0x20, 0x32, 0x27, 0x15, 0x25, 0x10, 0x0A, 0x09, 0x1A, 0x2B, 0x13, 0x21, 0x11, 0x14,
    0x17, 0x16, 0x16, 0x33, 0x32, 0x3E, 0x02, 0x35, 0x11, 0x33, 0x11, 0x14, 0x07, 0x0E, 0x03, 0x23,
    0x22, 0x26, 0x27, 0x2E, 0x03, 0x35, 0x01, 0x22, 0x2E, 0x02, 0x35, 0x34, 0x3E, 0x02, 0x33, 0x32,
    0x1E, 0x02, 0x15, 0x14, 0x0E, 0x02, 0x27, 0x32, 0x3E, 0x02, 0x35, 0x34, 0x2E, 0x02, 0x23, 0x22,
    0x0E, 0x02, 0x15, 0x14, 0x1E, 0x02, 0xA3, 0x01, 0x03, 0x1C, 0x1C, 0xA3, 0x7D, 0x55, 0x7B, 0x4E,
    0x25, 0xE2, 0x27, 0x18, 0x5C, 0x84, 0xAA, 0x65, 0x8E, 0xD3, 0x4B, 0x2D, 0x3F, 0x28, 0x12, 0x02,
    0x4D, 0x2E, 0x53, 0x3E, 0x24, 0x24, 0x3E, 0x54, 0x30, 0x2F, 0x54, 0x3F, 0x25, 0x24, 0x3F, 0x56,
    0x30, 0x1D, 0x31, 0x24, 0x14, 0x15, 0x24, 0x30, 0x1B, 0x1B, 0x30, 0x24, 0x15, 0x14, 0x24, 0x2F,
    0x05, 0xC8, 0xFC, 0x67, 0x98, 0x50, 0x54, 0x64, 0x2E, 0x61, 0x98, 0x6A, 0x03, 0xA8, 0xFC, 0x64,
    0xC9, 0x69, 0x3F, 0x69, 0x4D, 0x2A, 0x40, 0x40, 0x25, 0x5A, 0x71, 0x8D, 0x59, 0x04, 0x06, 0x24,
    0x3F, 0x54, 0x30, 0x2F, 0x54, 0x3F, 0x25, 0x24, 0x3F, 0x53, 0x30, 0x30, 0x55, 0x3F, 0x24, 0x63,
    0x15, 0x24, 0x31, 0x1B, 0x1B, 0x2F, 0x24, 0x15, 0x15, 0x24, 0x30, 0x1B, 0x1B, 0x30, 0x24, 0x15,
    0x00, 0x03, 0x00, 0x8B, 0xFF, 0xE7, 0x04, 0x14, 0x06, 0xD0, 0x00, 0x11, 0x00, 0x21, 0x00, 0x31,
    0x00, 0xB3, 0xB6, 0x0E, 0x01, 0x02, 0x02, 0x01, 0x01, 0x4C, 0x4B, 0xB0, 0x14, 0x50, 0x58, 0x40,
    0x25, 0x00, 0x06, 0x00, 0x08, 0x07, 0x06, 0x08, 0x69, 0x0B, 0x01, 0x07, 0x0A, 0x01, 0x05, 0x01,
    0x07, 0x05, 0x69, 0x03, 0x01, 0x01, 0x01, 0x3B, 0x4D, 0x00, 0x02, 0x02, 0x00, 0x62, 0x09, 0x04,
    0x02, 0x00, 0x00, 0x42, 0x00, 0x4E, 0x1B, 0x4B, 0xB0, 0x2A, 0x50, 0x58, 0x40, 0x29, 0x00, 0x06,
    0x00, 0x08, 0x07, 0x06, 0x08, 0x69, 0x0B, 0x01, 0x07, 0x0A, 0x01, 0x05, 0x01, 0x07, 0x05, 0x69,
    0x03, 0x01, 0x01, 0x01, 0x3B, 0x4D, 0x09, 0x01, 0x04, 0x04, 0x39, 0x4D, 0x00, 0x02, 0x02, 0x00,
    0x62, 0x00, 0x00, 0x00, 0x42, 0x00, 0x4E, 0x1B, 0x40, 0x29, 0x00, 0x06, 0x00, 0x08, 0x07, 0x06,
    0x08, 0x69, 0x0B, 0x01, 0x07, 0x0A, 0x01, 0x05, 0x01, 0x07, 0x05, 0x69, 0x03, 0x01, 0x01, 0x01,
    0x3B, 0x4D, 0x09, 0x01, 0x04, 0x04, 0x3C, 0x4D, 0x00, 0x02, 0x02, 0x00, 0x62, 0x00, 0x00, 0x00,
    0x42, 0x00, 0x4E, 0x59, 0x59, 0x40, 0x1D, 0x23, 0x22, 0x13, 0x12, 0x00, 0x00, 0x2B, 0x29, 0x22,
    0x31, 0x23, 0x31, 0x1B, 0x19, 0x12, 0x21, 0x13, 0x21, 0x00, 0x11, 0x00, 0x11, 0x12, 0x24, 0x12,
    0x22, 0x0C, 0x09, 0x1A, 0x2B, 0x21, 0x35, 0x06, 0x23, 0x20, 0x11, 0x11, 0x33, 0x11, 0x14, 0x17,
    0x16, 0x33, 0x32, 0x37, 0x11, 0x33, 0x11, 0x01, 0x22, 0x27, 0x26, 0x35, 0x34, 0x37, 0x36, 0x33,
    0x32, 0x17, 0x16, 0x15, 0x14, 0x07, 0x06, 0x27, 0x32, 0x37, 0x36, 0x35, 0x34, 0x27, 0x26, 0x23,
    0x22, 0x07, 0x06, 0x15, 0x14, 0x17, 0x16, 0x03, 0x1D, 0xA2, 0xD0, 0xFE, 0xE0, 0xF6, 0x1A, 0x1B,
    0x49, 0x8F, 0x8F, 0xF7, 0xFE, 0x38, 0x5F, 0x42, 0x43, 0x43, 0x43, 0x61, 0x60, 0x42, 0x44, 0x44,
    0x42, 0x62, 0x38, 0x27, 0x27, 0x27, 0x28, 0x35, 0x36, 0x28, 0x26, 0x26, 0x25, 0xC0, 0xD9, 0x01,
    0x53, 0x03, 0x0A, 0xFD, 0x3A, 0x76, 0x2C, 0x2C, 0xCE, 0x02, 0xC6, 0xFB, 0xBC, 0x05, 0x03, 0x43,
    0x44, 0x5F, 0x60, 0x43, 0x44, 0x43, 0x43, 0x60, 0x63, 0x41, 0x43, 0x62, 0x27, 0x25, 0x39, 0x36,
    0x27, 0x26, 0x26, 0x28, 0x35, 0x36, 0x28, 0x27, 0x00, 0x03, 0x00, 0xA3, 0xFF, 0xDB, 0x05, 0x23,
    0x07, 0x8F, 0x00, 0x1E, 0x00, 0x22, 0x00, 0x26, 0x00, 0x61, 0x4B, 0xB0, 0x2A, 0x50, 0x58, 0x40,
    0x1D, 0x06, 0x01, 0x04, 0x09, 0x07, 0x08, 0x03, 0x05, 0x00, 0x04, 0x05, 0x67, 0x02, 0x01, 0x00,
    0x00, 0x38, 0x4D, 0x00, 0x01, 0x01, 0x03, 0x61, 0x00, 0x03, 0x03, 0x3F, 0x03, 0x4E, 0x1B, 0x40,
    0x20, 0x02, 0x01, 0x00, 0x05, 0x01, 0x05, 0x00, 0x01, 0x80, 0x06, 0x01, 0x04, 0x09, 0x07, 0x08,
    0x03, 0x05, 0x00, 0x04, 0x05, 0x67, 0x00, 0x01, 0x01, 0x03, 0x61, 0x00, 0x03, 0x03, 0x42, 0x03,
    0x4E, 0x59, 0x40, 0x16, 0x23, 0x23, 0x1F, 0x1F, 0x23, 0x26, 0x23, 0x26, 0x25, 0x24, 0x1F, 0x22,
    0x1F, 0x22, 0x19, 0x27, 0x15, 0x25, 0x10, 0x0A, 0x09, 0x1B, 0x2B, 0x13, 0x21, 0x11, 0x14, 0x17,
    0x16, 0x16, 0x33, 0x32, 0x3E, 0x02, 0x35, 0x11, 0x33, 0x11, 0x14, 0x07, 0x0E, 0x03, 0x23, 0x22,
    0x26, 0x27, 0x2E, 0x03, 0x35, 0x01, 0x13, 0x33, 0x01, 0x33, 0x13, 0x33, 0x01, 0xA3, 0x01, 0x03,
    0x1C, 0x1C, 0xA3, 0x7D, 0x55, 0x7B, 0x4E, 0x25, 0xE2, 0x27, 0x18, 0x5C, 0x84, 0xAA, 0x65, 0x8E,
    0xD3, 0x4B, 0x2D, 0x3F, 0x28, 0x12, 0x01, 0x34, 0xF1, 0xD2, 0xFE, 0xBF, 0xEB, 0xF0, 0xD2, 0xFE,
    0xBF, 0x05, 0xC8, 0xFC, 0x67, 0x98, 0x50, 0x54, 0x64, 0x2E, 0x61, 0x98, 0x6A, 0x03, 0xA8, 0xFC,
    0x64, 0xC9, 0x69, 0x3F, 0x69, 0x4D, 0x2A, 0x40, 0x40, 0x25, 0x5A, 0x71, 0x8D, 0x59, 0x04, 0x1D,
    0x01, 0x41, 0xFE, 0xBF, 0x01, 0x41, 0xFE, 0xBF, 0x00, 0x03, 0x00, 0x8B, 0xFF, 0xE7, 0x04, 0x4D,
    0x06, 0x44, 0x00, 0x11, 0x00, 0x15, 0x00, 0x19, 0x00, 0xD1, 0xB6, 0x0E, 0x01, 0x02, 0x02, 0x01,
    0x01, 0x4C, 0x4B, 0xB0, 0x14, 0x50, 0x58, 0x40, 0x21, 0x0B, 0x08, 0x0A, 0x03, 0x06, 0x06, 0x05,
    0x5F, 0x07, 0x01, 0x05, 0x05, 0x3A, 0x4D, 0x03, 0x01, 0x01, 0x01, 0x3B, 0x4D, 0x00, 0x02, 0x02,
    0x00, 0x62, 0x09, 0x04, 0x02, 0x00, 0x00, 0x42, 0x00, 0x4E, 0x1B, 0x4B, 0xB0, 0x28, 0x50, 0x58,
    0x40, 0x25, 0x0B, 0x08, 0x0A, 0x03, 0x06, 0x06, 0x05, 0x5F, 0x07, 0x01, 0x05, 0x05, 0x3A, 0x4D,
    0x03, 0x01, 0x01, 0x01, 0x3B, 0x4D, 0x09, 0x01, 0x04, 0x04, 0x39, 0x4D, 0x00, 0x02, 0x02, 0x00,
    0x62, 0x00, 0x00, 0x00, 0x42, 0x00, 0x4E, 0x1B, 0x4B, 0xB0, 0x2A, 0x50, 0x58, 0x40, 0x23, 0x07,
    0x01, 0x05, 0x0B, 0x08, 0x0A, 0x03, 0x06, 0x01, 0x05, 0x06, 0x67, 0x03, 0x01, 0x01, 0x01, 0x3B,
    0x4D, 0x09, 0x01, 0x04, 0x04, 0x39, 0x4D, 0x00, 0x02, 0x02, 0x00, 0x62, 0x00, 0x00, 0x00, 0x42,
    0x00, 0x4E, 0x1B, 0x40, 0x23, 0x07, 0x01, 0x05, 0x0B, 0x08, 0x0A, 0x03, 0x06, 0x01, 0x05, 0x06,
    0x67, 0x03, 0x01, 0x01, 0x01, 0x3B, 0x4D, 0x09, 0x01, 0x04, 0x04, 0x3C, 0x4D, 0x00, 0x02, 0x02,
    0x00, 0x62, 0x00, 0x00, 0x00, 0x42, 0x00, 0x4E, 0x59, 0x59, 0x59, 0x40, 0x1D, 0x16, 0x16, 0x12,
    0x12, 0x00, 0x00, 0x16, 0x19, 0x16, 0x19, 0x18, 0x17, 0x12, 0x15, 0x12, 0x15, 0x14, 0x13, 0x00,
    0x11, 0x00, 0x11, 0x12, 0x24, 0x12, 0x22, 0x0C, 0x09, 0x1A, 0x2B, 0x21, 0x35, 0x06, 0x23, 0x20,
    0x11, 0x11, 0x33, 0x11, 0x14, 0x17, 0x16, 0x33, 0x32, 0x37, 0x11, 0x33, 0x11, 0x01, 0x13, 0x33,
    0x01, 0x33, 0x13, 0x33, 0x01, 0x03, 0x1D, 0xA2, 0xD0, 0xFE, 0xE0, 0xF6, 0x1A, 0x1B, 0x49, 0x8F,
    0x8F, 0xF7, 0xFD, 0x0B, 0xF1, 0xD1, 0xFE, 0xBF, 0xEB, 0xF0, 0xD2, 0xFE, 0xC0, 0xC0, 0xD9, 0x01,
    0x53, 0x03, 0x0A, 0xFD, 0x3A, 0x76, 0x2C, 0x2C, 0xCE, 0x02, 0xC6, 0xFB, 0xBC, 0x05, 0x03, 0x01,
    0x41, 0xFE, 0xBF, 0x01, 0x41, 0xFE, 0xBF, 0x00, 0x00, 0x01, 0x00, 0xA3, 0xFE, 0x8E, 0x05, 0x23,
    0x05, 0xC8, 0x00, 0x2C, 0x00, 0x77, 0x40, 0x0A, 0x1D, 0x01, 0x03, 0x05, 0x1E, 0x01, 0x04, 0x03,
    0x02, 0x4C, 0x4B, 0xB0, 0x28, 0x50, 0x58, 0x40, 0x1B, 0x02, 0x01, 0x00, 0x00, 0x38, 0x4D, 0x00,
    0x01, 0x01, 0x05, 0x61, 0x00, 0x05, 0x05, 0x3F, 0x4D, 0x00, 0x03, 0x03, 0x04, 0x61, 0x00, 0x04,
    0x04, 0x3D, 0x04, 0x4E, 0x1B, 0x4B, 0xB0, 0x2A, 0x50, 0x58, 0x40, 0x18, 0x00, 0x03, 0x00, 0x04,
    0x03, 0x04, 0x65, 0x02, 0x01, 0x00, 0x00, 0x38, 0x4D, 0x00, 0x01, 0x01, 0x05, 0x61, 0x00, 0x05,
    0x05, 0x3F, 0x05, 0x4E, 0x1B, 0x40, 0x18, 0x02, 0x01, 0x00, 0x01, 0x00, 0x85, 0x00, 0x03, 0x00,
    0x04, 0x03, 0x04, 0x65, 0x00, 0x01, 0x01, 0x05, 0x61, 0x00, 0x05, 0x05, 0x42, 0x05, 0x4E, 0x59,
    0x59, 0x40, 0x09, 0x13, 0x23, 0x2C, 0x15, 0x25, 0x10, 0x06, 0x09, 0x1C, 0x2B, 0x13, 0x21, 0x11,
    0x14, 0x17, 0x16, 0x16, 0x33, 0x32, 0x3E, 0x02, 0x35, 0x11, 0x33, 0x11, 0x14, 0x07, 0x0E, 0x03,
    0x07, 0x06, 0x06, 0x15, 0x14, 0x33, 0x32, 0x37, 0x15, 0x06, 0x23, 0x22, 0x35, 0x34, 0x37, 0x06,
    0x26, 0x27, 0x2E, 0x03, 0x35, 0xA3, 0x01, 0x03, 0x1C, 0x1C, 0xA3, 0x7D, 0x54, 0x7A, 0x4F, 0x26,
    0xE2, 0x27, 0x0F, 0x37, 0x4B, 0x5D, 0x37, 0x5C, 0x50, 0x8A, 0x47, 0x2A, 0x4B, 0x5E, 0xF9, 0x7A,
    0x80, 0xCB, 0x4A, 0x35, 0x4B, 0x30, 0x16, 0x05, 0xC8, 0xFC, 0x67, 0x98, 0x50, 0x54, 0x64, 0x2F,
    0x61, 0x98, 0x69, 0x03, 0xA8, 0xFC, 0x64, 0xC9, 0x69, 0x2A, 0x4E, 0x43, 0x35, 0x10, 0x28, 0x52,
    0x33, 0x60, 0x0F, 0x51, 0x1D, 0xA0, 0x60, 0x4D, 0x01, 0x36, 0x32, 0x24, 0x5B, 0x78, 0x98, 0x60,
    0x00, 0x01, 0x00, 0x8B, 0xFE, 0x8E, 0x04, 0x14, 0x04, 0x44, 0x00, 0x21, 0x00, 0xD2, 0x4B, 0xB0,
    0x14, 0x50, 0x58, 0x40, 0x13, 0x0F, 0x01, 0x02, 0x02, 0x01, 0x21, 0x01, 0x00, 0x02, 0x1A, 0x01,
    0x05, 0x00, 0x1B, 0x01, 0x06, 0x05, 0x04, 0x4C, 0x1B, 0x40, 0x14, 0x0F, 0x01, 0x02, 0x02, 0x01,
    0x1A, 0x01, 0x05, 0x00, 0x1B, 0x01, 0x06, 0x05, 0x03, 0x4C, 0x21, 0x01, 0x04, 0x01, 0x4B, 0x59,
    0x4B, 0xB0, 0x14, 0x50, 0x58, 0x40, 0x1C, 0x03, 0x01, 0x01, 0x01, 0x3B, 0x4D, 0x00, 0x02, 0x02,
    0x00, 0x62, 0x04, 0x01, 0x00, 0x00, 0x42, 0x4D, 0x00, 0x05, 0x05, 0x06, 0x61, 0x00, 0x06, 0x06,
    0x3D, 0x06, 0x4E, 0x1B, 0x4B, 0xB0, 0x28, 0x50, 0x58, 0x40, 0x20, 0x03, 0x01, 0x01, 0x01, 0x3B,
    0x4D, 0x00, 0x04, 0x04, 0x39, 0x4D, 0x00, 0x02, 0x02, 0x00, 0x62, 0x00, 0x00, 0x00, 0x42, 0x4D,
    0x00, 0x05, 0x05, 0x06, 0x61, 0x00, 0x06, 0x06, 0x3D, 0x06, 0x4E, 0x1B, 0x4B, 0xB0, 0x2A, 0x50,
    0x58, 0x40, 0x1D, 0x00, 0x05, 0x00, 0x06, 0x05, 0x06, 0x65, 0x03, 0x01, 0x01, 0x01, 0x3B, 0x4D,
    0x00, 0x04, 0x04, 0x39, 0x4D, 0x00, 0x02, 0x02, 0x00, 0x62, 0x00, 0x00, 0x00, 0x42, 0x00, 0x4E,
    0x1B, 0x40, 0x1D, 0x00, 0x05, 0x00, 0x06, 0x05, 0x06, 0x65, 0x03, 0x01, 0x01, 0x01, 0x3B, 0x4D,
    0x00, 0x04, 0x04, 0x3C, 0x4D, 0x00, 0x02, 0x02, 0x00, 0x62, 0x00, 0x00, 0x00, 0x42, 0x00, 0x4E,
    0x59, 0x59, 0x59, 0x40, 0x0A, 0x23, 0x24, 0x11, 0x12, 0x25, 0x12, 0x22, 0x07, 0x09, 0x1D, 0x2B,
    0x25, 0x35, 0x06, 0x23, 0x20, 0x11, 0x11, 0x33, 0x11, 0x14, 0x1E, 0x02, 0x33, 0x32, 0x37, 0x11,
    0x33, 0x11, 0x23, 0x06, 0x15, 0x14, 0x16, 0x33, 0x32, 0x37, 0x15, 0x06, 0x23, 0x22, 0x35, 0x34,
    0x37, 0x03, 0x1D, 0xA2, 0xD0, 0xFE, 0xE0, 0xF6, 0x0C, 0x1D, 0x31, 0x24, 0x8F, 0x8F, 0xF7, 0x6F,
    0x98, 0x3E, 0x47, 0x47, 0x2A, 0x4B, 0x5E, 0xF9, 0xBF, 0x2D, 0x93, 0xD9, 0x01, 0x53, 0x03, 0x0A,
    0xFD, 0x3A, 0x3C, 0x50, 0x2F, 0x13, 0xCE, 0x02, 0xC6, 0xFB, 0xBC, 0x4F, 0x65, 0x2D, 0x32, 0x0F,
    0x51, 0x1D, 0xA0, 0x79, 0x59, 0x00, 0x00, 0x00, 0x00, 0x02, 0x00, 0x19, 0x00, 0x00, 0x07, 0x74,
    0x07, 0x8F, 0x00, 0x0C, 0x00, 0x14, 0x00, 0x69, 0x40, 0x0C, 0x12, 0x01, 0x06, 0x05, 0x0B, 0x06,
    0x03, 0x03, 0x03, 0x00, 0x02, 0x4C, 0x4B, 0xB0, 0x2A, 0x50, 0x58, 0x40, 0x1B, 0x00, 0x05, 0x06,
    0x05, 0x85, 0x09, 0x07, 0x02, 0x06, 0x00, 0x06, 0x85, 0x02, 0x01, 0x02, 0x00, 0x00, 0x38, 0x4D,
    0x08, 0x04, 0x02, 0x03, 0x03, 0x39, 0x03, 0x4E, 0x1B, 0x40, 0x1B, 0x00, 0x05, 0x06, 0x05, 0x85,
    0x09, 0x07, 0x02, 0x06, 0x00, 0x06, 0x85, 0x02, 0x01, 0x02, 0x00, 0x03, 0x00, 0x85, 0x08, 0x04,
    0x02, 0x03, 0x03, 0x3C, 0x03, 0x4E, 0x59, 0x40, 0x17, 0x0D, 0x0D, 0x00, 0x00, 0x0D, 0x14, 0x0D,
    0x14, 0x11, 0x10, 0x0F, 0x0E, 0x00, 0x0C, 0x00, 0x0C, 0x11, 0x12, 0x12, 0x11, 0x0A, 0x09, 0x1A,
    0x2B, 0x21, 0x01, 0x33, 0x01, 0x01, 0x33, 0x01, 0x01, 0x33, 0x01, 0x23, 0x01, 0x01, 0x03, 0x13,
    0x33, 0x13, 0x23, 0x27, 0x23, 0x07, 0x01, 0x95, 0xFE, 0x84, 0xF6, 0x01, 0x24, 0x01, 0x3A, 0xE5,
    0x01, 0x26, 0x01, 0x39, 0xC3, 0xFE, 0x63, 0xFC, 0xFE, 0xE4, 0xFE, 0xD1, 0x1C, 0xF1, 0xF5, 0xF1,
    0xA3, 0xC7, 0x03, 0xC7, 0x05, 0xC8, 0xFB, 0x9A, 0x04, 0x66, 0xFB, 0x9E, 0x04, 0x62, 0xFA, 0x38,
    0x04, 0x36, 0xFB, 0xCA, 0x06, 0x4E, 0x01, 0x41, 0xFE, 0xBF, 0xC7, 0xC7, 0x00, 0x02, 0x00, 0x24,
    0x00, 0x00, 0x05, 0xDA, 0x06, 0x44, 0x00, 0x0C, 0x00, 0x14, 0x00, 0x90, 0x40, 0x0C, 0x12, 0x01,
    0x06, 0x05, 0x0B, 0x06, 0x03, 0x03, 0x03, 0x00, 0x02, 0x4C, 0x4B, 0xB0, 0x28, 0x50, 0x58, 0x40,
    0x1E, 0x09, 0x07, 0x02, 0x06, 0x05, 0x00, 0x05, 0x06, 0x00, 0x80, 0x00, 0x05, 0x05, 0x3A, 0x4D,
    0x02, 0x01, 0x02, 0x00, 0x00, 0x3B, 0x4D, 0x08, 0x04, 0x02, 0x03, 0x03, 0x39, 0x03, 0x4E, 0x1B,
    0x4B, 0xB0, 0x2A, 0x50, 0x58, 0x40, 0x1B, 0x00, 0x05, 0x06, 0x05, 0x85, 0x09, 0x07, 0x02, 0x06,
    0x00, 0x06, 0x85, 0x02, 0x01, 0x02, 0x00, 0x00, 0x3B, 0x4D, 0x08, 0x04, 0x02, 0x03, 0x03, 0x39,
    0x03, 0x4E, 0x1B, 0x40, 0x1B, 0x00, 0x05, 0x06, 0x05, 0x85, 0x09, 0x07, 0x02, 0x06, 0x00, 0x06,
    0x85, 0x02, 0x01, 0x02, 0x00, 0x00, 0x3B, 0x4D, 0x08, 0x04, 0x02, 0x03, 0x03, 0x3C, 0x03, 0x4E,
    0x59, 0x59, 0x40, 0x17, 0x0D, 0x0D, 0x00, 0x00, 0x0D, 0x14, 0x0D, 0x14, 0x11, 0x10, 0x0F, 0x0E,
    0x00, 0x0C, 0x00, 0x0C, 0x11, 0x12, 0x12, 0x11, 0x0A, 0x09, 0x1A, 0x2B, 0x21, 0x01, 0x33, 0x13,
    0x13, 0x33, 0x13, 0x13, 0x33, 0x01, 0x23, 0x0B, 0x02, 0x13, 0x33, 0x13, 0x23, 0x27, 0x23, 0x07,
    0x01, 0x2C, 0xFE, 0xF8, 0xE6, 0xBF, 0xDD, 0xE3, 0xC3, 0xD6, 0xB8, 0xFE, 0xD9, 0xF1, 0xC5, 0xDF,
    0x72, 0xF1, 0xF5, 0xF1, 0xA3, 0xC7, 0x03, 0xC7, 0x04, 0x44, 0xFC, 0xE6, 0x03, 0x1A, 0xFC, 0xE3,
    0x03, 0x1D, 0xFB, 0xBC, 0x03, 0x1D, 0xFC, 0xE3, 0x05, 0x03, 0x01, 0x41, 0xFE, 0xBF, 0xC7, 0xC7,
    0x00, 0x02, 0x00, 0x1D, 0x00, 0x00, 0x05, 0x3A, 0x07, 0x8F, 0x00, 0x08, 0x00, 0x10, 0x00, 0x63,
    0x40, 0x0C, 0x0E, 0x01, 0x04, 0x03, 0x07, 0x04, 0x01, 0x03, 0x02, 0x00, 0x02, 0x4C, 0x4B, 0xB0,
    0x2A, 0x50, 0x58, 0x40, 0x19, 0x00, 0x03, 0x04, 0x03, 0x85, 0x07, 0x05, 0x02, 0x04, 0x00, 0x04,
    0x85, 0x01, 0x01, 0x00, 0x00, 0x38, 0x4D, 0x06, 0x01, 0x02, 0x02, 0x39, 0x02, 0x4E, 0x1B, 0x40,
    0x19, 0x00, 0x03, 0x04, 0x03, 0x85, 0x07, 0x05, 0x02, 0x04, 0x00, 0x04, 0x85, 0x01, 0x01, 0x00,
    0x02, 0x00, 0x85, 0x06, 0x01, 0x02, 0x02, 0x3C, 0x02, 0x4E, 0x59, 0x40, 0x15, 0x09, 0x09, 0x00,
    0x00, 0x09, 0x10, 0x09, 0x10, 0x0D, 0x0C, 0x0B, 0x0A, 0x00, 0x08, 0x00, 0x08, 0x12, 0x12, 0x08,
    0x09, 0x18, 0x2B, 0x21, 0x11, 0x01, 0x21, 0x01, 0x01, 0x33, 0x01, 0x11, 0x01, 0x13, 0x33, 0x13,
    0x23, 0x27, 0x23, 0x07, 0x02, 0x1C, 0xFE, 0x01, 0x01, 0x22, 0x01, 0x84, 0x01, 0x9B, 0xDC, 0xFD,
    0xE5, 0xFE, 0x44, 0xF1, 0xF5, 0xF1, 0xA3, 0xC7, 0x03, 0xC7, 0x02, 0x6A, 0x03, 0x5E, 0xFD, 0x71,
    0x02, 0x8F, 0xFC, 0xA6, 0xFD, 0x92, 0x06, 0x4E, 0x01, 0x41, 0xFE, 0xBF, 0xC7, 0xC7, 0x00, 0x00,
    0x00, 0x02, 0x00, 0x16, 0xFE, 0x75, 0x04, 0x26, 0x06, 0x44, 0x00, 0x07, 0x00, 0x0F, 0x00, 0x5B,
    0x40, 0x0A, 0x0D, 0x01, 0x04, 0x03, 0x03, 0x01, 0x02, 0x00, 0x02, 0x4C, 0x4B, 0xB0, 0x28, 0x50,
    0x58, 0x40, 0x1B, 0x06, 0x05, 0x02, 0x04, 0x03, 0x00, 0x03, 0x04, 0x00, 0x80, 0x00, 0x03, 0x03,
    0x3A, 0x4D, 0x01, 0x01, 0x00, 0x00, 0x3B, 0x4D, 0x00, 0x02, 0x02, 0x3D, 0x02, 0x4E, 0x1B, 0x40,
    0x18, 0x00, 0x03, 0x04, 0x03, 0x85, 0x06, 0x05, 0x02, 0x04, 0x00, 0x04, 0x85, 0x01, 0x01, 0x00,
    0x00, 0x3B, 0x4D, 0x00, 0x02, 0x02, 0x3D, 0x02, 0x4E, 0x59, 0x40, 0x0E, 0x08, 0x08, 0x08, 0x0F,
    0x08, 0x0F, 0x11, 0x12, 0x11, 0x12, 0x11, 0x07, 0x09, 0x1B, 0x2B, 0x21, 0x01, 0x21, 0x01, 0x01,
    0x33, 0x01, 0x23, 0x13, 0x13, 0x33, 0x13, 0x23, 0x27, 0x23, 0x07, 0x01, 0x9B, 0xFE, 0x7B, 0x01,
    0x00, 0x01, 0x12, 0x01, 0x39, 0xC5, 0xFD, 0xA1, 0xFD, 0x06, 0xF1, 0xF5, 0xF1, 0xA3, 0xC7, 0x03,
    0xC7, 0x04, 0x44, 0xFC, 0xFC, 0x03, 0x04, 0xFA, 0x31, 0x06, 0x8E, 0x01, 0x41, 0xFE, 0xBF, 0xC7,
    0xC7, 0x00, 0x00, 0x00, 0x00, 0x03, 0x00, 0x1D, 0x00, 0x00, 0x05, 0x3A, 0x07, 0x27, 0x00, 0x08,
    0x00, 0x0C, 0x00, 0x10, 0x00, 0x67, 0xB7, 0x07, 0x04, 0x01, 0x03, 0x02, 0x00, 0x01, 0x4C, 0x4B,
    0xB0, 0x2A, 0x50, 0x58, 0x40, 0x19, 0x05, 0x01, 0x03, 0x09, 0x06, 0x08, 0x03, 0x04, 0x00, 0x03,
    0x04, 0x67, 0x01, 0x01, 0x00, 0x00, 0x38, 0x4D, 0x07, 0x01, 0x02, 0x02, 0x39, 0x02, 0x4E, 0x1B,
    0x40, 0x1C, 0x01, 0x01, 0x00, 0x04, 0x02, 0x04, 0x00, 0x02, 0x80, 0x05, 0x01, 0x03, 0x09, 0x06,
    0x08, 0x03, 0x04, 0x00, 0x03, 0x04, 0x67, 0x07, 0x01, 0x02, 0x02, 0x3C, 0x02, 0x4E, 0x59, 0x40,
    0x1B, 0x0D, 0x0D, 0x09, 0x09, 0x00, 0x00, 0x0D, 0x10, 0x0D, 0x10, 0x0F, 0x0E, 0x09, 0x0C, 0x09,
    0x0C, 0x0B, 0x0A, 0x00, 0x08, 0x00, 0x08, 0x12, 0x12, 0x0A, 0x09, 0x18, 0x2B, 0x21, 0x11, 0x01,
    0x21, 0x01, 0x01, 0x33, 0x01, 0x11, 0x01, 0x35, 0x33, 0x15, 0x33, 0x35, 0x33, 0x15, 0x02, 0x1C,
    0xFE, 0x01, 0x01, 0x22, 0x01, 0x84, 0x01, 0x9B, 0xDC, 0xFD, 0xE5, 0xFE, 0x81, 0xC6, 0xD1, 0xC6,
    0x02, 0x6A, 0x03, 0x5E, 0xFD, 0x71, 0x02, 0x8F, 0xFC, 0xA6, 0xFD, 0x92, 0x06, 0x62, 0xC5, 0xC5,
    0xC5, 0xC5, 0x00, 0x00, 0x00, 0x02, 0x00, 0x61, 0x00, 0x00, 0x04, 0x81, 0x07, 0x8F, 0x00, 0x09,
    0x00, 0x0D, 0x00, 0x6B, 0xB7, 0x06, 0x01, 0x00, 0x01, 0x01, 0x02, 0x02, 0x4B, 0x4B, 0xB0, 0x2A,
    0x50, 0x58, 0x40, 0x21, 0x00, 0x04, 0x05, 0x04, 0x85, 0x07, 0x01, 0x05, 0x01, 0x05, 0x85, 0x00,
    0x00, 0x00, 0x01, 0x5F, 0x00, 0x01, 0x01, 0x38, 0x4D, 0x00, 0x02, 0x02, 0x03, 0x5F, 0x06, 0x01,
    0x03, 0x03, 0x39, 0x03, 0x4E, 0x1B, 0x40, 0x1F, 0x00, 0x04, 0x05, 0x04, 0x85, 0x07, 0x01, 0x05,
    0x01, 0x05, 0x85, 0x00, 0x01, 0x00, 0x00, 0x02, 0x01, 0x00, 0x68, 0x00, 0x02, 0x02, 0x03, 0x5F,
    0x06, 0x01, 0x03, 0x03, 0x3C, 0x03, 0x4E, 0x59, 0x40, 0x14, 0x0A, 0x0A, 0x00, 0x00, 0x0A, 0x0D,
    0x0A, 0x0D, 0x0C, 0x0B, 0x00, 0x09, 0x00, 0x09, 0x12, 0x11, 0x12, 0x08, 0x09, 0x19, 0x2B, 0x33,
    0x35, 0x01, 0x21, 0x35, 0x21, 0x15, 0x01, 0x21, 0x15, 0x01, 0x13, 0x33, 0x01, 0x61, 0x02, 0xEF,
    0xFD, 0x3F, 0x03, 0xF2, 0xFD, 0x11, 0x02, 0xEF, 0xFD, 0x47, 0xF1, 0xFE, 0xFE, 0xBF, 0xBD, 0x04,
    0x57, 0xB4, 0xB4, 0xFB, 0xA9, 0xBD, 0x06, 0x4E, 0x01, 0x41, 0xFE, 0xBF, 0x00, 0x02, 0x00, 0x5C,
    0x00, 0x00, 0x03, 0xA9, 0x06, 0x44, 0x00, 0x09, 0x00, 0x0D, 0x00, 0x9A, 0xB7, 0x06, 0x01, 0x00,
    0x01, 0x01, 0x02, 0x02, 0x4B, 0x4B, 0xB0, 0x28, 0x50, 0x58, 0x40, 0x24, 0x07, 0x01, 0x05, 0x04,
    0x01, 0x04, 0x05, 0x01, 0x80, 0x00, 0x04, 0x04, 0x3A, 0x4D, 0x00, 0x00, 0x00, 0x01, 0x5F, 0x00,
    0x01, 0x01, 0x3B, 0x4D, 0x00, 0x02, 0x02, 0x03, 0x5F, 0x06, 0x01, 0x03, 0x03, 0x39, 0x03, 0x4E,
    0x1B, 0x4B, 0xB0, 0x2A, 0x50, 0x58, 0x40, 0x21, 0x00, 0x04, 0x05, 0x04, 0x85, 0x07, 0x01, 0x05,
    0x01, 0x05, 0x85, 0x00, 0x00, 0x00, 0x01, 0x5F, 0x00, 0x01, 0x01, 0x3B, 0x4D, 0x00, 0x02, 0x02,
    0x03, 0x5F, 0x06, 0x01, 0x03, 0x03, 0x39, 0x03, 0x4E, 0x1B, 0x40, 0x21, 0x00, 0x04, 0x05, 0x04,
    0x85, 0x07, 0x01, 0x05, 0x01, 0x05, 0x85, 0x00, 0x00, 0x00, 0x01, 0x5F, 0x00, 0x01, 0x01, 0x3B,
    0x4D, 0x00, 0x02, 0x02, 0x03, 0x5F, 0x06, 0x01, 0x03, 0x03, 0x3C, 0x03, 0x4E, 0x59, 0x59, 0x40,
    0x14, 0x0A, 0x0A, 0x00, 0x00, 0x0A, 0x0D, 0x0A, 0x0D, 0x0C, 0x0B, 0x00, 0x09, 0x00, 0x09, 0x12,
    0x11, 0x12, 0x08, 0x09, 0x19, 0x2B, 0x33, 0x35, 0x01, 0x21, 0x35, 0x21, 0x15, 0x01, 0x21, 0x15,
    0x01, 0x13, 0x33, 0x01, 0x5C, 0x02, 0x22, 0xFD, 0xFC, 0x03, 0x23, 0xFD, 0xDE, 0x02, 0x2E, 0xFD,
    0xB0, 0xF1, 0xFF, 0xFE, 0xBF, 0xAC, 0x02, 0xF1, 0xA7, 0xA7, 0xFD, 0x0F, 0xAC, 0x05, 0x03, 0x01,
    0x41, 0xFE, 0xBF, 0x00, 0x00, 0x02, 0x00, 0x61, 0x00, 0x00, 0x04, 0x81, 0x07, 0x62, 0x00, 0x09,
    0x00, 0x0D, 0x00, 0x67, 0xB7, 0x06, 0x01, 0x00, 0x01, 0x01, 0x02, 0x02, 0x4B, 0x4B, 0xB0, 0x2A,
    0x50, 0x58, 0x40, 0x1F, 0x00, 0x04, 0x07, 0x01, 0x05, 0x01, 0x04, 0x05, 0x67, 0x00, 0x00, 0x00,
    0x01, 0x5F, 0x00, 0x01, 0x01, 0x38, 0x4D, 0x00, 0x02, 0x02, 0x03, 0x5F, 0x06, 0x01, 0x03, 0x03,
    0x39, 0x03, 0x4E, 0x1B, 0x40, 0x1D, 0x00, 0x04, 0x07, 0x01, 0x05, 0x01, 0x04, 0x05, 0x67, 0x00,
    0x01, 0x00, 0x00, 0x02, 0x01, 0x00, 0x67, 0x00, 0x02, 0x02, 0x03, 0x5F, 0x06, 0x01, 0x03, 0x03,
    0x3C, 0x03, 0x4E, 0x59, 0x40, 0x14, 0x0A, 0x0A, 0x00, 0x00, 0x0A, 0x0D, 0x0A, 0x0D, 0x0C, 0x0B,
    0x00, 0x09, 0x00, 0x09, 0x12, 0x11, 0x12, 0x08, 0x09, 0x19, 0x2B, 0x33, 0x35, 0x01, 0x21, 0x35,
    0x21, 0x15, 0x01, 0x21, 0x15, 0x01, 0x35, 0x33, 0x15, 0x61, 0x02, 0xEF, 0xFD, 0x3F, 0x03, 0xF2,
    0xFD, 0x11, 0x02, 0xEF, 0xFD, 0x85, 0xF7, 0xBD, 0x04, 0x57, 0xB4, 0xB4, 0xFB, 0xA9, 0xBD, 0x06,
    0x6C, 0xF6, 0xF6, 0x00, 0x00, 0x02, 0x00, 0x5C, 0x00, 0x00, 0x03, 0xA9, 0x06, 0x03, 0x00, 0x09,
    0x00, 0x0D, 0x00, 0x93, 0xB7, 0x06, 0x01, 0x00, 0x01, 0x01, 0x02, 0x02, 0x4B, 0x4B, 0xB0, 0x19,
    0x50, 0x58, 0x40, 0x21, 0x07, 0x01, 0x05, 0x05, 0x04, 0x5F, 0x00, 0x04, 0x04, 0x3A, 0x4D, 0x00,
    0x00, 0x00, 0x01, 0x5F, 0x00, 0x01, 0x01, 0x3B, 0x4D, 0x00, 0x02, 0x02, 0x03, 0x5F, 0x06, 0x01,
    0x03, 0x03, 0x39, 0x03, 0x4E, 0x1B, 0x4B, 0xB0, 0x2A, 0x50, 0x58, 0x40, 0x1F, 0x00, 0x04, 0x07,
    0x01, 0x05, 0x01, 0x04, 0x05, 0x67, 0x00, 0x00, 0x00, 0x01, 0x5F, 0x00, 0x01, 0x01, 0x3B, 0x4D,
    0x00, 0x02, 0x02, 0x03, 0x5F, 0x06, 0x01, 0x03, 0x03, 0x39, 0x03, 0x4E, 0x1B, 0x40, 0x1F, 0x00,
    0x04, 0x07, 0x01, 0x05, 0x01, 0x04, 0x05, 0x67, 0x00, 0x00, 0x00, 0x01, 0x5F, 0x00, 0x01, 0x01,
    0x3B, 0x4D, 0x00, 0x02, 0x02, 0x03, 0x5F, 0x06, 0x01, 0x03, 0x03, 0x3C, 0x03, 0x4E, 0x59, 0x59,
    0x40, 0x14, 0x0A, 0x0A, 0x00, 0x00, 0x0A, 0x0D, 0x0A, 0x0D, 0x0C, 0x0B, 0x00, 0x09, 0x00, 0x09,
    0x12, 0x11, 0x12, 0x08, 0x09, 0x19, 0x2B, 0x33, 0x35, 0x01, 0x21, 0x35, 0x21, 0x15, 0x01, 0x21,
    0x15, 0x01, 0x35, 0x33, 0x15, 0x5C, 0x02, 0x22, 0xFD, 0xFC, 0x03, 0x23, 0xFD, 0xDE, 0x02, 0x2E,
    0xFD, 0xE1, 0xF6, 0xAC, 0x02, 0xF1, 0xA7, 0xA7, 0xFD, 0x0F, 0xAC, 0x05, 0x0D, 0xF6, 0xF6, 0x00,
    0x00, 0x02, 0x00, 0x61, 0x00, 0x00, 0x04, 0x81, 0x07, 0x8F, 0x00, 0x09, 0x00, 0x11, 0x00, 0x76,
    0x40, 0x0E, 0x0F, 0x01, 0x04, 0x05, 0x01, 0x4C, 0x06, 0x01, 0x00, 0x01, 0x01, 0x02, 0x02, 0x4B,
    0x4B, 0xB0, 0x2A, 0x50, 0x58, 0x40, 0x22, 0x08, 0x06, 0x02, 0x05, 0x04, 0x05, 0x85, 0x00, 0x04,
    0x01, 0x04, 0x85, 0x00, 0x00, 0x00, 0x01, 0x5F, 0x00, 0x01, 0x01, 0x38, 0x4D, 0x00, 0x02, 0x02,
    0x03, 0x5F, 0x07, 0x01, 0x03, 0x03, 0x39, 0x03, 0x4E, 0x1B, 0x40, 0x20, 0x08, 0x06, 0x02, 0x05,
    0x04, 0x05, 0x85, 0x00, 0x04, 0x01, 0x04, 0x85, 0x00, 0x01, 0x00, 0x00, 0x02, 0x01, 0x00, 0x68,
    0x00, 0x02, 0x02, 0x03, 0x5F, 0x07, 0x01, 0x03, 0x03, 0x3C, 0x03, 0x4E, 0x59, 0x40, 0x16, 0x0A,
    0x0A, 0x00, 0x00, 0x0A, 0x11, 0x0A, 0x11, 0x0E, 0x0D, 0x0C, 0x0B, 0x00, 0x09, 0x00, 0x09, 0x12,
    0x11, 0x12, 0x09, 0x09, 0x19, 0x2B, 0x33, 0x35, 0x01, 0x21, 0x35, 0x21, 0x15, 0x01, 0x21, 0x15,
    0x03, 0x03, 0x23, 0x03, 0x33, 0x17, 0x33, 0x37, 0x61, 0x02, 0xEF, 0xFD, 0x3F, 0x03, 0xF2, 0xFD,
    0x11, 0x02, 0xEF, 0x93, 0xF1, 0xF6, 0xF1, 0xA4, 0xC7, 0x02, 0xC7, 0xBD, 0x04, 0x57, 0xB4, 0xB4,
    0xFB, 0xA9, 0xBD, 0x07, 0x8F, 0xFE, 0xBF, 0x01, 0x41, 0xC8, 0xC8, 0x00, 0x00, 0x02, 0x00, 0x5C,
    0x00, 0x00, 0x03, 0xA9, 0x06, 0x44, 0x00, 0x09, 0x00, 0x11, 0x00, 0xA6, 0x40, 0x0E, 0x0F, 0x01,
    0x04, 0x05, 0x01, 0x4C, 0x06, 0x01, 0x00, 0x01, 0x01, 0x02, 0x02, 0x4B, 0x4B, 0xB0, 0x28, 0x50,
    0x58, 0x40, 0x25, 0x00, 0x04, 0x05, 0x01, 0x05, 0x04, 0x01, 0x80, 0x08, 0x06, 0x02, 0x05, 0x05,
    0x3A, 0x4D, 0x00, 0x00, 0x00, 0x01, 0x5F, 0x00, 0x01, 0x01, 0x3B, 0x4D, 0x00, 0x02, 0x02, 0x03,
    0x5F, 0x07, 0x01, 0x03, 0x03, 0x39, 0x03, 0x4E, 0x1B, 0x4B, 0xB0, 0x2A, 0x50, 0x58, 0x40, 0x22,
    0x08, 0x06, 0x02, 0x05, 0x04, 0x05, 0x85, 0x00, 0x04, 0x01, 0x04, 0x85, 0x00, 0x00, 0x00, 0x01,
    0x5F, 0x00, 0x01, 0x01, 0x3B, 0x4D, 0x00, 0x02, 0x02, 0x03, 0x5F, 0x07, 0x01, 0x03, 0x03, 0x39,
    0x03, 0x4E, 0x1B, 0x40, 0x22, 0x08, 0x06, 0x02, 0x05, 0x04, 0x05, 0x85, 0x00, 0x04, 0x01, 0x04,
    0x85, 0x00, 0x00, 0x00, 0x01, 0x5F, 0x00, 0x01, 0x01, 0x3B, 0x4D, 0x00, 0x02, 0x02, 0x03, 0x5F,
    0x07, 0x01, 0x03, 0x03, 0x3C, 0x03, 0x4E, 0x59, 0x59, 0x40, 0x16, 0x0A, 0x0A, 0x00, 0x00, 0x0A,
    0x11, 0x0A, 0x11, 0x0E, 0x0D, 0x0C, 0x0B, 0x00, 0x09, 0x00, 0x09, 0x12, 0x11, 0x12, 0x09, 0x09,
    0x19, 0x2B, 0x33, 0x35, 0x01, 0x21, 0x35, 0x21, 0x15, 0x01, 0x21, 0x15, 0x03, 0x03, 0x23, 0x03,
    0x33, 0x17, 0x33, 0x37, 0x5C, 0x02, 0x22, 0xFD, 0xFC, 0x03, 0x23, 0xFD, 0xDE, 0x02, 0x2E, 0x35,
    0xF1, 0xF5, 0xF1, 0xA3, 0xC7, 0x03, 0xC7, 0xAC, 0x02, 0xF1, 0xA7, 0xA7, 0xFD, 0x0F, 0xAC, 0x06,
    0x44, 0xFE, 0xBF, 0x01, 0x41, 0xC8, 0xC8, 0x00, 0x00, 0x01, 0x00, 0x1E, 0x00, 0x00, 0x02, 0x70,
    0x06, 0x41, 0x00, 0x11, 0x00, 0x5D, 0x40, 0x0A, 0x0B, 0x01, 0x03, 0x02, 0x0C, 0x01, 0x01, 0x03,
    0x02, 0x4C, 0x4B, 0xB0, 0x2A, 0x50, 0x58, 0x40, 0x1B, 0x00, 0x03, 0x03, 0x02, 0x61, 0x00, 0x02,
    0x02, 0x40, 0x4D, 0x00, 0x00, 0x00, 0x01, 0x5F, 0x00, 0x01, 0x01, 0x3B, 0x4D, 0x05, 0x01, 0x04,
    0x04, 0x39, 0x04, 0x4E, 0x1B, 0x40, 0x1B, 0x00, 0x03, 0x03, 0x02, 0x61, 0x00, 0x02, 0x02, 0x40,
    0x4D, 0x00, 0x00, 0x00, 0x01, 0x5F, 0x00, 0x01, 0x01, 0x3B, 0x4D, 0x05, 0x01, 0x04, 0x04, 0x3C,
    0x04, 0x4E, 0x59, 0x40, 0x0D, 0x00, 0x00, 0x00, 0x11, 0x00, 0x11, 0x24, 0x23, 0x11, 0x11, 0x06,
    0x09, 0x1A, 0x2B, 0x33, 0x11, 0x23, 0x35, 0x33, 0x35, 0x34, 0x36, 0x33, 0x32, 0x16, 0x17, 0x15,
    0x26, 0x23, 0x22, 0x15, 0x11, 0x9B, 0x7D, 0x7D, 0xB4, 0xAB, 0x1A, 0x38, 0x24, 0x38, 0x28, 0x7F,
    0x03, 0x9D, 0xA7, 0x68, 0xC5, 0xD0, 0x06, 0x07, 0xA9, 0x12, 0xE1, 0xFB, 0x44, 0x00, 0x00, 0x00,
    0x00, 0x01, 0x00, 0x31, 0xFE, 0xD8, 0x04, 0x20, 0x05, 0xED, 0x00, 0x14, 0x00, 0x65, 0x40, 0x0A,
    0x0A, 0x01, 0x03, 0x02, 0x0B, 0x01, 0x01, 0x03, 0x02, 0x4C, 0x4B, 0xB0, 0x2A, 0x50, 0x58, 0x40,
    0x1B, 0x07, 0x01, 0x06, 0x00, 0x06, 0x86, 0x04, 0x01, 0x01, 0x05, 0x01, 0x00, 0x06, 0x01, 0x00,
    0x67, 0x00, 0x03, 0x03, 0x02, 0x61, 0x00, 0x02, 0x02, 0x3E, 0x03, 0x4E, 0x1B, 0x40, 0x21, 0x07,
    0x01, 0x06, 0x00, 0x06, 0x86, 0x00, 0x02, 0x00, 0x03, 0x01, 0x02, 0x03, 0x69, 0x04, 0x01, 0x01,
    0x00, 0x00, 0x01, 0x57, 0x04, 0x01, 0x01, 0x01, 0x00, 0x5F, 0x05, 0x01, 0x00, 0x01, 0x00, 0x4F,
    0x59, 0x40, 0x0F, 0x00, 0x00, 0x00, 0x14, 0x00, 0x14, 0x11, 0x12, 0x24, 0x22, 0x11, 0x11, 0x08,
    0x09, 0x1C, 0x2B, 0x13, 0x13, 0x23, 0x35, 0x33, 0x37, 0x12, 0x21, 0x32, 0x16, 0x17, 0x07, 0x26,
    0x23, 0x22, 0x03, 0x07, 0x33, 0x15, 0x23, 0x03, 0x31, 0xC7, 0x9D, 0xBE, 0x15, 0x71, 0x01, 0xA5,
    0x39, 0x6D, 0x36, 0x0F, 0x74, 0x5B, 0xD0, 0x39, 0x24, 0xB7, 0xD9, 0xC7, 0xFE, 0xD8, 0x03, 0xEA,
    0xA7, 0x61, 0x02, 0x23, 0x0C, 0x0B, 0xB5, 0x26, 0xFE, 0xDC, 0xBA, 0xA7, 0xFC, 0x16, 0x00, 0x00,
    0x00, 0x03, 0x00, 0x0F, 0x00, 0x00, 0x05, 0x7C, 0x07, 0x8F, 0x00, 0x07, 0x00, 0x0A, 0x00, 0x12,
    0x00, 0x74, 0x40, 0x0A, 0x10, 0x01, 0x05, 0x06, 0x0A, 0x01, 0x04, 0x00, 0x02, 0x4C, 0x4B, 0xB0,
    0x2A, 0x50, 0x58, 0x40, 0x21, 0x09, 0x07, 0x02, 0x06, 0x05, 0x06, 0x85, 0x00, 0x05, 0x00, 0x05,
    0x85, 0x00, 0x04, 0x00, 0x02, 0x01, 0x04, 0x02, 0x68, 0x00, 0x00, 0x00, 0x38, 0x4D, 0x08, 0x03,
    0x02, 0x01, 0x01, 0x39, 0x01, 0x4E, 0x1B, 0x40, 0x21, 0x09, 0x07, 0x02, 0x06, 0x05, 0x06, 0x85,
    0x00, 0x05, 0x00, 0x05, 0x85, 0x00, 0x00, 0x04, 0x00, 0x85, 0x00, 0x04, 0x00, 0x02, 0x01, 0x04,
    0x02, 0x68, 0x08, 0x03, 0x02, 0x01, 0x01, 0x3C, 0x01, 0x4E, 0x59, 0x40, 0x18, 0x0B, 0x0B, 0x00,
    0x00, 0x0B, 0x12, 0x0B, 0x12, 0x0F, 0x0E, 0x0D, 0x0C, 0x09, 0x08, 0x00, 0x07, 0x00, 0x07, 0x11,
    0x11, 0x11, 0x0A, 0x09, 0x19, 0x2B, 0x33, 0x01, 0x21, 0x01, 0x21, 0x03, 0x21, 0x03, 0x13, 0x21,
    0x03, 0x01, 0x03, 0x23, 0x03, 0x33, 0x17, 0x33, 0x37, 0x0F, 0x02, 0x38, 0x01, 0x02, 0x02, 0x33,
    0xFE, 0xF1, 0x98, 0xFD, 0xA5, 0x99, 0xDD, 0x01, 0xD4, 0xEA, 0x01, 0x89, 0xF1, 0xF5, 0xF1, 0xA3,
    0xC7, 0x03, 0xC7, 0x05, 0xC8, 0xFA, 0x38, 0x01, 0x92, 0xFE, 0x6E, 0x02, 0x43, 0x02, 0x64, 0x02,
    0xE8, 0xFE, 0xBF, 0x01, 0x41, 0xC8, 0xC8, 0x00, 0x00, 0x03, 0x00, 0x52, 0xFF, 0xE7, 0x04, 0x42,
    0x06, 0x44, 0x00, 0x21, 0x00, 0x2C, 0x00, 0x34, 0x00, 0xFD, 0x4B, 0xB0, 0x1D, 0x50, 0x58, 0x40,
    0x16, 0x32, 0x01, 0x08, 0x09, 0x12, 0x01, 0x02, 0x03, 0x11, 0x01, 0x01, 0x02, 0x2C, 0x01, 0x04,
    0x06, 0x1E, 0x01, 0x00, 0x04, 0x05, 0x4C, 0x1B, 0x40, 0x16, 0x32, 0x01, 0x08, 0x09, 0x12, 0x01,
    0x02, 0x03, 0x11, 0x01, 0x01, 0x02, 0x2C, 0x01, 0x07, 0x06, 0x1E, 0x01, 0x00, 0x04, 0x05, 0x4C,
    0x59, 0x4B, 0xB0, 0x1D, 0x50, 0x58, 0x40, 0x2E, 0x00, 0x08, 0x09, 0x03, 0x09, 0x08, 0x03, 0x80,
    0x00, 0x01, 0x00, 0x06, 0x04, 0x01, 0x06, 0x69, 0x0B, 0x0A, 0x02, 0x09, 0x09, 0x3A, 0x4D, 0x00,
    0x02, 0x02, 0x03, 0x61, 0x00, 0x03, 0x03, 0x41, 0x4D, 0x07, 0x01, 0x04, 0x04, 0x00, 0x61, 0x05,
    0x01, 0x00, 0x00, 0x42, 0x00, 0x4E, 0x1B, 0x4B, 0xB0, 0x28, 0x50, 0x58, 0x40, 0x38, 0x00, 0x08,
    0x09, 0x03, 0x09, 0x08, 0x03, 0x80, 0x00, 0x01, 0x00, 0x06, 0x07, 0x01, 0x06, 0x69, 0x0B, 0x0A,
    0x02, 0x09, 0x09, 0x3A, 0x4D, 0x00, 0x02, 0x02, 0x03, 0x61, 0x00, 0x03, 0x03, 0x41, 0x4D, 0x00,
    0x07, 0x07, 0x00, 0x61, 0x05, 0x01, 0x00, 0x00, 0x42, 0x4D, 0x00, 0x04, 0x04, 0x00, 0x61, 0x05,
    0x01, 0x00, 0x00, 0x42, 0x00, 0x4E, 0x1B, 0x40, 0x35, 0x0B, 0x0A, 0x02, 0x09, 0x08, 0x09, 0x85,
    0x00, 0x08, 0x03, 0x08, 0x85, 0x00, 0x01, 0x00, 0x06, 0x07, 0x01, 0x06, 0x69, 0x00, 0x02, 0x02,
    0x03, 0x61, 0x00, 0x03, 0x03, 0x41, 0x4D, 0x00, 0x07, 0x07, 0x00, 0x61, 0x05, 0x01, 0x00, 0x00,
    0x42, 0x4D, 0x00, 0x04, 0x04, 0x00, 0x61, 0x05, 0x01, 0x00, 0x00, 0x42, 0x00, 0x4E, 0x59, 0x59,
    0x40, 0x14, 0x2D, 0x2D, 0x2D, 0x34, 0x2D, 0x34, 0x31, 0x30, 0x13, 0x23, 0x41, 0x24, 0x15, 0x23,
    0x22, 0x25, 0x23, 0x0C, 0x09, 0x1F, 0x2B, 0x25, 0x06, 0x07, 0x06, 0x23, 0x22, 0x2E, 0x02, 0x35,
    0x10, 0x21, 0x33, 0x35, 0x34, 0x23, 0x22, 0x07, 0x35, 0x36, 0x33, 0x32, 0x16, 0x15, 0x11, 0x14,
    0x16, 0x33, 0x32, 0x37, 0x17, 0x06, 0x23, 0x22, 0x03, 0x06, 0x26, 0x23, 0x20, 0x15, 0x14, 0x16,
    0x33, 0x32, 0x37, 0x13, 0x03, 0x23, 0x03, 0x33, 0x17, 0x33, 0x37, 0x02, 0xD8, 0x15, 0x15, 0x7D,
    0x9C, 0x48, 0x77, 0x55, 0x2F, 0x02, 0x33, 0x3E, 0xBD, 0xA3, 0xB2, 0xBE, 0xC0, 0xC7, 0xBE, 0x30,
    0x2D, 0x10, 0x17, 0x0A, 0x51, 0x4C, 0xA0, 0x42, 0x11, 0x21, 0x11, 0xFE, 0xC6, 0x57, 0x4E, 0x76,
    0x62, 0xF3, 0xF1, 0xF5, 0xF1, 0xA3, 0xC7, 0x03, 0xC7, 0x80, 0x11, 0x0D, 0x7B, 0x2D, 0x51, 0x72,
    0x46, 0x01, 0x73, 0x73, 0xB4, 0x61, 0xB8, 0x4E, 0xA6, 0xAE, 0xFE, 0x17, 0x4A, 0x4B, 0x04, 0x89,
    0x1E, 0x02, 0x1A, 0x01, 0x02, 0xC7, 0x4C, 0x53, 0x69, 0x05, 0x3F, 0xFE, 0xBF, 0x01, 0x41, 0xC8,
    0xC8, 0x00, 0x00, 0x00, 0x00, 0x02, 0x00, 0x49, 0x00, 0x00, 0x03, 0x20, 0x07, 0x8F, 0x00, 0x0B,
    0x00, 0x13, 0x00, 0x73, 0xB5, 0x11, 0x01, 0x06, 0x07, 0x01, 0x4C, 0x4B, 0xB0, 0x2A, 0x50, 0x58,
    0x40, 0x24, 0x0A, 0x08, 0x02, 0x07, 0x06, 0x07, 0x85, 0x00, 0x06, 0x02, 0x06, 0x85, 0x03, 0x01,
    0x01, 0x01, 0x02, 0x5F, 0x00, 0x02, 0x02, 0x38, 0x4D, 0x04, 0x01, 0x00, 0x00, 0x05, 0x5F, 0x09,
    0x01, 0x05, 0x05, 0x39, 0x05, 0x4E, 0x1B, 0x40, 0x22, 0x0A, 0x08, 0x02, 0x07, 0x06, 0x07, 0x85,
    0x00, 0x06, 0x02, 0x06, 0x85, 0x00, 0x02, 0x03, 0x01, 0x01, 0x00, 0x02, 0x01, 0x68, 0x04, 0x01,
    0x00, 0x00, 0x05, 0x5F, 0x09, 0x01, 0x05, 0x05, 0x3C, 0x05, 0x4E, 0x59, 0x40, 0x18, 0x0C, 0x0C,
    0x00, 0x00, 0x0C, 0x13, 0x0C, 0x13, 0x10, 0x0F, 0x0E, 0x0D, 0x00, 0x0B, 0x00, 0x0B, 0x11, 0x11,
    0x11, 0x11, 0x11, 0x0B, 0x09, 0x1B, 0x2B, 0x33, 0x35, 0x33, 0x11, 0x23, 0x35, 0x21, 0x15, 0x23,
    0x11, 0x33, 0x15, 0x13, 0x03, 0x23, 0x03, 0x33, 0x17, 0x33, 0x37, 0x70, 0xC3, 0xC3, 0x02, 0x88,
    0xC3, 0xC3, 0x28, 0xF1, 0xF5, 0xF1, 0xA3, 0xC7, 0x03, 0xC7, 0xB7, 0x04, 0x59, 0xB8, 0xB8, 0xFB,
    0xA7, 0xB7, 0x07, 0x8F, 0xFE, 0xBF, 0x01, 0x41, 0xC8, 0xC8, 0x00, 0x00, 0x00, 0x02, 0xFF, 0xA7,
    0x00, 0x00, 0x02, 0x7E, 0x06, 0x44, 0x00, 0x03, 0x00, 0x0B, 0x00, 0x7D, 0xB5, 0x09, 0x01, 0x02,
    0x03, 0x01, 0x4C, 0x4B, 0xB0, 0x28, 0x50, 0x58, 0x40, 0x1B, 0x00, 0x02, 0x03, 0x00, 0x03, 0x02,
    0x00, 0x80, 0x06, 0x04, 0x02, 0x03, 0x03, 0x3A, 0x4D, 0x00, 0x00, 0x00, 0x3B, 0x4D, 0x05, 0x01,
    0x01, 0x01, 0x39, 0x01, 0x4E, 0x1B, 0x4B, 0xB0, 0x2A, 0x50, 0x58, 0x40, 0x18, 0x06, 0x04, 0x02,
    0x03, 0x02, 0x03, 0x85, 0x00, 0x02, 0x00, 0x02, 0x85, 0x00, 0x00, 0x00, 0x3B, 0x4D, 0x05, 0x01,
    0x01, 0x01, 0x39, 0x01, 0x4E, 0x1B, 0x40, 0x18, 0x06, 0x04, 0x02, 0x03, 0x02, 0x03, 0x85, 0x00,
    0x02, 0x00, 0x02, 0x85, 0x00, 0x00, 0x00, 0x3B, 0x4D, 0x05, 0x01, 0x01, 0x01, 0x3C, 0x01, 0x4E,
    0x59, 0x59, 0x40, 0x14, 0x04, 0x04, 0x00, 0x00, 0x04, 0x0B, 0x04, 0x0B, 0x08, 0x07, 0x06, 0x05,
    0x00, 0x03, 0x00, 0x03, 0x11, 0x07, 0x09, 0x17, 0x2B, 0x33, 0x11, 0x33, 0x11, 0x13, 0x03, 0x23,
    0x03, 0x33, 0x17, 0x33, 0x37, 0x97, 0xF6, 0xF1, 0xF1, 0xF5, 0xF1, 0xA3, 0xC7, 0x03, 0xC7, 0x04,
    0x44, 0xFB, 0xBC, 0x06, 0x44, 0xFE, 0xBF, 0x01, 0x41, 0xC8, 0xC8, 0x00, 0x00, 0x03, 0x00, 0x56,
    0xFF, 0xDB, 0x05, 0xE3, 0x07, 0x8F, 0x00, 0x0F, 0x00, 0x1F, 0x00, 0x27, 0x00, 0x76, 0xB5, 0x25,
    0x01, 0x04, 0x05, 0x01, 0x4C, 0x4B, 0xB0, 0x2A, 0x50, 0x58, 0x40, 0x23, 0x09, 0x06, 0x02, 0x05,
    0x04, 0x05, 0x85, 0x00, 0x04, 0x01, 0x04, 0x85, 0x00, 0x03, 0x03, 0x01, 0x61, 0x00, 0x01, 0x01,
    0x3E, 0x4D, 0x08, 0x01, 0x02, 0x02, 0x00, 0x61, 0x07, 0x01, 0x00, 0x00, 0x3F, 0x00, 0x4E, 0x1B,
    0x40, 0x21, 0x09, 0x06, 0x02, 0x05, 0x04, 0x05, 0x85, 0x00, 0x04, 0x01, 0x04, 0x85, 0x00, 0x01,
    0x00, 0x03, 0x02, 0x01, 0x03, 0x69, 0x08, 0x01, 0x02, 0x02, 0x00, 0x61, 0x07, 0x01, 0x00, 0x00,
    0x42, 0x00, 0x4E, 0x59, 0x40, 0x1D, 0x20, 0x20, 0x11, 0x10, 0x01, 0x00, 0x20, 0x27, 0x20, 0x27,
    0x24, 0x23, 0x22, 0x21, 0x19, 0x17, 0x10, 0x1F, 0x11, 0x1F, 0x09, 0x07, 0x00, 0x0F, 0x01, 0x0F,
    0x0A, 0x09, 0x16, 0x2B, 0x05, 0x20, 0x27, 0x26, 0x11, 0x10, 0x37, 0x36, 0x21, 0x20, 0x17, 0x16,
    0x11, 0x10, 0x07, 0x06, 0x25, 0x32, 0x37, 0x36, 0x11, 0x10, 0x27, 0x26, 0x23, 0x22, 0x07, 0x06,
    0x11, 0x10, 0x17, 0x16, 0x01, 0x03, 0x23, 0x03, 0x33, 0x17, 0x33, 0x37, 0x03, 0x12, 0xFE, 0xBF,
    0xBD, 0xBE, 0xBF, 0xBF, 0x01, 0x49, 0x01, 0x47, 0xBF, 0xC0, 0xC0, 0xBF, 0xFE, 0xB2, 0xD4, 0x72,
    0x73, 0x73, 0x72, 0xCD, 0xCE, 0x73, 0x72, 0x72, 0x72, 0x02, 0x3A, 0xF1, 0xF5, 0xF1, 0xA3, 0xC7,
    0x03, 0xC7, 0x25, 0xD2, 0xD3, 0x01, 0x64, 0x01, 0x67, 0xD1, 0xD1, 0xD1, 0xD1, 0xFE, 0x9C, 0xFE,
    0x93, 0xD0, 0xCF, 0xB4, 0x9C, 0x9B, 0x01, 0x21, 0x01, 0x18, 0x9D, 0x9D, 0x9D, 0x9E, 0xFE, 0xE6,
    0xFE, 0xE7, 0x9D, 0x9F, 0x07, 0x00, 0xFE, 0xBF, 0x01, 0x41, 0xC8, 0xC8, 0x00, 0x03, 0x00, 0x50,
    0xFF, 0xE7, 0x04, 0x5A, 0x06, 0x44, 0x00, 0x13, 0x00, 0x21, 0x00, 0x29, 0x00, 0x7B, 0xB5, 0x27,
    0x01, 0x04, 0x05, 0x01, 0x4C, 0x4B, 0xB0, 0x28, 0x50, 0x58, 0x40, 0x26, 0x00, 0x04, 0x05, 0x01,
    0x05, 0x04, 0x01, 0x80, 0x09, 0x06, 0x02, 0x05, 0x05, 0x3A, 0x4D, 0x00, 0x03, 0x03, 0x01, 0x61,
    0x00, 0x01, 0x01, 0x41, 0x4D, 0x08, 0x01, 0x02, 0x02, 0x00, 0x61, 0x07, 0x01, 0x00, 0x00, 0x42,
    0x00, 0x4E, 0x1B, 0x40, 0x23, 0x09, 0x06, 0x02, 0x05, 0x04, 0x05, 0x85, 0x00, 0x04, 0x01, 0x04,
    0x85, 0x00, 0x03, 0x03, 0x01, 0x61, 0x00, 0x01, 0x01, 0x41, 0x4D, 0x08, 0x01, 0x02, 0x02, 0x00,
    0x61, 0x07, 0x01, 0x00, 0x00, 0x42, 0x00, 0x4E, 0x59, 0x40, 0x1D, 0x22, 0x22, 0x15, 0x14, 0x01,
    0x00, 0x22, 0x29, 0x22, 0x29, 0x26, 0x25, 0x24, 0x23, 0x1B, 0x19, 0x14, 0x21, 0x15, 0x21, 0x0B,
    0x09, 0x00, 0x13, 0x01, 0x13, 0x0A, 0x09, 0x16, 0x2B, 0x05, 0x22, 0x2E, 0x02, 0x35, 0x34, 0x3E,
    0x02, 0x33, 0x32, 0x1E, 0x02, 0x15, 0x14, 0x0E, 0x02, 0x27, 0x32, 0x36, 0x35, 0x34, 0x26, 0x23,
    0x22, 0x06, 0x15, 0x14, 0x1E, 0x02, 0x01, 0x03, 0x23, 0x03, 0x33, 0x17, 0x33, 0x37, 0x02, 0x4E,
    0x74, 0xBD, 0x85, 0x48, 0x49, 0x87, 0xBF, 0x76, 0x76, 0xBF, 0x87, 0x49, 0x49, 0x87, 0xC3, 0x75,
    0x7E, 0x83, 0x85, 0x79, 0x7B, 0x83, 0x21, 0x41, 0x5D, 0x01, 0xAB, 0xF1, 0xF5, 0xF1, 0xA3, 0xC7,
    0x03, 0xC7, 0x19, 0x51, 0x95, 0xD3, 0x82, 0x84, 0xD3, 0x94, 0x4F, 0x50, 0x94, 0xD2, 0x82, 0x85,
    0xD4, 0x95, 0x4F, 0xA6, 0xD4, 0xC4, 0xC0, 0xD1, 0xD4, 0xC0, 0x60, 0x97, 0x68, 0x36, 0x05, 0xB7,
    0xFE, 0xBF, 0x01, 0x41, 0xC8, 0xC8, 0x00, 0x00, 0x00, 0x02, 0x00, 0xA3, 0xFF, 0xDB, 0x05, 0x23,
    0x07, 0x8F, 0x00, 0x1E, 0x00, 0x26, 0x00, 0x5E, 0xB5, 0x24, 0x01, 0x04, 0x05, 0x01, 0x4C, 0x4B,
    0xB0, 0x2A, 0x50, 0x58, 0x40, 0x1D, 0x07, 0x06, 0x02, 0x05, 0x04, 0x05, 0x85, 0x00, 0x04, 0x00,
    0x04, 0x85, 0x02, 0x01, 0x00, 0x00, 0x38, 0x4D, 0x00, 0x01, 0x01, 0x03, 0x61, 0x00, 0x03, 0x03,
    0x3F, 0x03, 0x4E, 0x1B, 0x40, 0x1D, 0x07, 0x06, 0x02, 0x05, 0x04, 0x05, 0x85, 0x00, 0x04, 0x00,
    0x04, 0x85, 0x02, 0x01, 0x00, 0x01, 0x00, 0x85, 0x00, 0x01, 0x01, 0x03, 0x61, 0x00, 0x03, 0x03,
    0x42, 0x03, 0x4E, 0x59, 0x40, 0x0F, 0x1F, 0x1F, 0x1F, 0x26, 0x1F, 0x26, 0x11, 0x19, 0x27, 0x15,
    0x25, 0x10, 0x08, 0x09, 0x1C, 0x2B, 0x13, 0x21, 0x11, 0x14, 0x17, 0x16, 0x16, 0x33, 0x32, 0x3E,
    0x02, 0x35, 0x11, 0x33, 0x11, 0x14, 0x07, 0x0E, 0x03, 0x23, 0x22, 0x26, 0x27, 0x2E, 0x03, 0x35,
    0x01, 0x03, 0x23, 0x03, 0x33, 0x17, 0x33, 0x37, 0xA3, 0x01, 0x03, 0x1C, 0x1C, 0xA3, 0x7D, 0x55,
    0x7B, 0x4E, 0x25, 0xE2, 0x27, 0x18, 0x5C, 0x84, 0xAA, 0x65, 0x8E, 0xD3, 0x4B, 0x2D, 0x3F, 0x28,
    0x12, 0x03, 0xAC, 0xF1, 0xF5, 0xF1, 0xA3, 0xC7, 0x03, 0xC7, 0x05, 0xC8, 0xFC, 0x67, 0x98, 0x50,
    0x54, 0x64, 0x2E, 0x61, 0x98, 0x6A, 0x03, 0xA8, 0xFC, 0x64, 0xC9, 0x69, 0x3F, 0x69, 0x4D, 0x2A,
    0x40, 0x40, 0x25, 0x5A, 0x71, 0x8D, 0x59, 0x05, 0x5E, 0xFE, 0xBF, 0x01, 0x41, 0xC8, 0xC8, 0x00,
    0x00, 0x02, 0x00, 0x8B, 0xFF, 0xE7, 0x04, 0x14, 0x06, 0x44, 0x00, 0x11, 0x00, 0x19, 0x00, 0xD2,
    0x40, 0x0B, 0x17, 0x01, 0x05, 0x06, 0x0E, 0x01, 0x02, 0x02, 0x01, 0x02, 0x4C, 0x4B, 0xB0, 0x14,
    0x50, 0x58, 0x40, 0x22, 0x00, 0x05, 0x06, 0x01, 0x06, 0x05, 0x01, 0x80, 0x09, 0x07, 0x02, 0x06,
    0x06, 0x3A, 0x4D, 0x03, 0x01, 0x01, 0x01, 0x3B, 0x4D, 0x00, 0x02, 0x02, 0x00, 0x62, 0x08, 0x04,
    0x02, 0x00, 0x00, 0x42, 0x00, 0x4E, 0x1B, 0x4B, 0xB0, 0x28, 0x50, 0x58, 0x40, 0x26, 0x00, 0x05,
    0x06, 0x01, 0x06, 0x05, 0x01, 0x80, 0x09, 0x07, 0x02, 0x06, 0x06, 0x3A, 0x4D, 0x03, 0x01, 0x01,
    0x01, 0x3B, 0x4D, 0x08, 0x01, 0x04, 0x04, 0x39, 0x4D, 0x00, 0x02, 0x02, 0x00, 0x62, 0x00, 0x00,
    0x00, 0x42, 0x00, 0x4E, 0x1B, 0x4B, 0xB0, 0x2A, 0x50, 0x58, 0x40, 0x23, 0x09, 0x07, 0x02, 0x06,
    0x05, 0x06, 0x85, 0x00, 0x05, 0x01, 0x05, 0x85, 0x03, 0x01, 0x01, 0x01, 0x3B, 0x4D, 0x08, 0x01,
    0x04, 0x04, 0x39, 0x4D, 0x00, 0x02, 0x02, 0x00, 0x62, 0x00, 0x00, 0x00, 0x42, 0x00, 0x4E, 0x1B,
    0x40, 0x23, 0x09, 0x07, 0x02, 0x06, 0x05, 0x06, 0x85, 0x00, 0x05, 0x01, 0x05, 0x85, 0x03, 0x01,
    0x01, 0x01, 0x3B, 0x4D, 0x08, 0x01, 0x04, 0x04, 0x3C, 0x4D, 0x00, 0x02, 0x02, 0x00, 0x62, 0x00,
    0x00, 0x00, 0x42, 0x00, 0x4E, 0x59, 0x59, 0x59, 0x40, 0x17, 0x12, 0x12, 0x00, 0x00, 0x12, 0x19,
    0x12, 0x19, 0x16, 0x15, 0x14, 0x13, 0x00, 0x11, 0x00, 0x11, 0x12, 0x24, 0x12, 0x22, 0x0A, 0x09,
    0x1A, 0x2B, 0x21, 0x35, 0x06, 0x23, 0x20, 0x11, 0x11, 0x33, 0x11, 0x14, 0x17, 0x16, 0x33, 0x32,
    0x37, 0x11, 0x33, 0x11, 0x03, 0x03, 0x23, 0x03, 0x33, 0x17, 0x33, 0x37, 0x03, 0x1D, 0xA2, 0xD0,
    0xFE, 0xE0, 0xF6, 0x1A, 0x1B, 0x49, 0x8F, 0x8F, 0xF7, 0x59, 0xF1, 0xF5, 0xF1, 0xA3, 0xC7, 0x03,
    0xC7, 0xC0, 0xD9, 0x01, 0x53, 0x03, 0x0A, 0xFD, 0x3A, 0x76, 0x2C, 0x2C, 0xCE, 0x02, 0xC6, 0xFB,
    0xBC, 0x06, 0x44, 0xFE, 0xBF, 0x01, 0x41, 0xC8, 0xC8, 0x00, 0x00, 0x00, 0x00, 0x04, 0x00, 0xA3,
    0xFF, 0xDB, 0x05, 0x23, 0x08, 0x70, 0x00, 0x1E, 0x00, 0x22, 0x00, 0x26, 0x00, 0x2A, 0x00, 0x7B,
    0x4B, 0xB0, 0x2A, 0x50, 0x58, 0x40, 0x26, 0x00, 0x08, 0x0C, 0x01, 0x09, 0x04, 0x08, 0x09, 0x67,
    0x06, 0x01, 0x04, 0x0B, 0x07, 0x0A, 0x03, 0x05, 0x00, 0x04, 0x05, 0x67, 0x02, 0x01, 0x00, 0x00,
    0x38, 0x4D, 0x00, 0x01, 0x01, 0x03, 0x61, 0x00, 0x03, 0x03, 0x3F, 0x03, 0x4E, 0x1B, 0x40, 0x29,
    0x02, 0x01, 0x00, 0x05, 0x01, 0x05, 0x00, 0x01, 0x80, 0x00, 0x08, 0x0C, 0x01, 0x09, 0x04, 0x08,
    0x09, 0x67, 0x06, 0x01, 0x04, 0x0B, 0x07, 0x0A, 0x03, 0x05, 0x00, 0x04, 0x05, 0x67, 0x00, 0x01,
    0x01, 0x03, 0x61, 0x00, 0x03, 0x03, 0x42, 0x03, 0x4E, 0x59, 0x40, 0x1E, 0x27, 0x27, 0x23, 0x23,
    0x1F, 0x1F, 0x27, 0x2A, 0x27, 0x2A, 0x29, 0x28, 0x23, 0x26, 0x23, 0x26, 0x25, 0x24, 0x1F, 0x22,
    0x1F, 0x22, 0x19, 0x27, 0x15, 0x25, 0x10, 0x0D, 0x09, 0x1B, 0x2B, 0x13, 0x21, 0x11, 0x14, 0x17,
    0x16, 0x16, 0x33, 0x32, 0x3E, 0x02, 0x35, 0x11, 0x33, 0x11, 0x14, 0x07, 0x0E, 0x03, 0x23, 0x22,
    0x26, 0x27, 0x2E, 0x03, 0x35, 0x01, 0x35, 0x33, 0x15, 0x33, 0x35, 0x33, 0x15, 0x01, 0x35, 0x21,
    0x15, 0xA3, 0x01, 0x03, 0x1C, 0x1C, 0xA3, 0x7D, 0x55, 0x7B, 0x4E, 0x25, 0xE2, 0x27, 0x18, 0x5C,
    0x84, 0xAA, 0x65, 0x8E, 0xD3, 0x4B, 0x2D, 0x3F, 0x28, 0x12, 0x01, 0x1D, 0xC6, 0xDB, 0xC6, 0xFD,
    0x63, 0x02, 0xB3, 0x05, 0xC8, 0xFC, 0x67, 0x98, 0x50, 0x54, 0x64, 0x2E, 0x61, 0x98, 0x6A, 0x03,
    0xA8, 0xFC, 0x64, 0xC9, 0x69, 0x3F, 0x69, 0x4D, 0x2A, 0x40, 0x40, 0x25, 0x5A, 0x71, 0x8D, 0x59,
    0x04, 0x31, 0xC5, 0xC5, 0xC5, 0xC5, 0x01, 0x6E, 0xA0, 0xA0, 0x00, 0x00, 0x00, 0x04, 0x00, 0x8B,
    0xFF, 0xE7, 0x04, 0x14, 0x07, 0x1B, 0x00, 0x11, 0x00, 0x15, 0x00, 0x19, 0x00, 0x1D, 0x00, 0xC8,
    0xB6, 0x0E, 0x01, 0x02, 0x02, 0x01, 0x01, 0x4C, 0x4B, 0xB0, 0x14, 0x50, 0x58, 0x40, 0x2A, 0x00,
    0x09, 0x0E, 0x01, 0x0A, 0x05, 0x09, 0x0A, 0x67, 0x0D, 0x08, 0x0C, 0x03, 0x06, 0x06, 0x05, 0x5F,
    0x07, 0x01, 0x05, 0x05, 0x38, 0x4D, 0x03, 0x01, 0x01, 0x01, 0x3B, 0x4D, 0x00, 0x02, 0x02, 0x00,
    0x62, 0x0B, 0x04, 0x02, 0x00, 0x00, 0x42, 0x00, 0x4E, 0x1B, 0x4B, 0xB0, 0x2A, 0x50, 0x58, 0x40,
    0x2E, 0x00, 0x09, 0x0E, 0x01, 0x0A, 0x05, 0x09, 0x0A, 0x67, 0x0D, 0x08, 0x0C, 0x03, 0x06, 0x06,
    0x05, 0x5F, 0x07, 0x01, 0x05, 0x05, 0x38, 0x4D, 0x03, 0x01, 0x01, 0x01, 0x3B, 0x4D, 0x0B, 0x01,
    0x04, 0x04, 0x39, 0x4D, 0x00, 0x02, 0x02, 0x00, 0x62, 0x00, 0x00, 0x00, 0x42, 0x00, 0x4E, 0x1B,
    0x40, 0x2C, 0x00, 0x09, 0x0E, 0x01, 0x0A, 0x05, 0x09, 0x0A, 0x67, 0x07, 0x01, 0x05, 0x0D, 0x08,
    0x0C, 0x03, 0x06, 0x01, 0x05, 0x06, 0x67, 0x03, 0x01, 0x01, 0x01, 0x3B, 0x4D, 0x0B, 0x01, 0x04,
    0x04, 0x3C, 0x4D, 0x00, 0x02, 0x02, 0x00, 0x62, 0x00, 0x00, 0x00, 0x42, 0x00, 0x4E, 0x59, 0x59,
    0x40, 0x25, 0x1A, 0x1A, 0x16, 0x16, 0x12, 0x12, 0x00, 0x00, 0x1A, 0x1D, 0x1A, 0x1D, 0x1C, 0x1B,
    0x16, 0x19, 0x16, 0x19, 0x18, 0x17, 0x12, 0x15, 0x12, 0x15, 0x14, 0x13, 0x00, 0x11, 0x00, 0x11,
    0x12, 0x24, 0x12, 0x22, 0x0F, 0x09, 0x1A, 0x2B, 0x21, 0x35, 0x06, 0x23, 0x20, 0x11, 0x11, 0x33,
    0x11, 0x14, 0x17, 0x16, 0x33, 0x32, 0x37, 0x11, 0x33, 0x11, 0x01, 0x35, 0x33, 0x15, 0x33, 0x35,
    0x33, 0x15, 0x01, 0x35, 0x21, 0x15, 0x03, 0x1D, 0xA2, 0xD0, 0xFE, 0xE0, 0xF6, 0x1A, 0x1B, 0x49,
    0x8F, 0x8F, 0xF7, 0xFD, 0x03, 0xC5, 0xE6, 0xC6, 0xFD, 0x6E, 0x02, 0xB3, 0xC0, 0xD9, 0x01, 0x53,
    0x03, 0x0A, 0xFD, 0x3A, 0x76, 0x2C, 0x2C, 0xCE, 0x02, 0xC6, 0xFB, 0xBC, 0x05, 0x0D, 0xC5, 0xC5,
    0xC5, 0xC5, 0x01, 0x6E, 0xA0, 0xA0, 0x00, 0x00, 0x00, 0x04, 0x00, 0xA3, 0xFF, 0xDB, 0x05, 0x23,
    0x08, 0xEA, 0x00, 0x1E, 0x00, 0x22, 0x00, 0x26, 0x00, 0x2A, 0x00, 0x7F, 0x4B, 0xB0, 0x2A, 0x50,
    0x58, 0x40, 0x28, 0x00, 0x08, 0x09, 0x08, 0x85, 0x0C, 0x01, 0x09, 0x04, 0x09, 0x85, 0x06, 0x01,
    0x04, 0x0B, 0x07, 0x0A, 0x03, 0x05, 0x00, 0x04, 0x05, 0x68, 0x02, 0x01, 0x00, 0x00, 0x38, 0x4D,
    0x00, 0x01, 0x01, 0x03, 0x61, 0x00, 0x03, 0x03, 0x3F, 0x03, 0x4E, 0x1B, 0x40, 0x2B, 0x00, 0x08,
    0x09, 0x08, 0x85, 0x0C, 0x01, 0x09, 0x04, 0x09, 0x85, 0x02, 0x01, 0x00, 0x05, 0x01, 0x05, 0x00,
    0x01, 0x80, 0x06, 0x01, 0x04, 0x0B, 0x07, 0x0A, 0x03, 0x05, 0x00, 0x04, 0x05, 0x68, 0x00, 0x01,
    0x01, 0x03, 0x61, 0x00, 0x03, 0x03, 0x42, 0x03, 0x4E, 0x59, 0x40, 0x1E, 0x27, 0x27, 0x23, 0x23,
    0x1F, 0x1F, 0x27, 0x2A, 0x27, 0x2A, 0x29, 0x28, 0x23, 0x26, 0x23, 0x26, 0x25, 0x24, 0x1F, 0x22,
    0x1F, 0x22, 0x19, 0x27, 0x15, 0x25, 0x10, 0x0D, 0x09, 0x1B, 0x2B, 0x13, 0x21, 0x11, 0x14, 0x17,
    0x16, 0x16, 0x33, 0x32, 0x3E, 0x02, 0x35, 0x11, 0x33, 0x11, 0x14, 0x07, 0x0E, 0x03, 0x23, 0x22,
    0x26, 0x27, 0x2E, 0x03, 0x35, 0x01, 0x35, 0x33, 0x15, 0x33, 0x35, 0x33, 0x15, 0x01, 0x13, 0x33,
    0x01, 0xA3, 0x01, 0x03, 0x1C, 0x1C, 0xA3, 0x7D, 0x55, 0x7B, 0x4E, 0x25, 0xE2, 0x27, 0x18, 0x5C,
    0x84, 0xAA, 0x65, 0x8E, 0xD3, 0x4B, 0x2D, 0x3F, 0x28, 0x12, 0x01, 0x1D, 0xC6, 0xDB, 0xC6, 0xFE,
    0x65, 0xF1, 0xFE, 0xFE, 0xBF, 0x05, 0xC8, 0xFC, 0x67, 0x98, 0x50, 0x54, 0x64, 0x2E, 0x61, 0x98,
    0x6A, 0x03, 0xA8, 0xFC, 0x64, 0xC9, 0x69, 0x3F, 0x69, 0x4D, 0x2A, 0x40, 0x40, 0x25, 0x5A, 0x71,
    0x8D, 0x59, 0x04, 0x31, 0xC5, 0xC5, 0xC5, 0xC5, 0x01, 0x47, 0x01, 0x41, 0xFE, 0xBF, 0x00, 0x00,
    0x00, 0x04, 0x00, 0x8B, 0xFF, 0xE7, 0x04, 0x14, 0x07, 0xA8, 0x00, 0x11, 0x00, 0x15, 0x00, 0x19,
    0x00, 0x1D, 0x00, 0xCE, 0xB6, 0x0E, 0x01, 0x02, 0x02, 0x01, 0x01, 0x4C, 0x4B, 0xB0, 0x14, 0x50,
    0x58, 0x40, 0x2C, 0x00, 0x09, 0x0A, 0x09, 0x85, 0x0E, 0x01, 0x0A, 0x05, 0x0A, 0x85, 0x0D, 0x08,
    0x0C, 0x03, 0x06, 0x06, 0x05, 0x5F, 0x07, 0x01, 0x05, 0x05, 0x38, 0x4D, 0x03, 0x01, 0x01, 0x01,
    0x3B, 0x4D, 0x00, 0x02, 0x02, 0x00, 0x62, 0x0B, 0x04, 0x02, 0x00, 0x00, 0x42, 0x00, 0x4E, 0x1B,
    0x4B, 0xB0, 0x2A, 0x50, 0x58, 0x40, 0x30, 0x00, 0x09, 0x0A, 0x09, 0x85, 0x0E, 0x01, 0x0A, 0x05,
    0x0A, 0x85, 0x0D, 0x08, 0x0C, 0x03, 0x06, 0x06, 0x05, 0x5F, 0x07, 0x01, 0x05, 0x05, 0x38, 0x4D,
    0x03, 0x01, 0x01, 0x01, 0x3B, 0x4D, 0x0B, 0x01, 0x04, 0x04, 0x39, 0x4D, 0x00, 0x02, 0x02, 0x00,
    0x62, 0x00, 0x00, 0x00, 0x42, 0x00, 0x4E, 0x1B, 0x40, 0x2E, 0x00, 0x09, 0x0A, 0x09, 0x85, 0x0E,
    0x01, 0x0A, 0x05, 0x0A, 0x85, 0x07, 0x01, 0x05, 0x0D, 0x08, 0x0C, 0x03, 0x06, 0x01, 0x05, 0x06,
    0x68, 0x03, 0x01, 0x01, 0x01, 0x3B, 0x4D, 0x0B, 0x01, 0x04, 0x04, 0x3C, 0x4D, 0x00, 0x02, 0x02,
    0x00, 0x62, 0x00, 0x00, 0x00, 0x42, 0x00, 0x4E, 0x59, 0x59, 0x40, 0x25, 0x1A, 0x1A, 0x16, 0x16,
    0x12, 0x12, 0x00, 0x00, 0x1A, 0x1D, 0x1A, 0x1D, 0x1C, 0x1B, 0x16, 0x19, 0x16, 0x19, 0x18, 0x17,
    0x12, 0x15, 0x12, 0x15, 0x14, 0x13, 0x00, 0x11, 0x00, 0x11, 0x12, 0x24, 0x12, 0x22, 0x0F, 0x09,
    0x1A, 0x2B, 0x21, 0x35, 0x06, 0x23, 0x20, 0x11, 0x11, 0x33, 0x11, 0x14, 0x17, 0x16, 0x33, 0x32,
    0x37, 0x11, 0x33, 0x11, 0x01, 0x35, 0x33, 0x15, 0x33, 0x35, 0x33, 0x15, 0x01, 0x13, 0x33, 0x01,
    0x03, 0x1D, 0xA2, 0xD0, 0xFE, 0xE0, 0xF6, 0x1A, 0x1B, 0x49, 0x8F, 0x8F, 0xF7, 0xFD, 0x03, 0xC5,
    0xE6, 0xC6, 0xFE, 0x70, 0xF1, 0xFE, 0xFE, 0xBF, 0xC0, 0xD9, 0x01, 0x53, 0x03, 0x0A, 0xFD, 0x3A,
    0x76, 0x2C, 0x2C, 0xCE, 0x02, 0xC6, 0xFB, 0xBC, 0x05, 0x0D, 0xC5, 0xC5, 0xC5, 0xC5, 0x01, 0x5A,
    0x01, 0x41, 0xFE, 0xBF, 0x00, 0x04, 0x00, 0xA3, 0xFF, 0xDB, 0x05, 0x23, 0x08, 0xF3, 0x00, 0x1E,
    0x00, 0x22, 0x00, 0x26, 0x00, 0x2E, 0x00, 0x8A, 0xB5, 0x2C, 0x01, 0x08, 0x09, 0x01, 0x4C, 0x4B,
    0xB0, 0x2A, 0x50, 0x58, 0x40, 0x29, 0x0D, 0x0A, 0x02, 0x09, 0x08, 0x09, 0x85, 0x00, 0x08, 0x04,
    0x08, 0x85, 0x06, 0x01, 0x04, 0x0C, 0x07, 0x0B, 0x03, 0x05, 0x00, 0x04, 0x05, 0x68, 0x02, 0x01,
    0x00, 0x00, 0x38, 0x4D, 0x00, 0x01, 0x01, 0x03, 0x61, 0x00, 0x03, 0x03, 0x3F, 0x03, 0x4E, 0x1B,
    0x40, 0x2C, 0x0D, 0x0A, 0x02, 0x09, 0x08, 0x09, 0x85, 0x00, 0x08, 0x04, 0x08, 0x85, 0x02, 0x01,
    0x00, 0x05, 0x01, 0x05, 0x00, 0x01, 0x80, 0x06, 0x01, 0x04, 0x0C, 0x07, 0x0B, 0x03, 0x05, 0x00,
    0x04, 0x05, 0x68, 0x00, 0x01, 0x01, 0x03, 0x61, 0x00, 0x03, 0x03, 0x42, 0x03, 0x4E, 0x59, 0x40,
    0x20, 0x27, 0x27, 0x23, 0x23, 0x1F, 0x1F, 0x27, 0x2E, 0x27, 0x2E, 0x2B, 0x2A, 0x29, 0x28, 0x23,
    0x26, 0x23, 0x26, 0x25, 0x24, 0x1F, 0x22, 0x1F, 0x22, 0x19, 0x27, 0x15, 0x25, 0x10, 0x0E, 0x09,
    0x1B, 0x2B, 0x13, 0x21, 0x11, 0x14, 0x17, 0x16, 0x16, 0x33, 0x32, 0x3E, 0x02, 0x35, 0x11, 0x33,
    0x11, 0x14, 0x07, 0x0E, 0x03, 0x23, 0x22, 0x26, 0x27, 0x2E, 0x03, 0x35, 0x01, 0x35, 0x33, 0x15,
    0x33, 0x35, 0x33, 0x15, 0x13, 0x03, 0x23, 0x03, 0x33, 0x17, 0x33, 0x37, 0xA3, 0x01, 0x03, 0x1C,
    0x1C, 0xA3, 0x7D, 0x55, 0x7B, 0x4E, 0x25, 0xE2, 0x27, 0x18, 0x5C, 0x84, 0xAA, 0x65, 0x8E, 0xD3,
    0x4B, 0x2D, 0x3F, 0x28, 0x12, 0x01, 0x1D, 0xC6, 0xDB, 0xC6, 0x28, 0xF1, 0xF5, 0xF1, 0xA3, 0xC7,
    0x03, 0xC7, 0x05, 0xC8, 0xFC, 0x67, 0x98, 0x50, 0x54, 0x64, 0x2E, 0x61, 0x98, 0x6A, 0x03, 0xA8,
    0xFC, 0x64, 0xC9, 0x69, 0x3F, 0x69, 0x4D, 0x2A, 0x40, 0x40, 0x25, 0x5A, 0x71, 0x8D, 0x59, 0x04,
    0x31, 0xC5, 0xC5, 0xC5, 0xC5, 0x02, 0x91, 0xFE, 0xBF, 0x01, 0x41, 0xC8, 0xC8, 0x00, 0x00, 0x00,
    0x00, 0x04, 0x00, 0x8B, 0xFF, 0xE7, 0x04, 0x14, 0x07, 0xA8, 0x00, 0x11, 0x00, 0x15, 0x00, 0x19,
    0x00, 0x21, 0x00, 0xD8, 0x40, 0x0B, 0x1F, 0x01, 0x09, 0x0A, 0x0E, 0x01, 0x02, 0x02, 0x01, 0x02,
    0x4C, 0x4B, 0xB0, 0x14, 0x50, 0x58, 0x40, 0x2D, 0x0F, 0x0B, 0x02, 0x0A, 0x09, 0x0A, 0x85, 0x00,
    0x09, 0x05, 0x09, 0x85, 0x0E, 0x08, 0x0D, 0x03, 0x06, 0x06, 0x05, 0x5F, 0x07, 0x01, 0x05, 0x05,
    0x38, 0x4D, 0x03, 0x01, 0x01, 0x01, 0x3B, 0x4D, 0x00, 0x02, 0x02, 0x00, 0x62, 0x0C, 0x04, 0x02,
    0x00, 0x00, 0x42, 0x00, 0x4E, 0x1B, 0x4B, 0xB0, 0x2A, 0x50, 0x58, 0x40, 0x31, 0x0F, 0x0B, 0x02,
    0x0A, 0x09, 0x0A, 0x85, 0x00, 0x09, 0x05, 0x09, 0x85, 0x0E, 0x08, 0x0D, 0x03, 0x06, 0x06, 0x05,
    0x5F, 0x07, 0x01, 0x05, 0x05, 0x38, 0x4D, 0x03, 0x01, 0x01, 0x01, 0x3B, 0x4D, 0x0C, 0x01, 0x04,
    0x04, 0x39, 0x4D, 0x00, 0x02, 0x02, 0x00, 0x62, 0x00, 0x00, 0x00, 0x42, 0x00, 0x4E, 0x1B, 0x40,
    0x2F, 0x0F, 0x0B, 0x02, 0x0A, 0x09, 0x0A, 0x85, 0x00, 0x09, 0x05, 0x09, 0x85, 0x07, 0x01, 0x05,
    0x0E, 0x08, 0x0D, 0x03, 0x06, 0x01, 0x05, 0x06, 0x68, 0x03, 0x01, 0x01, 0x01, 0x3B, 0x4D, 0x0C,
    0x01, 0x04, 0x04, 0x3C, 0x4D, 0x00, 0x02, 0x02, 0x00, 0x62, 0x00, 0x00, 0x00, 0x42, 0x00, 0x4E,
    0x59, 0x59, 0x40, 0x27, 0x1A, 0x1A, 0x16, 0x16, 0x12, 0x12, 0x00, 0x00, 0x1A, 0x21, 0x1A, 0x21,
    0x1E, 0x1D, 0x1C, 0x1B, 0x16, 0x19, 0x16, 0x19, 0x18, 0x17, 0x12, 0x15, 0x12, 0x15, 0x14, 0x13,
    0x00, 0x11, 0x00, 0x11, 0x12, 0x24, 0x12, 0x22, 0x10, 0x09, 0x1A, 0x2B, 0x21, 0x35, 0x06, 0x23,
    0x20, 0x11, 0x11, 0x33, 0x11, 0x14, 0x17, 0x16, 0x33, 0x32, 0x37, 0x11, 0x33, 0x11, 0x01, 0x35,
    0x33, 0x15, 0x33, 0x35, 0x33, 0x15, 0x13, 0x03, 0x23, 0x03, 0x33, 0x17, 0x33, 0x37, 0x03, 0x1D,
    0xA2, 0xD0, 0xFE, 0xE0, 0xF6, 0x1A, 0x1B, 0x49, 0x8F, 0x8F, 0xF7, 0xFD, 0x03, 0xC5, 0xE6, 0xC6,
    0x33, 0xF1, 0xF5, 0xF1, 0xA3, 0xC7, 0x03, 0xC7, 0xC0, 0xD9, 0x01, 0x53, 0x03, 0x0A, 0xFD, 0x3A,
    0x76, 0x2C, 0x2C, 0xCE, 0x02, 0xC6, 0xFB, 0xBC, 0x05, 0x0D, 0xC5, 0xC5, 0xC5, 0xC5, 0x02, 0x9B,
    0xFE, 0xBF, 0x01, 0x41, 0xC8, 0xC8, 0x00, 0x00, 0x00, 0x04, 0x00, 0xA3, 0xFF, 0xDB, 0x05, 0x23,
    0x08, 0xF3, 0x00, 0x1E, 0x00, 0x22, 0x00, 0x26, 0x00, 0x2A, 0x00, 0x79, 0x4B, 0xB0, 0x2A, 0x50,
    0x58, 0x40, 0x27, 0x00, 0x09, 0x08, 0x09, 0x85, 0x00, 0x08, 0x04, 0x08, 0x85, 0x06, 0x01, 0x04,
    0x0B, 0x07, 0x0A, 0x03, 0x05, 0x00, 0x04, 0x05, 0x68, 0x02, 0x01, 0x00, 0x00, 0x38, 0x4D, 0x00,
    0x01, 0x01, 0x03, 0x61, 0x00, 0x03, 0x03, 0x3F, 0x03, 0x4E, 0x1B, 0x40, 0x2A, 0x00, 0x09, 0x08,
    0x09, 0x85, 0x00, 0x08, 0x04, 0x08, 0x85, 0x02, 0x01, 0x00, 0x05, 0x01, 0x05, 0x00, 0x01, 0x80,
    0x06, 0x01, 0x04, 0x0B, 0x07, 0x0A, 0x03, 0x05, 0x00, 0x04, 0x05, 0x68, 0x00, 0x01, 0x01, 0x03,
    0x61, 0x00, 0x03, 0x03, 0x42, 0x03, 0x4E, 0x59, 0x40, 0x1A, 0x23, 0x23, 0x1F, 0x1F, 0x2A, 0x29,
    0x28, 0x27, 0x23, 0x26, 0x23, 0x26, 0x25, 0x24, 0x1F, 0x22, 0x1F, 0x22, 0x19, 0x27, 0x15, 0x25,
    0x10, 0x0C, 0x09, 0x1B, 0x2B, 0x13, 0x21, 0x11, 0x14, 0x17, 0x16, 0x16, 0x33, 0x32, 0x3E, 0x02,
    0x35, 0x11, 0x33, 0x11, 0x14, 0x07, 0x0E, 0x03, 0x23, 0x22, 0x26, 0x27, 0x2E, 0x03, 0x35, 0x01,
    0x35, 0x33, 0x15, 0x33, 0x35, 0x33, 0x15, 0x03, 0x23, 0x01, 0x33, 0xA3, 0x01, 0x03, 0x1C, 0x1C,
    0xA3, 0x7D, 0x55, 0x7B, 0x4E, 0x25, 0xE2, 0x27, 0x18, 0x5C, 0x84, 0xAA, 0x65, 0x8E, 0xD3, 0x4B,
    0x2D, 0x3F, 0x28, 0x12, 0x01, 0x1D, 0xC6, 0xDB, 0xC6, 0xEC, 0xAF, 0xFE, 0xBF, 0xFF, 0x05, 0xC8,
    0xFC, 0x67, 0x98, 0x50, 0x54, 0x64, 0x2E, 0x61, 0x98, 0x6A, 0x03, 0xA8, 0xFC, 0x64, 0xC9, 0x69,
    0x3F, 0x69, 0x4D, 0x2A, 0x40, 0x40, 0x25, 0x5A, 0x71, 0x8D, 0x59, 0x04, 0x31, 0xC5, 0xC5, 0xC5,
    0xC5, 0x01, 0x50, 0x01, 0x41, 0x00, 0x00, 0x00, 0x00, 0x04, 0x00, 0x8B, 0xFF, 0xE7, 0x04, 0x14,
    0x07, 0xA8, 0x00, 0x11, 0x00, 0x15, 0x00, 0x19, 0x00, 0x1D, 0x00, 0xC7, 0xB6, 0x0E, 0x01, 0x02,
    0x02, 0x01, 0x01, 0x4C, 0x4B, 0xB0, 0x14, 0x50, 0x58, 0x40, 0x2B, 0x00, 0x0A, 0x09, 0x0A, 0x85,
    0x00, 0x09, 0x05, 0x09, 0x85, 0x0D, 0x08, 0x0C, 0x03, 0x06, 0x06, 0x05, 0x5F, 0x07, 0x01, 0x05,
    0x05, 0x38, 0x4D, 0x03, 0x01, 0x01, 0x01, 0x3B, 0x4D, 0x00, 0x02, 0x02, 0x00, 0x62, 0x0B, 0x04,
    0x02, 0x00, 0x00, 0x42, 0x00, 0x4E, 0x1B, 0x4B, 0xB0, 0x2A, 0x50, 0x58, 0x40, 0x2F, 0x00, 0x0A,
    0x09, 0x0A, 0x85, 0x00, 0x09, 0x05, 0x09, 0x85, 0x0D, 0x08, 0x0C, 0x03, 0x06, 0x06, 0x05, 0x5F,
    0x07, 0x01, 0x05, 0x05, 0x38, 0x4D, 0x03, 0x01, 0x01, 0x01, 0x3B, 0x4D, 0x0B, 0x01, 0x04, 0x04,
    0x39, 0x4D, 0x00, 0x02, 0x02, 0x00, 0x62, 0x00, 0x00, 0x00, 0x42, 0x00, 0x4E, 0x1B, 0x40, 0x2D,
    0x00, 0x0A, 0x09, 0x0A, 0x85, 0x00, 0x09, 0x05, 0x09, 0x85, 0x07, 0x01, 0x05, 0x0D, 0x08, 0x0C,
    0x03, 0x06, 0x01, 0x05, 0x06, 0x68, 0x03, 0x01, 0x01, 0x01, 0x3B, 0x4D, 0x0B, 0x01, 0x04, 0x04,
    0x3C, 0x4D, 0x00, 0x02, 0x02, 0x00, 0x62, 0x00, 0x00, 0x00, 0x42, 0x00, 0x4E, 0x59, 0x59, 0x40,
    0x21, 0x16, 0x16, 0x12, 0x12, 0x00, 0x00, 0x1D, 0x1C, 0x1B, 0x1A, 0x16, 0x19, 0x16, 0x19, 0x18,
    0x17, 0x12, 0x15, 0x12, 0x15, 0x14, 0x13, 0x00, 0x11, 0x00, 0x11, 0x12, 0x24, 0x12, 0x22, 0x0E,
    0x09, 0x1A, 0x2B, 0x21, 0x35, 0x06, 0x23, 0x20, 0x11, 0x11, 0x33, 0x11, 0x14, 0x17, 0x16, 0x33,
    0x32, 0x37, 0x11, 0x33, 0x11, 0x01, 0x35, 0x33, 0x15, 0x33, 0x35, 0x33, 0x15, 0x03, 0x23, 0x01,
    0x33, 0x03, 0x1D, 0xA2, 0xD0, 0xFE, 0xE0, 0xF6, 0x1A, 0x1B, 0x49, 0x8F, 0x8F, 0xF7, 0xFD, 0x03,
    0xC5, 0xE6, 0xC6, 0xE1, 0xAF, 0xFE, 0xBF, 0xFF, 0xC0, 0xD9, 0x01, 0x53, 0x03, 0x0A, 0xFD, 0x3A,
    0x76, 0x2C, 0x2C, 0xCE, 0x02, 0xC6, 0xFB, 0xBC, 0x05, 0x0D, 0xC5, 0xC5, 0xC5, 0xC5, 0x01, 0x5A,
    0x01, 0x41, 0x00, 0x00, 0x00, 0x03, 0x00, 0x0F, 0x00, 0x00, 0x05, 0x7C, 0x08, 0x6B, 0x00, 0x1E,
    0x00, 0x21, 0x00, 0x32, 0x00, 0x69, 0x40, 0x0B, 0x03, 0x01, 0x06, 0x00, 0x21, 0x14, 0x02, 0x04,
    0x05, 0x02, 0x4C, 0x4B, 0xB0, 0x2A, 0x50, 0x58, 0x40, 0x1F, 0x00, 0x00, 0x06, 0x00, 0x85, 0x00,
    0x06, 0x05, 0x06, 0x85, 0x00, 0x04, 0x00, 0x02, 0x01, 0x04, 0x02, 0x68, 0x07, 0x01, 0x05, 0x05,
    0x3E, 0x4D, 0x03, 0x01, 0x01, 0x01, 0x39, 0x01, 0x4E, 0x1B, 0x40, 0x1F, 0x00, 0x00, 0x06, 0x00,
    0x85, 0x00, 0x06, 0x05, 0x06, 0x85, 0x07, 0x01, 0x05, 0x04, 0x05, 0x85, 0x00, 0x04, 0x00, 0x02,
    0x01, 0x04, 0x02, 0x68, 0x03, 0x01, 0x01, 0x01, 0x3C, 0x01, 0x4E, 0x59, 0x40, 0x10, 0x23, 0x22,
    0x2B, 0x29, 0x22, 0x32, 0x23, 0x31, 0x1C, 0x11, 0x11, 0x1C, 0x11, 0x08, 0x09, 0x1B, 0x2B, 0x01,
    0x13, 0x33, 0x01, 0x23, 0x16, 0x17, 0x16, 0x15, 0x14, 0x07, 0x06, 0x06, 0x07, 0x01, 0x21, 0x03,
    0x21, 0x03, 0x23, 0x01, 0x26, 0x26, 0x27, 0x26, 0x35, 0x34, 0x37, 0x36, 0x36, 0x37, 0x03, 0x21,
    0x03, 0x13, 0x36, 0x37, 0x36, 0x35, 0x34, 0x27, 0x26, 0x23, 0x22, 0x07, 0x06, 0x15, 0x14, 0x17,
    0x16, 0x33, 0x02, 0x75, 0xDD, 0xFA, 0xFE, 0xD3, 0x02, 0x2C, 0x24, 0x44, 0x44, 0x05, 0x10, 0x05,
    0x02, 0x29, 0xFE, 0xF1, 0x98, 0xFD, 0xA5, 0x99, 0xD2, 0x02, 0x2F, 0x05, 0x0E, 0x05, 0x42, 0x43,
    0x11, 0x28, 0x16, 0xB8, 0x01, 0xD4, 0xEA, 0x25, 0x36, 0x24, 0x27, 0x27, 0x26, 0x37, 0x37, 0x26,
    0x27, 0x26, 0x27, 0x35, 0x07, 0x3E, 0x01, 0x2D, 0xFE, 0xD3, 0x10, 0x24, 0x44, 0x5F, 0x62, 0x42,
    0x05, 0x0E, 0x03, 0xFA, 0x53, 0x01, 0x92, 0xFE, 0x6E, 0x05, 0xAF, 0x03, 0x0D, 0x04, 0x45, 0x5E,
    0x61, 0x42, 0x13, 0x1A, 0x08, 0xFB, 0x05, 0x02, 0x64, 0x01, 0x3B, 0x02, 0x25, 0x25, 0x39, 0x36,
    0x27, 0x26, 0x26, 0x27, 0x36, 0x36, 0x28, 0x27, 0x00, 0x04, 0x00, 0x52, 0xFF, 0xE7, 0x04, 0x42,
    0x07, 0xA5, 0x00, 0x21, 0x00, 0x2C, 0x00, 0x46, 0x00, 0x5A, 0x00, 0xC9, 0x4B, 0xB0, 0x1D, 0x50,
    0x58, 0x40, 0x16, 0x32, 0x01, 0x0B, 0x08, 0x12, 0x01, 0x02, 0x03, 0x11, 0x01, 0x01, 0x02, 0x2C,
    0x01, 0x04, 0x06, 0x1E, 0x01, 0x00, 0x04, 0x05, 0x4C, 0x1B, 0x40, 0x16, 0x32, 0x01, 0x0B, 0x08,
    0x12, 0x01, 0x02, 0x03, 0x11, 0x01, 0x01, 0x02, 0x2C, 0x01, 0x07, 0x06, 0x1E, 0x01, 0x00, 0x04,
    0x05, 0x4C, 0x59, 0x4B, 0xB0, 0x1D, 0x50, 0x58, 0x40, 0x32, 0x00, 0x08, 0x0B, 0x08, 0x85, 0x00,
    0x0B, 0x0A, 0x0B, 0x85, 0x0C, 0x01, 0x0A, 0x00, 0x09, 0x03, 0x0A, 0x09, 0x69, 0x00, 0x01, 0x00,
    0x06, 0x04, 0x01, 0x06, 0x69, 0x00, 0x02, 0x02, 0x03, 0x61, 0x00, 0x03, 0x03, 0x41, 0x4D, 0x07,
    0x01, 0x04, 0x04, 0x00, 0x61, 0x05, 0x01, 0x00, 0x00, 0x42, 0x00, 0x4E, 0x1B, 0x40, 0x3C, 0x00,
    0x08, 0x0B, 0x08, 0x85, 0x00, 0x0B, 0x0A, 0x0B, 0x85, 0x0C, 0x01, 0x0A, 0x00, 0x09, 0x03, 0x0A,
    0x09, 0x69, 0x00, 0x01, 0x00, 0x06, 0x07, 0x01, 0x06, 0x69, 0x00, 0x02, 0x02, 0x03, 0x61, 0x00,
    0x03, 0x03, 0x41, 0x4D, 0x00, 0x07, 0x07, 0x00, 0x61, 0x05, 0x01, 0x00, 0x00, 0x42, 0x4D, 0x00,
    0x04, 0x04, 0x00, 0x61, 0x05, 0x01, 0x00, 0x00, 0x42, 0x00, 0x4E, 0x59, 0x40, 0x16, 0x48, 0x47,
    0x52, 0x50, 0x47, 0x5A, 0x48, 0x5A, 0x3E, 0x3C, 0x15, 0x23, 0x41, 0x24, 0x15, 0x23, 0x22, 0x25,
    0x23, 0x0D, 0x09, 0x1F, 0x2B, 0x25, 0x06, 0x07, 0x06, 0x23, 0x22, 0x2E, 0x02, 0x35, 0x10, 0x21,
    0x33, 0x35, 0x34, 0x23, 0x22, 0x07, 0x35, 0x36, 0x33, 0x32, 0x16, 0x15, 0x11, 0x14, 0x16, 0x33,
    0x32, 0x37, 0x17, 0x06, 0x23, 0x22, 0x03, 0x06, 0x26, 0x23, 0x20, 0x15, 0x14, 0x16, 0x33, 0x32,
    0x37, 0x01, 0x36, 0x37, 0x13, 0x33, 0x01, 0x23, 0x1E, 0x03, 0x15, 0x14, 0x0E, 0x02, 0x23, 0x22,
    0x2E, 0x02, 0x35, 0x34, 0x3E, 0x02, 0x13, 0x32, 0x3E, 0x02, 0x35, 0x34, 0x2E, 0x02, 0x23, 0x22,
    0x0E, 0x02, 0x15, 0x14, 0x1E, 0x02, 0x02, 0xD8, 0x15, 0x15, 0x7D, 0x9C, 0x48, 0x77, 0x55, 0x2F,
    0x02, 0x33, 0x3E, 0xBD, 0xA3, 0xB2, 0xBE, 0xC0, 0xC7, 0xBE, 0x30, 0x2D, 0x10, 0x17, 0x0A, 0x51,
    0x4C, 0xA0, 0x42, 0x11, 0x21, 0x11, 0xFE, 0xC6, 0x57, 0x4E, 0x76, 0x62, 0xFE, 0xF7, 0x10, 0x13,
    0xF1, 0xF9, 0xFE, 0xBF, 0x01, 0x22, 0x37, 0x26, 0x14, 0x24, 0x3F, 0x55, 0x31, 0x30, 0x53, 0x3E,
    0x23, 0x0F, 0x1C, 0x2A, 0x90, 0x1B, 0x31, 0x25, 0x15, 0x15, 0x24, 0x30, 0x1B, 0x1C, 0x30, 0x24,
    0x14, 0x14, 0x24, 0x2F, 0x80, 0x11, 0x0D, 0x7B, 0x2D, 0x51, 0x72, 0x46, 0x01, 0x73, 0x73, 0xB4,
    0x61, 0xB8, 0x4E, 0xA6, 0xAE, 0xFE, 0x17, 0x4A, 0x4B, 0x04, 0x89, 0x1E, 0x02, 0x1A, 0x01, 0x02,
    0xC7, 0x4C, 0x53, 0x69, 0x05, 0x46, 0x10, 0x09, 0x01, 0x41, 0xFE, 0xBF, 0x0D, 0x2D, 0x39, 0x42,
    0x22, 0x30, 0x54, 0x3F, 0x24, 0x25, 0x3F, 0x53, 0x2F, 0x1C, 0x3C, 0x36, 0x29, 0xFE, 0xC5, 0x14,
    0x24, 0x31, 0x1C, 0x1B, 0x30, 0x23, 0x15, 0x15, 0x23, 0x30, 0x1B, 0x1B, 0x31, 0x24, 0x15, 0x00,
    0x00, 0x03, 0x00, 0x0F, 0x00, 0x00, 0x07, 0xC4, 0x07, 0x8F, 0x00, 0x0F, 0x00, 0x12, 0x00, 0x16,
    0x00, 0x91, 0xB5, 0x12, 0x01, 0x02, 0x01, 0x01, 0x4C, 0x4B, 0xB0, 0x2A, 0x50, 0x58, 0x40, 0x32,
    0x00, 0x09, 0x0A, 0x09, 0x85, 0x0C, 0x01, 0x0A, 0x00, 0x0A, 0x85, 0x00, 0x02, 0x00, 0x03, 0x08,
    0x02, 0x03, 0x67, 0x00, 0x08, 0x00, 0x06, 0x04, 0x08, 0x06, 0x67, 0x00, 0x01, 0x01, 0x00, 0x5F,
    0x00, 0x00, 0x00, 0x38, 0x4D, 0x00, 0x04, 0x04, 0x05, 0x5F, 0x0B, 0x07, 0x02, 0x05, 0x05, 0x39,
    0x05, 0x4E, 0x1B, 0x40, 0x30, 0x00, 0x09, 0x0A, 0x09, 0x85, 0x0C, 0x01, 0x0A, 0x00, 0x0A, 0x85,
    0x00, 0x00, 0x00, 0x01, 0x02, 0x00, 0x01, 0x68, 0x00, 0x02, 0x00, 0x03, 0x08, 0x02, 0x03, 0x67,
    0x00, 0x08, 0x00, 0x06, 0x04, 0x08, 0x06, 0x67, 0x00, 0x04, 0x04, 0x05, 0x5F, 0x0B, 0x07, 0x02,
    0x05, 0x05, 0x3C, 0x05, 0x4E, 0x59, 0x40, 0x1A, 0x13, 0x13, 0x00, 0x00, 0x13, 0x16, 0x13, 0x16,
    0x15, 0x14, 0x11, 0x10, 0x00, 0x0F, 0x00, 0x0F, 0x11, 0x11, 0x11, 0x11, 0x11, 0x11, 0x11, 0x0D,
    0x09, 0x1D, 0x2B, 0x33, 0x01, 0x21, 0x15, 0x21, 0x11, 0x21, 0x15, 0x21, 0x11, 0x21, 0x15, 0x21,
    0x11, 0x21, 0x03, 0x01, 0x21, 0x11, 0x13, 0x13, 0x33, 0x01, 0x0F, 0x03, 0x96, 0x03, 0xF2, 0xFD,
    0x43, 0x02, 0x53, 0xFD, 0xAD, 0x02, 0xEA, 0xFC, 0x19, 0xFE, 0x10, 0xF7, 0x01, 0x62, 0x01, 0x85,
    0x42, 0xF1, 0xFE, 0xFE, 0xBF, 0x05, 0xC8, 0xB4, 0xFE, 0x44, 0xB4, 0xFE, 0x13, 0xB7, 0x01, 0x8E,
    0xFE, 0x72, 0x02, 0x3B, 0x02, 0x73, 0x01, 0xA0, 0x01, 0x41, 0xFE, 0xBF, 0x00, 0x04, 0x00, 0x52,
    0xFF, 0xE7, 0x06, 0xAA, 0x06, 0x44, 0x00, 0x0A, 0x00, 0x35, 0x00, 0x3A, 0x00, 0x3E, 0x00, 0xFD,
    0x4B, 0xB0, 0x2A, 0x50, 0x58, 0x40, 0x14, 0x32, 0x01, 0x08, 0x02, 0x31, 0x01, 0x07, 0x08, 0x1D,
    0x17, 0x0A, 0x03, 0x01, 0x00, 0x18, 0x01, 0x05, 0x01, 0x04, 0x4C, 0x1B, 0x40, 0x14, 0x32, 0x01,
    0x08, 0x02, 0x31, 0x01, 0x07, 0x08, 0x1D, 0x17, 0x0A, 0x03, 0x01, 0x03, 0x18, 0x01, 0x05, 0x01,
    0x04, 0x4C, 0x59, 0x4B, 0xB0, 0x28, 0x50, 0x58, 0x40, 0x32, 0x0F, 0x01, 0x0D, 0x0C, 0x02, 0x0C,
    0x0D, 0x02, 0x80, 0x0E, 0x0B, 0x02, 0x07, 0x03, 0x01, 0x00, 0x01, 0x07, 0x00, 0x69, 0x00, 0x0C,
    0x0C, 0x3A, 0x4D, 0x0A, 0x01, 0x08, 0x08, 0x02, 0x61, 0x09, 0x01, 0x02, 0x02, 0x41, 0x4D, 0x04,
    0x01, 0x01, 0x01, 0x05, 0x61, 0x06, 0x01, 0x05, 0x05, 0x42, 0x05, 0x4E, 0x1B, 0x4B, 0xB0, 0x2A,
    0x50, 0x58, 0x40, 0x2F, 0x00, 0x0C, 0x0D, 0x0C, 0x85, 0x0F, 0x01, 0x0D, 0x02, 0x0D, 0x85, 0x0E,
    0x0B, 0x02, 0x07, 0x03, 0x01, 0x00, 0x01, 0x07, 0x00, 0x69, 0x0A, 0x01, 0x08, 0x08, 0x02, 0x61,
    0x09, 0x01, 0x02, 0x02, 0x41, 0x4D, 0x04, 0x01, 0x01, 0x01, 0x05, 0x61, 0x06, 0x01, 0x05, 0x05,
    0x42, 0x05, 0x4E, 0x1B, 0x40, 0x34, 0x00, 0x0C, 0x0D, 0x0C, 0x85, 0x0F, 0x01, 0x0D, 0x02, 0x0D,
    0x85, 0x00, 0x00, 0x03, 0x07, 0x00, 0x59, 0x0E, 0x0B, 0x02, 0x07, 0x00, 0x03, 0x01, 0x07, 0x03,
    0x67, 0x0A, 0x01, 0x08, 0x08, 0x02, 0x61, 0x09, 0x01, 0x02, 0x02, 0x41, 0x4D, 0x04, 0x01, 0x01,
    0x01, 0x05, 0x61, 0x06, 0x01, 0x05, 0x05, 0x42, 0x05, 0x4E, 0x59, 0x59, 0x40, 0x1E, 0x3B, 0x3B,
    0x36, 0x36, 0x3B, 0x3E, 0x3B, 0x3E, 0x3D, 0x3C, 0x36, 0x3A, 0x36, 0x3A, 0x39, 0x37, 0x35, 0x33,
    0x23, 0x26, 0x25, 0x24, 0x21, 0x14, 0x23, 0x23, 0x40, 0x10, 0x09, 0x1F, 0x2B, 0x01, 0x06, 0x26,
    0x23, 0x20, 0x15, 0x14, 0x16, 0x33, 0x32, 0x37, 0x13, 0x36, 0x33, 0x32, 0x1E, 0x02, 0x15, 0x21,
    0x12, 0x21, 0x32, 0x37, 0x15, 0x06, 0x06, 0x23, 0x20, 0x27, 0x0E, 0x03, 0x23, 0x22, 0x2E, 0x02,
    0x35, 0x34, 0x24, 0x21, 0x33, 0x35, 0x34, 0x26, 0x23, 0x22, 0x07, 0x35, 0x36, 0x33, 0x32, 0x01,
    0x10, 0x23, 0x22, 0x03, 0x03, 0x13, 0x33, 0x01, 0x02, 0xEB, 0x13, 0x25, 0x13, 0xFE, 0xA2, 0x61,
    0x52, 0x7B, 0x7B, 0xA5, 0x95, 0xBE, 0x79, 0xAD, 0x6E, 0x33, 0xFD, 0x32, 0x1C, 0x01, 0x5D, 0x9B,
    0xB8, 0x67, 0xCA, 0x65, 0xFE, 0xCF, 0xA2, 0x31, 0x60, 0x64, 0x6D, 0x3D, 0x4B, 0x7B, 0x58, 0x30,
    0x01, 0x2F, 0x01, 0x29, 0x41, 0x64, 0x6F, 0xB1, 0xB5, 0xCC, 0xC1, 0xCE, 0x02, 0xA9, 0xDD, 0xDF,
    0x1B, 0xB5, 0xF1, 0xFE, 0xFE, 0xBF, 0x02, 0x01, 0x01, 0x02, 0xC8, 0x4D, 0x51, 0x69, 0x02, 0xDB,
    0x7C, 0x4B, 0x99, 0xE7, 0x9C, 0xFE, 0xA1, 0x44, 0xB6, 0x1E, 0x1F, 0xDF, 0x3C, 0x55, 0x36, 0x18,
    0x2C, 0x50, 0x72, 0x45, 0xB7, 0xBD, 0x75, 0x5E, 0x56, 0x61, 0xB8, 0x4E, 0xFE, 0x36, 0x01, 0x25,
    0xFE, 0xDB, 0x02, 0x71, 0x01, 0x41, 0xFE, 0xBF, 0x00, 0x04, 0x00, 0x56, 0xFF, 0xDB, 0x05, 0xE3,
    0x07, 0x8F, 0x00, 0x08, 0x00, 0x11, 0x00, 0x27, 0x00, 0x2B, 0x00, 0x7B, 0x40, 0x11, 0x1B, 0x01,
    0x00, 0x02, 0x1E, 0x13, 0x11, 0x08, 0x04, 0x01, 0x00, 0x26, 0x01, 0x04, 0x01, 0x03, 0x4C, 0x4B,
    0xB0, 0x2A, 0x50, 0x58, 0x40, 0x23, 0x00, 0x06, 0x07, 0x06, 0x85, 0x09, 0x01, 0x07, 0x02, 0x07,
    0x85, 0x00, 0x00, 0x00, 0x02, 0x61, 0x03, 0x01, 0x02, 0x02, 0x3E, 0x4D, 0x00, 0x01, 0x01, 0x04,
    0x61, 0x08, 0x05, 0x02, 0x04, 0x04, 0x3F, 0x04, 0x4E, 0x1B, 0x40, 0x21, 0x00, 0x06, 0x07, 0x06,
    0x85, 0x09, 0x01, 0x07, 0x02, 0x07, 0x85, 0x03, 0x01, 0x02, 0x00, 0x00, 0x01, 0x02, 0x00, 0x6A,
    0x00, 0x01, 0x01, 0x04, 0x61, 0x08, 0x05, 0x02, 0x04, 0x04, 0x42, 0x04, 0x4E, 0x59, 0x40, 0x16,
    0x28, 0x28, 0x12, 0x12, 0x28, 0x2B, 0x28, 0x2B, 0x2A, 0x29, 0x12, 0x27, 0x12, 0x27, 0x26, 0x12,
    0x2C, 0x27, 0x21, 0x0A, 0x09, 0x1B, 0x2B, 0x01, 0x26, 0x23, 0x22, 0x07, 0x06, 0x11, 0x14, 0x17,
    0x17, 0x16, 0x33, 0x32, 0x37, 0x36, 0x11, 0x34, 0x27, 0x01, 0x37, 0x26, 0x11, 0x10, 0x37, 0x36,
    0x21, 0x20, 0x17, 0x37, 0x33, 0x07, 0x16, 0x11, 0x10, 0x07, 0x06, 0x21, 0x22, 0x27, 0x07, 0x01,
    0x13, 0x33, 0x01, 0x04, 0x3E, 0x71, 0xB1, 0xCD, 0x73, 0x72, 0x44, 0x51, 0x6E, 0xAF, 0xCE, 0x72,
    0x73, 0x41, 0xFB, 0xCE, 0xB0, 0xB6, 0xBF, 0xBF, 0x01, 0x4A, 0x01, 0x01, 0xAA, 0x65, 0xB5, 0xB3,
    0xB3, 0xC0, 0xBE, 0xFE, 0xB6, 0xFC, 0xAC, 0x62, 0x01, 0x5E, 0xF1, 0xFF, 0xFE, 0xBF, 0x04, 0xBF,
    0x7A, 0x9D, 0x9E, 0xFE, 0xE8, 0xCC, 0x96, 0x7E, 0x77, 0x9D, 0x9B, 0x01, 0x1A, 0xCB, 0x94, 0xFB,
    0x9B, 0xDE, 0xDD, 0x01, 0x4E, 0x01, 0x67, 0xD1, 0xD1, 0x7E, 0x7E, 0xE1, 0xDD, 0xFE, 0xB5, 0xFE,
    0x97, 0xD0, 0xD0, 0x7C, 0x7C, 0x06, 0x73, 0x01, 0x41, 0xFE, 0xBF, 0x00, 0x00, 0x04, 0x00, 0x6C,
    0xFF, 0xE7, 0x04, 0x77, 0x06, 0x44, 0x00, 0x17, 0x00, 0x22, 0x00, 0x2F, 0x00, 0x33, 0x00, 0x78,
    0x40, 0x11, 0x0B, 0x01, 0x05, 0x01, 0x2F, 0x22, 0x0E, 0x02, 0x04, 0x04, 0x05, 0x17, 0x01, 0x00,
    0x04, 0x03, 0x4C, 0x4B, 0xB0, 0x28, 0x50, 0x58, 0x40, 0x25, 0x08, 0x01, 0x07, 0x06, 0x01, 0x06,
    0x07, 0x01, 0x80, 0x00, 0x06, 0x06, 0x3A, 0x4D, 0x00, 0x05, 0x05, 0x01, 0x61, 0x02, 0x01, 0x01,
    0x01, 0x41, 0x4D, 0x00, 0x04, 0x04, 0x00, 0x62, 0x03, 0x01, 0x00, 0x00, 0x42, 0x00, 0x4E, 0x1B,
    0x40, 0x22, 0x00, 0x06, 0x07, 0x06, 0x85, 0x08, 0x01, 0x07, 0x01, 0x07, 0x85, 0x00, 0x05, 0x05,
    0x01, 0x61, 0x02, 0x01, 0x01, 0x01, 0x41, 0x4D, 0x00, 0x04, 0x04, 0x00, 0x62, 0x03, 0x01, 0x00,
    0x00, 0x42, 0x00, 0x4E, 0x59, 0x40, 0x10, 0x30, 0x30, 0x30, 0x33, 0x30, 0x33, 0x16, 0x2C, 0x25,
    0x27, 0x12, 0x27, 0x10, 0x09, 0x09, 0x1D, 0x2B, 0x05, 0x23, 0x37, 0x26, 0x35, 0x34, 0x3E, 0x02,
    0x33, 0x32, 0x17, 0x37, 0x33, 0x07, 0x16, 0x15, 0x14, 0x0E, 0x02, 0x23, 0x22, 0x27, 0x37, 0x16,
    0x17, 0x16, 0x33, 0x32, 0x36, 0x35, 0x34, 0x26, 0x27, 0x27, 0x22, 0x2E, 0x02, 0x27, 0x26, 0x23,
    0x22, 0x06, 0x15, 0x14, 0x17, 0x13, 0x13, 0x33, 0x01, 0x01, 0x0C, 0xA0, 0x81, 0x81, 0x49, 0x86,
    0xBF, 0x77, 0xB1, 0x76, 0x3F, 0xA0, 0x82, 0x82, 0x48, 0x87, 0xC1, 0x79, 0xAC, 0x77, 0x7B, 0x10,
    0x16, 0x36, 0x4E, 0x85, 0x8A, 0x0F, 0x0F, 0x43, 0x01, 0x0A, 0x0D, 0x0D, 0x03, 0x3B, 0x4A, 0x81,
    0x8C, 0x1F, 0x45, 0xF1, 0xFE, 0xFE, 0xBF, 0x19, 0xA8, 0x9D, 0xF5, 0x83, 0xD3, 0x95, 0x50, 0x52,
    0x52, 0xA8, 0x9D, 0xF4, 0x83, 0xD3, 0x95, 0x51, 0x52, 0xA0, 0x13, 0x09, 0x30, 0xD5, 0xC3, 0x39,
    0x65, 0x30, 0x77, 0x08, 0x0A, 0x09, 0x02, 0x2F, 0xD0, 0xC0, 0x7F, 0x57, 0x03, 0xB3, 0x01, 0x41,
    0xFE, 0xBF, 0x00, 0x00, 0x00, 0x02, 0x00, 0x6F, 0xFE, 0x50, 0x04, 0xF2, 0x05, 0xED, 0x00, 0x33,
    0x00, 0x45, 0x00, 0x85, 0x40, 0x17, 0x17, 0x01, 0x02, 0x01, 0x18, 0x00, 0x02, 0x00, 0x02, 0x33,
    0x01, 0x03, 0x00, 0x34, 0x01, 0x04, 0x05, 0x45, 0x01, 0x07, 0x04, 0x05, 0x4C, 0x4B, 0xB0, 0x2A,
    0x50, 0x58, 0x40, 0x27, 0x00, 0x06, 0x00, 0x05, 0x04, 0x06, 0x05, 0x69, 0x00, 0x02, 0x02, 0x01,
    0x61, 0x00, 0x01, 0x01, 0x3E, 0x4D, 0x00, 0x00, 0x00, 0x03, 0x61, 0x00, 0x03, 0x03, 0x3F, 0x4D,
    0x00, 0x04, 0x04, 0x07, 0x61, 0x00, 0x07, 0x07, 0x43, 0x07, 0x4E, 0x1B, 0x40, 0x25, 0x00, 0x01,
    0x00, 0x02, 0x00, 0x01, 0x02, 0x69, 0x00, 0x06, 0x00, 0x05, 0x04, 0x06, 0x05, 0x69, 0x00, 0x00,
    0x00, 0x03, 0x61, 0x00, 0x03, 0x03, 0x42, 0x4D, 0x00, 0x04, 0x04, 0x07, 0x61, 0x00, 0x07, 0x07,
    0x43, 0x07, 0x4E, 0x59, 0x40, 0x12, 0x44, 0x42, 0x3D, 0x3C, 0x3B, 0x3A, 0x38, 0x36, 0x31, 0x2F,
    0x1C, 0x1A, 0x16, 0x14, 0x21, 0x08, 0x09, 0x17, 0x2B, 0x13, 0x04, 0x21, 0x20, 0x35, 0x34, 0x2E,
    0x02, 0x27, 0x2E, 0x03, 0x27, 0x2E, 0x03, 0x35, 0x10, 0x21, 0x32, 0x17, 0x15, 0x26, 0x26, 0x23,
    0x22, 0x06, 0x15, 0x14, 0x1E, 0x02, 0x17, 0x16, 0x16, 0x17, 0x1E, 0x05, 0x15, 0x14, 0x04, 0x21,
    0x22, 0x24, 0x27, 0x01, 0x16, 0x16, 0x33, 0x32, 0x35, 0x34, 0x27, 0x35, 0x20, 0x15, 0x14, 0x0E,
    0x02, 0x23, 0x22, 0x27, 0x6F, 0x01, 0x1D, 0x01, 0x0F, 0x01, 0x49, 0x10, 0x20, 0x2D, 0x1E, 0x20,
    0x52, 0x5C, 0x60, 0x2E, 0x70, 0x9D, 0x62, 0x2D, 0x02, 0x3C, 0xF9, 0xEA, 0x7B, 0xF0, 0x77, 0xA7,
    0x98, 0x15, 0x33, 0x57, 0x41, 0x0E, 0x1D, 0x0E, 0x75, 0xB7, 0x89, 0x5F, 0x3B, 0x1B, 0xFE, 0xC8,
    0xFE, 0xD6, 0x78, 0xFE, 0xEF, 0x98, 0x01, 0x93, 0x1D, 0x35, 0x17, 0x76, 0xA1, 0x01, 0x48, 0x21,
    0x3C, 0x54, 0x34, 0x49, 0x58, 0x01, 0x06, 0x77, 0xDA, 0x24, 0x36, 0x2C, 0x26, 0x13, 0x0F, 0x20,
    0x20, 0x21, 0x11, 0x28, 0x56, 0x66, 0x7C, 0x4D, 0x01, 0x97, 0x39, 0xD6, 0x2E, 0x2C, 0x5B, 0x69,
    0x27, 0x39, 0x30, 0x2A, 0x17, 0x05, 0x0B, 0x06, 0x27, 0x45, 0x44, 0x49, 0x57, 0x6A, 0x43, 0xD4,
    0xE0, 0x24, 0x20, 0xFE, 0x98, 0x04, 0x04, 0x42, 0x43, 0x0B, 0x58, 0xA9, 0x24, 0x3B, 0x29, 0x17,
    0x0C, 0x00, 0x00, 0x00, 0x00, 0x02, 0x00, 0x77, 0xFE, 0x50, 0x03, 0xCC, 0x04, 0x5C, 0x00, 0x27,
    0x00, 0x39, 0x00, 0x4C, 0x40, 0x49, 0x12, 0x01, 0x02, 0x01, 0x13, 0x00, 0x02, 0x00, 0x02, 0x27,
    0x01, 0x03, 0x00, 0x28, 0x01, 0x04, 0x05, 0x39, 0x01, 0x07, 0x04, 0x05, 0x4C, 0x00, 0x06, 0x00,
    0x05, 0x04, 0x06, 0x05, 0x69, 0x00, 0x02, 0x02, 0x01, 0x61, 0x00, 0x01, 0x01, 0x41, 0x4D, 0x00,
    0x00, 0x00, 0x03, 0x61, 0x00, 0x03, 0x03, 0x42, 0x4D, 0x00, 0x04, 0x04, 0x07, 0x61, 0x00, 0x07,
    0x07, 0x43, 0x07, 0x4E, 0x25, 0x11, 0x12, 0x24, 0x2E, 0x24, 0x2B, 0x21, 0x08, 0x09, 0x1E, 0x2B,
    0x37, 0x16, 0x33, 0x32, 0x35, 0x34, 0x26, 0x27, 0x27, 0x2E, 0x03, 0x35, 0x10, 0x21, 0x32, 0x16,
    0x17, 0x15, 0x26, 0x23, 0x22, 0x15, 0x14, 0x16, 0x17, 0x17, 0x1E, 0x03, 0x15, 0x14, 0x0E, 0x02,
    0x23, 0x22, 0x27, 0x13, 0x16, 0x16, 0x33, 0x32, 0x35, 0x34, 0x27, 0x35, 0x20, 0x15, 0x14, 0x0E,
    0x02, 0x23, 0x22, 0x27, 0x77, 0xD6, 0xA2, 0xE1, 0x52, 0x55, 0x8A, 0x52, 0x6F, 0x44, 0x1D, 0x01,
    0xB8, 0x45, 0xA1, 0x5C, 0xB9, 0x82, 0xCC, 0x4C, 0x4B, 0x7A, 0x5B, 0x7E, 0x4F, 0x23, 0x42, 0x7B,
    0xAE, 0x6C, 0xB5, 0xC9, 0xFF, 0x1D, 0x35, 0x17, 0x76, 0xA1, 0x01, 0x48, 0x21, 0x3C, 0x54, 0x34,
    0x49, 0x58, 0xEB, 0x5E, 0x8F, 0x2C, 0x4C, 0x1E, 0x31, 0x1F, 0x3E, 0x49, 0x5A, 0x3B, 0x01, 0x3E,
    0x12, 0x11, 0xB8, 0x35, 0x7D, 0x28, 0x45, 0x1A, 0x2A, 0x20, 0x46, 0x52, 0x60, 0x3A, 0x4D, 0x7C,
    0x57, 0x2F, 0x3E, 0xFE, 0x93, 0x04, 0x04, 0x42, 0x43, 0x0B, 0x58, 0xA9, 0x24, 0x3B, 0x29, 0x17,
    0x0C, 0x00, 0x00, 0x00, 0x00, 0x02, 0x00, 0x1E, 0xFE, 0x50, 0x04, 0xC5, 0x05, 0xC8, 0x00, 0x07,
    0x00, 0x19, 0x00, 0x74, 0x40, 0x0A, 0x08, 0x01, 0x04, 0x05, 0x19, 0x01, 0x07, 0x04, 0x02, 0x4C,
    0x4B, 0xB0, 0x2A, 0x50, 0x58, 0x40, 0x24, 0x00, 0x06, 0x00, 0x05, 0x04, 0x06, 0x05, 0x69, 0x02,
    0x01, 0x00, 0x00, 0x01, 0x5F, 0x00, 0x01, 0x01, 0x38, 0x4D, 0x08, 0x01, 0x03, 0x03, 0x39, 0x4D,
    0x00, 0x04, 0x04, 0x07, 0x61, 0x00, 0x07, 0x07, 0x43, 0x07, 0x4E, 0x1B, 0x40, 0x22, 0x00, 0x01,
    0x02, 0x01, 0x00, 0x03, 0x01, 0x00, 0x67, 0x00, 0x06, 0x00, 0x05, 0x04, 0x06, 0x05, 0x69, 0x08,
    0x01, 0x03, 0x03, 0x3C, 0x4D, 0x00, 0x04, 0x04, 0x07, 0x61, 0x00, 0x07, 0x07, 0x43, 0x07, 0x4E,
    0x59, 0x40, 0x14, 0x00, 0x00, 0x18, 0x16, 0x11, 0x10, 0x0F, 0x0E, 0x0C, 0x0A, 0x00, 0x07, 0x00,
    0x07, 0x11, 0x11, 0x11, 0x09, 0x09, 0x19, 0x2B, 0x21, 0x11, 0x21, 0x35, 0x21, 0x15, 0x21, 0x11,
    0x01, 0x16, 0x16, 0x33, 0x32, 0x35, 0x34, 0x27, 0x35, 0x20, 0x15, 0x14, 0x0E, 0x02, 0x23, 0x22,
    0x27, 0x01, 0xF0, 0xFE, 0x2E, 0x04, 0xA7, 0xFE, 0x2E, 0xFE, 0xCB, 0x1D, 0x35, 0x17, 0x76, 0xA1,
    0x01, 0x48, 0x21, 0x3C, 0x54, 0x34, 0x49, 0x58, 0x05, 0x14, 0xB4, 0xB4, 0xFA, 0xEC, 0xFE, 0xB8,
    0x04, 0x04, 0x42, 0x43, 0x0B, 0x58, 0xA9, 0x24, 0x3B, 0x29, 0x17, 0x0C, 0x00, 0x02, 0x00, 0x21,
    0xFE, 0x50, 0x02, 0x74, 0x05, 0x3B, 0x00, 0x18, 0x00, 0x2A, 0x00, 0x51, 0x40, 0x4E, 0x18, 0x01,
    0x05, 0x01, 0x00, 0x01, 0x00, 0x05, 0x19, 0x01, 0x06, 0x07, 0x2A, 0x01, 0x09, 0x06, 0x04, 0x4C,
    0x0C, 0x09, 0x02, 0x02, 0x4A, 0x00, 0x08, 0x00, 0x07, 0x06, 0x08, 0x07, 0x69, 0x04, 0x01, 0x01,
    0x01, 0x02, 0x5F, 0x03, 0x01, 0x02, 0x02, 0x3B, 0x4D, 0x00, 0x05, 0x05, 0x00, 0x61, 0x00, 0x00,
    0x00, 0x42, 0x4D, 0x00, 0x06, 0x06, 0x09, 0x61, 0x00, 0x09, 0x09, 0x43, 0x09, 0x4E, 0x29, 0x27,
    0x11, 0x12, 0x24, 0x25, 0x11, 0x15, 0x11, 0x12, 0x21, 0x0A, 0x09, 0x1F, 0x2B, 0x05, 0x06, 0x23,
    0x20, 0x11, 0x11, 0x23, 0x35, 0x33, 0x35, 0x36, 0x36, 0x37, 0x15, 0x33, 0x15, 0x23, 0x11, 0x14,
    0x1E, 0x02, 0x33, 0x32, 0x37, 0x01, 0x16, 0x16, 0x33, 0x32, 0x35, 0x34, 0x27, 0x35, 0x20, 0x15,
    0x14, 0x0E, 0x02, 0x23, 0x22, 0x27, 0x02, 0x55, 0x57, 0x3F, 0xFE, 0xDE, 0x7C, 0x7C, 0x3E, 0x7A,
    0x3E, 0xE1, 0xE1, 0x09, 0x18, 0x2B, 0x23, 0x29, 0x2A, 0xFE, 0x6D, 0x1D, 0x35, 0x17, 0x76, 0xA1,
    0x01, 0x48, 0x21, 0x3C, 0x54, 0x34, 0x49, 0x58, 0x02, 0x17, 0x01, 0x56, 0x02, 0x60, 0xA7, 0xDD,
    0x06, 0x0E, 0x06, 0xF7, 0xA7, 0xFD, 0xC6, 0x40, 0x50, 0x2E, 0x11, 0x0C, 0xFE, 0x18, 0x04, 0x04,
    0x42, 0x43, 0x0B, 0x58, 0xA9, 0x24, 0x3B, 0x29, 0x17, 0x0C, 0x00, 0x00, 0x00, 0x01, 0xFF, 0xE9,
    0x05, 0x03, 0x02, 0xC1, 0x06, 0x44, 0x00, 0x07, 0x00, 0x27, 0xB1, 0x06, 0x64, 0x44, 0x40, 0x1C,
    0x05, 0x01, 0x01, 0x00, 0x01, 0x4C, 0x00, 0x00, 0x01, 0x00, 0x85, 0x03, 0x02, 0x02, 0x01, 0x01,
    0x76, 0x00, 0x00, 0x00, 0x07, 0x00, 0x07, 0x11, 0x11, 0x04, 0x09, 0x18, 0x2B, 0xB1, 0x06, 0x00,
    0x44, 0x03, 0x13, 0x33, 0x13, 0x23, 0x27, 0x23, 0x07, 0x17, 0xF1, 0xF6, 0xF1, 0xA4, 0xC7, 0x02,
    0xC7, 0x05, 0x03, 0x01, 0x41, 0xFE, 0xBF, 0xC7, 0xC7, 0x00, 0x00, 0x00, 0x00, 0x01, 0xFF, 0xE9,
    0x05, 0x03, 0x02, 0xC1, 0x06, 0x44, 0x00, 0x07, 0x00, 0x27, 0xB1, 0x06, 0x64, 0x44, 0x40, 0x1C,
    0x05, 0x01, 0x00, 0x01, 0x01, 0x4C, 0x03, 0x02, 0x02, 0x01, 0x00, 0x01, 0x85, 0x00, 0x00, 0x00,
    0x76, 0x00, 0x00, 0x00, 0x07, 0x00, 0x07, 0x11, 0x11, 0x04, 0x09, 0x18, 0x2B, 0xB1, 0x06, 0x00,
    0x44, 0x01, 0x03, 0x23, 0x03, 0x33, 0x17, 0x33, 0x37, 0x02, 0xC1, 0xF1, 0xF6, 0xF1, 0xA4, 0xC7,
    0x02, 0xC7, 0x06, 0x44, 0xFE, 0xBF, 0x01, 0x41, 0xC8, 0xC8, 0x00, 0x00, 0x00, 0x01, 0xFF, 0xFB,
    0x05, 0x17, 0x02, 0xAE, 0x05, 0xB7, 0x00, 0x03, 0x00, 0x26, 0xB1, 0x06, 0x64, 0x44, 0x40, 0x1B,
    0x00, 0x00, 0x01, 0x01, 0x00, 0x57, 0x00, 0x00, 0x00, 0x01, 0x5F, 0x02, 0x01, 0x01, 0x00, 0x01,
    0x4F, 0x00, 0x00, 0x00, 0x03, 0x00, 0x03, 0x11, 0x03, 0x09, 0x17, 0x2B, 0xB1, 0x06, 0x00, 0x44,
    0x03, 0x35, 0x21, 0x15, 0x05, 0x02, 0xB3, 0x05, 0x17, 0xA0, 0xA0, 0x00, 0x00, 0x01, 0xFF, 0xFD,
    0x05, 0x03, 0x02, 0xAC, 0x06, 0x44, 0x00, 0x0D, 0x00, 0x28, 0xB1, 0x06, 0x64, 0x44, 0x40, 0x1D,
    0x02, 0x01, 0x00, 0x01, 0x00, 0x85, 0x00, 0x01, 0x03, 0x03, 0x01, 0x59, 0x00, 0x01, 0x01, 0x03,
    0x61, 0x00, 0x03, 0x01, 0x03, 0x51, 0x23, 0x11, 0x21, 0x10, 0x04, 0x09, 0x1A, 0x2B, 0xB1, 0x06,
    0x00, 0x44, 0x03, 0x33, 0x16, 0x33, 0x32, 0x37, 0x33, 0x06, 0x07, 0x06, 0x23, 0x22, 0x27, 0x26,
    0x03, 0x88, 0x24, 0xAC, 0xAB, 0x24, 0x88, 0x11, 0x5C, 0x5F, 0x8B, 0x8C, 0x5E, 0x5E, 0x06, 0x44,
    0x9E, 0x9E, 0x94, 0x56, 0x57, 0x56, 0x58, 0x00, 0x00, 0x01, 0x00, 0xD9, 0x05, 0x17, 0x01, 0xD0,
    0x06, 0x0D, 0x00, 0x03, 0x00, 0x26, 0xB1, 0x06, 0x64, 0x44, 0x40, 0x1B, 0x00, 0x00, 0x01, 0x01,
    0x00, 0x57, 0x00, 0x00, 0x00, 0x01, 0x5F, 0x02, 0x01, 0x01, 0x00, 0x01, 0x4F, 0x00, 0x00, 0x00,
    0x03, 0x00, 0x03, 0x11, 0x03, 0x09, 0x17, 0x2B, 0xB1, 0x06, 0x00, 0x44, 0x13, 0x35, 0x33, 0x15,
    0xD9, 0xF7, 0x05, 0x17, 0xF6, 0xF6, 0x00, 0x00, 0x00, 0x02, 0x00, 0x6E, 0x05, 0x03, 0x02, 0x3B,
    0x06, 0xD0, 0x00, 0x0F, 0x00, 0x1F, 0x00, 0x39, 0xB1, 0x06, 0x64, 0x44, 0x40, 0x2E, 0x00, 0x01,
    0x00, 0x03, 0x02, 0x01, 0x03, 0x69, 0x05, 0x01, 0x02, 0x00, 0x00, 0x02, 0x59, 0x05, 0x01, 0x02,
    0x02, 0x00, 0x61, 0x04, 0x01, 0x00, 0x02, 0x00, 0x51, 0x11, 0x10, 0x01, 0x00, 0x19, 0x17, 0x10,
    0x1F, 0x11, 0x1F, 0x09, 0x07, 0x00, 0x0F, 0x01, 0x0F, 0x06, 0x09, 0x16, 0x2B, 0xB1, 0x06, 0x00,
    0x44, 0x01, 0x22, 0x27, 0x26, 0x35, 0x34, 0x37, 0x36, 0x33, 0x32, 0x17, 0x16, 0x15, 0x14, 0x07,
    0x06, 0x27, 0x32, 0x37, 0x36, 0x35, 0x34, 0x27, 0x26, 0x23, 0x22, 0x07, 0x06, 0x15, 0x14, 0x17,
    0x16, 0x01, 0x52, 0x5F, 0x42, 0x43, 0x43, 0x43, 0x61, 0x60, 0x42, 0x44, 0x44, 0x42, 0x62, 0x38,
    0x27, 0x27, 0x27, 0x28, 0x35, 0x36, 0x28, 0x26, 0x26, 0x25, 0x05, 0x03, 0x43, 0x44, 0x5F, 0x60,
    0x43, 0x44, 0x43, 0x43, 0x60, 0x63, 0x41, 0x43, 0x62, 0x27, 0x25, 0x39, 0x36, 0x27, 0x26, 0x26,
    0x28, 0x35, 0x36, 0x28, 0x27, 0x00, 0x00, 0x00, 0x00, 0x01, 0x00, 0x84, 0xFE, 0x8E, 0x02, 0x26,
    0x00, 0x00, 0x00, 0x0D, 0x00, 0x52, 0xB1, 0x06, 0x64, 0x44, 0x40, 0x0A, 0x07, 0x01, 0x01, 0x00,
    0x08, 0x01, 0x02, 0x01, 0x02, 0x4C, 0x4B, 0xB0, 0x0A, 0x50, 0x58, 0x40, 0x16, 0x00, 0x00, 0x01,
    0x01, 0x00, 0x70, 0x00, 0x01, 0x02, 0x02, 0x01, 0x59, 0x00, 0x01, 0x01, 0x02, 0x62, 0x00, 0x02,
    0x01, 0x02, 0x52, 0x1B, 0x40, 0x15, 0x00, 0x00, 0x01, 0x00, 0x85, 0x00, 0x01, 0x02, 0x02, 0x01,
    0x59, 0x00, 0x01, 0x01, 0x02, 0x62, 0x00, 0x02, 0x01, 0x02, 0x52, 0x59, 0xB5, 0x23, 0x23, 0x10,
    0x03, 0x09, 0x19, 0x2B, 0xB1, 0x06, 0x00, 0x44, 0x21, 0x33, 0x06, 0x15, 0x14, 0x33, 0x32, 0x37,
    0x15, 0x06, 0x23, 0x22, 0x35, 0x34, 0x01, 0x43, 0x85, 0x9D, 0x8A, 0x47, 0x2A, 0x4B, 0x5E, 0xF9,
    0x51, 0x63, 0x5F, 0x0F, 0x51, 0x1D, 0x9F, 0x79, 0x00, 0x01, 0xFF, 0xFF, 0x05, 0x0D, 0x02, 0xAB,
    0x06, 0x22, 0x00, 0x19, 0x00, 0x34, 0xB1, 0x06, 0x64, 0x44, 0x40, 0x29, 0x00, 0x01, 0x04, 0x03,
    0x01, 0x59, 0x02, 0x01, 0x00, 0x00, 0x04, 0x03, 0x00, 0x04, 0x69, 0x00, 0x01, 0x01, 0x03, 0x62,
    0x06, 0x05, 0x02, 0x03, 0x01, 0x03, 0x52, 0x00, 0x00, 0x00, 0x19, 0x00, 0x19, 0x28, 0x21, 0x11,
    0x24, 0x21, 0x07, 0x09, 0x1B, 0x2B, 0xB1, 0x06, 0x00, 0x44, 0x03, 0x12, 0x33, 0x32, 0x16, 0x17,
    0x17, 0x16, 0x33, 0x32, 0x37, 0x33, 0x02, 0x23, 0x22, 0x27, 0x27, 0x26, 0x26, 0x27, 0x27, 0x26,
    0x26, 0x07, 0x22, 0x07, 0x01, 0x04, 0xBD, 0x27, 0x42, 0x23, 0x37, 0x3E, 0x1A, 0x43, 0x05, 0x88,
    0x06, 0xBB, 0x47, 0x3C, 0x0A, 0x06, 0x0C, 0x06, 0x1F, 0x1E, 0x2A, 0x10, 0x44, 0x04, 0x05, 0x0D,
    0x01, 0x15, 0x18, 0x17, 0x24, 0x28, 0x7B, 0xFE, 0xEB, 0x29, 0x06, 0x04, 0x07, 0x05, 0x14, 0x14,
    0x15, 0x01, 0x7B, 0x00, 0x00, 0x02, 0xFF, 0xBD, 0x05, 0x03, 0x02, 0xEC, 0x06, 0x44, 0x00, 0x03,
    0x00, 0x07, 0x00, 0x32, 0xB1, 0x06, 0x64, 0x44, 0x40, 0x27, 0x02, 0x01, 0x00, 0x01, 0x01, 0x00,
    0x57, 0x02, 0x01, 0x00, 0x00, 0x01, 0x5F, 0x05, 0x03, 0x04, 0x03, 0x01, 0x00, 0x01, 0x4F, 0x04,
    0x04, 0x00, 0x00, 0x04, 0x07, 0x04, 0x07, 0x06, 0x05, 0x00, 0x03, 0x00, 0x03, 0x11, 0x06, 0x09,
    0x17, 0x2B, 0xB1, 0x06, 0x00, 0x44, 0x03, 0x13, 0x33, 0x01, 0x33, 0x13, 0x33, 0x01, 0x43, 0xF1,
    0xD2, 0xFE, 0xBF, 0xEB, 0xF0, 0xD2, 0xFE, 0xBF, 0x05, 0x03, 0x01, 0x41, 0xFE, 0xBF, 0x01, 0x41,
    0xFE, 0xBF, 0x00, 0x00, 0x00, 0x02, 0x00, 0xCF, 0xFE, 0xA2, 0x01, 0xEB, 0x04, 0x56, 0x00, 0x03,
    0x00, 0x0D, 0x00, 0x7F, 0xB5, 0x04, 0x01, 0x04, 0x02, 0x01, 0x4C, 0x4B, 0xB0, 0x17, 0x50, 0x58,
    0x40, 0x1B, 0x05, 0x01, 0x01, 0x01, 0x00, 0x5F, 0x00, 0x00, 0x00, 0x2B, 0x4D, 0x00, 0x03, 0x03,
    0x02, 0x5F, 0x00, 0x02, 0x02, 0x29, 0x4D, 0x00, 0x04, 0x04, 0x2D, 0x04, 0x4E, 0x1B, 0x4B, 0xB0,
    0x2A, 0x50, 0x58, 0x40, 0x1B, 0x00, 0x04, 0x02, 0x04, 0x86, 0x05, 0x01, 0x01, 0x01, 0x00, 0x5F,
    0x00, 0x00, 0x00, 0x2B, 0x4D, 0x00, 0x03, 0x03, 0x02, 0x5F, 0x00, 0x02, 0x02, 0x29, 0x02, 0x4E,
    0x1B, 0x40, 0x1B, 0x00, 0x04, 0x02, 0x04, 0x86, 0x05, 0x01, 0x01, 0x01, 0x00, 0x5F, 0x00, 0x00,
    0x00, 0x2B, 0x4D, 0x00, 0x03, 0x03, 0x02, 0x5F, 0x00, 0x02, 0x02, 0x2C, 0x02, 0x4E, 0x59, 0x59,
    0x40, 0x10, 0x00, 0x00, 0x0D, 0x0C, 0x0A, 0x09, 0x08, 0x07, 0x00, 0x03, 0x00, 0x03, 0x11, 0x06,
    0x08, 0x17, 0x2B, 0x13, 0x11, 0x21, 0x11, 0x01, 0x36, 0x35, 0x35, 0x23, 0x11, 0x21, 0x15, 0x10,
    0x21, 0xCF, 0x01, 0x1C, 0xFE, 0xE4, 0x6D, 0x6D, 0x01, 0x1C, 0xFE, 0xE4, 0x03, 0x3A, 0x01, 0x1C,
    0xFE, 0xE4, 0xFB, 0xC5, 0x0D, 0xDA, 0x1A, 0x01, 0x1C, 0xE8, 0xFE, 0x6E, 0x00, 0x01, 0x00, 0x95,
    0x05, 0x03, 0x02, 0x5D, 0x06, 0xA6, 0x00, 0x03, 0x00, 0x1F, 0xB1, 0x06, 0x64, 0x44, 0x40, 0x14,
    0x00, 0x00, 0x01, 0x00, 0x85, 0x02, 0x01, 0x01, 0x01, 0x76, 0x00, 0x00, 0x00, 0x03, 0x00, 0x03,
    0x11, 0x03, 0x08, 0x17, 0x2B, 0xB1, 0x06, 0x00, 0x44, 0x13, 0x13, 0x33, 0x01, 0x95, 0xCD, 0xFB,
    0xFE, 0xC6, 0x05, 0x03, 0x01, 0xA3, 0xFE, 0x5D, 0x00, 0x03, 0x00, 0x01, 0x05, 0x0D, 0x03, 0x30,
    0x07, 0x13, 0x00, 0x03, 0x00, 0x07, 0x00, 0x0B, 0x00, 0x48, 0xB1, 0x06, 0x64, 0x44, 0x40, 0x3D,
    0x00, 0x04, 0x00, 0x04, 0x85, 0x08, 0x01, 0x05, 0x00, 0x01, 0x00, 0x05, 0x01, 0x80, 0x02, 0x01,
    0x00, 0x05, 0x01, 0x00, 0x57, 0x02, 0x01, 0x00, 0x00, 0x01, 0x60, 0x07, 0x03, 0x06, 0x03, 0x01,
    0x00, 0x01, 0x50, 0x08, 0x08, 0x04, 0x04, 0x00, 0x00, 0x08, 0x0B, 0x08, 0x0B, 0x0A, 0x09, 0x04,
    0x07, 0x04, 0x07, 0x06, 0x05, 0x00, 0x03, 0x00, 0x03, 0x11, 0x09, 0x08, 0x17, 0x2B, 0xB1, 0x06,
    0x00, 0x44, 0x13, 0x35, 0x33, 0x15, 0x21, 0x35, 0x33, 0x15, 0x25, 0x13, 0x33, 0x01, 0x01, 0xC5,
    0x01, 0xA4, 0xC6, 0xFD, 0xEF, 0xD2, 0xF6, 0xFE, 0xC1, 0x05, 0x0D, 0xC5, 0xC5, 0xC5, 0xC5, 0x62,
    0x01, 0xA4, 0xFE, 0x5C, 0x00, 0x03, 0x00, 0x10, 0x00, 0x00, 0x05, 0x7D, 0x06, 0x68, 0x00, 0x07,
    0x00, 0x0A, 0x00, 0x0E, 0x00, 0x9A, 0xB5, 0x0A, 0x01, 0x04, 0x06, 0x01, 0x4C, 0x4B, 0xB0, 0x1D,
    0x50, 0x58, 0x40, 0x23, 0x08, 0x01, 0x06, 0x00, 0x04, 0x00, 0x06, 0x04, 0x80, 0x00, 0x04, 0x00,
    0x02, 0x01, 0x04, 0x02, 0x68, 0x00, 0x05, 0x05, 0x2A, 0x4D, 0x00, 0x00, 0x00, 0x28, 0x4D, 0x07,
    0x03, 0x02, 0x01, 0x01, 0x29, 0x01, 0x4E, 0x1B, 0x4B, 0xB0, 0x2A, 0x50, 0x58, 0x40, 0x23, 0x00,
    0x05, 0x00, 0x05, 0x85, 0x08, 0x01, 0x06, 0x00, 0x04, 0x00, 0x06, 0x04, 0x80, 0x00, 0x04, 0x00,
    0x02, 0x01, 0x04, 0x02, 0x68, 0x00, 0x00, 0x00, 0x28, 0x4D, 0x07, 0x03, 0x02, 0x01, 0x01, 0x29,
    0x01, 0x4E, 0x1B, 0x40, 0x20, 0x00, 0x05, 0x00, 0x05, 0x85, 0x00, 0x00, 0x06, 0x00, 0x85, 0x08,
    0x01, 0x06, 0x04, 0x06, 0x85, 0x00, 0x04, 0x00, 0x02, 0x01, 0x04, 0x02, 0x68, 0x07, 0x03, 0x02,
    0x01, 0x01, 0x2C, 0x01, 0x4E, 0x59, 0x59, 0x40, 0x16, 0x0B, 0x0B, 0x00, 0x00, 0x0B, 0x0E, 0x0B,
    0x0E, 0x0D, 0x0C, 0x09, 0x08, 0x00, 0x07, 0x00, 0x07, 0x11, 0x11, 0x11, 0x09, 0x08, 0x19, 0x2B,
    0x33, 0x01, 0x21, 0x01, 0x21, 0x03, 0x21, 0x03, 0x13, 0x21, 0x03, 0x25, 0x13, 0x33, 0x01, 0x11,
    0x02, 0x38, 0x01, 0x02, 0x02, 0x32, 0xFE, 0xF2, 0x99, 0xFD, 0xA5, 0x98, 0xDC, 0x01, 0xD4, 0xE9,
    0xFD, 0x66, 0xCC, 0xFC, 0xFE, 0xC5, 0x05, 0xC8, 0xFA, 0x38, 0x01, 0x92, 0xFE, 0x6E, 0x02, 0x43,
    0x02, 0x64, 0x1E, 0x01, 0xA3, 0xFE, 0x5D, 0x00, 0x00, 0x01, 0x00, 0xAA, 0x03, 0x28, 0x01, 0xC6,
    0x04, 0x44, 0x00, 0x03, 0x00, 0x19, 0x40, 0x16, 0x02, 0x01, 0x01, 0x01, 0x00, 0x5F, 0x00, 0x00,
    0x00, 0x2B, 0x01, 0x4E, 0x00, 0x00, 0x00, 0x03, 0x00, 0x03, 0x11, 0x03, 0x08, 0x17, 0x2B, 0x13,
    0x11, 0x21, 0x11, 0xAA, 0x01, 0x1C, 0x03, 0x28, 0x01, 0x1C, 0xFE, 0xE4, 0x00, 0x02, 0x00, 0x05,
    0x00, 0x00, 0x06, 0x51, 0x06, 0x68, 0x00, 0x0B, 0x00, 0x0F, 0x00, 0xAF, 0x4B, 0xB0, 0x1D, 0x50,
    0x58, 0x40, 0x2C, 0x09, 0x01, 0x07, 0x01, 0x02, 0x01, 0x07, 0x02, 0x80, 0x00, 0x02, 0x00, 0x03,
    0x04, 0x02, 0x03, 0x67, 0x00, 0x06, 0x06, 0x2A, 0x4D, 0x00, 0x01, 0x01, 0x00, 0x5F, 0x00, 0x00,
    0x00, 0x28, 0x4D, 0x00, 0x04, 0x04, 0x05, 0x5F, 0x08, 0x01, 0x05, 0x05, 0x29, 0x05, 0x4E, 0x1B,
    0x4B, 0xB0, 0x2A, 0x50, 0x58, 0x40, 0x2C, 0x00, 0x06, 0x00, 0x06, 0x85, 0x09, 0x01, 0x07, 0x01,
    0x02, 0x01, 0x07, 0x02, 0x80, 0x00, 0x02, 0x00, 0x03, 0x04, 0x02, 0x03, 0x67, 0x00, 0x01, 0x01,
    0x00, 0x5F, 0x00, 0x00, 0x00, 0x28, 0x4D, 0x00, 0x04, 0x04, 0x05, 0x5F, 0x08, 0x01, 0x05, 0x05,
    0x29, 0x05, 0x4E, 0x1B, 0x40, 0x2A, 0x00, 0x06, 0x00, 0x06, 0x85, 0x09, 0x01, 0x07, 0x01, 0x02,
    0x01, 0x07, 0x02, 0x80, 0x00, 0x00, 0x00, 0x01, 0x07, 0x00, 0x01, 0x67, 0x00, 0x02, 0x00, 0x03,
    0x04, 0x02, 0x03, 0x67, 0x00, 0x04, 0x04, 0x05, 0x5F, 0x08, 0x01, 0x05, 0x05, 0x2C, 0x05, 0x4E,
    0x59, 0x59, 0x40, 0x16, 0x0C, 0x0C, 0x00, 0x00, 0x0C, 0x0F, 0x0C, 0x0F, 0x0E, 0x0D, 0x00, 0x0B,
    0x00, 0x0B, 0x11, 0x11, 0x11, 0x11, 0x11, 0x0A, 0x08, 0x1B, 0x2B, 0x21, 0x11, 0x21, 0x15, 0x21,
    0x11, 0x21, 0x15, 0x21, 0x11, 0x21, 0x15, 0x01, 0x13, 0x33, 0x01, 0x02, 0x0A, 0x04, 0x1A, 0xFC,
    0xE9, 0x02, 0xAE, 0xFD, 0x52, 0x03, 0x44, 0xF9, 0xB4, 0xCD, 0xFB, 0xFE, 0xC6, 0x05, 0xC8, 0xB4,
    0xFE, 0x44, 0xB1, 0xFE, 0x10, 0xB7, 0x04, 0xC5, 0x01, 0xA3, 0xFE, 0x5D, 0x00, 0x02, 0x00, 0x05,
    0x00, 0x00, 0x06, 0x50, 0x06, 0x68, 0x00, 0x0B, 0x00, 0x0F, 0x00, 0x99, 0x4B, 0xB0, 0x1D, 0x50,
    0x58, 0x40, 0x24, 0x09, 0x01, 0x07, 0x00, 0x01, 0x00, 0x07, 0x01, 0x80, 0x00, 0x01, 0x00, 0x04,
    0x03, 0x01, 0x04, 0x67, 0x00, 0x06, 0x06, 0x2A, 0x4D, 0x02, 0x01, 0x00, 0x00, 0x28, 0x4D, 0x08,
    0x05, 0x02, 0x03, 0x03, 0x29, 0x03, 0x4E, 0x1B, 0x4B, 0xB0, 0x2A, 0x50, 0x58, 0x40, 0x24, 0x00,
    0x06, 0x00, 0x06, 0x85, 0x09, 0x01, 0x07, 0x00, 0x01, 0x00, 0x07, 0x01, 0x80, 0x00, 0x01, 0x00,
    0x04, 0x03, 0x01, 0x04, 0x67, 0x02, 0x01, 0x00, 0x00, 0x28, 0x4D, 0x08, 0x05, 0x02, 0x03, 0x03,
    0x29, 0x03, 0x4E, 0x1B, 0x40, 0x24, 0x00, 0x06, 0x00, 0x06, 0x85, 0x09, 0x01, 0x07, 0x00, 0x01,
    0x00, 0x07, 0x01, 0x80, 0x00, 0x01, 0x00, 0x04, 0x03, 0x01, 0x04, 0x67, 0x02, 0x01, 0x00, 0x00,
    0x03, 0x5F, 0x08, 0x05, 0x02, 0x03, 0x03, 0x2C, 0x03, 0x4E, 0x59, 0x59, 0x40, 0x16, 0x0C, 0x0C,
    0x00, 0x00, 0x0C, 0x0F, 0x0C, 0x0F, 0x0E, 0x0D, 0x00, 0x0B, 0x00, 0x0B, 0x11, 0x11, 0x11, 0x11,
    0x11, 0x0A, 0x08, 0x1B, 0x2B, 0x21, 0x11, 0x21, 0x11, 0x21, 0x11, 0x21, 0x11, 0x21, 0x11, 0x21,
    0x11, 0x01, 0x13, 0x33, 0x01, 0x01, 0xF9, 0x01, 0x03, 0x02, 0x51, 0x01, 0x03, 0xFE, 0xFD, 0xFD,
    0xAF, 0xFD, 0x09, 0xCD, 0xFB, 0xFE, 0xC6, 0x05, 0xC8, 0xFD, 0x9B, 0x02, 0x65, 0xFA, 0x38, 0x02,
    0xAF, 0xFD, 0x51, 0x04, 0xC5, 0x01, 0xA3, 0xFE, 0x5D, 0x00, 0x00, 0x00, 0x00, 0x02, 0xFF, 0x1F,
    0x00, 0x00, 0x03, 0x67, 0x06, 0x68, 0x00, 0x0B, 0x00, 0x0F, 0x00, 0x9D, 0x4B, 0xB0, 0x1D, 0x50,
    0x58, 0x40, 0x26, 0x09, 0x01, 0x07, 0x01, 0x00, 0x01, 0x07, 0x00, 0x80, 0x00, 0x06, 0x06, 0x2A,
    0x4D, 0x03, 0x01, 0x01, 0x01, 0x02, 0x5F, 0x00, 0x02, 0x02, 0x28, 0x4D, 0x04, 0x01, 0x00, 0x00,
    0x05, 0x5F, 0x08, 0x01, 0x05, 0x05, 0x29, 0x05, 0x4E, 0x1B, 0x4B, 0xB0, 0x2A, 0x50, 0x58, 0x40,
    0x26, 0x00, 0x06, 0x02, 0x06, 0x85, 0x09, 0x01, 0x07, 0x01, 0x00, 0x01, 0x07, 0x00, 0x80, 0x03,
    0x01, 0x01, 0x01, 0x02, 0x5F, 0x00, 0x02, 0x02, 0x28, 0x4D, 0x04, 0x01, 0x00, 0x00, 0x05, 0x5F,
    0x08, 0x01, 0x05, 0x05, 0x29, 0x05, 0x4E, 0x1B, 0x40, 0x24, 0x00, 0x06, 0x02, 0x06, 0x85, 0x09,
    0x01, 0x07, 0x01, 0x00, 0x01, 0x07, 0x00, 0x80, 0x00, 0x02, 0x03, 0x01, 0x01, 0x07, 0x02, 0x01,
    0x68, 0x04, 0x01, 0x00, 0x00, 0x05, 0x5F, 0x08, 0x01, 0x05, 0x05, 0x2C, 0x05, 0x4E, 0x59, 0x59,
    0x40, 0x16, 0x0C, 0x0C, 0x00, 0x00, 0x0C, 0x0F, 0x0C, 0x0F, 0x0E, 0x0D, 0x00, 0x0B, 0x00, 0x0B,
    0x11, 0x11, 0x11, 0x11, 0x11, 0x0A, 0x08, 0x1B, 0x2B, 0x33, 0x35, 0x33, 0x11, 0x23, 0x35, 0x21,
    0x15, 0x23, 0x11, 0x33, 0x15, 0x01, 0x13, 0x33, 0x01, 0xDF, 0xC3, 0xC3, 0x02, 0x88, 0xC3, 0xC3,
    0xFB, 0xB8, 0xCD, 0xFB, 0xFE, 0xC6, 0xB7, 0x04, 0x59, 0xB8, 0xB8, 0xFB, 0xA7, 0xB7, 0x04, 0xC5,
    0x01, 0xA3, 0xFE, 0x5D, 0x00, 0x03, 0xFF, 0xC1, 0xFF, 0xDB, 0x06, 0x0F, 0x06, 0x68, 0x00, 0x0F,
    0x00, 0x1F, 0x00, 0x23, 0x00, 0x9F, 0x4B, 0xB0, 0x1D, 0x50, 0x58, 0x40, 0x25, 0x08, 0x01, 0x05,
    0x03, 0x02, 0x03, 0x05, 0x02, 0x80, 0x00, 0x04, 0x04, 0x2A, 0x4D, 0x00, 0x03, 0x03, 0x01, 0x61,
    0x00, 0x01, 0x01, 0x2E, 0x4D, 0x07, 0x01, 0x02, 0x02, 0x00, 0x61, 0x06, 0x01, 0x00, 0x00, 0x2F,
    0x00, 0x4E, 0x1B, 0x4B, 0xB0, 0x2A, 0x50, 0x58, 0x40, 0x25, 0x00, 0x04, 0x01, 0x04, 0x85, 0x08,
    0x01, 0x05, 0x03, 0x02, 0x03, 0x05, 0x02, 0x80, 0x00, 0x03, 0x03, 0x01, 0x61, 0x00, 0x01, 0x01,
    0x2E, 0x4D, 0x07, 0x01, 0x02, 0x02, 0x00, 0x61, 0x06, 0x01, 0x00, 0x00, 0x2F, 0x00, 0x4E, 0x1B,
    0x40, 0x23, 0x00, 0x04, 0x01, 0x04, 0x85, 0x08, 0x01, 0x05, 0x03, 0x02, 0x03, 0x05, 0x02, 0x80,
    0x00, 0x01, 0x00, 0x03, 0x05, 0x01, 0x03, 0x69, 0x07, 0x01, 0x02, 0x02, 0x00, 0x61, 0x06, 0x01,
    0x00, 0x00, 0x32, 0x00, 0x4E, 0x59, 0x59, 0x40, 0x1B, 0x20, 0x20, 0x11, 0x10, 0x01, 0x00, 0x20,
    0x23, 0x20, 0x23, 0x22, 0x21, 0x19, 0x17, 0x10, 0x1F, 0x11, 0x1F, 0x09, 0x07, 0x00, 0x0F, 0x01,
    0x0F, 0x09, 0x08, 0x16, 0x2B, 0x05, 0x20, 0x27, 0x26, 0x11, 0x10, 0x37, 0x36, 0x21, 0x20, 0x17,
    0x16, 0x11, 0x10, 0x07, 0x06, 0x25, 0x32, 0x37, 0x36, 0x11, 0x10, 0x27, 0x26, 0x23, 0x22, 0x07,
    0x06, 0x11, 0x10, 0x17, 0x16, 0x01, 0x13, 0x33, 0x01, 0x03, 0x50, 0xFE, 0xC7, 0xB8, 0xB9, 0xBA,
    0xBA, 0x01, 0x41, 0x01, 0x3F, 0xBA, 0xBB, 0xBB, 0xBA, 0xFE, 0xB9, 0xCB, 0x6E, 0x6E, 0x6E, 0x6D,
    0xC5, 0xC7, 0x6D, 0x6D, 0x6D, 0x6C, 0xFD, 0x2F, 0xCD, 0xFB, 0xFE, 0xC6, 0x25, 0xD2, 0xD2, 0x01,
    0x65, 0x01, 0x67, 0xD1, 0xD1, 0xD1, 0xD0, 0xFE, 0x9B, 0xFE, 0x93, 0xD0, 0xCF, 0xB4, 0x9C, 0x9B,
    0x01, 0x21, 0x01, 0x19, 0x9C, 0x9D, 0x9D, 0x9D, 0xFE, 0xE5, 0xFE, 0xE7, 0x9D, 0x9F, 0x04, 0x36,
    0x01, 0xA3, 0xFE, 0x5D, 0x00, 0x02, 0x00, 0x0A, 0x00, 0x00, 0x06, 0xFB, 0x06, 0x68, 0x00, 0x03,
    0x00, 0x1A, 0x00, 0x97, 0x40, 0x0F, 0x15, 0x01, 0x02, 0x03, 0x0F, 0x01, 0x04, 0x01, 0x02, 0x4C,
    0x14, 0x01, 0x03, 0x01, 0x4B, 0x4B, 0xB0, 0x1D, 0x50, 0x58, 0x40, 0x1F, 0x05, 0x01, 0x01, 0x02,
    0x04, 0x02, 0x01, 0x04, 0x80, 0x00, 0x00, 0x00, 0x2A, 0x4D, 0x00, 0x02, 0x02, 0x03, 0x61, 0x00,
    0x03, 0x03, 0x28, 0x4D, 0x06, 0x01, 0x04, 0x04, 0x29, 0x04, 0x4E, 0x1B, 0x4B, 0xB0, 0x2A, 0x50,
    0x58, 0x40, 0x1F, 0x00, 0x00, 0x03, 0x00, 0x85, 0x05, 0x01, 0x01, 0x02, 0x04, 0x02, 0x01, 0x04,
    0x80, 0x00, 0x02, 0x02, 0x03, 0x61, 0x00, 0x03, 0x03, 0x28, 0x4D, 0x06, 0x01, 0x04, 0x04, 0x29,
    0x04, 0x4E, 0x1B, 0x40, 0x1D, 0x00, 0x00, 0x03, 0x00, 0x85, 0x05, 0x01, 0x01, 0x02, 0x04, 0x02,
    0x01, 0x04, 0x80, 0x00, 0x03, 0x00, 0x02, 0x01, 0x03, 0x02, 0x69, 0x06, 0x01, 0x04, 0x04, 0x2C,
    0x04, 0x4E, 0x59, 0x59, 0x40, 0x14, 0x04, 0x04, 0x00, 0x00, 0x04, 0x1A, 0x04, 0x1A, 0x0B, 0x0A,
    0x09, 0x08, 0x00, 0x03, 0x00, 0x03, 0x11, 0x07, 0x08, 0x17, 0x2B, 0x13, 0x13, 0x33, 0x01, 0x01,
    0x11, 0x10, 0x27, 0x26, 0x23, 0x35, 0x32, 0x1E, 0x02, 0x17, 0x3E, 0x03, 0x37, 0x15, 0x06, 0x07,
    0x06, 0x11, 0x11, 0x0A, 0xD2, 0xFB, 0xFE, 0xC1, 0x03, 0x6A, 0x89, 0x8A, 0xCB, 0x7B, 0xCC, 0xA2,
    0x78, 0x26, 0x2D, 0x7E, 0x99, 0xAF, 0x5D, 0xD6, 0x93, 0x92, 0x04, 0xC5, 0x01, 0xA3, 0xFE, 0x5D,
    0xFB, 0x3B, 0x01, 0xC9, 0x01, 0x59, 0xF4, 0xF3, 0xBF, 0x45, 0x93, 0xE6, 0xA0, 0x7E, 0xD4, 0x9E,
    0x62, 0x0C, 0xA7, 0x39, 0xFE, 0xFC, 0xFE, 0xD3, 0xFE, 0x3F, 0x00, 0x00, 0x00, 0x02, 0xFF, 0xC9,
    0x00, 0x00, 0x05, 0xEE, 0x06, 0x68, 0x00, 0x23, 0x00, 0x27, 0x00, 0xA4, 0xB5, 0x22, 0x14, 0x02,
    0x00, 0x01, 0x4B, 0x4B, 0xB0, 0x1D, 0x50, 0x58, 0x40, 0x26, 0x09, 0x01, 0x07, 0x04, 0x00, 0x04,
    0x07, 0x00, 0x80, 0x00, 0x06, 0x06, 0x2A, 0x4D, 0x00, 0x04, 0x04, 0x01, 0x61, 0x00, 0x01, 0x01,
    0x2E, 0x4D, 0x02, 0x01, 0x00, 0x00, 0x03, 0x60, 0x08, 0x05, 0x02, 0x03, 0x03, 0x29, 0x03, 0x4E,
    0x1B, 0x4B, 0xB0, 0x2A, 0x50, 0x58, 0x40, 0x26, 0x00, 0x06, 0x01, 0x06, 0x85, 0x09, 0x01, 0x07,
    0x04, 0x00, 0x04, 0x07, 0x00, 0x80, 0x00, 0x04, 0x04, 0x01, 0x61, 0x00, 0x01, 0x01, 0x2E, 0x4D,
    0x02, 0x01, 0x00, 0x00, 0x03, 0x60, 0x08, 0x05, 0x02, 0x03, 0x03, 0x29, 0x03, 0x4E, 0x1B, 0x40,
    0x24, 0x00, 0x06, 0x01, 0x06, 0x85, 0x09, 0x01, 0x07, 0x04, 0x00, 0x04, 0x07, 0x00, 0x80, 0x00,
    0x01, 0x00, 0x04, 0x07, 0x01, 0x04, 0x69, 0x02, 0x01, 0x00, 0x00, 0x03, 0x60, 0x08, 0x05, 0x02,
    0x03, 0x03, 0x2C, 0x03, 0x4E, 0x59, 0x59, 0x40, 0x16, 0x24, 0x24, 0x00, 0x00, 0x24, 0x27, 0x24,
    0x27, 0x26, 0x25, 0x00, 0x23, 0x00, 0x23, 0x27, 0x11, 0x16, 0x26, 0x11, 0x0A, 0x08, 0x1B, 0x2B,
    0x33, 0x35, 0x21, 0x26, 0x02, 0x35, 0x10, 0x37, 0x36, 0x21, 0x20, 0x17, 0x16, 0x11, 0x14, 0x02,
    0x07, 0x21, 0x15, 0x21, 0x35, 0x36, 0x12, 0x35, 0x34, 0x27, 0x26, 0x23, 0x22, 0x07, 0x06, 0x15,
    0x14, 0x12, 0x17, 0x15, 0x01, 0x13, 0x33, 0x01, 0xAC, 0x01, 0x64, 0xAB, 0xAA, 0xB9, 0xBA, 0x01,
    0x1F, 0x01, 0x1E, 0xBA, 0xBA, 0xAA, 0xAB, 0x01, 0x64, 0xFD, 0xCC, 0x89, 0x8E, 0x6C, 0x6B, 0xAD,
    0xAD, 0x6B, 0x6C, 0x8E, 0x89, 0xFC, 0xE9, 0xCD, 0xFB, 0xFE, 0xC6, 0xB8, 0x89, 0x01, 0x43, 0xC6,
    0x01, 0x28, 0xBE, 0xBD, 0xBD, 0xBC, 0xFE, 0xD6, 0xC5, 0xFE, 0xBB, 0x88, 0xB8, 0xB8, 0x71, 0x01,
    0x3E, 0xD1, 0xEF, 0x8A, 0x89, 0x89, 0x8A, 0xF0, 0xD1, 0xFE, 0xC3, 0x71, 0xB8, 0x04, 0xC5, 0x01,
    0xA3, 0xFE, 0x5D, 0x00, 0x00, 0x04, 0xFF, 0xE4, 0xFF, 0xE7, 0x03, 0x12, 0x07, 0x13, 0x00, 0x13,
    0x00, 0x17, 0x00, 0x1B, 0x00, 0x21, 0x00, 0x8D, 0x40, 0x0A, 0x13, 0x01, 0x02, 0x01, 0x00, 0x01,
    0x00, 0x02, 0x02, 0x4C, 0x4B, 0xB0, 0x2A, 0x50, 0x58, 0x40, 0x2C, 0x00, 0x07, 0x03, 0x07, 0x85,
    0x0B, 0x01, 0x08, 0x03, 0x04, 0x03, 0x08, 0x04, 0x80, 0x0A, 0x06, 0x09, 0x03, 0x04, 0x04, 0x03,
    0x5F, 0x05, 0x01, 0x03, 0x03, 0x28, 0x4D, 0x00, 0x01, 0x01, 0x2B, 0x4D, 0x00, 0x02, 0x02, 0x00,
    0x62, 0x00, 0x00, 0x00, 0x32, 0x00, 0x4E, 0x1B, 0x40, 0x2A, 0x00, 0x07, 0x03, 0x07, 0x85, 0x0B,
    0x01, 0x08, 0x03, 0x04, 0x03, 0x08, 0x04, 0x80, 0x05, 0x01, 0x03, 0x0A, 0x06, 0x09, 0x03, 0x04,
    0x01, 0x03, 0x04, 0x68, 0x00, 0x01, 0x01, 0x2B, 0x4D, 0x00, 0x02, 0x02, 0x00, 0x62, 0x00, 0x00,
    0x00, 0x32, 0x00, 0x4E, 0x59, 0x40, 0x1D, 0x1C, 0x1C, 0x18, 0x18, 0x14, 0x14, 0x1C, 0x21, 0x1C,
    0x21, 0x1E, 0x1D, 0x18, 0x1B, 0x18, 0x1B, 0x1A, 0x19, 0x14, 0x17, 0x14, 0x17, 0x13, 0x25, 0x17,
    0x21, 0x0C, 0x08, 0x1A, 0x2B, 0x25, 0x06, 0x23, 0x22, 0x27, 0x2E, 0x03, 0x35, 0x11, 0x33, 0x11,
    0x14, 0x1E, 0x02, 0x33, 0x32, 0x37, 0x01, 0x35, 0x33, 0x15, 0x21, 0x35, 0x33, 0x15, 0x25, 0x13,
    0x33, 0x06, 0x06, 0x07, 0x02, 0xD0, 0x6B, 0x6E, 0xA5, 0x4F, 0x1C, 0x23, 0x13, 0x06, 0xF6, 0x10,
    0x24, 0x39, 0x29, 0x45, 0x54, 0xFD, 0x14, 0xC5, 0x01, 0xA4, 0xC5, 0xFD, 0xF0, 0xD2, 0xF6, 0x51,
    0x9E, 0x50, 0x15, 0x2E, 0x53, 0x1D, 0x49, 0x60, 0x7D, 0x51, 0x02, 0x76, 0xFD, 0x58, 0x4A, 0x65,
    0x3F, 0x1C, 0x2A, 0x04, 0x51, 0xC5, 0xC5, 0xC5, 0xC5, 0x62, 0x01, 0xA4, 0x6A, 0xD0, 0x6A, 0x00,
    0x00, 0x02, 0x00, 0x0F, 0x00, 0x00, 0x05, 0x7C, 0x05, 0xC8, 0x00, 0x07, 0x00, 0x0A, 0x00, 0x4D,
    0xB5, 0x0A, 0x01, 0x04, 0x00, 0x01, 0x4C, 0x4B, 0xB0, 0x2A, 0x50, 0x58, 0x40, 0x15, 0x00, 0x04,
    0x00, 0x02, 0x01, 0x04, 0x02, 0x68, 0x00, 0x00, 0x00, 0x28, 0x4D, 0x05, 0x03, 0x02, 0x01, 0x01,
    0x29, 0x01, 0x4E, 0x1B, 0x40, 0x15, 0x00, 0x00, 0x04, 0x00, 0x85, 0x00, 0x04, 0x00, 0x02, 0x01,
    0x04, 0x02, 0x68, 0x05, 0x03, 0x02, 0x01, 0x01, 0x2C, 0x01, 0x4E, 0x59, 0x40, 0x0E, 0x00, 0x00,
    0x09, 0x08, 0x00, 0x07, 0x00, 0x07, 0x11, 0x11, 0x11, 0x06, 0x08, 0x19, 0x2B, 0x33, 0x01, 0x21,
    0x01, 0x21, 0x03, 0x21, 0x03, 0x13, 0x21, 0x03, 0x0F, 0x02, 0x38, 0x01, 0x02, 0x02, 0x33, 0xFE,
    0xF1, 0x98, 0xFD, 0xA5, 0x99, 0xDD, 0x01, 0xD4, 0xEA, 0x05, 0xC8, 0xFA, 0x38, 0x01, 0x92, 0xFE,
    0x6E, 0x02, 0x43, 0x02, 0x64, 0x00, 0x00, 0x00, 0x00, 0x03, 0x00, 0xA9, 0x00, 0x00, 0x05, 0x26,
    0x05, 0xC8, 0x00, 0x13, 0x00, 0x20, 0x00, 0x2B, 0x00, 0x61, 0xB5, 0x0A, 0x01, 0x03, 0x04, 0x01,
    0x4C, 0x4B, 0xB0, 0x2A, 0x50, 0x58, 0x40, 0x1E, 0x00, 0x04, 0x00, 0x03, 0x02, 0x04, 0x03, 0x67,
    0x00, 0x05, 0x05, 0x00, 0x5F, 0x00, 0x00, 0x00, 0x28, 0x4D, 0x00, 0x02, 0x02, 0x01, 0x5F, 0x06,
    0x01, 0x01, 0x01, 0x29, 0x01, 0x4E, 0x1B, 0x40, 0x1C, 0x00, 0x00, 0x00, 0x05, 0x04, 0x00, 0x05,
    0x67, 0x00, 0x04, 0x00, 0x03, 0x02, 0x04, 0x03, 0x67, 0x00, 0x02, 0x02, 0x01, 0x5F, 0x06, 0x01,
    0x01, 0x01, 0x2C, 0x01, 0x4E, 0x59, 0x40, 0x12, 0x00, 0x00, 0x2B, 0x29, 0x23, 0x21, 0x20, 0x1E,
    0x16, 0x14, 0x00, 0x13, 0x00, 0x12, 0x51, 0x07, 0x08, 0x17, 0x2B, 0x33, 0x11, 0x21, 0x32, 0x16,
    0x17, 0x16, 0x16, 0x15, 0x10, 0x05, 0x04, 0x11, 0x14, 0x07, 0x0E, 0x03, 0x23, 0x25, 0x33, 0x32,
    0x3E, 0x02, 0x35, 0x34, 0x2E, 0x02, 0x23, 0x23, 0x35, 0x33, 0x32, 0x36, 0x35, 0x34, 0x27, 0x26,
    0x26, 0x23, 0x23, 0xA9, 0x01, 0xF9, 0x30, 0x58, 0x2A, 0xD2, 0xC4, 0xFE, 0xAB, 0x01, 0x91, 0x65,
    0x21, 0x49, 0x5E, 0x7A, 0x52, 0xFE, 0x76, 0xAA, 0x88, 0xB1, 0x68, 0x28, 0x38, 0x69, 0x96, 0x5E,
    0xDE, 0xE8, 0xA7, 0xB0, 0x47, 0x21, 0x85, 0x68, 0xEA, 0x05, 0xC8, 0x02, 0x02, 0x0A, 0x9E, 0xA0,
    0xFE, 0xF2, 0x6A, 0x68, 0xFE, 0xD4, 0x9E, 0x62, 0x20, 0x2A, 0x1B, 0x0B, 0xB7, 0x0F, 0x2D, 0x53,
    0x43, 0x42, 0x6A, 0x4B, 0x29, 0xA6, 0x86, 0x7D, 0x70, 0x29, 0x13, 0x16, 0x00, 0x01, 0x00, 0xB0,
    0x00, 0x00, 0x04, 0x78, 0x05, 0xC8, 0x00, 0x06, 0x00, 0x39, 0x4B, 0xB0, 0x2A, 0x50, 0x58, 0x40,
    0x11, 0x00, 0x01, 0x01, 0x00, 0x5F, 0x00, 0x00, 0x00, 0x28, 0x4D, 0x03, 0x01, 0x02, 0x02, 0x29,
    0x02, 0x4E, 0x1B, 0x40, 0x0F, 0x00, 0x00, 0x00, 0x01, 0x02, 0x00, 0x01, 0x67, 0x03, 0x01, 0x02,
    0x02, 0x2C, 0x02, 0x4E, 0x59, 0x40, 0x0B, 0x00, 0x00, 0x00, 0x06, 0x00, 0x06, 0x11, 0x11, 0x04,
    0x08, 0x18, 0x2B, 0x33, 0x11, 0x21, 0x15, 0x21, 0x11, 0x11, 0xB0, 0x03, 0xC8, 0xFD, 0x3B, 0x05,
    0xC8, 0xBE, 0xFE, 0x36, 0xFC, 0xC0, 0x00, 0x00, 0x00, 0x02, 0x00, 0x21, 0x00, 0x00, 0x05, 0x6B,
    0x05, 0xC8, 0x00, 0x07, 0x00, 0x0A, 0x00, 0x4A, 0x40, 0x0C, 0x0A, 0x01, 0x02, 0x00, 0x01, 0x4C,
    0x06, 0x01, 0x02, 0x02, 0x01, 0x4B, 0x4B, 0xB0, 0x2A, 0x50, 0x58, 0x40, 0x11, 0x00, 0x00, 0x00,
    0x28, 0x4D, 0x00, 0x02, 0x02, 0x01, 0x60, 0x03, 0x01, 0x01, 0x01, 0x29, 0x01, 0x4E, 0x1B, 0x40,
    0x11, 0x00, 0x00, 0x02, 0x00, 0x85, 0x00, 0x02, 0x02, 0x01, 0x60, 0x03, 0x01, 0x01, 0x01, 0x2C,
    0x01, 0x4E, 0x59, 0x40, 0x0C, 0x00, 0x00, 0x09, 0x08, 0x00, 0x07, 0x00, 0x07, 0x14, 0x04, 0x08,
    0x17, 0x2B, 0x33, 0x35, 0x12, 0x00, 0x13, 0x33, 0x01, 0x15, 0x25, 0x21, 0x01, 0x21, 0x8C, 0x01,
    0x17, 0x8C, 0xEB, 0x02, 0x30, 0xFB, 0x86, 0x03, 0x61, 0xFE, 0x50, 0xD8, 0x01, 0x3E, 0x02, 0x74,
    0x01, 0x3E, 0xFB, 0x10, 0xD8, 0xD8, 0x03, 0xDA, 0x00, 0x01, 0x00, 0xB5, 0x00, 0x00, 0x05, 0x1A,
    0x05, 0xC8, 0x00, 0x0B, 0x00, 0x56, 0x4B, 0xB0, 0x2A, 0x50, 0x58, 0x40, 0x1E, 0x00, 0x02, 0x00,
    0x03, 0x04, 0x02, 0x03, 0x67, 0x00, 0x01, 0x01, 0x00, 0x5F, 0x00, 0x00, 0x00, 0x28, 0x4D, 0x00,
    0x04, 0x04, 0x05, 0x5F, 0x06, 0x01, 0x05, 0x05, 0x29, 0x05, 0x4E, 0x1B, 0x40, 0x1C, 0x00, 0x00,
    0x00, 0x01, 0x02, 0x00, 0x01, 0x67, 0x00, 0x02, 0x00, 0x03, 0x04, 0x02, 0x03, 0x67, 0x00, 0x04,
    0x04, 0x05, 0x5F, 0x06, 0x01, 0x05, 0x05, 0x2C, 0x05, 0x4E, 0x59, 0x40, 0x0E, 0x00, 0x00, 0x00,
    0x0B, 0x00, 0x0B, 0x11, 0x11, 0x11, 0x11, 0x11, 0x07, 0x08, 0x1B, 0x2B, 0x33, 0x11, 0x21, 0x15,
    0x21, 0x11, 0x21, 0x15, 0x21, 0x11, 0x21, 0x15, 0xB5, 0x04, 0x38, 0xFC, 0xCB, 0x02, 0xCC, 0xFD,
    0x34, 0x03, 0x62, 0x05, 0xC8, 0xB4, 0xFE, 0x44, 0xB1, 0xFE, 0x10, 0xB7, 0x00, 0x01, 0x00, 0x61,
    0x00, 0x00, 0x04, 0x81, 0x05, 0xC8, 0x00, 0x09, 0x00, 0x4D, 0xB7, 0x06, 0x01, 0x00, 0x01, 0x01,
    0x02, 0x02, 0x4B, 0x4B, 0xB0, 0x2A, 0x50, 0x58, 0x40, 0x16, 0x00, 0x00, 0x00, 0x01, 0x5F, 0x00,
    0x01, 0x01, 0x28, 0x4D, 0x00, 0x02, 0x02, 0x03, 0x5F, 0x04, 0x01, 0x03, 0x03, 0x29, 0x03, 0x4E,
    0x1B, 0x40, 0x14, 0x00, 0x01, 0x00, 0x00, 0x02, 0x01, 0x00, 0x67, 0x00, 0x02, 0x02, 0x03, 0x5F,
    0x04, 0x01, 0x03, 0x03, 0x2C, 0x03, 0x4E, 0x59, 0x40, 0x0C, 0x00, 0x00, 0x00, 0x09, 0x00, 0x09,
    0x12, 0x11, 0x12, 0x05, 0x08, 0x19, 0x2B, 0x33, 0x35, 0x01, 0x21, 0x35, 0x21, 0x15, 0x01, 0x21,
    0x15, 0x61, 0x02, 0xEF, 0xFD, 0x3F, 0x03, 0xF2, 0xFD, 0x11, 0x02, 0xEF, 0xBD, 0x04, 0x57, 0xB4,
    0xB4, 0xFB, 0xA9, 0xBD, 0x00, 0x01, 0x00, 0xA9, 0x00, 0x00, 0x05, 0x1D, 0x05, 0xC8, 0x00, 0x0B,
    0x00, 0x48, 0x4B, 0xB0, 0x2A, 0x50, 0x58, 0x40, 0x16, 0x00, 0x01, 0x00, 0x04, 0x03, 0x01, 0x04,
    0x67, 0x02, 0x01, 0x00, 0x00, 0x28, 0x4D, 0x06, 0x05, 0x02, 0x03, 0x03, 0x29, 0x03, 0x4E, 0x1B,
    0x40, 0x16, 0x00, 0x01, 0x00, 0x04, 0x03, 0x01, 0x04, 0x67, 0x02, 0x01, 0x00, 0x00, 0x03, 0x5F,
    0x06, 0x05, 0x02, 0x03, 0x03, 0x2C, 0x03, 0x4E, 0x59, 0x40, 0x0E, 0x00, 0x00, 0x00, 0x0B, 0x00,
    0x0B, 0x11, 0x11, 0x11, 0x11, 0x11, 0x07, 0x08, 0x1B, 0x2B, 0x33, 0x11, 0x21, 0x11, 0x21, 0x11,
    0x21, 0x11, 0x21, 0x11, 0x21, 0x11, 0xA9, 0x01, 0x03, 0x02, 0x6F, 0x01, 0x02, 0xFE, 0xFE, 0xFD,
    0x91, 0x05, 0xC8, 0xFD, 0x9B, 0x02, 0x65, 0xFA, 0x38, 0x02, 0xAF, 0xFD, 0x51, 0x00, 0x00, 0x00,
    0x00, 0x03, 0x00, 0x56, 0xFF, 0xDB, 0x05, 0xE3, 0x05, 0xED, 0x00, 0x0F, 0x00, 0x1F, 0x00, 0x23,
    0x00, 0x67, 0x4B, 0xB0, 0x2A, 0x50, 0x58, 0x40, 0x20, 0x00, 0x04, 0x08, 0x01, 0x05, 0x02, 0x04,
    0x05, 0x67, 0x00, 0x03, 0x03, 0x01, 0x61, 0x00, 0x01, 0x01, 0x2E, 0x4D, 0x07, 0x01, 0x02, 0x02,
    0x00, 0x61, 0x06, 0x01, 0x00, 0x00, 0x2F, 0x00, 0x4E, 0x1B, 0x40, 0x1E, 0x00, 0x01, 0x00, 0x03,
    0x04, 0x01, 0x03, 0x69, 0x00, 0x04, 0x08, 0x01, 0x05, 0x02, 0x04, 0x05, 0x67, 0x07, 0x01, 0x02,
    0x02, 0x00, 0x61, 0x06, 0x01, 0x00, 0x00, 0x32, 0x00, 0x4E, 0x59, 0x40, 0x1B, 0x20, 0x20, 0x11,
    0x10, 0x01, 0x00, 0x20, 0x23, 0x20, 0x23, 0x22, 0x21, 0x19, 0x17, 0x10, 0x1F, 0x11, 0x1F, 0x09,
    0x07, 0x00, 0x0F, 0x01, 0x0F, 0x09, 0x08, 0x16, 0x2B, 0x05, 0x20, 0x27, 0x26, 0x11, 0x10, 0x37,
    0x36, 0x21, 0x20, 0x17, 0x16, 0x11, 0x10, 0x07, 0x06, 0x25, 0x32, 0x37, 0x36, 0x11, 0x10, 0x27,
    0x26, 0x23, 0x22, 0x07, 0x06, 0x11, 0x10, 0x17, 0x16, 0x03, 0x35, 0x21, 0x15, 0x03, 0x12, 0xFE,
    0xBF, 0xBD, 0xBE, 0xBF, 0xBF, 0x01, 0x49, 0x01, 0x47, 0xBF, 0xC0, 0xC0, 0xBF, 0xFE, 0xB2, 0xD4,
    0x72, 0x73, 0x73, 0x72, 0xCD, 0xCE, 0x73, 0x72, 0x72, 0x72, 0x2F, 0x01, 0xFC, 0x25, 0xD2, 0xD3,
    0x01, 0x64, 0x01, 0x67, 0xD1, 0xD1, 0xD1, 0xD1, 0xFE, 0x9C, 0xFE, 0x93, 0xD0, 0xCF, 0xB4, 0x9C,
    0x9B, 0x01, 0x21, 0x01, 0x18, 0x9D, 0x9D, 0x9D, 0x9E, 0xFE, 0xE6, 0xFE, 0xE7, 0x9D, 0x9F, 0x02,
    0x14, 0xB6, 0xB6, 0x00, 0x00, 0x01, 0x00, 0x70, 0x00, 0x00, 0x02, 0xF8, 0x05, 0xC8, 0x00, 0x0B,
    0x00, 0x4A, 0x4B, 0xB0, 0x2A, 0x50, 0x58, 0x40, 0x18, 0x03, 0x01, 0x01, 0x01, 0x02, 0x5F, 0x00,
    0x02, 0x02, 0x28, 0x4D, 0x04, 0x01, 0x00, 0x00, 0x05, 0x5F, 0x06, 0x01, 0x05, 0x05, 0x29, 0x05,
    0x4E, 0x1B, 0x40, 0x16, 0x00, 0x02, 0x03, 0x01, 0x01, 0x00, 0x02, 0x01, 0x67, 0x04, 0x01, 0x00,
    0x00, 0x05, 0x5F, 0x06, 0x01, 0x05, 0x05, 0x2C, 0x05, 0x4E, 0x59, 0x40, 0x0E, 0x00, 0x00, 0x00,
    0x0B, 0x00, 0x0B, 0x11, 0x11, 0x11, 0x11, 0x11, 0x07, 0x08, 0x1B, 0x2B, 0x33, 0x35, 0x33, 0x11,
    0x23, 0x35, 0x21, 0x15, 0x23, 0x11, 0x33, 0x15, 0x70, 0xC3, 0xC3, 0x02, 0x88, 0xC3, 0xC3, 0xB7,
    0x04, 0x59, 0xB8, 0xB8, 0xFB, 0xA7, 0xB7, 0x00, 0x00, 0x01, 0x00, 0xB6, 0x00, 0x00, 0x05, 0x6E,
    0x05, 0xC8, 0x00, 0x0A, 0x00, 0x3F, 0xB7, 0x09, 0x06, 0x03, 0x03, 0x02, 0x00, 0x01, 0x4C, 0x4B,
    0xB0, 0x2A, 0x50, 0x58, 0x40, 0x0E, 0x01, 0x01, 0x00, 0x00, 0x28, 0x4D, 0x04, 0x03, 0x02, 0x02,
    0x02, 0x29, 0x02, 0x4E, 0x1B, 0x40, 0x0E, 0x01, 0x01, 0x00, 0x00, 0x02, 0x5F, 0x04, 0x03, 0x02,
    0x02, 0x02, 0x2C, 0x02, 0x4E, 0x59, 0x40, 0x0C, 0x00, 0x00, 0x00, 0x0A, 0x00, 0x0A, 0x12, 0x12,
    0x11, 0x05, 0x08, 0x19, 0x2B, 0x33, 0x11, 0x33, 0x11, 0x01, 0x33, 0x01, 0x01, 0x21, 0x01, 0x11,
    0xB6, 0xF6, 0x02, 0x68, 0xE9, 0xFD, 0xBD, 0x02, 0xB4, 0xFE, 0xBB, 0xFD, 0x83, 0x05, 0xC8, 0xFD,
    0x2D, 0x02, 0xD3, 0xFD, 0x53, 0xFC, 0xE5, 0x02, 0xE3, 0xFD, 0x1D, 0x00, 0x00, 0x01, 0x00, 0x11,
    0x00, 0x00, 0x05, 0x43, 0x05, 0xC8, 0x00, 0x06, 0x00, 0x2B, 0x4B, 0xB0, 0x2A, 0x50, 0x58, 0x40,
    0x0C, 0x00, 0x01, 0x01, 0x28, 0x4D, 0x02, 0x01, 0x00, 0x00, 0x29, 0x00, 0x4E, 0x1B, 0x40, 0x0C,
    0x00, 0x01, 0x00, 0x01, 0x85, 0x02, 0x01, 0x00, 0x00, 0x2C, 0x00, 0x4E, 0x59, 0xB5, 0x11, 0x11,
    0x11, 0x03, 0x08, 0x19, 0x2B, 0x01, 0x01, 0x23, 0x01, 0x21, 0x01, 0x21, 0x02, 0x8D, 0xFE, 0x5C,
    0xD8, 0x02, 0x1A, 0x01, 0x05, 0x02, 0x13, 0xFE, 0xED, 0x04, 0x8F, 0xFB, 0x71, 0x05, 0xC8, 0xFA,
    0x38, 0x00, 0x00, 0x00, 0x00, 0x01, 0x00, 0xA9, 0x00, 0x00, 0x06, 0x01, 0x05, 0xC8, 0x00, 0x0C,
    0x00, 0x50, 0xB7, 0x0B, 0x08, 0x03, 0x03, 0x03, 0x00, 0x01, 0x4C, 0x4B, 0xB0, 0x2A, 0x50, 0x58,
    0x40, 0x16, 0x00, 0x03, 0x00, 0x02, 0x00, 0x03, 0x02, 0x80, 0x01, 0x01, 0x00, 0x00, 0x28, 0x4D,
    0x05, 0x04, 0x02, 0x02, 0x02, 0x29, 0x02, 0x4E, 0x1B, 0x40, 0x16, 0x00, 0x03, 0x00, 0x02, 0x00,
    0x03, 0x02, 0x80, 0x01, 0x01, 0x00, 0x00, 0x02, 0x5F, 0x05, 0x04, 0x02, 0x02, 0x02, 0x2C, 0x02,
    0x4E, 0x59, 0x40, 0x0D, 0x00, 0x00, 0x00, 0x0C, 0x00, 0x0C, 0x12, 0x11, 0x12, 0x11, 0x06, 0x08,
    0x1A, 0x2B, 0x33, 0x11, 0x21, 0x01, 0x01, 0x21, 0x11, 0x23, 0x11, 0x01, 0x23, 0x01, 0x11, 0xA9,
    0x01, 0x5D, 0x01, 0x5E, 0x01, 0x68, 0x01, 0x35, 0xF0, 0xFE, 0xA2, 0xE2, 0xFE, 0xAB, 0x05, 0xC8,
    0xFB, 0xBB, 0x04, 0x45, 0xFA, 0x38, 0x04, 0x88, 0xFB, 0xDB, 0x04, 0x2E, 0xFB, 0x6F, 0x00, 0x00,
    0x00, 0x01, 0x00, 0xA9, 0x00, 0x00, 0x05, 0x1D, 0x05, 0xC8, 0x00, 0x09, 0x00, 0x3E, 0xB6, 0x08,
    0x03, 0x02, 0x02, 0x00, 0x01, 0x4C, 0x4B, 0xB0, 0x2A, 0x50, 0x58, 0x40, 0x0E, 0x01, 0x01, 0x00,
    0x00, 0x28, 0x4D, 0x04, 0x03, 0x02, 0x02, 0x02, 0x29, 0x02, 0x4E, 0x1B, 0x40, 0x0E, 0x01, 0x01,
    0x00, 0x00, 0x02, 0x5F, 0x04, 0x03, 0x02, 0x02, 0x02, 0x2C, 0x02, 0x4E, 0x59, 0x40, 0x0C, 0x00,
    0x00, 0x00, 0x09, 0x00, 0x09, 0x11, 0x12, 0x11, 0x05, 0x08, 0x19, 0x2B, 0x33, 0x11, 0x33, 0x01,
    0x11, 0x33, 0x11, 0x23, 0x01, 0x11, 0xA9, 0xEE, 0x02, 0xB1, 0xD5, 0xF0, 0xFD, 0x51, 0x05, 0xC8,
    0xFB, 0xCB, 0x04, 0x35, 0xFA, 0x38, 0x04, 0x35, 0xFB, 0xCB, 0x00, 0x00, 0x00, 0x03, 0x00, 0x3C,
    0x00, 0x00, 0x04, 0xF0, 0x05, 0xC8, 0x00, 0x03, 0x00, 0x07, 0x00, 0x0B, 0x00, 0x66, 0x4B, 0xB0,
    0x2A, 0x50, 0x58, 0x40, 0x20, 0x00, 0x02, 0x07, 0x01, 0x03, 0x00, 0x02, 0x03, 0x67, 0x08, 0x01,
    0x05, 0x05, 0x04, 0x5F, 0x00, 0x04, 0x04, 0x28, 0x4D, 0x00, 0x00, 0x00, 0x01, 0x5F, 0x06, 0x01,
    0x01, 0x01, 0x29, 0x01, 0x4E, 0x1B, 0x40, 0x1E, 0x00, 0x04, 0x08, 0x01, 0x05, 0x02, 0x04, 0x05,
    0x67, 0x00, 0x02, 0x07, 0x01, 0x03, 0x00, 0x02, 0x03, 0x67, 0x00, 0x00, 0x00, 0x01, 0x5F, 0x06,
    0x01, 0x01, 0x01, 0x2C, 0x01, 0x4E, 0x59, 0x40, 0x1A, 0x08, 0x08, 0x04, 0x04, 0x00, 0x00, 0x08,
    0x0B, 0x08, 0x0B, 0x0A, 0x09, 0x04, 0x07, 0x04, 0x07, 0x06, 0x05, 0x00, 0x03, 0x00, 0x03, 0x11,
    0x09, 0x08, 0x17, 0x2B, 0x33, 0x35, 0x21, 0x15, 0x01, 0x35, 0x21, 0x15, 0x01, 0x35, 0x21, 0x15,
    0x3C, 0x04, 0xB4, 0xFB, 0xE6, 0x03, 0x80, 0xFC, 0x1E, 0x04, 0x45, 0xE1, 0xE1, 0x02, 0x92, 0xD8,
    0xD8, 0x02, 0x59, 0xDD, 0xDD, 0x00, 0x00, 0x00, 0x00, 0x02, 0x00, 0x56, 0xFF, 0xDB, 0x05, 0xE3,
    0x05, 0xED, 0x00, 0x0F, 0x00, 0x1F, 0x00, 0x4D, 0x4B, 0xB0, 0x2A, 0x50, 0x58, 0x40, 0x17, 0x00,
    0x03, 0x03, 0x01, 0x61, 0x00, 0x01, 0x01, 0x2E, 0x4D, 0x05, 0x01, 0x02, 0x02, 0x00, 0x61, 0x04,
    0x01, 0x00, 0x00, 0x2F, 0x00, 0x4E, 0x1B, 0x40, 0x15, 0x00, 0x01, 0x00, 0x03, 0x02, 0x01, 0x03,
    0x69, 0x05, 0x01, 0x02, 0x02, 0x00, 0x61, 0x04, 0x01, 0x00, 0x00, 0x32, 0x00, 0x4E, 0x59, 0x40,
    0x13, 0x11, 0x10, 0x01, 0x00, 0x19, 0x17, 0x10, 0x1F, 0x11, 0x1F, 0x09, 0x07, 0x00, 0x0F, 0x01,
    0x0F, 0x06, 0x08, 0x16, 0x2B, 0x05, 0x20, 0x27, 0x26, 0x11, 0x10, 0x37, 0x36, 0x21, 0x20, 0x17,
    0x16, 0x11, 0x10, 0x07, 0x06, 0x25, 0x32, 0x37, 0x36, 0x11, 0x10, 0x27, 0x26, 0x23, 0x22, 0x07,
    0x06, 0x11, 0x10, 0x17, 0x16, 0x03, 0x12, 0xFE, 0xBF, 0xBD, 0xBE, 0xBF, 0xBF, 0x01, 0x49, 0x01,
    0x47, 0xBF, 0xC0, 0xC0, 0xBF, 0xFE, 0xB2, 0xD4, 0x72, 0x73, 0x73, 0x72, 0xCD, 0xCE, 0x73, 0x72,
    0x72, 0x72, 0x25, 0xD2, 0xD3, 0x01, 0x64, 0x01, 0x67, 0xD1, 0xD1, 0xD1, 0xD1, 0xFE, 0x9C, 0xFE,
    0x93, 0xD0, 0xCF, 0xB4, 0x9C, 0x9B, 0x01, 0x21, 0x01, 0x18, 0x9D, 0x9D, 0x9D, 0x9E, 0xFE, 0xE6,
    0xFE, 0xE7, 0x9D, 0x9F, 0x00, 0x01, 0x00, 0xA9, 0x00, 0x00, 0x05, 0x1D, 0x05, 0xC8, 0x00, 0x07,
    0x00, 0x3C, 0x4B, 0xB0, 0x2A, 0x50, 0x58, 0x40, 0x12, 0x00, 0x02, 0x02, 0x00, 0x5F, 0x00, 0x00,
    0x00, 0x28, 0x4D, 0x04, 0x03, 0x02, 0x01, 0x01, 0x29, 0x01, 0x4E, 0x1B, 0x40, 0x10, 0x00, 0x00,
    0x00, 0x02, 0x01, 0x00, 0x02, 0x67, 0x04, 0x03, 0x02, 0x01, 0x01, 0x2C, 0x01, 0x4E, 0x59, 0x40,
    0x0C, 0x00, 0x00, 0x00, 0x07, 0x00, 0x07, 0x11, 0x11, 0x11, 0x05, 0x08, 0x19, 0x2B, 0x33, 0x11,
    0x21, 0x11, 0x21, 0x11, 0x21, 0x11, 0xA9, 0x04, 0x74, 0xFE, 0xFE, 0xFD, 0x91, 0x05, 0xC8, 0xFA,
    0x38, 0x05, 0x08, 0xFA, 0xF8, 0x00, 0x00, 0x00, 0x00, 0x02, 0x00, 0xAA, 0x00, 0x00, 0x05, 0x0C,
    0x05, 0xC8, 0x00, 0x0D, 0x00, 0x16, 0x00, 0x4D, 0x4B, 0xB0, 0x2A, 0x50, 0x58, 0x40, 0x19, 0x00,
    0x03, 0x00, 0x01, 0x02, 0x03, 0x01, 0x67, 0x00, 0x04, 0x04, 0x00, 0x5F, 0x00, 0x00, 0x00, 0x28,
    0x4D, 0x05, 0x01, 0x02, 0x02, 0x29, 0x02, 0x4E, 0x1B, 0x40, 0x17, 0x00, 0x00, 0x00, 0x04, 0x03,
    0x00, 0x04, 0x67, 0x00, 0x03, 0x00, 0x01, 0x02, 0x03, 0x01, 0x67, 0x05, 0x01, 0x02, 0x02, 0x2C,
    0x02, 0x4E, 0x59, 0x40, 0x0F, 0x00, 0x00, 0x16, 0x14, 0x10, 0x0E, 0x00, 0x0D, 0x00, 0x0D, 0x27,
    0x21, 0x06, 0x08, 0x18, 0x2B, 0x33, 0x11, 0x21, 0x32, 0x16, 0x17, 0x16, 0x17, 0x16, 0x15, 0x10,
    0x21, 0x23, 0x11, 0x11, 0x33, 0x20, 0x11, 0x34, 0x27, 0x26, 0x23, 0x23, 0xAA, 0x02, 0x3B, 0x69,
    0x97, 0x30, 0x61, 0x41, 0x55, 0xFD, 0x8F, 0xF1, 0xCA, 0x01, 0x8B, 0x50, 0x50, 0xCB, 0xEA, 0x05,
    0xC8, 0x0D, 0x0C, 0x18, 0x4A, 0x61, 0xB0, 0xFE, 0x02, 0xFD, 0xC2, 0x02, 0xF3, 0x01, 0x33, 0x8A,
    0x31, 0x33, 0x00, 0x00, 0x00, 0x01, 0x00, 0x5B, 0x00, 0x00, 0x04, 0x8F, 0x05, 0xC8, 0x00, 0x0B,
    0x00, 0x56, 0x40, 0x10, 0x08, 0x02, 0x02, 0x02, 0x01, 0x01, 0x01, 0x03, 0x02, 0x02, 0x4C, 0x03,
    0x01, 0x01, 0x01, 0x4B, 0x4B, 0xB0, 0x2A, 0x50, 0x58, 0x40, 0x16, 0x00, 0x01, 0x01, 0x00, 0x5F,
    0x00, 0x00, 0x00, 0x28, 0x4D, 0x00, 0x02, 0x02, 0x03, 0x5F, 0x04, 0x01, 0x03, 0x03, 0x29, 0x03,
    0x4E, 0x1B, 0x40, 0x14, 0x00, 0x00, 0x00, 0x01, 0x02, 0x00, 0x01, 0x67, 0x00, 0x02, 0x02, 0x03,
    0x5F, 0x04, 0x01, 0x03, 0x03, 0x2C, 0x03, 0x4E, 0x59, 0x40, 0x0C, 0x00, 0x00, 0x00, 0x0B, 0x00,
    0x0B, 0x12, 0x11, 0x14, 0x05, 0x08, 0x19, 0x2B, 0x33, 0x35, 0x01, 0x01, 0x35, 0x21, 0x15, 0x21,
    0x01, 0x01, 0x21, 0x15, 0x5B, 0x01, 0xFE, 0xFE, 0x26, 0x03, 0xFC, 0xFD, 0x4D, 0x01, 0xBC, 0xFD,
    0xDE, 0x03, 0x2D, 0xD8, 0x02, 0x10, 0x02, 0x2C, 0xB4, 0xB4, 0xFD, 0xF8, 0xFD, 0xCD, 0xD9, 0x00,
    0x00, 0x01, 0x00, 0x1E, 0x00, 0x00, 0x04, 0xC5, 0x05, 0xC8, 0x00, 0x07, 0x00, 0x3C, 0x4B, 0xB0,
    0x2A, 0x50, 0x58, 0x40, 0x12, 0x02, 0x01, 0x00, 0x00, 0x01, 0x5F, 0x00, 0x01, 0x01, 0x28, 0x4D,
    0x04, 0x01, 0x03, 0x03, 0x29, 0x03, 0x4E, 0x1B, 0x40, 0x10, 0x00, 0x01, 0x02, 0x01, 0x00, 0x03,
    0x01, 0x00, 0x67, 0x04, 0x01, 0x03, 0x03, 0x2C, 0x03, 0x4E, 0x59, 0x40, 0x0C, 0x00, 0x00, 0x00,
    0x07, 0x00, 0x07, 0x11, 0x11, 0x11, 0x05, 0x08, 0x19, 0x2B, 0x21, 0x11, 0x21, 0x35, 0x21, 0x15,
    0x21, 0x11, 0x01, 0xF0, 0xFE, 0x2E, 0x04, 0xA7, 0xFE, 0x2E, 0x05, 0x0F, 0xB9, 0xB9, 0xFA, 0xF1,
    0x00, 0x01, 0x00, 0x26, 0x00, 0x00, 0x05, 0x2F, 0x05, 0xC8, 0x00, 0x1A, 0x00, 0x49, 0x40, 0x0E,
    0x12, 0x01, 0x00, 0x01, 0x0C, 0x01, 0x02, 0x00, 0x02, 0x4C, 0x11, 0x01, 0x01, 0x4A, 0x4B, 0xB0,
    0x2A, 0x50, 0x58, 0x40, 0x11, 0x00, 0x00, 0x00, 0x01, 0x61, 0x00, 0x01, 0x01, 0x28, 0x4D, 0x03,
    0x01, 0x02, 0x02, 0x29, 0x02, 0x4E, 0x1B, 0x40, 0x0F, 0x00, 0x01, 0x00, 0x00, 0x02, 0x01, 0x00,
    0x69, 0x03, 0x01, 0x02, 0x02, 0x2C, 0x02, 0x4E, 0x59, 0x40, 0x0B, 0x00, 0x00, 0x00, 0x1A, 0x00,
    0x1A, 0x11, 0x15, 0x04, 0x08, 0x18, 0x2B, 0x21, 0x11, 0x10, 0x27, 0x26, 0x26, 0x23, 0x35, 0x32,
    0x1E, 0x02, 0x17, 0x3E, 0x03, 0x37, 0x15, 0x06, 0x07, 0x0E, 0x03, 0x15, 0x11, 0x02, 0x1E, 0x94,
    0x4B, 0xAF, 0x6A, 0x86, 0xD7, 0xA7, 0x77, 0x25, 0x2D, 0x85, 0xA2, 0xB6, 0x5F, 0xDC, 0x9C, 0x2C,
    0x3C, 0x24, 0x10, 0x01, 0xC9, 0x01, 0x5B, 0xF2, 0x7A, 0x79, 0xBF, 0x46, 0x94, 0xE5, 0x9F, 0x7E,
    0xD4, 0x9E, 0x62, 0x0C, 0xA7, 0x39, 0xFE, 0x47, 0x90, 0x97, 0xA0, 0x57, 0xFE, 0x7B, 0x00, 0x00,
    0x00, 0x03, 0x00, 0x8B, 0x00, 0x00, 0x06, 0x40, 0x05, 0xC8, 0x00, 0x15, 0x00, 0x1C, 0x00, 0x23,
    0x00, 0x64, 0x4B, 0xB0, 0x2A, 0x50, 0x58, 0x40, 0x20, 0x03, 0x01, 0x01, 0x09, 0x01, 0x06, 0x07,
    0x01, 0x06, 0x69, 0x08, 0x01, 0x07, 0x04, 0x01, 0x00, 0x05, 0x07, 0x00, 0x69, 0x00, 0x02, 0x02,
    0x28, 0x4D, 0x0A, 0x01, 0x05, 0x05, 0x29, 0x05, 0x4E, 0x1B, 0x40, 0x20, 0x03, 0x01, 0x01, 0x09,
    0x01, 0x06, 0x07, 0x01, 0x06, 0x69, 0x08, 0x01, 0x07, 0x04, 0x01, 0x00, 0x05, 0x07, 0x00, 0x69,
    0x00, 0x02, 0x02, 0x05, 0x5F, 0x0A, 0x01, 0x05, 0x05, 0x2C, 0x05, 0x4E, 0x59, 0x40, 0x16, 0x00,
    0x00, 0x23, 0x22, 0x1E, 0x1D, 0x1C, 0x1B, 0x17, 0x16, 0x00, 0x15, 0x00, 0x15, 0x16, 0x11, 0x11,
    0x16, 0x11, 0x0B, 0x08, 0x1B, 0x2B, 0x21, 0x35, 0x24, 0x27, 0x26, 0x35, 0x34, 0x37, 0x36, 0x25,
    0x35, 0x33, 0x15, 0x04, 0x17, 0x16, 0x15, 0x14, 0x07, 0x06, 0x05, 0x15, 0x03, 0x06, 0x06, 0x15,
    0x14, 0x16, 0x17, 0x33, 0x36, 0x36, 0x35, 0x34, 0x26, 0x27, 0x02, 0xF4, 0xFE, 0xE4, 0xA7, 0xA6,
    0xA6, 0xA9, 0x01, 0x1A, 0xE3, 0x01, 0x15, 0xAB, 0xA9, 0xA7, 0xA6, 0xFE, 0xE4, 0xE3, 0xB6, 0xB9,
    0xB9, 0xB6, 0xE3, 0xB5, 0xBA, 0xB8, 0xB7, 0xD4, 0x06, 0x91, 0x91, 0xE8, 0xE9, 0x90, 0x91, 0x06,
    0xD4, 0xD4, 0x06, 0x91, 0x90, 0xE9, 0xE7, 0x92, 0x91, 0x06, 0xD4, 0x04, 0x42, 0x07, 0xB5, 0xA2,
    0xA3, 0xB5, 0x06, 0x06, 0xB6, 0xA2, 0xA2, 0xB5, 0x07, 0x00, 0x00, 0x00, 0x00, 0x01, 0x00, 0x26,
    0x00, 0x00, 0x05, 0x31, 0x05, 0xC8, 0x00, 0x0B, 0x00, 0x41, 0x40, 0x09, 0x0A, 0x07, 0x04, 0x01,
    0x04, 0x02, 0x00, 0x01, 0x4C, 0x4B, 0xB0, 0x2A, 0x50, 0x58, 0x40, 0x0E, 0x01, 0x01, 0x00, 0x00,
    0x28, 0x4D, 0x04, 0x03, 0x02, 0x02, 0x02, 0x29, 0x02, 0x4E, 0x1B, 0x40, 0x0E, 0x01, 0x01, 0x00,
    0x00, 0x02, 0x5F, 0x04, 0x03, 0x02, 0x02, 0x02, 0x2C, 0x02, 0x4E, 0x59, 0x40, 0x0C, 0x00, 0x00,
    0x00, 0x0B, 0x00, 0x0B, 0x12, 0x12, 0x12, 0x05, 0x08, 0x19, 0x2B, 0x33, 0x01, 0x01, 0x21, 0x01,
    0x01, 0x33, 0x01, 0x01, 0x21, 0x01, 0x01, 0x26, 0x01, 0xFE, 0xFE, 0x19, 0x01, 0x2F, 0x01, 0x5F,
    0x01, 0x79, 0xE0, 0xFE, 0x14, 0x01, 0xF9, 0xFE, 0xD1, 0xFE, 0x8E, 0xFE, 0x76, 0x02, 0xDC, 0x02,
    0xEC, 0xFD, 0xE7, 0x02, 0x19, 0xFD, 0x40, 0xFC, 0xF8, 0x02, 0x33, 0xFD, 0xCD, 0x00, 0x00, 0x00,
    0x00, 0x01, 0x00, 0x67, 0x00, 0x00, 0x06, 0x2B, 0x05, 0xC8, 0x00, 0x3E, 0x00, 0x61, 0xB6, 0x3D,
    0x01, 0x02, 0x07, 0x02, 0x01, 0x4C, 0x4B, 0xB0, 0x2A, 0x50, 0x58, 0x40, 0x1D, 0x04, 0x01, 0x02,
    0x00, 0x07, 0x00, 0x02, 0x07, 0x80, 0x06, 0x01, 0x00, 0x00, 0x01, 0x61, 0x05, 0x03, 0x02, 0x01,
    0x01, 0x28, 0x4D, 0x08, 0x01, 0x07, 0x07, 0x29, 0x07, 0x4E, 0x1B, 0x40, 0x1E, 0x04, 0x01, 0x02,
    0x00, 0x07, 0x00, 0x02, 0x07, 0x80, 0x06, 0x01, 0x00, 0x02, 0x01, 0x00, 0x59, 0x05, 0x03, 0x02,
    0x01, 0x01, 0x07, 0x5F, 0x08, 0x01, 0x07, 0x07, 0x2C, 0x07, 0x4E, 0x59, 0x40, 0x10, 0x00, 0x00,
    0x00, 0x3E, 0x00, 0x3E, 0x22, 0x1B, 0x11, 0x11, 0x1E, 0x22, 0x1B, 0x09, 0x08, 0x1D, 0x2B, 0x21,
    0x11, 0x2E, 0x03, 0x27, 0x27, 0x2E, 0x03, 0x23, 0x23, 0x35, 0x33, 0x32, 0x1E, 0x02, 0x17, 0x16,
    0x16, 0x17, 0x17, 0x1E, 0x03, 0x17, 0x16, 0x17, 0x11, 0x33, 0x11, 0x36, 0x37, 0x3E, 0x03, 0x37,
    0x37, 0x3E, 0x03, 0x33, 0x33, 0x15, 0x23, 0x22, 0x0E, 0x02, 0x07, 0x07, 0x0E, 0x03, 0x07, 0x11,
    0x02, 0xCA, 0x65, 0x92, 0x66, 0x3E, 0x10, 0x11, 0x0A, 0x16, 0x21, 0x33, 0x26, 0x0D, 0x12, 0x59,
    0x7B, 0x53, 0x33, 0x11, 0x04, 0x06, 0x05, 0x0C, 0x0D, 0x1C, 0x24, 0x30, 0x22, 0x13, 0x19, 0xFE,
    0x18, 0x13, 0x27, 0x35, 0x26, 0x1C, 0x0E, 0x0F, 0x12, 0x33, 0x53, 0x7A, 0x59, 0x12, 0x0D, 0x27,
    0x32, 0x22, 0x15, 0x0A, 0x11, 0x10, 0x40, 0x67, 0x92, 0x62, 0x02, 0x57, 0x09, 0x32, 0x5F, 0x8F,
    0x66, 0x6C, 0x3F, 0x4C, 0x2A, 0x0E, 0xB3, 0x1C, 0x49, 0x7D, 0x60, 0x17, 0x27, 0x14, 0x3D, 0x3E,
    0x54, 0x36, 0x1B, 0x04, 0x0A, 0x01, 0x02, 0xC3, 0xFD, 0x3D, 0x01, 0x0A, 0x05, 0x23, 0x45, 0x6A,
    0x4D, 0x52, 0x61, 0x7D, 0x48, 0x1C, 0xB3, 0x0E, 0x2A, 0x4C, 0x3F, 0x6C, 0x66, 0x90, 0x5F, 0x32,
    0x08, 0xFD, 0xA9, 0x00, 0x00, 0x01, 0x00, 0x52, 0x00, 0x00, 0x05, 0xB1, 0x05, 0xED, 0x00, 0x23,
    0x00, 0x51, 0xB5, 0x22, 0x14, 0x02, 0x00, 0x01, 0x4B, 0x4B, 0xB0, 0x2A, 0x50, 0x58, 0x40, 0x18,
    0x00, 0x04, 0x04, 0x01, 0x61, 0x00, 0x01, 0x01, 0x2E, 0x4D, 0x02, 0x01, 0x00, 0x00, 0x03, 0x5F,
    0x06, 0x05, 0x02, 0x03, 0x03, 0x29, 0x03, 0x4E, 0x1B, 0x40, 0x16, 0x00, 0x01, 0x00, 0x04, 0x00,
    0x01, 0x04, 0x69, 0x02, 0x01, 0x00, 0x00, 0x03, 0x5F, 0x06, 0x05, 0x02, 0x03, 0x03, 0x2C, 0x03,
    0x4E, 0x59, 0x40, 0x0E, 0x00, 0x00, 0x00, 0x23, 0x00, 0x23, 0x27, 0x11, 0x16, 0x26, 0x11, 0x07,
    0x08, 0x1B, 0x2B, 0x33, 0x35, 0x21, 0x26, 0x02, 0x35, 0x10, 0x37, 0x36, 0x21, 0x20, 0x17, 0x16,
    0x11, 0x14, 0x02, 0x07, 0x21, 0x15, 0x21, 0x35, 0x36, 0x12, 0x35, 0x34, 0x27, 0x26, 0x23, 0x22,
    0x07, 0x06, 0x15, 0x14, 0x12, 0x17, 0x15, 0x52, 0x01, 0x64, 0xAB, 0xAA, 0xBB, 0xBD, 0x01, 0x29,
    0x01, 0x28, 0xBC, 0xBC, 0xAA, 0xAB, 0x01, 0x64, 0xFD, 0xC2, 0x8E, 0x94, 0x6F, 0x6D, 0xB7, 0xB7,
    0x6E, 0x6F, 0x93, 0x8F, 0xB8, 0x89, 0x01, 0x43, 0xC6, 0x01, 0x2A, 0xBC, 0xBD, 0xBD, 0xBC, 0xFE,
    0xD6, 0xC5, 0xFE, 0xBB, 0x88, 0xB8, 0xB8, 0x71, 0x01, 0x3E, 0xD1, 0xEF, 0x8A, 0x89, 0x89, 0x8A,
    0xF0, 0xD1, 0xFE, 0xC3, 0x71, 0xB8, 0x00, 0x00, 0x00, 0x03, 0x00, 0x70, 0x00, 0x00, 0x03, 0x02,
    0x07, 0x27, 0x00, 0x03, 0x00, 0x07, 0x00, 0x13, 0x00, 0x76, 0x4B, 0xB0, 0x2A, 0x50, 0x58, 0x40,
    0x24, 0x02, 0x01, 0x00, 0x0B, 0x03, 0x0A, 0x03, 0x01, 0x06, 0x00, 0x01, 0x67, 0x07, 0x01, 0x05,
    0x05, 0x06, 0x5F, 0x00, 0x06, 0x06, 0x28, 0x4D, 0x08, 0x01, 0x04, 0x04, 0x09, 0x5F, 0x0C, 0x01,
    0x09, 0x09, 0x29, 0x09, 0x4E, 0x1B, 0x40, 0x22, 0x02, 0x01, 0x00, 0x0B, 0x03, 0x0A, 0x03, 0x01,
    0x06, 0x00, 0x01, 0x67, 0x00, 0x06, 0x07, 0x01, 0x05, 0x04, 0x06, 0x05, 0x67, 0x08, 0x01, 0x04,
    0x04, 0x09, 0x5F, 0x0C, 0x01, 0x09, 0x09, 0x2C, 0x09, 0x4E, 0x59, 0x40, 0x22, 0x08, 0x08, 0x04,
    0x04, 0x00, 0x00, 0x08, 0x13, 0x08, 0x13, 0x12, 0x11, 0x10, 0x0F, 0x0E, 0x0D, 0x0C, 0x0B, 0x0A,
    0x09, 0x04, 0x07, 0x04, 0x07, 0x06, 0x05, 0x00, 0x03, 0x00, 0x03, 0x11, 0x0D, 0x08, 0x17, 0x2B,
    0x13, 0x35, 0x33, 0x15, 0x33, 0x35, 0x33, 0x15, 0x01, 0x35, 0x33, 0x11, 0x23, 0x35, 0x21, 0x15,
    0x23, 0x11, 0x33, 0x15, 0x7E, 0xC5, 0xE6, 0xC6, 0xFD, 0x81, 0xC8, 0xC8, 0x02, 0x92, 0xC8, 0xC8,
    0x06, 0x62, 0xC5, 0xC5, 0xC5, 0xC5, 0xF9, 0x9E, 0xB2, 0x04, 0x5E, 0xB8, 0xB8, 0xFB, 0xA2, 0xB2,
    0x00, 0x03, 0x00, 0x26, 0x00, 0x00, 0x05, 0x2F, 0x07, 0x27, 0x00, 0x03, 0x00, 0x07, 0x00, 0x22,
    0x00, 0x73, 0x40, 0x0F, 0x1A, 0x01, 0x04, 0x05, 0x14, 0x01, 0x06, 0x04, 0x02, 0x4C, 0x19, 0x01,
    0x05, 0x01, 0x4B, 0x4B, 0xB0, 0x2A, 0x50, 0x58, 0x40, 0x1D, 0x02, 0x01, 0x00, 0x08, 0x03, 0x07,
    0x03, 0x01, 0x05, 0x00, 0x01, 0x67, 0x00, 0x04, 0x04, 0x05, 0x61, 0x00, 0x05, 0x05, 0x28, 0x4D,
    0x09, 0x01, 0x06, 0x06, 0x29, 0x06, 0x4E, 0x1B, 0x40, 0x1B, 0x02, 0x01, 0x00, 0x08, 0x03, 0x07,
    0x03, 0x01, 0x05, 0x00, 0x01, 0x67, 0x00, 0x05, 0x00, 0x04, 0x06, 0x05, 0x04, 0x69, 0x09, 0x01,
    0x06, 0x06, 0x2C, 0x06, 0x4E, 0x59, 0x40, 0x1C, 0x08, 0x08, 0x04, 0x04, 0x00, 0x00, 0x08, 0x22,
    0x08, 0x22, 0x10, 0x0F, 0x0E, 0x0D, 0x04, 0x07, 0x04, 0x07, 0x06, 0x05, 0x00, 0x03, 0x00, 0x03,
    0x11, 0x0A, 0x08, 0x17, 0x2B, 0x01, 0x35, 0x33, 0x15, 0x33, 0x35, 0x33, 0x15, 0x01, 0x11, 0x10,
    0x27, 0x26, 0x26, 0x23, 0x35, 0x32, 0x1E, 0x02, 0x17, 0x3E, 0x03, 0x37, 0x15, 0x06, 0x07, 0x0E,
    0x03, 0x15, 0x11, 0x01, 0x99, 0xC5, 0xDC, 0xC6, 0xFE, 0x1E, 0x94, 0x4B, 0xAF, 0x6A, 0x86, 0xD7,
    0xA7, 0x77, 0x25, 0x2D, 0x85, 0xA2, 0xB6, 0x5F, 0xDC, 0x9C, 0x2C, 0x3C, 0x24, 0x10, 0x06, 0x62,
    0xC5, 0xC5, 0xC5, 0xC5, 0xF9, 0x9E, 0x01, 0xC9, 0x01, 0x5B, 0xF2, 0x7A, 0x79, 0xBF, 0x46, 0x94,
    0xE5, 0x9F, 0x7E, 0xD4, 0x9E, 0x62, 0x0C, 0xA7, 0x39, 0xFE, 0x47, 0x90, 0x97, 0xA0, 0x57, 0xFE,
    0x7B, 0x00, 0x00, 0x00, 0x00, 0x03, 0x00, 0x50, 0xFF, 0xE8, 0x04, 0x96, 0x06, 0xA6, 0x00, 0x03,
    0x00, 0x32, 0x00, 0x4C, 0x00, 0xDA, 0xB6, 0x1C, 0x0F, 0x02, 0x07, 0x06, 0x01, 0x4C, 0x4B, 0xB0,
    0x14, 0x50, 0x58, 0x40, 0x22, 0x00, 0x00, 0x01, 0x00, 0x85, 0x08, 0x01, 0x01, 0x02, 0x01, 0x85,
    0x00, 0x06, 0x06, 0x02, 0x61, 0x05, 0x01, 0x02, 0x02, 0x2B, 0x4D, 0x00, 0x07, 0x07, 0x03, 0x61,
    0x04, 0x01, 0x03, 0x03, 0x29, 0x03, 0x4E, 0x1B, 0x4B, 0xB0, 0x15, 0x50, 0x58, 0x40, 0x26, 0x00,
    0x00, 0x01, 0x00, 0x85, 0x08, 0x01, 0x01, 0x05, 0x01, 0x85, 0x00, 0x02, 0x02, 0x2B, 0x4D, 0x00,
    0x06, 0x06, 0x05, 0x61, 0x00, 0x05, 0x05, 0x31, 0x4D, 0x00, 0x07, 0x07, 0x03, 0x61, 0x04, 0x01,
    0x03, 0x03, 0x29, 0x03, 0x4E, 0x1B, 0x4B, 0xB0, 0x2A, 0x50, 0x58, 0x40, 0x2A, 0x00, 0x00, 0x01,
    0x00, 0x85, 0x08, 0x01, 0x01, 0x05, 0x01, 0x85, 0x00, 0x02, 0x02, 0x2B, 0x4D, 0x00, 0x06, 0x06,
    0x05, 0x61, 0x00, 0x05, 0x05, 0x31, 0x4D, 0x00, 0x03, 0x03, 0x29, 0x4D, 0x00, 0x07, 0x07, 0x04,
    0x61, 0x00, 0x04, 0x04, 0x32, 0x04, 0x4E, 0x1B, 0x40, 0x2A, 0x00, 0x00, 0x01, 0x00, 0x85, 0x08,
    0x01, 0x01, 0x05, 0x01, 0x85, 0x00, 0x02, 0x02, 0x2B, 0x4D, 0x00, 0x06, 0x06, 0x05, 0x61, 0x00,
    0x05, 0x05, 0x31, 0x4D, 0x00, 0x03, 0x03, 0x2C, 0x4D, 0x00, 0x07, 0x07, 0x04, 0x61, 0x00, 0x04,
    0x04, 0x32, 0x04, 0x4E, 0x59, 0x59, 0x59, 0x40, 0x16, 0x00, 0x00, 0x47, 0x45, 0x39, 0x37, 0x2E,
    0x2C, 0x22, 0x20, 0x17, 0x14, 0x0A, 0x09, 0x00, 0x03, 0x00, 0x03, 0x11, 0x09, 0x08, 0x17, 0x2B,
    0x01, 0x13, 0x33, 0x01, 0x01, 0x3E, 0x03, 0x37, 0x33, 0x0E, 0x03, 0x07, 0x1E, 0x03, 0x17, 0x06,
    0x22, 0x23, 0x2E, 0x03, 0x27, 0x0E, 0x03, 0x23, 0x22, 0x2E, 0x02, 0x35, 0x34, 0x3E, 0x04, 0x33,
    0x32, 0x1E, 0x02, 0x17, 0x03, 0x2E, 0x03, 0x23, 0x22, 0x0E, 0x04, 0x15, 0x14, 0x1E, 0x04, 0x33,
    0x32, 0x3E, 0x04, 0x01, 0xD1, 0xD2, 0xF6, 0xFE, 0xC1, 0x01, 0x09, 0x0D, 0x1A, 0x17, 0x0F, 0x02,
    0xD4, 0x0B, 0x29, 0x37, 0x42, 0x24, 0x18, 0x38, 0x3A, 0x3B, 0x1C, 0x3A, 0x72, 0x3A, 0x0D, 0x1D,
    0x20, 0x23, 0x13, 0x1B, 0x41, 0x59, 0x76, 0x50, 0x69, 0x8A, 0x51, 0x21, 0x0F, 0x23, 0x3B, 0x59,
    0x7A, 0x50, 0x4B, 0x67, 0x4B, 0x3B, 0x20, 0x4D, 0x32, 0x41, 0x36, 0x36, 0x27, 0x21, 0x2F, 0x20,
    0x14, 0x0B, 0x03, 0x03, 0x0A, 0x12, 0x20, 0x2E, 0x21, 0x20, 0x3A, 0x33, 0x2C, 0x26, 0x1F, 0x05,
    0x03, 0x01, 0xA3, 0xFE, 0x5D, 0xFD, 0xC5, 0x23, 0x5C, 0x66, 0x68, 0x2F, 0x48, 0x93, 0x93, 0x90,
    0x44, 0x3F, 0x84, 0x83, 0x80, 0x3B, 0x01, 0x18, 0x46, 0x51, 0x59, 0x2C, 0x39, 0x76, 0x60, 0x3D,
    0x5E, 0x96, 0xBC, 0x5E, 0x45, 0x91, 0x89, 0x79, 0x5A, 0x35, 0x28, 0x4E, 0x72, 0x49, 0xFE, 0xB7,
    0x72, 0xA8, 0x6F, 0x36, 0x26, 0x41, 0x54, 0x5C, 0x5C, 0x29, 0x22, 0x51, 0x51, 0x4B, 0x3A, 0x23,
    0x21, 0x36, 0x45, 0x49, 0x47, 0x00, 0x00, 0x00, 0x00, 0x02, 0x00, 0x4A, 0xFF, 0xE7, 0x03, 0x66,
    0x06, 0xA6, 0x00, 0x03, 0x00, 0x28, 0x00, 0x57, 0x40, 0x54, 0x16, 0x01, 0x04, 0x03, 0x17, 0x01,
    0x05, 0x04, 0x0D, 0x01, 0x06, 0x05, 0x28, 0x01, 0x07, 0x06, 0x04, 0x01, 0x02, 0x07, 0x05, 0x4C,
    0x00, 0x00, 0x01, 0x00, 0x85, 0x08, 0x01, 0x01, 0x03, 0x01, 0x85, 0x00, 0x05, 0x00, 0x06, 0x07,
    0x05, 0x06, 0x69, 0x00, 0x04, 0x04, 0x03, 0x61, 0x00, 0x03, 0x03, 0x31, 0x4D, 0x00, 0x07, 0x07,
    0x02, 0x61, 0x00, 0x02, 0x02, 0x32, 0x02, 0x4E, 0x00, 0x00, 0x27, 0x25, 0x21, 0x1F, 0x1E, 0x1C,
    0x1A, 0x18, 0x15, 0x13, 0x07, 0x05, 0x00, 0x03, 0x00, 0x03, 0x11, 0x09, 0x08, 0x17, 0x2B, 0x01,
    0x13, 0x33, 0x01, 0x01, 0x06, 0x23, 0x22, 0x2E, 0x02, 0x35, 0x34, 0x25, 0x26, 0x35, 0x34, 0x3E,
    0x02, 0x33, 0x32, 0x17, 0x15, 0x26, 0x23, 0x22, 0x15, 0x14, 0x21, 0x33, 0x15, 0x23, 0x22, 0x06,
    0x15, 0x14, 0x16, 0x33, 0x32, 0x37, 0x01, 0x9E, 0xD1, 0xF7, 0xFE, 0xC0, 0x01, 0x35, 0xBC, 0x9D,
    0x60, 0xA2, 0x75, 0x41, 0x01, 0x0B, 0xE6, 0x39, 0x6E, 0x9E, 0x66, 0x98, 0x88, 0x89, 0x78, 0xD6,
    0x01, 0x59, 0x2D, 0x7B, 0x8B, 0x96, 0x79, 0x6B, 0x79, 0xB1, 0x05, 0x03, 0x01, 0xA3, 0xFE, 0x5D,
    0xFB, 0x26, 0x42, 0x2E, 0x54, 0x76, 0x48, 0xCC, 0x66, 0x44, 0xB0, 0x41, 0x65, 0x45, 0x24, 0x20,
    0xA6, 0x20, 0x7C, 0x9E, 0xA9, 0x64, 0x58, 0x4F, 0x5A, 0x4A, 0x00, 0x00, 0x00, 0x02, 0x00, 0x4C,
    0xFE, 0x75, 0x04, 0x20, 0x06, 0xA6, 0x00, 0x14, 0x00, 0x18, 0x00, 0xA2, 0xB6, 0x13, 0x06, 0x02,
    0x04, 0x03, 0x01, 0x4C, 0x4B, 0xB0, 0x15, 0x50, 0x58, 0x40, 0x22, 0x00, 0x05, 0x06, 0x05, 0x85,
    0x08, 0x01, 0x06, 0x00, 0x06, 0x85, 0x00, 0x03, 0x03, 0x00, 0x61, 0x01, 0x01, 0x00, 0x00, 0x2B,
    0x4D, 0x07, 0x01, 0x04, 0x04, 0x29, 0x4D, 0x00, 0x02, 0x02, 0x2D, 0x02, 0x4E, 0x1B, 0x4B, 0xB0,
    0x2A, 0x50, 0x58, 0x40, 0x26, 0x00, 0x05, 0x06, 0x05, 0x85, 0x08, 0x01, 0x06, 0x01, 0x06, 0x85,
    0x00, 0x00, 0x00, 0x2B, 0x4D, 0x00, 0x03, 0x03, 0x01, 0x61, 0x00, 0x01, 0x01, 0x31, 0x4D, 0x07,
    0x01, 0x04, 0x04, 0x29, 0x4D, 0x00, 0x02, 0x02, 0x2D, 0x02, 0x4E, 0x1B, 0x40, 0x26, 0x00, 0x05,
    0x06, 0x05, 0x85, 0x08, 0x01, 0x06, 0x01, 0x06, 0x85, 0x00, 0x00, 0x00, 0x2B, 0x4D, 0x00, 0x03,
    0x03, 0x01, 0x61, 0x00, 0x01, 0x01, 0x31, 0x4D, 0x07, 0x01, 0x04, 0x04, 0x2C, 0x4D, 0x00, 0x02,
    0x02, 0x2D, 0x02, 0x4E, 0x59, 0x59, 0x40, 0x15, 0x15, 0x15, 0x00, 0x00, 0x15, 0x18, 0x15, 0x18,
    0x17, 0x16, 0x00, 0x14, 0x00, 0x14, 0x23, 0x13, 0x23, 0x13, 0x09, 0x08, 0x1A, 0x2B, 0x33, 0x11,
    0x34, 0x27, 0x21, 0x16, 0x17, 0x36, 0x33, 0x32, 0x16, 0x15, 0x11, 0x23, 0x11, 0x34, 0x26, 0x23,
    0x22, 0x07, 0x11, 0x13, 0x13, 0x33, 0x01, 0x8D, 0x41, 0x01, 0x0E, 0x18, 0x12, 0x9A, 0xD4, 0x93,
    0x9B, 0xF6, 0x49, 0x4F, 0x8A, 0x84, 0x3D, 0xD1, 0xF7, 0xFE, 0xC0, 0x02, 0xF9, 0xB8, 0x93, 0x53,
    0x7C, 0xE7, 0xC3, 0xC5, 0xFB, 0xA1, 0x04, 0x39, 0x6D, 0x6C, 0xCA, 0xFD, 0x43, 0x05, 0x03, 0x01,
    0xA3, 0xFE, 0x5D, 0x00, 0x00, 0x02, 0x00, 0xAB, 0xFF, 0xE7, 0x02, 0xD0, 0x06, 0xA6, 0x00, 0x13,
    0x00, 0x17, 0x00, 0x35, 0x40, 0x32, 0x13, 0x01, 0x02, 0x01, 0x00, 0x01, 0x00, 0x02, 0x02, 0x4C,
    0x00, 0x03, 0x04, 0x03, 0x85, 0x05, 0x01, 0x04, 0x01, 0x04, 0x85, 0x00, 0x01, 0x01, 0x2B, 0x4D,
    0x00, 0x02, 0x02, 0x00, 0x62, 0x00, 0x00, 0x00, 0x32, 0x00, 0x4E, 0x14, 0x14, 0x14, 0x17, 0x14,
    0x17, 0x13, 0x25, 0x17, 0x21, 0x06, 0x08, 0x1A, 0x2B, 0x25, 0x06, 0x23, 0x22, 0x27, 0x2E, 0x03,
    0x35, 0x11, 0x33, 0x11, 0x14, 0x1E, 0x02, 0x33, 0x32, 0x37, 0x01, 0x13, 0x33, 0x01, 0x02, 0xD0,
    0x6B, 0x6E, 0xA5, 0x4F, 0x1C, 0x23, 0x13, 0x06, 0xF6, 0x10, 0x24, 0x39, 0x29, 0x45, 0x54, 0xFD,
    0xEE, 0xD1, 0xF7, 0xFE, 0xC0, 0x15, 0x2E, 0x53, 0x1D, 0x49, 0x60, 0x7D, 0x51, 0x02, 0x76, 0xFD,
    0x58, 0x4A, 0x65, 0x3F, 0x1C, 0x2A, 0x04, 0x47, 0x01, 0xA3, 0xFE, 0x5D, 0x00, 0x04, 0x00, 0x8A,
    0xFF, 0xE7, 0x04, 0x18, 0x07, 0x13, 0x00, 0x19, 0x00, 0x1D, 0x00, 0x21, 0x00, 0x25, 0x00, 0x84,
    0x4B, 0xB0, 0x2A, 0x50, 0x58, 0x40, 0x2D, 0x00, 0x08, 0x04, 0x08, 0x85, 0x0C, 0x01, 0x09, 0x04,
    0x05, 0x04, 0x09, 0x05, 0x80, 0x0B, 0x07, 0x0A, 0x03, 0x05, 0x05, 0x04, 0x5F, 0x06, 0x01, 0x04,
    0x04, 0x28, 0x4D, 0x02, 0x01, 0x00, 0x00, 0x2B, 0x4D, 0x00, 0x01, 0x01, 0x03, 0x62, 0x00, 0x03,
    0x03, 0x32, 0x03, 0x4E, 0x1B, 0x40, 0x2B, 0x00, 0x08, 0x04, 0x08, 0x85, 0x0C, 0x01, 0x09, 0x04,
    0x05, 0x04, 0x09, 0x05, 0x80, 0x06, 0x01, 0x04, 0x0B, 0x07, 0x0A, 0x03, 0x05, 0x00, 0x04, 0x05,
    0x68, 0x02, 0x01, 0x00, 0x00, 0x2B, 0x4D, 0x00, 0x01, 0x01, 0x03, 0x62, 0x00, 0x03, 0x03, 0x32,
    0x03, 0x4E, 0x59, 0x40, 0x1E, 0x22, 0x22, 0x1E, 0x1E, 0x1A, 0x1A, 0x22, 0x25, 0x22, 0x25, 0x24,
    0x23, 0x1E, 0x21, 0x1E, 0x21, 0x20, 0x1F, 0x1A, 0x1D, 0x1A, 0x1D, 0x17, 0x25, 0x15, 0x24, 0x10,
    0x0D, 0x08, 0x1B, 0x2B, 0x13, 0x33, 0x11, 0x14, 0x17, 0x16, 0x33, 0x32, 0x37, 0x36, 0x27, 0x12,
    0x03, 0x21, 0x12, 0x11, 0x10, 0x07, 0x06, 0x23, 0x22, 0x27, 0x26, 0x27, 0x26, 0x35, 0x13, 0x35,
    0x33, 0x15, 0x21, 0x35, 0x33, 0x15, 0x25, 0x13, 0x33, 0x01, 0x8A, 0xF7, 0x31, 0x31, 0x7B, 0x70,
    0x42, 0x43, 0x01, 0x02, 0xB1, 0x01, 0x05, 0x70, 0x86, 0x84, 0xD0, 0xC0, 0x76, 0x48, 0x1C, 0x1A,
    0x08, 0xC5, 0x01, 0xA4, 0xC6, 0xFD, 0xEF, 0xD2, 0xF6, 0xFE, 0xC1, 0x04, 0x44, 0xFD, 0xE8, 0xF2,
    0x56, 0x57, 0x60, 0x60, 0x98, 0x01, 0x31, 0x01, 0x2E, 0xFE, 0xF0, 0xFE, 0xEA, 0xFE, 0xFE, 0x9B,
    0x9A, 0x70, 0x44, 0x5F, 0x60, 0xC1, 0x02, 0xF2, 0xC5, 0xC5, 0xC5, 0xC5, 0x62, 0x01, 0xA4, 0xFE,
    0x5C, 0x00, 0x00, 0x00, 0x00, 0x02, 0x00, 0x50, 0xFF, 0xE8, 0x04, 0x93, 0x04, 0x5D, 0x00, 0x2C,
    0x00, 0x46, 0x00, 0xA1, 0xB6, 0x16, 0x09, 0x02, 0x05, 0x04, 0x01, 0x4C, 0x4B, 0xB0, 0x14, 0x50,
    0x58, 0x40, 0x17, 0x00, 0x04, 0x04, 0x00, 0x61, 0x03, 0x01, 0x00, 0x00, 0x2B, 0x4D, 0x00, 0x05,
    0x05, 0x01, 0x61, 0x02, 0x01, 0x01, 0x01, 0x29, 0x01, 0x4E, 0x1B, 0x4B, 0xB0, 0x15, 0x50, 0x58,
    0x40, 0x1B, 0x00, 0x00, 0x00, 0x2B, 0x4D, 0x00, 0x04, 0x04, 0x03, 0x61, 0x00, 0x03, 0x03, 0x31,
    0x4D, 0x00, 0x05, 0x05, 0x01, 0x61, 0x02, 0x01, 0x01, 0x01, 0x29, 0x01, 0x4E, 0x1B, 0x4B, 0xB0,
    0x2A, 0x50, 0x58, 0x40, 0x1F, 0x00, 0x00, 0x00, 0x2B, 0x4D, 0x00, 0x04, 0x04, 0x03, 0x61, 0x00,
    0x03, 0x03, 0x31, 0x4D, 0x00, 0x01, 0x01, 0x29, 0x4D, 0x00, 0x05, 0x05, 0x02, 0x61, 0x00, 0x02,
    0x02, 0x32, 0x02, 0x4E, 0x1B, 0x40, 0x1F, 0x00, 0x00, 0x00, 0x2B, 0x4D, 0x00, 0x04, 0x04, 0x03,
    0x61, 0x00, 0x03, 0x03, 0x31, 0x4D, 0x00, 0x01, 0x01, 0x2C, 0x4D, 0x00, 0x05, 0x05, 0x02, 0x61,
    0x00, 0x02, 0x02, 0x32, 0x02, 0x4E, 0x59, 0x59, 0x59, 0x40, 0x09, 0x2C, 0x29, 0x2A, 0x29, 0x38,
    0x15, 0x06, 0x08, 0x1C, 0x2B, 0x01, 0x3E, 0x03, 0x37, 0x33, 0x06, 0x02, 0x07, 0x1E, 0x03, 0x17,
    0x06, 0x22, 0x23, 0x2E, 0x03, 0x27, 0x0E, 0x03, 0x23, 0x22, 0x2E, 0x02, 0x35, 0x34, 0x3E, 0x04,
    0x33, 0x32, 0x1E, 0x02, 0x17, 0x03, 0x2E, 0x03, 0x23, 0x22, 0x0E, 0x04, 0x15, 0x14, 0x1E, 0x04,
    0x33, 0x32, 0x3E, 0x04, 0x03, 0x61, 0x0D, 0x1B, 0x17, 0x10, 0x02, 0xD4, 0x16, 0x73, 0x4B, 0x18,
    0x38, 0x3A, 0x3B, 0x1C, 0x3A, 0x72, 0x3A, 0x0B, 0x1B, 0x20, 0x24, 0x13, 0x1B, 0x41, 0x59, 0x76,
    0x50, 0x69, 0x8A, 0x51, 0x21, 0x0F, 0x23, 0x3B, 0x59, 0x7A, 0x50, 0x48, 0x65, 0x4D, 0x3C, 0x1F,
    0x4A, 0x32, 0x41, 0x36, 0x36, 0x27, 0x21, 0x2F, 0x20, 0x14, 0x0B, 0x03, 0x03, 0x0A, 0x12, 0x20,
    0x2E, 0x21, 0x20, 0x3A, 0x33, 0x2C, 0x26, 0x1F, 0x02, 0xC4, 0x24, 0x5E, 0x66, 0x69, 0x2F, 0x92,
    0xFE, 0xD9, 0x8D, 0x3E, 0x82, 0x82, 0x80, 0x3B, 0x01, 0x18, 0x46, 0x51, 0x59, 0x2C, 0x39, 0x76,
    0x60, 0x3D, 0x5E, 0x96, 0xBC, 0x5E, 0x45, 0x91, 0x89, 0x79, 0x5A, 0x35, 0x28, 0x4E, 0x72, 0x49,
    0xFE, 0xB7, 0x72, 0xA8, 0x6F, 0x36, 0x26, 0x41, 0x54, 0x5C, 0x5C, 0x29, 0x22, 0x51, 0x51, 0x4B,
    0x3A, 0x23, 0x21, 0x36, 0x45, 0x49, 0x47, 0x00, 0x00, 0x02, 0x00, 0x97, 0xFE, 0x75, 0x04, 0x67,
    0x06, 0x44, 0x00, 0x1A, 0x00, 0x34, 0x00, 0x48, 0x40, 0x45, 0x0C, 0x01, 0x06, 0x03, 0x27, 0x01,
    0x05, 0x06, 0x19, 0x01, 0x01, 0x05, 0x03, 0x4C, 0x00, 0x03, 0x00, 0x06, 0x05, 0x03, 0x06, 0x69,
    0x00, 0x04, 0x04, 0x00, 0x61, 0x00, 0x00, 0x00, 0x2A, 0x4D, 0x00, 0x05, 0x05, 0x01, 0x61, 0x00,
    0x01, 0x01, 0x32, 0x4D, 0x07, 0x01, 0x02, 0x02, 0x2D, 0x02, 0x4E, 0x00, 0x00, 0x34, 0x32, 0x2A,
    0x28, 0x25, 0x23, 0x1D, 0x1B, 0x00, 0x1A, 0x00, 0x1A, 0x17, 0x15, 0x23, 0x08, 0x08, 0x17, 0x2B,
    0x13, 0x11, 0x10, 0x12, 0x33, 0x32, 0x1E, 0x02, 0x15, 0x14, 0x06, 0x07, 0x1E, 0x03, 0x15, 0x14,
    0x0E, 0x02, 0x23, 0x22, 0x26, 0x27, 0x11, 0x13, 0x33, 0x32, 0x3E, 0x02, 0x35, 0x34, 0x26, 0x23,
    0x22, 0x11, 0x11, 0x16, 0x33, 0x32, 0x3E, 0x02, 0x35, 0x34, 0x2E, 0x02, 0x23, 0x23, 0x97, 0xF3,
    0xE8, 0x55, 0x8F, 0x68, 0x3A, 0x84, 0x8F, 0x5B, 0x8F, 0x63, 0x35, 0x4A, 0x85, 0xB6, 0x6C, 0x39,
    0x74, 0x3C, 0x44, 0x1E, 0x3A, 0x65, 0x4A, 0x2A, 0x56, 0x4F, 0xD0, 0x7C, 0x64, 0x37, 0x5F, 0x45,
    0x27, 0x39, 0x66, 0x8C, 0x52, 0x21, 0xFE, 0x75, 0x05, 0x7C, 0x01, 0x21, 0x01, 0x32, 0x31, 0x59,
    0x7D, 0x4C, 0x77, 0xC1, 0x50, 0x1A, 0x56, 0x73, 0x8C, 0x4E, 0x62, 0xA6, 0x79, 0x44, 0x14, 0x14,
    0xFE, 0x66, 0x05, 0x1D, 0x35, 0x5C, 0x78, 0x44, 0x5F, 0x5F, 0xFE, 0x8C, 0xFC, 0x9F, 0x3B, 0x2D,
    0x4C, 0x66, 0x39, 0x48, 0x7A, 0x57, 0x31, 0x00, 0x00, 0x01, 0x00, 0x0A, 0xFE, 0x75, 0x04, 0x30,
    0x04, 0x44, 0x00, 0x23, 0x00, 0x1C, 0x40, 0x19, 0x1A, 0x0D, 0x02, 0x02, 0x00, 0x01, 0x4C, 0x01,
    0x01, 0x00, 0x00, 0x2B, 0x4D, 0x00, 0x02, 0x02, 0x2D, 0x02, 0x4E, 0x1B, 0x1A, 0x17, 0x03, 0x08,
    0x19, 0x2B, 0x25, 0x2E, 0x05, 0x27, 0x21, 0x1E, 0x03, 0x17, 0x3E, 0x03, 0x37, 0x33, 0x0E, 0x05,
    0x07, 0x16, 0x15, 0x14, 0x07, 0x23, 0x26, 0x26, 0x35, 0x34, 0x01, 0xB1, 0x1B, 0x3D, 0x43, 0x49,
    0x4C, 0x4F, 0x28, 0x01, 0x1A, 0x2D, 0x4C, 0x43, 0x3D, 0x1D, 0x1D, 0x43, 0x4B, 0x53, 0x2D, 0xCB,
    0x24, 0x4D, 0x4D, 0x4B, 0x45, 0x3D, 0x18, 0x30, 0x44, 0xC8, 0x20, 0x19, 0x75, 0x4B, 0xAB, 0xB2,
    0xB3, 0xA7, 0x93, 0x3A, 0x53, 0xAD, 0xB2, 0xB7, 0x5C, 0x4D, 0xAE, 0xB7, 0xBA, 0x59, 0x3B, 0x97,
    0xA9, 0xB1, 0xAB, 0x9B, 0x3D, 0x93, 0x70, 0x80, 0x9D, 0x45, 0x85, 0x2D, 0x59, 0x00, 0x00, 0x00,
    0x00, 0x02, 0x00, 0x50, 0xFF, 0xE7, 0x04, 0x54, 0x06, 0x44, 0x00, 0x2C, 0x00, 0x40, 0x00, 0x2C,
    0x40, 0x29, 0x0B, 0x01, 0x01, 0x00, 0x2C, 0x0C, 0x02, 0x03, 0x01, 0x02, 0x4C, 0x00, 0x01, 0x01,
    0x00, 0x61, 0x00, 0x00, 0x00, 0x2A, 0x4D, 0x00, 0x03, 0x03, 0x02, 0x61, 0x00, 0x02, 0x02, 0x32,
    0x02, 0x4E, 0x38, 0x36, 0x25, 0x23, 0x25, 0x27, 0x04, 0x08, 0x18, 0x2B, 0x01, 0x2E, 0x03, 0x35,
    0x34, 0x36, 0x33, 0x32, 0x16, 0x17, 0x15, 0x26, 0x26, 0x23, 0x22, 0x0E, 0x02, 0x15, 0x14, 0x1E,
    0x02, 0x17, 0x17, 0x1E, 0x03, 0x15, 0x14, 0x0E, 0x02, 0x23, 0x22, 0x2E, 0x02, 0x35, 0x34, 0x12,
    0x37, 0x17, 0x0E, 0x03, 0x15, 0x14, 0x1E, 0x02, 0x33, 0x32, 0x3E, 0x02, 0x35, 0x34, 0x2E, 0x02,
    0x01, 0x74, 0x44, 0x5C, 0x38, 0x19, 0xED, 0xEE, 0x45, 0xA3, 0x4A, 0x50, 0x9F, 0x4E, 0x2F, 0x4F,
    0x3B, 0x21, 0x3A, 0x5A, 0x6C, 0x33, 0x49, 0x53, 0x83, 0x5A, 0x2F, 0x43, 0x82, 0xC1, 0x7F, 0x7B,
    0xBE, 0x82, 0x44, 0xB6, 0xBB, 0x95, 0x47, 0x62, 0x3E, 0x1C, 0x20, 0x41, 0x60, 0x40, 0x3E, 0x5E,
    0x40, 0x21, 0x20, 0x3F, 0x5E, 0x04, 0x0A, 0x2C, 0x4A, 0x46, 0x48, 0x2B, 0x83, 0x88, 0x10, 0x10,
    0xBA, 0x1A, 0x19, 0x09, 0x15, 0x23, 0x1A, 0x19, 0x3D, 0x42, 0x44, 0x21, 0x2F, 0x37, 0x73, 0x83,
    0x97, 0x5B, 0x6F, 0xC0, 0x8F, 0x52, 0x4C, 0x85, 0xB5, 0x6A, 0xB3, 0x01, 0x00, 0x50, 0x65, 0x23,
    0x56, 0x68, 0x77, 0x42, 0x45, 0x79, 0x5B, 0x35, 0x3A, 0x62, 0x7E, 0x45, 0x45, 0x6F, 0x5D, 0x51,
    0x00, 0x01, 0x00, 0x4A, 0xFF, 0xE8, 0x03, 0x5B, 0x04, 0x5C, 0x00, 0x24, 0x00, 0x3F, 0x40, 0x3C,
    0x12, 0x01, 0x02, 0x01, 0x13, 0x01, 0x03, 0x02, 0x09, 0x01, 0x04, 0x03, 0x24, 0x01, 0x05, 0x04,
    0x00, 0x01, 0x00, 0x05, 0x05, 0x4C, 0x00, 0x03, 0x00, 0x04, 0x05, 0x03, 0x04, 0x69, 0x00, 0x02,
    0x02, 0x01, 0x61, 0x00, 0x01, 0x01, 0x31, 0x4D, 0x00, 0x05, 0x05, 0x00, 0x61, 0x00, 0x00, 0x00,
    0x32, 0x00, 0x4E, 0x24, 0x21, 0x22, 0x23, 0x2C, 0x21, 0x06, 0x08, 0x1C, 0x2B, 0x25, 0x06, 0x23,
    0x22, 0x2E, 0x02, 0x35, 0x34, 0x25, 0x26, 0x35, 0x34, 0x3E, 0x02, 0x33, 0x32, 0x17, 0x15, 0x26,
    0x23, 0x22, 0x15, 0x14, 0x21, 0x33, 0x15, 0x23, 0x22, 0x06, 0x15, 0x14, 0x16, 0x33, 0x32, 0x37,
    0x03, 0x5B, 0xB9, 0xA2, 0x60, 0xA1, 0x74, 0x41, 0x01, 0x0B, 0xE6, 0x39, 0x6E, 0x9E, 0x66, 0x98,
    0x88, 0x89, 0x78, 0xD6, 0x01, 0x59, 0x2D, 0x7B, 0x8B, 0x96, 0x79, 0x6B, 0x79, 0xB1, 0x29, 0x41,
    0x2E, 0x54, 0x76, 0x47, 0xCC, 0x66, 0x44, 0xB0, 0x41, 0x65, 0x45, 0x24, 0x20, 0xA6, 0x20, 0x7C,
    0x9E, 0xA9, 0x64, 0x58, 0x4F, 0x5A, 0x4A, 0x00, 0x00, 0x01, 0x00, 0x05, 0xFE, 0x5D, 0x03, 0xD2,
    0x06, 0x3A, 0x00, 0x46, 0x00, 0x6A, 0x40, 0x14, 0x1D, 0x01, 0x02, 0x03, 0x00, 0x01, 0x00, 0x01,
    0x46, 0x01, 0x05, 0x00, 0x03, 0x4C, 0x29, 0x28, 0x1E, 0x03, 0x03, 0x4A, 0x4B, 0xB0, 0x2A, 0x50,
    0x58, 0x40, 0x1F, 0x00, 0x03, 0x02, 0x03, 0x85, 0x00, 0x02, 0x04, 0x02, 0x85, 0x00, 0x04, 0x04,
    0x01, 0x62, 0x00, 0x01, 0x01, 0x29, 0x4D, 0x00, 0x00, 0x00, 0x05, 0x61, 0x00, 0x05, 0x05, 0x2D,
    0x05, 0x4E, 0x1B, 0x40, 0x1C, 0x00, 0x03, 0x02, 0x03, 0x85, 0x00, 0x02, 0x04, 0x02, 0x85, 0x00,
    0x00, 0x00, 0x05, 0x00, 0x05, 0x65, 0x00, 0x04, 0x04, 0x01, 0x62, 0x00, 0x01, 0x01, 0x2C, 0x01,
    0x4E, 0x59, 0x40, 0x0B, 0x44, 0x42, 0x3A, 0x37, 0x19, 0x19, 0x38, 0x22, 0x06, 0x08, 0x1A, 0x2B,
    0x05, 0x16, 0x16, 0x33, 0x32, 0x37, 0x36, 0x36, 0x35, 0x34, 0x2E, 0x02, 0x23, 0x23, 0x22, 0x2E,
    0x02, 0x35, 0x34, 0x3E, 0x02, 0x37, 0x2E, 0x03, 0x27, 0x35, 0x1E, 0x03, 0x17, 0x3E, 0x03, 0x37,
    0x17, 0x0E, 0x03, 0x07, 0x0E, 0x03, 0x15, 0x14, 0x1E, 0x02, 0x33, 0x33, 0x32, 0x1E, 0x02, 0x15,
    0x14, 0x0E, 0x02, 0x23, 0x22, 0x26, 0x27, 0x01, 0x98, 0x38, 0x53, 0x2D, 0x1E, 0x15, 0x31, 0x35,
    0x19, 0x2A, 0x37, 0x1E, 0x25, 0x82, 0xB4, 0x70, 0x32, 0x28, 0x49, 0x68, 0x3F, 0x36, 0x5B, 0x55,
    0x53, 0x2E, 0x3A, 0x63, 0x6C, 0x84, 0x5B, 0x27, 0x54, 0x63, 0x74, 0x46, 0x4D, 0x1D, 0x49, 0x5E,
    0x77, 0x4C, 0x3F, 0x5D, 0x3E, 0x1F, 0x18, 0x3D, 0x68, 0x4F, 0x1E, 0x4E, 0x73, 0x4D, 0x26, 0x26,
    0x5A, 0x93, 0x6D, 0x1F, 0x4C, 0x2D, 0xDF, 0x0B, 0x0D, 0x09, 0x09, 0x40, 0x39, 0x1E, 0x29, 0x19,
    0x0C, 0x40, 0x7D, 0xB9, 0x79, 0x58, 0xB7, 0xB1, 0xA6, 0x48, 0x02, 0x0C, 0x13, 0x1B, 0x11, 0xD8,
    0x21, 0x32, 0x25, 0x17, 0x06, 0x31, 0x50, 0x42, 0x35, 0x15, 0x80, 0x28, 0x4C, 0x44, 0x3C, 0x17,
    0x51, 0xB0, 0xB4, 0xB1, 0x52, 0x52, 0x72, 0x48, 0x20, 0x2C, 0x4B, 0x66, 0x3A, 0x44, 0x7D, 0x5E,
    0x38, 0x06, 0x08, 0x00, 0x00, 0x01, 0x00, 0x4C, 0xFE, 0x75, 0x04, 0x20, 0x04, 0x5C, 0x00, 0x14,
    0x00, 0x79, 0xB6, 0x13, 0x06, 0x02, 0x04, 0x03, 0x01, 0x4C, 0x4B, 0xB0, 0x15, 0x50, 0x58, 0x40,
    0x17, 0x00, 0x03, 0x03, 0x00, 0x61, 0x01, 0x01, 0x00, 0x00, 0x2B, 0x4D, 0x05, 0x01, 0x04, 0x04,
    0x29, 0x4D, 0x00, 0x02, 0x02, 0x2D, 0x02, 0x4E, 0x1B, 0x4B, 0xB0, 0x2A, 0x50, 0x58, 0x40, 0x1B,
    0x00, 0x00, 0x00, 0x2B, 0x4D, 0x00, 0x03, 0x03, 0x01, 0x61, 0x00, 0x01, 0x01, 0x31, 0x4D, 0x05,
    0x01, 0x04, 0x04, 0x29, 0x4D, 0x00, 0x02, 0x02, 0x2D, 0x02, 0x4E, 0x1B, 0x40, 0x1B, 0x00, 0x00,
    0x00, 0x2B, 0x4D, 0x00, 0x03, 0x03, 0x01, 0x61, 0x00, 0x01, 0x01, 0x31, 0x4D, 0x05, 0x01, 0x04,
    0x04, 0x2C, 0x4D, 0x00, 0x02, 0x02, 0x2D, 0x02, 0x4E, 0x59, 0x59, 0x40, 0x0D, 0x00, 0x00, 0x00,
    0x14, 0x00, 0x14, 0x23, 0x13, 0x23, 0x13, 0x06, 0x08, 0x1A, 0x2B, 0x33, 0x11, 0x34, 0x27, 0x21,
    0x16, 0x17, 0x36, 0x33, 0x32, 0x16, 0x15, 0x11, 0x23, 0x11, 0x34, 0x26, 0x23, 0x22, 0x07, 0x11,
    0x8D, 0x41, 0x01, 0x0E, 0x18, 0x12, 0x9A, 0xD4, 0x93, 0x9B, 0xF6, 0x49, 0x4F, 0x8A, 0x84, 0x02,
    0xF9, 0xB8, 0x93, 0x53, 0x7C, 0xE7, 0xC3, 0xC5, 0xFB, 0xA1, 0x04, 0x39, 0x6D, 0x6C, 0xCA, 0xFD,
    0x43, 0x00, 0x00, 0x00, 0x00, 0x03, 0x00, 0x50, 0xFF, 0xE7, 0x04, 0x13, 0x06, 0x44, 0x00, 0x13,
    0x00, 0x1E, 0x00, 0x2D, 0x00, 0x36, 0x40, 0x33, 0x06, 0x01, 0x03, 0x07, 0x01, 0x05, 0x04, 0x03,
    0x05, 0x67, 0x00, 0x02, 0x02, 0x00, 0x61, 0x00, 0x00, 0x00, 0x2A, 0x4D, 0x00, 0x04, 0x04, 0x01,
    0x61, 0x00, 0x01, 0x01, 0x32, 0x01, 0x4E, 0x1F, 0x1F, 0x14, 0x14, 0x1F, 0x2D, 0x1F, 0x2D, 0x27,
    0x25, 0x14, 0x1E, 0x14, 0x1E, 0x28, 0x28, 0x24, 0x08, 0x08, 0x19, 0x2B, 0x13, 0x34, 0x12, 0x36,
    0x36, 0x33, 0x32, 0x16, 0x16, 0x12, 0x15, 0x14, 0x02, 0x06, 0x06, 0x23, 0x22, 0x26, 0x26, 0x02,
    0x01, 0x2E, 0x03, 0x23, 0x22, 0x0E, 0x02, 0x15, 0x07, 0x14, 0x1E, 0x04, 0x33, 0x32, 0x3E, 0x04,
    0x35, 0x50, 0x34, 0x72, 0xB8, 0x84, 0x83, 0xB7, 0x73, 0x34, 0x34, 0x72, 0xB7, 0x84, 0x85, 0xB8,
    0x72, 0x33, 0x02, 0xCE, 0x01, 0x1F, 0x3C, 0x58, 0x39, 0x38, 0x58, 0x3D, 0x20, 0x01, 0x08, 0x15,
    0x22, 0x35, 0x49, 0x31, 0x31, 0x49, 0x35, 0x22, 0x15, 0x08, 0x03, 0x15, 0xAB, 0x01, 0x2A, 0xDC,
    0x7E, 0x7E, 0xDB, 0xFE, 0xD6, 0xAB, 0xAC, 0xFE, 0xD6, 0xDB, 0x7E, 0x7A, 0xD9, 0x01, 0x2A, 0x01,
    0x10, 0x81, 0xCD, 0x8F, 0x4C, 0x4C, 0x8F, 0xCD, 0x81, 0xA2, 0x42, 0x89, 0x81, 0x72, 0x55, 0x32,
    0x34, 0x58, 0x74, 0x82, 0x85, 0x3E, 0x00, 0x00, 0x00, 0x01, 0x00, 0xAB, 0xFF, 0xE7, 0x02, 0xD0,
    0x04, 0x44, 0x00, 0x13, 0x00, 0x23, 0x40, 0x20, 0x13, 0x01, 0x02, 0x01, 0x00, 0x01, 0x00, 0x02,
    0x02, 0x4C, 0x00, 0x01, 0x01, 0x2B, 0x4D, 0x00, 0x02, 0x02, 0x00, 0x62, 0x00, 0x00, 0x00, 0x32,
    0x00, 0x4E, 0x25, 0x17, 0x21, 0x03, 0x08, 0x19, 0x2B, 0x25, 0x06, 0x23, 0x22, 0x27, 0x2E, 0x03,
    0x35, 0x11, 0x33, 0x11, 0x14, 0x1E, 0x02, 0x33, 0x32, 0x37, 0x02, 0xD0, 0x6B, 0x6E, 0xA5, 0x4F,
    0x1C, 0x23, 0x13, 0x06, 0xF6, 0x10, 0x24, 0x39, 0x29, 0x45, 0x54, 0x15, 0x2E, 0x53, 0x1D, 0x49,
    0x60, 0x7D, 0x51, 0x02, 0x76, 0xFD, 0x58, 0x4A, 0x65, 0x3F, 0x1C, 0x2A, 0x00, 0x01, 0x00, 0x97,
    0x00, 0x00, 0x04, 0x2B, 0x04, 0x44, 0x00, 0x16, 0x00, 0x4C, 0x40, 0x09, 0x15, 0x12, 0x09, 0x03,
    0x04, 0x03, 0x02, 0x01, 0x4C, 0x4B, 0xB0, 0x2A, 0x50, 0x58, 0x40, 0x13, 0x00, 0x02, 0x02, 0x00,
    0x61, 0x01, 0x01, 0x00, 0x00, 0x2B, 0x4D, 0x05, 0x04, 0x02, 0x03, 0x03, 0x29, 0x03, 0x4E, 0x1B,
    0x40, 0x13, 0x00, 0x02, 0x02, 0x00, 0x61, 0x01, 0x01, 0x00, 0x00, 0x2B, 0x4D, 0x05, 0x04, 0x02,
    0x03, 0x03, 0x2C, 0x03, 0x4E, 0x59, 0x40, 0x0D, 0x00, 0x00, 0x00, 0x16, 0x00, 0x16, 0x16, 0x23,
    0x15, 0x11, 0x06, 0x08, 0x1A, 0x2B, 0x33, 0x11, 0x33, 0x11, 0x37, 0x36, 0x37, 0x36, 0x33, 0x15,
    0x26, 0x26, 0x23, 0x22, 0x0E, 0x02, 0x07, 0x07, 0x01, 0x21, 0x01, 0x11, 0x97, 0xF6, 0xBE, 0x95,
    0x4E, 0x4F, 0x7C, 0x08, 0x0F, 0x07, 0x1E, 0x37, 0x42, 0x55, 0x3A, 0x38, 0x01, 0xAE, 0xFE, 0xEA,
    0xFE, 0x78, 0x04, 0x44, 0xFD, 0xEF, 0xED, 0xB9, 0x35, 0x36, 0xC0, 0x01, 0x01, 0x16, 0x37, 0x5D,
    0x47, 0x43, 0xFD, 0xAE, 0x02, 0x1F, 0xFD, 0xE1, 0x00, 0x01, 0x00, 0x19, 0x00, 0x00, 0x04, 0x3A,
    0x06, 0x2B, 0x00, 0x22, 0x00, 0x53, 0xB5, 0x20, 0x01, 0x02, 0x00, 0x01, 0x4C, 0x4B, 0xB0, 0x28,
    0x50, 0x58, 0x40, 0x11, 0x00, 0x00, 0x00, 0x01, 0x61, 0x00, 0x01, 0x01, 0x2A, 0x4D, 0x03, 0x01,
    0x02, 0x02, 0x29, 0x02, 0x4E, 0x1B, 0x4B, 0xB0, 0x2A, 0x50, 0x58, 0x40, 0x0F, 0x00, 0x01, 0x00,
    0x00, 0x02, 0x01, 0x00, 0x69, 0x03, 0x01, 0x02, 0x02, 0x29, 0x02, 0x4E, 0x1B, 0x40, 0x0F, 0x00,
    0x01, 0x00, 0x00, 0x02, 0x01, 0x00, 0x69, 0x03, 0x01, 0x02, 0x02, 0x2C, 0x02, 0x4E, 0x59, 0x59,
    0xB6, 0x1A, 0x1C, 0x21, 0x25, 0x04, 0x08, 0x1A, 0x2B, 0x01, 0x27, 0x2E, 0x03, 0x23, 0x23, 0x35,
    0x33, 0x32, 0x1E, 0x04, 0x17, 0x01, 0x1E, 0x03, 0x17, 0x21, 0x2E, 0x03, 0x27, 0x27, 0x26, 0x26,
    0x27, 0x01, 0x23, 0x01, 0x96, 0x3C, 0x17, 0x2A, 0x38, 0x4D, 0x39, 0x19, 0x22, 0x50, 0x76, 0x59,
    0x43, 0x3A, 0x38, 0x22, 0x01, 0x11, 0x1A, 0x31, 0x32, 0x34, 0x1E, 0xFE, 0xF4, 0x17, 0x26, 0x22,
    0x20, 0x11, 0x28, 0x1D, 0x3D, 0x1D, 0xFE, 0xE9, 0xCF, 0x03, 0xF6, 0x9A, 0x39, 0x4F, 0x31, 0x16,
    0xCC, 0x0D, 0x21, 0x3B, 0x5B, 0x81, 0x57, 0xFD, 0x3E, 0x44, 0x7A, 0x70, 0x6B, 0x34, 0x2D, 0x51,
    0x4F, 0x51, 0x2D, 0x69, 0x4C, 0x97, 0x4E, 0xFD, 0x1B, 0x00, 0x00, 0x00, 0x00, 0x01, 0x00, 0x97,
    0xFE, 0x75, 0x04, 0x6D, 0x04, 0x44, 0x00, 0x17, 0x00, 0x82, 0x40, 0x0B, 0x11, 0x08, 0x02, 0x01,
    0x00, 0x16, 0x01, 0x03, 0x01, 0x02, 0x4C, 0x4B, 0xB0, 0x17, 0x50, 0x58, 0x40, 0x18, 0x02, 0x01,
    0x00, 0x00, 0x2B, 0x4D, 0x00, 0x01, 0x01, 0x03, 0x61, 0x04, 0x01, 0x03, 0x03, 0x29, 0x4D, 0x06,
    0x01, 0x05, 0x05, 0x2D, 0x05, 0x4E, 0x1B, 0x4B, 0xB0, 0x2A, 0x50, 0x58, 0x40, 0x1C, 0x02, 0x01,
    0x00, 0x00, 0x2B, 0x4D, 0x00, 0x03, 0x03, 0x29, 0x4D, 0x00, 0x01, 0x01, 0x04, 0x61, 0x00, 0x04,
    0x04, 0x32, 0x4D, 0x06, 0x01, 0x05, 0x05, 0x2D, 0x05, 0x4E, 0x1B, 0x40, 0x1C, 0x02, 0x01, 0x00,
    0x00, 0x2B, 0x4D, 0x00, 0x03, 0x03, 0x2C, 0x4D, 0x00, 0x01, 0x01, 0x04, 0x61, 0x00, 0x04, 0x04,
    0x32, 0x4D, 0x06, 0x01, 0x05, 0x05, 0x2D, 0x05, 0x4E, 0x59, 0x59, 0x40, 0x0E, 0x00, 0x00, 0x00,
    0x17, 0x00, 0x17, 0x24, 0x13, 0x12, 0x23, 0x11, 0x07, 0x08, 0x1B, 0x2B, 0x13, 0x11, 0x33, 0x11,
    0x14, 0x16, 0x33, 0x32, 0x37, 0x11, 0x33, 0x11, 0x14, 0x17, 0x21, 0x26, 0x26, 0x27, 0x06, 0x23,
    0x22, 0x26, 0x27, 0x11, 0x97, 0xF6, 0x50, 0x5C, 0x7A, 0x87, 0xF7, 0x3C, 0xFE, 0xF4, 0x0B, 0x13,
    0x09, 0x83, 0x92, 0x2D, 0x4B, 0x20, 0xFE, 0x75, 0x05, 0xCF, 0xFD, 0x47, 0x68, 0x67, 0xCE, 0x02,
    0xBA, 0xFD, 0x05, 0xBC, 0x8D, 0x26, 0x67, 0x40, 0xE3, 0x14, 0x14, 0xFE, 0x63, 0x00, 0x00, 0x00,
    0x00, 0x01, 0x00, 0x04, 0x00, 0x00, 0x04, 0x00, 0x04, 0x44, 0x00, 0x1E, 0x00, 0x3A, 0xB5, 0x0D,
    0x01, 0x02, 0x00, 0x01, 0x4C, 0x4B, 0xB0, 0x2A, 0x50, 0x58, 0x40, 0x0D, 0x01, 0x01, 0x00, 0x00,
    0x2B, 0x4D, 0x03, 0x01, 0x02, 0x02, 0x29, 0x02, 0x4E, 0x1B, 0x40, 0x0D, 0x01, 0x01, 0x00, 0x00,
    0x2B, 0x4D, 0x03, 0x01, 0x02, 0x02, 0x2C, 0x02, 0x4E, 0x59, 0x40, 0x0B, 0x00, 0x00, 0x00, 0x1E,
    0x00, 0x1E, 0x1E, 0x15, 0x04, 0x08, 0x18, 0x2B, 0x21, 0x26, 0x0A, 0x02, 0x27, 0x21, 0x1E, 0x05,
    0x17, 0x3E, 0x03, 0x35, 0x34, 0x27, 0x33, 0x16, 0x15, 0x14, 0x0E, 0x04, 0x07, 0x01, 0x89, 0x25,
    0x58, 0x64, 0x6C, 0x38, 0x01, 0x0E, 0x23, 0x40, 0x38, 0x31, 0x2A, 0x20, 0x0C, 0x32, 0x5A, 0x43,
    0x27, 0x1C, 0xE3, 0x0F, 0x21, 0x3A, 0x4B, 0x56, 0x59, 0x2A, 0x82, 0x01, 0x21, 0x01, 0x20, 0x01,
    0x10, 0x71, 0x4C, 0xA5, 0xA6, 0xA2, 0x91, 0x7A, 0x2B, 0x59, 0xC5, 0xC0, 0xB1, 0x46, 0x55, 0x45,
    0x35, 0x3B, 0x33, 0x8F, 0xA7, 0xB7, 0xB8, 0xB0, 0x4C, 0x00, 0x00, 0x00, 0x00, 0x01, 0x00, 0x09,
    0xFE, 0x5D, 0x03, 0xB4, 0x06, 0x45, 0x00, 0x54, 0x00, 0x8F, 0x40, 0x19, 0x2C, 0x23, 0x1D, 0x18,
    0x04, 0x03, 0x02, 0x12, 0x01, 0x06, 0x04, 0x00, 0x01, 0x00, 0x01, 0x54, 0x01, 0x08, 0x00, 0x04,
    0x4C, 0x1E, 0x01, 0x02, 0x4A, 0x4B, 0xB0, 0x2A, 0x50, 0x58, 0x40, 0x2B, 0x00, 0x03, 0x02, 0x04,
    0x02, 0x03, 0x04, 0x80, 0x05, 0x01, 0x04, 0x00, 0x06, 0x07, 0x04, 0x06, 0x6A, 0x00, 0x02, 0x02,
    0x2A, 0x4D, 0x00, 0x07, 0x07, 0x01, 0x61, 0x00, 0x01, 0x01, 0x29, 0x4D, 0x00, 0x00, 0x00, 0x08,
    0x61, 0x00, 0x08, 0x08, 0x2D, 0x08, 0x4E, 0x1B, 0x40, 0x28, 0x00, 0x03, 0x02, 0x04, 0x02, 0x03,
    0x04, 0x80, 0x05, 0x01, 0x04, 0x00, 0x06, 0x07, 0x04, 0x06, 0x6A, 0x00, 0x00, 0x00, 0x08, 0x00,
    0x08, 0x65, 0x00, 0x02, 0x02, 0x2A, 0x4D, 0x00, 0x07, 0x07, 0x01, 0x61, 0x00, 0x01, 0x01, 0x2C,
    0x01, 0x4E, 0x59, 0x40, 0x13, 0x52, 0x50, 0x48, 0x45, 0x3F, 0x3D, 0x3C, 0x3A, 0x39, 0x38, 0x31,
    0x30, 0x2A, 0x27, 0x26, 0x21, 0x09, 0x08, 0x18, 0x2B, 0x05, 0x16, 0x33, 0x32, 0x36, 0x35, 0x34,
    0x2E, 0x02, 0x23, 0x22, 0x26, 0x35, 0x34, 0x3E, 0x02, 0x37, 0x26, 0x26, 0x35, 0x34, 0x36, 0x37,
    0x2E, 0x03, 0x27, 0x35, 0x1E, 0x03, 0x17, 0x3E, 0x03, 0x33, 0x32, 0x16, 0x17, 0x17, 0x0E, 0x03,
    0x07, 0x06, 0x06, 0x15, 0x14, 0x1E, 0x02, 0x17, 0x16, 0x33, 0x33, 0x15, 0x23, 0x22, 0x0E, 0x02,
    0x15, 0x14, 0x16, 0x33, 0x33, 0x32, 0x1E, 0x02, 0x15, 0x14, 0x0E, 0x02, 0x23, 0x22, 0x26, 0x27,
    0x01, 0x5B, 0x6D, 0x55, 0x6E, 0x62, 0x22, 0x3A, 0x4C, 0x29, 0xE6, 0xF0, 0x32, 0x5B, 0x81, 0x4E,
    0x84, 0x83, 0x28, 0x24, 0x1F, 0x35, 0x34, 0x36, 0x20, 0x2C, 0x4C, 0x53, 0x65, 0x45, 0x1E, 0x43,
    0x4F, 0x5C, 0x38, 0x1A, 0x37, 0x1C, 0x27, 0x1E, 0x47, 0x5F, 0x7C, 0x52, 0x1D, 0x25, 0x20, 0x43,
    0x66, 0x47, 0x25, 0x28, 0x41, 0x79, 0x53, 0x85, 0x5D, 0x33, 0x82, 0x7A, 0x22, 0x55, 0x81, 0x56,
    0x2B, 0x35, 0x6C, 0xA7, 0x72, 0x24, 0x4F, 0x2C, 0xDF, 0x18, 0x46, 0x45, 0x22, 0x2A, 0x18, 0x08,
    0xC1, 0xCD, 0x4B, 0x86, 0x6E, 0x55, 0x1B, 0x27, 0x9F, 0x73, 0x3B, 0x6A, 0x2F, 0x04, 0x0B, 0x10,
    0x14, 0x0C, 0xBC, 0x17, 0x24, 0x1C, 0x16, 0x08, 0x1A, 0x2A, 0x1D, 0x10, 0x03, 0x02, 0x70, 0x1E,
    0x32, 0x27, 0x18, 0x03, 0x25, 0x55, 0x40, 0x32, 0x59, 0x46, 0x2D, 0x04, 0x03, 0xA7, 0x27, 0x4C,
    0x70, 0x4A, 0x70, 0x6C, 0x27, 0x48, 0x68, 0x41, 0x4E, 0x7E, 0x59, 0x31, 0x06, 0x08, 0x00, 0x00,
    0x00, 0x02, 0x00, 0x50, 0xFF, 0xE7, 0x04, 0x5A, 0x04, 0x5C, 0x00, 0x13, 0x00, 0x21, 0x00, 0x2D,
    0x40, 0x2A, 0x00, 0x03, 0x03, 0x01, 0x61, 0x00, 0x01, 0x01, 0x31, 0x4D, 0x05, 0x01, 0x02, 0x02,
    0x00, 0x61, 0x04, 0x01, 0x00, 0x00, 0x32, 0x00, 0x4E, 0x15, 0x14, 0x01, 0x00, 0x1B, 0x19, 0x14,
    0x21, 0x15, 0x21, 0x0B, 0x09, 0x00, 0x13, 0x01, 0x13, 0x06, 0x08, 0x16, 0x2B, 0x05, 0x22, 0x2E,
    0x02, 0x35, 0x34, 0x3E, 0x02, 0x33, 0x32, 0x1E, 0x02, 0x15, 0x14, 0x0E, 0x02, 0x27, 0x32, 0x36,
    0x35, 0x34, 0x26, 0x23, 0x22, 0x06, 0x15, 0x14, 0x1E, 0x02, 0x02, 0x4E, 0x74, 0xBD, 0x85, 0x48,
    0x49, 0x87, 0xBF, 0x76, 0x76, 0xBF, 0x87, 0x49, 0x49, 0x87, 0xC3, 0x75, 0x7E, 0x83, 0x85, 0x79,
    0x7B, 0x83, 0x21, 0x41, 0x5D, 0x19, 0x51, 0x95, 0xD3, 0x82, 0x84, 0xD3, 0x94, 0x4F, 0x50, 0x94,
    0xD2, 0x82, 0x85, 0xD4, 0x95, 0x4F, 0xA6, 0xD4, 0xC4, 0xC0, 0xD1, 0xD4, 0xC0, 0x60, 0x97, 0x68,
    0x36, 0x00, 0x00, 0x00, 0x00, 0x01, 0x00, 0x26, 0x00, 0x00, 0x05, 0xA0, 0x04, 0x44, 0x00, 0x13,
    0x00, 0x50, 0x40, 0x0A, 0x05, 0x01, 0x00, 0x01, 0x04, 0x01, 0x03, 0x00, 0x02, 0x4C, 0x4B, 0xB0,
    0x2A, 0x50, 0x58, 0x40, 0x14, 0x04, 0x02, 0x02, 0x00, 0x00, 0x01, 0x5F, 0x00, 0x01, 0x01, 0x2B,
    0x4D, 0x06, 0x05, 0x02, 0x03, 0x03, 0x29, 0x03, 0x4E, 0x1B, 0x40, 0x14, 0x04, 0x02, 0x02, 0x00,
    0x00, 0x01, 0x5F, 0x00, 0x01, 0x01, 0x2B, 0x4D, 0x06, 0x05, 0x02, 0x03, 0x03, 0x2C, 0x03, 0x4E,
    0x59, 0x40, 0x0E, 0x00, 0x00, 0x00, 0x13, 0x00, 0x13, 0x13, 0x13, 0x11, 0x23, 0x21, 0x07, 0x08,
    0x1B, 0x2B, 0x21, 0x11, 0x23, 0x22, 0x07, 0x35, 0x36, 0x33, 0x21, 0x15, 0x23, 0x11, 0x14, 0x17,
    0x21, 0x26, 0x35, 0x11, 0x21, 0x11, 0x01, 0x49, 0x20, 0x70, 0x93, 0x78, 0xAA, 0x04, 0x58, 0xF6,
    0x5C, 0xFE, 0xEF, 0x42, 0xFE, 0x8D, 0x03, 0x84, 0x59, 0xDD, 0x3C, 0xC0, 0xFD, 0xAC, 0xC0, 0x70,
    0x70, 0xCC, 0x02, 0x48, 0xFC, 0x7C, 0x00, 0x00, 0x00, 0x02, 0x00, 0x84, 0xFE, 0x75, 0x04, 0x70,
    0x04, 0x5C, 0x00, 0x13, 0x00, 0x25, 0x00, 0x5F, 0x40, 0x0A, 0x14, 0x01, 0x03, 0x04, 0x12, 0x01,
    0x01, 0x03, 0x02, 0x4C, 0x4B, 0xB0, 0x2A, 0x50, 0x58, 0x40, 0x1B, 0x00, 0x04, 0x04, 0x00, 0x61,
    0x00, 0x00, 0x00, 0x31, 0x4D, 0x00, 0x03, 0x03, 0x01, 0x61, 0x00, 0x01, 0x01, 0x29, 0x4D, 0x05,
    0x01, 0x02, 0x02, 0x2D, 0x02, 0x4E, 0x1B, 0x40, 0x1B, 0x00, 0x04, 0x04, 0x00, 0x61, 0x00, 0x00,
    0x00, 0x31, 0x4D, 0x00, 0x03, 0x03, 0x01, 0x61, 0x00, 0x01, 0x01, 0x2C, 0x4D, 0x05, 0x01, 0x02,
    0x02, 0x2D, 0x02, 0x4E, 0x59, 0x40, 0x0F, 0x00, 0x00, 0x21, 0x1F, 0x17, 0x15, 0x00, 0x13, 0x00,
    0x13, 0x28, 0x25, 0x06, 0x08, 0x18, 0x2B, 0x13, 0x11, 0x34, 0x12, 0x36, 0x36, 0x33, 0x32, 0x1E,
    0x02, 0x15, 0x14, 0x0E, 0x02, 0x23, 0x22, 0x27, 0x11, 0x11, 0x16, 0x33, 0x32, 0x3E, 0x02, 0x35,
    0x34, 0x2E, 0x02, 0x23, 0x22, 0x0E, 0x02, 0x15, 0x84, 0x3E, 0x7E, 0xBE, 0x80, 0x7C, 0xBB, 0x7C,
    0x3F, 0x53, 0x96, 0xD2, 0x7F, 0x65, 0x57, 0x55, 0x68, 0x4A, 0x77, 0x54, 0x2D, 0x22, 0x43, 0x62,
    0x3F, 0x42, 0x5E, 0x3D, 0x1C, 0xFE, 0x75, 0x02, 0xFB, 0xC7, 0x01, 0x1C, 0xB5, 0x54, 0x42, 0x7D,
    0xB3, 0x71, 0x86, 0xE7, 0xAA, 0x62, 0x1F, 0xFE, 0x56, 0x02, 0x73, 0x42, 0x42, 0x75, 0xA1, 0x5F,
    0x4F, 0x80, 0x5A, 0x30, 0x36, 0x73, 0xB6, 0x80, 0x00, 0x01, 0x00, 0x50, 0xFE, 0x5D, 0x04, 0x0E,
    0x04, 0x5C, 0x00, 0x35, 0x00, 0x66, 0x40, 0x12, 0x35, 0x01, 0x00, 0x05, 0x00, 0x01, 0x01, 0x00,
    0x1A, 0x01, 0x03, 0x04, 0x19, 0x01, 0x02, 0x03, 0x04, 0x4C, 0x4B, 0xB0, 0x2A, 0x50, 0x58, 0x40,
    0x1F, 0x00, 0x00, 0x00, 0x05, 0x61, 0x00, 0x05, 0x05, 0x31, 0x4D, 0x00, 0x01, 0x01, 0x04, 0x61,
    0x00, 0x04, 0x04, 0x29, 0x4D, 0x00, 0x03, 0x03, 0x02, 0x61, 0x00, 0x02, 0x02, 0x2D, 0x02, 0x4E,
    0x1B, 0x40, 0x1C, 0x00, 0x03, 0x00, 0x02, 0x03, 0x02, 0x65, 0x00, 0x00, 0x00, 0x05, 0x61, 0x00,
    0x05, 0x05, 0x31, 0x4D, 0x00, 0x01, 0x01, 0x04, 0x61, 0x00, 0x04, 0x04, 0x2C, 0x04, 0x4E, 0x59,
    0x40, 0x09, 0x36, 0x38, 0x25, 0x26, 0x38, 0x22, 0x06, 0x08, 0x1C, 0x2B, 0x01, 0x26, 0x26, 0x23,
    0x22, 0x0E, 0x02, 0x15, 0x14, 0x1E, 0x02, 0x33, 0x33, 0x32, 0x16, 0x15, 0x14, 0x0E, 0x02, 0x23,
    0x22, 0x26, 0x27, 0x35, 0x16, 0x16, 0x33, 0x32, 0x3E, 0x02, 0x35, 0x34, 0x2E, 0x02, 0x23, 0x23,
    0x22, 0x26, 0x35, 0x34, 0x3E, 0x02, 0x33, 0x32, 0x1E, 0x02, 0x17, 0x03, 0xDC, 0x39, 0x73, 0x3B,
    0x6A, 0xA0, 0x6C, 0x36, 0x1E, 0x45, 0x70, 0x53, 0x1F, 0xB8, 0xC8, 0x48, 0x7D, 0xA6, 0x5D, 0x23,
    0x4C, 0x2C, 0x36, 0x60, 0x2E, 0x3B, 0x53, 0x33, 0x17, 0x2C, 0x42, 0x4C, 0x20, 0x33, 0xFB, 0xEF,
    0x6A, 0xB3, 0xED, 0x84, 0x2E, 0x47, 0x3C, 0x33, 0x1A, 0x03, 0x91, 0x11, 0x14, 0x46, 0x7C, 0xA9,
    0x63, 0x4B, 0x6C, 0x45, 0x21, 0x8D, 0x93, 0x5D, 0x7F, 0x4F, 0x23, 0x06, 0x08, 0xB6, 0x0C, 0x0C,
    0x15, 0x24, 0x30, 0x1C, 0x26, 0x2D, 0x18, 0x07, 0xE4, 0xEE, 0x9A, 0xF2, 0xA7, 0x57, 0x04, 0x07,
    0x09, 0x06, 0x00, 0x00, 0x00, 0x02, 0x00, 0x50, 0xFF, 0xE7, 0x05, 0x22, 0x04, 0x5C, 0x00, 0x0D,
    0x00, 0x23, 0x00, 0x69, 0x4B, 0xB0, 0x15, 0x50, 0x58, 0x40, 0x23, 0x00, 0x01, 0x01, 0x03, 0x61,
    0x04, 0x01, 0x03, 0x03, 0x31, 0x4D, 0x00, 0x05, 0x05, 0x03, 0x61, 0x04, 0x01, 0x03, 0x03, 0x31,
    0x4D, 0x06, 0x01, 0x00, 0x00, 0x02, 0x61, 0x07, 0x01, 0x02, 0x02, 0x32, 0x02, 0x4E, 0x1B, 0x40,
    0x21, 0x00, 0x01, 0x01, 0x03, 0x61, 0x00, 0x03, 0x03, 0x31, 0x4D, 0x00, 0x05, 0x05, 0x04, 0x5F,
    0x00, 0x04, 0x04, 0x2B, 0x4D, 0x06, 0x01, 0x00, 0x00, 0x02, 0x61, 0x07, 0x01, 0x02, 0x02, 0x32,
    0x02, 0x4E, 0x59, 0x40, 0x17, 0x0F, 0x0E, 0x01, 0x00, 0x1D, 0x1C, 0x1B, 0x1A, 0x19, 0x17, 0x0E,
    0x23, 0x0F, 0x23, 0x07, 0x05, 0x00, 0x0D, 0x01, 0x0D, 0x08, 0x08, 0x16, 0x2B, 0x25, 0x32, 0x36,
    0x35, 0x34, 0x26, 0x23, 0x22, 0x06, 0x15, 0x14, 0x1E, 0x02, 0x17, 0x22, 0x2E, 0x02, 0x35, 0x34,
    0x3E, 0x02, 0x33, 0x32, 0x17, 0x21, 0x15, 0x21, 0x16, 0x15, 0x14, 0x0E, 0x02, 0x02, 0x52, 0x7E,
    0x83, 0x85, 0x79, 0x7B, 0x83, 0x21, 0x41, 0x5D, 0x38, 0x74, 0xBD, 0x85, 0x48, 0x49, 0x87, 0xBF,
    0x76, 0x5F, 0x4E, 0x02, 0x20, 0xFE, 0xDC, 0x5C, 0x49, 0x87, 0xC3, 0x8D, 0xD4, 0xC4, 0xC0, 0xD1,
    0xD4, 0xC0, 0x60, 0x97, 0x68, 0x36, 0xA6, 0x51, 0x95, 0xD3, 0x82, 0x84, 0xD3, 0x94, 0x4F, 0x18,
    0xC0, 0x8E, 0xD2, 0x85, 0xD4, 0x95, 0x4F, 0x00, 0x00, 0x01, 0x00, 0x0F, 0x00, 0x00, 0x03, 0x4E,
    0x04, 0x44, 0x00, 0x0F, 0x00, 0x4A, 0x40, 0x0A, 0x07, 0x01, 0x00, 0x01, 0x06, 0x01, 0x03, 0x00,
    0x02, 0x4C, 0x4B, 0xB0, 0x2A, 0x50, 0x58, 0x40, 0x12, 0x02, 0x01, 0x00, 0x00, 0x01, 0x5F, 0x00,
    0x01, 0x01, 0x2B, 0x4D, 0x04, 0x01, 0x03, 0x03, 0x29, 0x03, 0x4E, 0x1B, 0x40, 0x12, 0x02, 0x01,
    0x00, 0x00, 0x01, 0x5F, 0x00, 0x01, 0x01, 0x2B, 0x4D, 0x04, 0x01, 0x03, 0x03, 0x2C, 0x03, 0x4E,
    0x59, 0x40, 0x0C, 0x00, 0x00, 0x00, 0x0F, 0x00, 0x0F, 0x11, 0x23, 0x23, 0x05, 0x08, 0x19, 0x2B,
    0x21, 0x26, 0x35, 0x11, 0x23, 0x22, 0x07, 0x35, 0x36, 0x33, 0x21, 0x15, 0x21, 0x11, 0x14, 0x17,
    0x01, 0x83, 0x44, 0x55, 0x6C, 0x6F, 0x69, 0x86, 0x02, 0x50, 0xFE, 0xE8, 0x4F, 0x90, 0xE3, 0x02,
    0x11, 0x30, 0xC9, 0x27, 0xC0, 0xFD, 0xB9, 0xC4, 0x79, 0x00, 0x00, 0x00, 0x00, 0x01, 0x00, 0x8A,
    0xFF, 0xE7, 0x04, 0x18, 0x04, 0x44, 0x00, 0x19, 0x00, 0x1B, 0x40, 0x18, 0x02, 0x01, 0x00, 0x00,
    0x2B, 0x4D, 0x00, 0x01, 0x01, 0x03, 0x62, 0x00, 0x03, 0x03, 0x32, 0x03, 0x4E, 0x25, 0x15, 0x24,
    0x10, 0x04, 0x08, 0x1A, 0x2B, 0x13, 0x33, 0x11, 0x14, 0x17, 0x16, 0x33, 0x32, 0x37, 0x36, 0x27,
    0x12, 0x03, 0x21, 0x12, 0x11, 0x10, 0x07, 0x06, 0x23, 0x22, 0x27, 0x26, 0x27, 0x26, 0x35, 0x8A,
    0xF7, 0x31, 0x31, 0x7B, 0x70, 0x42, 0x43, 0x01, 0x02, 0xB1, 0x01, 0x05, 0x70, 0x86, 0x84, 0xD0,
    0xC0, 0x76, 0x48, 0x1C, 0x1A, 0x04, 0x44, 0xFD, 0xE8, 0xF2, 0x56, 0x57, 0x60, 0x60, 0x98, 0x01,
    0x31, 0x01, 0x2E, 0xFE, 0xF0, 0xFE, 0xEA, 0xFE, 0xFE, 0x9B, 0x9A, 0x70, 0x44, 0x5F, 0x60, 0xC1,
    0x00, 0x02, 0x00, 0x50, 0xFE, 0x75, 0x05, 0x24, 0x04, 0x5D, 0x00, 0x29, 0x00, 0x3D, 0x00, 0x51,
    0x40, 0x09, 0x2D, 0x1F, 0x1C, 0x0A, 0x04, 0x02, 0x00, 0x01, 0x4C, 0x4B, 0xB0, 0x14, 0x50, 0x58,
    0x40, 0x12, 0x04, 0x01, 0x00, 0x00, 0x01, 0x61, 0x03, 0x01, 0x01, 0x01, 0x31, 0x4D, 0x00, 0x02,
    0x02, 0x2D, 0x02, 0x4E, 0x1B, 0x40, 0x1A, 0x00, 0x04, 0x04, 0x01, 0x61, 0x00, 0x01, 0x01, 0x31,
    0x4D, 0x00, 0x00, 0x00, 0x03, 0x61, 0x00, 0x03, 0x03, 0x2B, 0x4D, 0x00, 0x02, 0x02, 0x2D, 0x02,
    0x4E, 0x59, 0x40, 0x0C, 0x3A, 0x38, 0x29, 0x28, 0x1E, 0x1D, 0x13, 0x11, 0x10, 0x05, 0x08, 0x17,
    0x2B, 0x01, 0x22, 0x0E, 0x02, 0x15, 0x14, 0x1E, 0x02, 0x17, 0x35, 0x34, 0x3E, 0x04, 0x33, 0x32,
    0x1E, 0x02, 0x15, 0x14, 0x0E, 0x02, 0x07, 0x11, 0x23, 0x11, 0x2E, 0x03, 0x35, 0x34, 0x3E, 0x02,
    0x33, 0x01, 0x14, 0x06, 0x15, 0x3E, 0x05, 0x35, 0x34, 0x2E, 0x02, 0x23, 0x22, 0x0E, 0x02, 0x02,
    0x10, 0x37, 0x51, 0x36, 0x1A, 0x16, 0x39, 0x60, 0x4B, 0x07, 0x17, 0x2F, 0x4F, 0x76, 0x54, 0x6C,
    0x96, 0x5F, 0x2B, 0x3E, 0x80, 0xC4, 0x86, 0xEA, 0x88, 0xB8, 0x71, 0x31, 0x38, 0x71, 0xA8, 0x6F,
    0x01, 0x0D, 0x01, 0x40, 0x5D, 0x40, 0x27, 0x15, 0x07, 0x0E, 0x22, 0x3C, 0x2E, 0x27, 0x33, 0x1F,
    0x0C, 0x03, 0x9D, 0x2F, 0x59, 0x7D, 0x4E, 0x5A, 0x8E, 0x69, 0x45, 0x13, 0xF9, 0x61, 0xB5, 0x9D,
    0x81, 0x5C, 0x33, 0x46, 0x80, 0xB2, 0x6C, 0x84, 0xDE, 0xA5, 0x66, 0x0C, 0xFE, 0x75, 0x01, 0x8B,
    0x0F, 0x5C, 0x97, 0xD0, 0x83, 0x76, 0xB8, 0x7F, 0x42, 0xFD, 0xFC, 0x68, 0xCF, 0x68, 0x06, 0x2F,
    0x47, 0x5B, 0x67, 0x6D, 0x36, 0x3D, 0x70, 0x55, 0x32, 0x2B, 0x5B, 0x8D, 0x00, 0x01, 0xFF, 0xF6,
    0xFE, 0x75, 0x04, 0x76, 0x04, 0x44, 0x00, 0x1C, 0x00, 0x26, 0x40, 0x23, 0x1B, 0x12, 0x0F, 0x03,
    0x04, 0x02, 0x00, 0x01, 0x4C, 0x01, 0x01, 0x00, 0x00, 0x2B, 0x4D, 0x04, 0x03, 0x02, 0x02, 0x02,
    0x2D, 0x02, 0x4E, 0x00, 0x00, 0x00, 0x1C, 0x00, 0x1C, 0x15, 0x14, 0x1B, 0x05, 0x08, 0x19, 0x2B,
    0x03, 0x36, 0x12, 0x37, 0x26, 0x26, 0x27, 0x2E, 0x03, 0x27, 0x21, 0x16, 0x16, 0x17, 0x01, 0x33,
    0x01, 0x01, 0x16, 0x16, 0x17, 0x21, 0x26, 0x26, 0x27, 0x27, 0x01, 0x0A, 0x70, 0xDF, 0x70, 0x32,
    0x60, 0x32, 0x2A, 0x40, 0x33, 0x28, 0x13, 0x01, 0x12, 0x35, 0x8B, 0x59, 0x01, 0x17, 0xD0, 0xFE,
    0x7D, 0x01, 0x08, 0x41, 0x64, 0x21, 0xFE, 0xEC, 0x42, 0x5B, 0x26, 0x85, 0xFE, 0xAD, 0xFE, 0x75,
    0xC0, 0x01, 0x7D, 0xC0, 0x5B, 0xB3, 0x5B, 0x4D, 0x71, 0x54, 0x3D, 0x1A, 0x4B, 0xF2, 0xA2, 0x01,
    0xDF, 0xFD, 0x69, 0xFE, 0x1E, 0x76, 0xAF, 0x31, 0x64, 0xA5, 0x47, 0xF6, 0xFD, 0xBA, 0x00, 0x00,
    0x00, 0x01, 0x00, 0x37, 0xFE, 0x75, 0x05, 0x6F, 0x05, 0x03, 0x00, 0x26, 0x00, 0x54, 0xB6, 0x16,
    0x13, 0x02, 0x00, 0x01, 0x01, 0x4C, 0x4B, 0xB0, 0x2A, 0x50, 0x58, 0x40, 0x18, 0x03, 0x01, 0x01,
    0x01, 0x2B, 0x4D, 0x04, 0x01, 0x00, 0x00, 0x29, 0x4D, 0x00, 0x02, 0x02, 0x05, 0x5F, 0x06, 0x01,
    0x05, 0x05, 0x2D, 0x05, 0x4E, 0x1B, 0x40, 0x18, 0x03, 0x01, 0x01, 0x01, 0x2B, 0x4D, 0x04, 0x01,
    0x00, 0x00, 0x2C, 0x4D, 0x00, 0x02, 0x02, 0x05, 0x5F, 0x06, 0x01, 0x05, 0x05, 0x2D, 0x05, 0x4E,
    0x59, 0x40, 0x0E, 0x00, 0x00, 0x00, 0x26, 0x00, 0x26, 0x16, 0x18, 0x1A, 0x17, 0x11, 0x07, 0x08,
    0x1B, 0x2B, 0x01, 0x11, 0x2E, 0x03, 0x35, 0x35, 0x34, 0x27, 0x33, 0x16, 0x16, 0x15, 0x15, 0x14,
    0x1E, 0x02, 0x17, 0x11, 0x33, 0x11, 0x3E, 0x03, 0x35, 0x34, 0x27, 0x33, 0x16, 0x15, 0x14, 0x0E,
    0x02, 0x07, 0x11, 0x02, 0x74, 0x90, 0xC5, 0x7B, 0x36, 0x37, 0xF3, 0x1B, 0x18, 0x11, 0x3A, 0x6E,
    0x5E, 0xEB, 0x50, 0x70, 0x45, 0x1F, 0x50, 0xEE, 0x4E, 0x43, 0x84, 0xC6, 0x83, 0xFE, 0x75, 0x01,
    0x8B, 0x05, 0x50, 0x9D, 0xF0, 0xA5, 0x90, 0xBF, 0x6E, 0x32, 0x8F, 0x61, 0x88, 0x6D, 0xB1, 0x80,
    0x4D, 0x09, 0x04, 0x5D, 0xFB, 0xA3, 0x09, 0x48, 0x7D, 0xAF, 0x70, 0xF0, 0xC1, 0xCF, 0xF3, 0x8A,
    0xE4, 0xA8, 0x64, 0x08, 0xFE, 0x75, 0x00, 0x00, 0x00, 0x01, 0x00, 0x5A, 0xFF, 0xE7, 0x06, 0x26,
    0x04, 0x44, 0x00, 0x46, 0x00, 0x2F, 0x40, 0x2C, 0x2A, 0x1F, 0x02, 0x02, 0x03, 0x01, 0x4C, 0x00,
    0x03, 0x01, 0x02, 0x01, 0x03, 0x02, 0x80, 0x05, 0x01, 0x01, 0x01, 0x2B, 0x4D, 0x04, 0x01, 0x02,
    0x02, 0x00, 0x62, 0x06, 0x01, 0x00, 0x00, 0x32, 0x00, 0x4E, 0x29, 0x19, 0x29, 0x19, 0x29, 0x19,
    0x24, 0x07, 0x08, 0x1D, 0x2B, 0x01, 0x0E, 0x03, 0x23, 0x22, 0x2E, 0x04, 0x35, 0x34, 0x12, 0x37,
    0x33, 0x06, 0x02, 0x15, 0x14, 0x1E, 0x04, 0x33, 0x32, 0x3E, 0x02, 0x37, 0x26, 0x26, 0x35, 0x34,
    0x37, 0x33, 0x16, 0x15, 0x14, 0x06, 0x07, 0x1E, 0x03, 0x33, 0x32, 0x3E, 0x04, 0x35, 0x34, 0x02,
    0x27, 0x33, 0x16, 0x12, 0x15, 0x14, 0x0E, 0x04, 0x23, 0x22, 0x26, 0x03, 0x3E, 0x1D, 0x48, 0x59,
    0x6C, 0x40, 0x4B, 0x73, 0x54, 0x38, 0x22, 0x0E, 0x45, 0x49, 0xFA, 0x51, 0x51, 0x06, 0x0F, 0x1A,
    0x28, 0x39, 0x26, 0x30, 0x49, 0x37, 0x26, 0x0E, 0x1A, 0x1E, 0x35, 0xD2, 0x34, 0x1D, 0x1A, 0x0E,
    0x25, 0x36, 0x4B, 0x33, 0x27, 0x39, 0x28, 0x18, 0x0E, 0x05, 0x53, 0x4F, 0xFA, 0x4B, 0x43, 0x13,
    0x27, 0x3D, 0x54, 0x6C, 0x42, 0x81, 0xB3, 0x01, 0x08, 0x42, 0x6B, 0x4B, 0x29, 0x2F, 0x51, 0x6D,
    0x7C, 0x86, 0x41, 0x98, 0x01, 0x15, 0x80, 0x87, 0xFE, 0xE6, 0x8E, 0x25, 0x53, 0x53, 0x4C, 0x3A,
    0x23, 0x30, 0x50, 0x6A, 0x39, 0x42, 0x84, 0x3E, 0x8A, 0x8A, 0x87, 0x8D, 0x3D, 0x89, 0x45, 0x32,
    0x65, 0x51, 0x34, 0x28, 0x40, 0x52, 0x56, 0x50, 0x1F, 0x8C, 0x01, 0x16, 0x82, 0x84, 0xFE, 0xEC,
    0x95, 0x3D, 0x82, 0x7C, 0x70, 0x54, 0x31, 0x90, 0x00, 0x03, 0x00, 0x0E, 0xFF, 0xE7, 0x02, 0xD0,
    0x05, 0xD3, 0x00, 0x13, 0x00, 0x17, 0x00, 0x1B, 0x00, 0x69, 0x40, 0x0A, 0x13, 0x01, 0x02, 0x01,
    0x00, 0x01, 0x00, 0x02, 0x02, 0x4C, 0x4B, 0xB0, 0x2A, 0x50, 0x58, 0x40, 0x1E, 0x08, 0x06, 0x07,
    0x03, 0x04, 0x04, 0x03, 0x5F, 0x05, 0x01, 0x03, 0x03, 0x28, 0x4D, 0x00, 0x01, 0x01, 0x2B, 0x4D,
    0x00, 0x02, 0x02, 0x00, 0x62, 0x00, 0x00, 0x00, 0x32, 0x00, 0x4E, 0x1B, 0x40, 0x1C, 0x05, 0x01,
    0x03, 0x08, 0x06, 0x07, 0x03, 0x04, 0x01, 0x03, 0x04, 0x67, 0x00, 0x01, 0x01, 0x2B, 0x4D, 0x00,
    0x02, 0x02, 0x00, 0x62, 0x00, 0x00, 0x00, 0x32, 0x00, 0x4E, 0x59, 0x40, 0x15, 0x18, 0x18, 0x14,
    0x14, 0x18, 0x1B, 0x18, 0x1B, 0x1A, 0x19, 0x14, 0x17, 0x14, 0x17, 0x13, 0x25, 0x17, 0x21, 0x09,
    0x08, 0x1A, 0x2B, 0x25, 0x06, 0x23, 0x22, 0x27, 0x2E, 0x03, 0x35, 0x11, 0x33, 0x11, 0x14, 0x1E,
    0x02, 0x33, 0x32, 0x37, 0x01, 0x35, 0x33, 0x15, 0x33, 0x35, 0x33, 0x15, 0x02, 0xD0, 0x6B, 0x6E,
    0xA5, 0x4F, 0x1C, 0x23, 0x13, 0x06, 0xF6, 0x10, 0x24, 0x39, 0x29, 0x45, 0x54, 0xFD, 0x3E, 0xC6,
    0xDD, 0xC6, 0x15, 0x2E, 0x53, 0x1D, 0x49, 0x60, 0x7D, 0x51, 0x02, 0x76, 0xFD, 0x58, 0x4A, 0x65,
    0x3F, 0x1C, 0x2A, 0x04, 0x51, 0xC6, 0xC6, 0xC6, 0xC6, 0x00, 0x00, 0x00, 0x00, 0x03, 0x00, 0x8A,
    0xFF, 0xE7, 0x04, 0x18, 0x05, 0xD3, 0x00, 0x19, 0x00, 0x1D, 0x00, 0x21, 0x00, 0x60, 0x4B, 0xB0,
    0x2A, 0x50, 0x58, 0x40, 0x1F, 0x09, 0x07, 0x08, 0x03, 0x05, 0x05, 0x04, 0x5F, 0x06, 0x01, 0x04,
    0x04, 0x28, 0x4D, 0x02, 0x01, 0x00, 0x00, 0x2B, 0x4D, 0x00, 0x01, 0x01, 0x03, 0x62, 0x00, 0x03,
    0x03, 0x32, 0x03, 0x4E, 0x1B, 0x40, 0x1D, 0x06, 0x01, 0x04, 0x09, 0x07, 0x08, 0x03, 0x05, 0x00,
    0x04, 0x05, 0x67, 0x02, 0x01, 0x00, 0x00, 0x2B, 0x4D, 0x00, 0x01, 0x01, 0x03, 0x62, 0x00, 0x03,
    0x03, 0x32, 0x03, 0x4E, 0x59, 0x40, 0x16, 0x1E, 0x1E, 0x1A, 0x1A, 0x1E, 0x21, 0x1E, 0x21, 0x20,
    0x1F, 0x1A, 0x1D, 0x1A, 0x1D, 0x17, 0x25, 0x15, 0x24, 0x10, 0x0A, 0x08, 0x1B, 0x2B, 0x13, 0x33,
    0x11, 0x14, 0x17, 0x16, 0x33, 0x32, 0x37, 0x36, 0x27, 0x12, 0x03, 0x21, 0x12, 0x11, 0x10, 0x07,
    0x06, 0x23, 0x22, 0x27, 0x26, 0x27, 0x26, 0x35, 0x13, 0x35, 0x33, 0x15, 0x33, 0x35, 0x33, 0x15,
    0x8A, 0xF7, 0x31, 0x31, 0x7B, 0x70, 0x42, 0x43, 0x01, 0x02, 0xB1, 0x01, 0x05, 0x70, 0x86, 0x84,
    0xD0, 0xC0, 0x76, 0x48, 0x1C, 0x1A, 0x65, 0xC6, 0xDD, 0xC6, 0x04, 0x44, 0xFD, 0xE8, 0xF2, 0x56,
    0x57, 0x60, 0x60, 0x98, 0x01, 0x31, 0x01, 0x2E, 0xFE, 0xF0, 0xFE, 0xEA, 0xFE, 0xFE, 0x9B, 0x9A,
    0x70, 0x44, 0x5F, 0x60, 0xC1, 0x02, 0xF2, 0xC6, 0xC6, 0xC6, 0xC6, 0x00, 0x00, 0x03, 0x00, 0x50,
    0xFF, 0xE7, 0x04, 0x5A, 0x06, 0xA6, 0x00, 0x13, 0x00, 0x21, 0x00, 0x25, 0x00, 0x40, 0x40, 0x3D,
    0x00, 0x04, 0x05, 0x04, 0x85, 0x08, 0x01, 0x05, 0x01, 0x05, 0x85, 0x00, 0x03, 0x03, 0x01, 0x61,
    0x00, 0x01, 0x01, 0x31, 0x4D, 0x07, 0x01, 0x02, 0x02, 0x00, 0x61, 0x06, 0x01, 0x00, 0x00, 0x32,
    0x00, 0x4E, 0x22, 0x22, 0x15, 0x14, 0x01, 0x00, 0x22, 0x25, 0x22, 0x25, 0x24, 0x23, 0x1B, 0x19,
    0x14, 0x21, 0x15, 0x21, 0x0B, 0x09, 0x00, 0x13, 0x01, 0x13, 0x09, 0x08, 0x16, 0x2B, 0x05, 0x22,
    0x2E, 0x02, 0x35, 0x34, 0x3E, 0x02, 0x33, 0x32, 0x1E, 0x02, 0x15, 0x14, 0x0E, 0x02, 0x27, 0x32,
    0x36, 0x35, 0x34, 0x26, 0x23, 0x22, 0x06, 0x15, 0x14, 0x1E, 0x02, 0x03, 0x13, 0x33, 0x01, 0x02,
    0x4E, 0x74, 0xBD, 0x85, 0x48, 0x49, 0x87, 0xBF, 0x76, 0x76, 0xBF, 0x87, 0x49, 0x49, 0x87, 0xC3,
    0x75, 0x7E, 0x83, 0x85, 0x79, 0x7B, 0x83, 0x21, 0x41, 0x5D, 0x3C, 0xD2, 0xF6, 0xFE, 0xC1, 0x19,
    0x51, 0x95, 0xD3, 0x82, 0x84, 0xD3, 0x94, 0x4F, 0x50, 0x94, 0xD2, 0x82, 0x85, 0xD4, 0x95, 0x4F,
    0xA6, 0xD4, 0xC4, 0xC0, 0xD1, 0xD4, 0xC0, 0x60, 0x97, 0x68, 0x36, 0x04, 0x76, 0x01, 0xA3, 0xFE,
    0x5D, 0x00, 0x00, 0x00, 0x00, 0x02, 0x00, 0x8A, 0xFF, 0xE7, 0x04, 0x18, 0x06, 0xA6, 0x00, 0x19,
    0x00, 0x1D, 0x00, 0x2D, 0x40, 0x2A, 0x00, 0x04, 0x05, 0x04, 0x85, 0x06, 0x01, 0x05, 0x00, 0x05,
    0x85, 0x02, 0x01, 0x00, 0x00, 0x2B, 0x4D, 0x00, 0x01, 0x01, 0x03, 0x62, 0x00, 0x03, 0x03, 0x32,
    0x03, 0x4E, 0x1A, 0x1A, 0x1A, 0x1D, 0x1A, 0x1D, 0x17, 0x25, 0x15, 0x24, 0x10, 0x07, 0x08, 0x1B,
    0x2B, 0x13, 0x33, 0x11, 0x14, 0x17, 0x16, 0x33, 0x32, 0x37, 0x36, 0x27, 0x12, 0x03, 0x21, 0x12,
    0x11, 0x10, 0x07, 0x06, 0x23, 0x22, 0x27, 0x26, 0x27, 0x26, 0x35, 0x01, 0x13, 0x33, 0x01, 0x8A,
    0xF7, 0x31, 0x31, 0x7B, 0x70, 0x42, 0x43, 0x01, 0x02, 0xB1, 0x01, 0x05, 0x70, 0x86, 0x84, 0xD0,
    0xC0, 0x76, 0x48, 0x1C, 0x1A, 0x01, 0x23, 0xD2, 0xF6, 0xFE, 0xC1, 0x04, 0x44, 0xFD, 0xE8, 0xF2,
    0x56, 0x57, 0x60, 0x60, 0x98, 0x01, 0x31, 0x01, 0x2E, 0xFE, 0xF0, 0xFE, 0xEA, 0xFE, 0xFE, 0x9B,
    0x9A, 0x70, 0x44, 0x5F, 0x60, 0xC1, 0x02, 0xE8, 0x01, 0xA3, 0xFE, 0x5D, 0x00, 0x02, 0x00, 0x5A,
    0xFF, 0xE7, 0x06, 0x26, 0x06, 0xA6, 0x00, 0x03, 0x00, 0x4A, 0x00, 0x48, 0x40, 0x45, 0x2E, 0x23,
    0x02, 0x04, 0x05, 0x01, 0x4C, 0x00, 0x00, 0x01, 0x00, 0x85, 0x09, 0x01, 0x01, 0x03, 0x01, 0x85,
    0x00, 0x05, 0x03, 0x04, 0x03, 0x05, 0x04, 0x80, 0x07, 0x01, 0x03, 0x03, 0x2B, 0x4D, 0x06, 0x01,
    0x04, 0x04, 0x02, 0x62, 0x08, 0x01, 0x02, 0x02, 0x32, 0x02, 0x4E, 0x00, 0x00, 0x49, 0x47, 0x3E,
    0x3D, 0x34, 0x32, 0x29, 0x28, 0x1F, 0x1D, 0x14, 0x13, 0x0A, 0x08, 0x00, 0x03, 0x00, 0x03, 0x11,
    0x0A, 0x08, 0x17, 0x2B, 0x01, 0x13, 0x33, 0x01, 0x13, 0x0E, 0x03, 0x23, 0x22, 0x2E, 0x04, 0x35,
    0x34, 0x12, 0x37, 0x33, 0x06, 0x02, 0x15, 0x14, 0x1E, 0x04, 0x33, 0x32, 0x3E, 0x02, 0x37, 0x26,
    0x26, 0x35, 0x34, 0x37, 0x33, 0x16, 0x15, 0x14, 0x06, 0x07, 0x1E, 0x03, 0x33, 0x32, 0x3E, 0x04,
    0x35, 0x34, 0x02, 0x27, 0x33, 0x16, 0x12, 0x15, 0x14, 0x0E, 0x04, 0x23, 0x22, 0x26, 0x02, 0x98,
    0xD2, 0xF6, 0xFE, 0xC1, 0x1D, 0x1D, 0x48, 0x59, 0x6C, 0x40, 0x4B, 0x73, 0x54, 0x38, 0x22, 0x0E,
    0x45, 0x49, 0xFA, 0x51, 0x51, 0x06, 0x0F, 0x1A, 0x28, 0x39, 0x26, 0x30, 0x49, 0x37, 0x26, 0x0E,
    0x1A, 0x1E, 0x35, 0xD2, 0x34, 0x1D, 0x1A, 0x0E, 0x25, 0x36, 0x4B, 0x33, 0x27, 0x39, 0x28, 0x18,
    0x0E, 0x05, 0x53, 0x4F, 0xFA, 0x4B, 0x43, 0x13, 0x27, 0x3D, 0x54, 0x6C, 0x42, 0x81, 0xB3, 0x05,
    0x03, 0x01, 0xA3, 0xFE, 0x5D, 0xFC, 0x05, 0x42, 0x6B, 0x4B, 0x29, 0x2F, 0x51, 0x6D, 0x7C, 0x86,
    0x41, 0x98, 0x01, 0x15, 0x80, 0x87, 0xFE, 0xE6, 0x8E, 0x25, 0x53, 0x53, 0x4C, 0x3A, 0x23, 0x30,
    0x50, 0x6A, 0x39, 0x42, 0x84, 0x3E, 0x8A, 0x8A, 0x87, 0x8D, 0x3D, 0x89, 0x45, 0x32, 0x65, 0x51,
    0x34, 0x28, 0x40, 0x52, 0x56, 0x50, 0x1F, 0x8C, 0x01, 0x16, 0x82, 0x84, 0xFE, 0xEC, 0x95, 0x3D,
    0x82, 0x7C, 0x70, 0x54, 0x31, 0x90, 0x00, 0x00, 0x00, 0x02, 0x00, 0xB5, 0x00, 0x00, 0x05, 0x1A,
    0x07, 0x8F, 0x00, 0x0B, 0x00, 0x0F, 0x00, 0x6E, 0x4B, 0xB0, 0x2A, 0x50, 0x58, 0x40, 0x28, 0x00,
    0x07, 0x06, 0x07, 0x85, 0x00, 0x06, 0x00, 0x06, 0x85, 0x00, 0x02, 0x00, 0x03, 0x04, 0x02, 0x03,
    0x67, 0x00, 0x01, 0x01, 0x00, 0x5F, 0x00, 0x00, 0x00, 0x1A, 0x4D, 0x00, 0x04, 0x04, 0x05, 0x5F,
    0x08, 0x01, 0x05, 0x05, 0x1B, 0x05, 0x4E, 0x1B, 0x40, 0x26, 0x00, 0x07, 0x06, 0x07, 0x85, 0x00,
    0x06, 0x00, 0x06, 0x85, 0x00, 0x00, 0x00, 0x01, 0x02, 0x00, 0x01, 0x68, 0x00, 0x02, 0x00, 0x03,
    0x04, 0x02, 0x03, 0x67, 0x00, 0x04, 0x04, 0x05, 0x5F, 0x08, 0x01, 0x05, 0x05, 0x1D, 0x05, 0x4E,
    0x59, 0x40, 0x12, 0x00, 0x00, 0x0F, 0x0E, 0x0D, 0x0C, 0x00, 0x0B, 0x00, 0x0B, 0x11, 0x11, 0x11,
    0x11, 0x11, 0x09, 0x07, 0x1B, 0x2B, 0x33, 0x11, 0x21, 0x15, 0x21, 0x11, 0x21, 0x15, 0x21, 0x11,
    0x21, 0x15, 0x01, 0x23, 0x01, 0x33, 0xB5, 0x04, 0x38, 0xFC, 0xCB, 0x02, 0xCC, 0xFD, 0x34, 0x03,
    0x62, 0xFE, 0x64, 0xAF, 0xFE, 0xBF, 0xFF, 0x05, 0xC8, 0xB4, 0xFE, 0x44, 0xB1, 0xFE, 0x10, 0xB7,
    0x06, 0x4E, 0x01, 0x41, 0x00, 0x03, 0x00, 0xB5, 0x00, 0x00, 0x05, 0x1A, 0x07, 0x27, 0x00, 0x0B,
    0x00, 0x0F, 0x00, 0x13, 0x00, 0x7E, 0x4B, 0xB0, 0x2A, 0x50, 0x58, 0x40, 0x2A, 0x08, 0x01, 0x06,
    0x0C, 0x09, 0x0B, 0x03, 0x07, 0x00, 0x06, 0x07, 0x67, 0x00, 0x02, 0x00, 0x03, 0x04, 0x02, 0x03,
    0x67, 0x00, 0x01, 0x01, 0x00, 0x5F, 0x00, 0x00, 0x00, 0x1A, 0x4D, 0x00, 0x04, 0x04, 0x05, 0x5F,
    0x0A, 0x01, 0x05, 0x05, 0x1B, 0x05, 0x4E, 0x1B, 0x40, 0x28, 0x08, 0x01, 0x06, 0x0C, 0x09, 0x0B,
    0x03, 0x07, 0x00, 0x06, 0x07, 0x67, 0x00, 0x00, 0x00, 0x01, 0x02, 0x00, 0x01, 0x67, 0x00, 0x02,
    0x00, 0x03, 0x04, 0x02, 0x03, 0x67, 0x00, 0x04, 0x04, 0x05, 0x5F, 0x0A, 0x01, 0x05, 0x05, 0x1D,
    0x05, 0x4E, 0x59, 0x40, 0x1E, 0x10, 0x10, 0x0C, 0x0C, 0x00, 0x00, 0x10, 0x13, 0x10, 0x13, 0x12,
    0x11, 0x0C, 0x0F, 0x0C, 0x0F, 0x0E, 0x0D, 0x00, 0x0B, 0x00, 0x0B, 0x11, 0x11, 0x11, 0x11, 0x11,
    0x0D, 0x07, 0x1B, 0x2B, 0x33, 0x11, 0x21, 0x15, 0x21, 0x11, 0x21, 0x15, 0x21, 0x11, 0x21, 0x15,
    0x01, 0x35, 0x33, 0x15, 0x33, 0x35, 0x33, 0x15, 0xB5, 0x04, 0x38, 0xFC, 0xCB, 0x02, 0xCC, 0xFD,
    0x34, 0x03, 0x62, 0xFC, 0x87, 0xC5, 0xDC, 0xC6, 0x05, 0xC8, 0xB4, 0xFE, 0x44, 0xB1, 0xFE, 0x10,
    0xB7, 0x06, 0x62, 0xC5, 0xC5, 0xC5, 0xC5, 0x00, 0x00, 0x01, 0x00, 0x1B, 0xFF, 0xF4, 0x06, 0xAA,
    0x05, 0xC8, 0x00, 0x29, 0x00, 0x82, 0x4B, 0xB0, 0x2A, 0x50, 0x58, 0x40, 0x0F, 0x00, 0x01, 0x03,
    0x00, 0x21, 0x11, 0x02, 0x02, 0x03, 0x10, 0x01, 0x01, 0x02, 0x03, 0x4C, 0x1B, 0x40, 0x0F, 0x00,
    0x01, 0x03, 0x00, 0x21, 0x11, 0x02, 0x02, 0x03, 0x10, 0x01, 0x04, 0x02, 0x03, 0x4C, 0x59, 0x4B,
    0xB0, 0x2A, 0x50, 0x58, 0x40, 0x1F, 0x00, 0x00, 0x00, 0x03, 0x02, 0x00, 0x03, 0x69, 0x07, 0x01,
    0x05, 0x05, 0x06, 0x5F, 0x00, 0x06, 0x06, 0x1A, 0x4D, 0x00, 0x02, 0x02, 0x01, 0x61, 0x04, 0x01,
    0x01, 0x01, 0x1B, 0x01, 0x4E, 0x1B, 0x40, 0x21, 0x00, 0x06, 0x07, 0x01, 0x05, 0x00, 0x06, 0x05,
    0x67, 0x00, 0x00, 0x00, 0x03, 0x02, 0x00, 0x03, 0x69, 0x00, 0x04, 0x04, 0x1D, 0x4D, 0x00, 0x02,
    0x02, 0x01, 0x61, 0x00, 0x01, 0x01, 0x1D, 0x01, 0x4E, 0x59, 0x40, 0x0B, 0x11, 0x11, 0x11, 0x13,
    0x28, 0x25, 0x28, 0x22, 0x08, 0x07, 0x1E, 0x2B, 0x01, 0x36, 0x36, 0x33, 0x32, 0x1E, 0x02, 0x15,
    0x14, 0x0E, 0x02, 0x23, 0x22, 0x26, 0x27, 0x35, 0x16, 0x16, 0x33, 0x32, 0x3E, 0x02, 0x35, 0x34,
    0x2E, 0x02, 0x23, 0x22, 0x06, 0x07, 0x11, 0x21, 0x11, 0x21, 0x35, 0x21, 0x15, 0x21, 0x02, 0xF4,
    0x60, 0xCF, 0x6C, 0x87, 0xCB, 0x86, 0x43, 0x49, 0x81, 0xB4, 0x6A, 0x26, 0x53, 0x24, 0x17, 0x3A,
    0x1A, 0x40, 0x65, 0x45, 0x24, 0x27, 0x4F, 0x76, 0x4F, 0x66, 0xB4, 0x55, 0xFF, 0x00, 0xFE, 0x27,
    0x04, 0xC6, 0xFE, 0x13, 0x03, 0x4F, 0x43, 0x48, 0x47, 0x7E, 0xAE, 0x68, 0x6D, 0xBF, 0x8D, 0x52,
    0x08, 0x06, 0xAB, 0x05, 0x08, 0x32, 0x5A, 0x7A, 0x48, 0x3D, 0x68, 0x4D, 0x2B, 0x4B, 0x47, 0xFD,
    0x87, 0x05, 0x14, 0xB4, 0xB4, 0x00, 0x00, 0x00, 0x00, 0x02, 0x00, 0xB0, 0x00, 0x00, 0x04, 0x5E,
    0x07, 0x8F, 0x00, 0x05, 0x00, 0x09, 0x00, 0x4F, 0x4B, 0xB0, 0x2A, 0x50, 0x58, 0x40, 0x1B, 0x00,
    0x03, 0x04, 0x03, 0x85, 0x05, 0x01, 0x04, 0x01, 0x04, 0x85, 0x00, 0x02, 0x02, 0x01, 0x5F, 0x00,
    0x01, 0x01, 0x1A, 0x4D, 0x00, 0x00, 0x00, 0x1B, 0x00, 0x4E, 0x1B, 0x40, 0x19, 0x00, 0x03, 0x04,
    0x03, 0x85, 0x05, 0x01, 0x04, 0x01, 0x04, 0x85, 0x00, 0x01, 0x00, 0x02, 0x00, 0x01, 0x02, 0x68,
    0x00, 0x00, 0x00, 0x1D, 0x00, 0x4E, 0x59, 0x40, 0x0D, 0x06, 0x06, 0x06, 0x09, 0x06, 0x09, 0x12,
    0x11, 0x11, 0x10, 0x06, 0x07, 0x1A, 0x2B, 0x21, 0x21, 0x11, 0x21, 0x15, 0x21, 0x13, 0x13, 0x33,
    0x01, 0x01, 0xB3, 0xFE, 0xFD, 0x03, 0xAE, 0xFD, 0x55, 0x22, 0xF1, 0xFE, 0xFE, 0xBF, 0x05, 0xC8,
    0xBE, 0x01, 0x44, 0x01, 0x41, 0xFE, 0xBF, 0x00, 0x00, 0x01, 0x00, 0x5B, 0xFF, 0xDB, 0x05, 0x5E,
    0x05, 0xED, 0x00, 0x23, 0x00, 0x63, 0x40, 0x12, 0x10, 0x01, 0x02, 0x01, 0x11, 0x01, 0x03, 0x02,
    0x23, 0x01, 0x05, 0x04, 0x00, 0x01, 0x00, 0x05, 0x04, 0x4C, 0x4B, 0xB0, 0x2A, 0x50, 0x58, 0x40,
    0x1D, 0x00, 0x03, 0x00, 0x04, 0x05, 0x03, 0x04, 0x67, 0x00, 0x02, 0x02, 0x01, 0x61, 0x00, 0x01,
    0x01, 0x1F, 0x4D, 0x00, 0x05, 0x05, 0x00, 0x61, 0x00, 0x00, 0x00, 0x20, 0x00, 0x4E, 0x1B, 0x40,
    0x1B, 0x00, 0x01, 0x00, 0x02, 0x03, 0x01, 0x02, 0x69, 0x00, 0x03, 0x00, 0x04, 0x05, 0x03, 0x04,
    0x67, 0x00, 0x05, 0x05, 0x00, 0x61, 0x00, 0x00, 0x00, 0x22, 0x00, 0x4E, 0x59, 0x40, 0x09, 0x24,
    0x11, 0x14, 0x25, 0x28, 0x22, 0x06, 0x07, 0x1C, 0x2B, 0x25, 0x06, 0x06, 0x23, 0x22, 0x24, 0x26,
    0x02, 0x35, 0x34, 0x12, 0x36, 0x24, 0x33, 0x32, 0x16, 0x17, 0x15, 0x26, 0x26, 0x23, 0x22, 0x0E,
    0x02, 0x07, 0x21, 0x15, 0x21, 0x14, 0x1E, 0x02, 0x33, 0x32, 0x37, 0x05, 0x5E, 0x71, 0xF9, 0x8C,
    0xBF, 0xFE, 0xDC, 0xC5, 0x65, 0x6B, 0xCC, 0x01, 0x2B, 0xC0, 0x70, 0xE4, 0x7F, 0x84, 0xD9, 0x61,
    0x6F, 0xBC, 0x8C, 0x58, 0x0C, 0x02, 0xF5, 0xFD, 0x04, 0x50, 0x92, 0xCC, 0x7C, 0xD8, 0xEC, 0x44,
    0x34, 0x35, 0x65, 0xC5, 0x01, 0x21, 0xBD, 0xC1, 0x01, 0x24, 0xC3, 0x62, 0x1F, 0x1E, 0xD8, 0x30,
    0x2F, 0x3E, 0x78, 0xB0, 0x73, 0xB0, 0x7E, 0xC7, 0x8A, 0x48, 0x79, 0x00, 0x00, 0x01, 0x00, 0x6F,
    0xFF, 0xDC, 0x04, 0xF2, 0x05, 0xED, 0x00, 0x31, 0x00, 0x51, 0x40, 0x0F, 0x17, 0x01, 0x02, 0x01,
    0x18, 0x00, 0x02, 0x00, 0x02, 0x31, 0x01, 0x03, 0x00, 0x03, 0x4C, 0x4B, 0xB0, 0x2A, 0x50, 0x58,
    0x40, 0x15, 0x00, 0x02, 0x02, 0x01, 0x61, 0x00, 0x01, 0x01, 0x1F, 0x4D, 0x00, 0x00, 0x00, 0x03,
    0x61, 0x00, 0x03, 0x03, 0x20, 0x03, 0x4E, 0x1B, 0x40, 0x13, 0x00, 0x01, 0x00, 0x02, 0x00, 0x01,
    0x02, 0x69, 0x00, 0x00, 0x00, 0x03, 0x61, 0x00, 0x03, 0x03, 0x22, 0x03, 0x4E, 0x59, 0x40, 0x0A,
    0x2F, 0x2D, 0x1C, 0x1A, 0x16, 0x14, 0x21, 0x04, 0x07, 0x17, 0x2B, 0x13, 0x04, 0x21, 0x20, 0x35,
    0x34, 0x2E, 0x02, 0x27, 0x2E, 0x03, 0x27, 0x2E, 0x03, 0x35, 0x10, 0x21, 0x32, 0x17, 0x15, 0x26,
    0x26, 0x23, 0x22, 0x06, 0x15, 0x14, 0x1E, 0x02, 0x17, 0x17, 0x1E, 0x05, 0x15, 0x14, 0x04, 0x21,
    0x22, 0x24, 0x27, 0x6F, 0x01, 0x1D, 0x01, 0x0F, 0x01, 0x49, 0x10, 0x20, 0x2D, 0x1E, 0x20, 0x52,
    0x5C, 0x60, 0x2E, 0x73, 0x9E, 0x61, 0x2A, 0x02, 0x3C, 0xF9, 0xEA, 0x7B, 0xF0, 0x77, 0xA7, 0x98,
    0x11, 0x28, 0x44, 0x33, 0x69, 0x75, 0xB7, 0x89, 0x5F, 0x3B, 0x1B, 0xFE, 0xC8, 0xFE, 0xD6, 0x78,
    0xFE, 0xEF, 0x98, 0x01, 0x06, 0x77, 0xDA, 0x24, 0x36, 0x2C, 0x26, 0x13, 0x0F, 0x20, 0x20, 0x21,
    0x11, 0x28, 0x57, 0x67, 0x7A, 0x4D, 0x01, 0x97, 0x39, 0xD6, 0x2E, 0x2C, 0x5B, 0x69, 0x23, 0x35,
    0x2D, 0x27, 0x13, 0x28, 0x27, 0x45, 0x44, 0x49, 0x57, 0x6A, 0x43, 0xD4, 0xE0, 0x24, 0x20, 0x00,
    0x00, 0x01, 0x00, 0x70, 0x00, 0x00, 0x02, 0xF8, 0x05, 0xC8, 0x00, 0x0B, 0x00, 0x4A, 0x4B, 0xB0,
    0x2A, 0x50, 0x58, 0x40, 0x18, 0x03, 0x01, 0x01, 0x01, 0x02, 0x5F, 0x00, 0x02, 0x02, 0x1A, 0x4D,
    0x04, 0x01, 0x00, 0x00, 0x05, 0x5F, 0x06, 0x01, 0x05, 0x05, 0x1B, 0x05, 0x4E, 0x1B, 0x40, 0x16,
    0x00, 0x02, 0x03, 0x01, 0x01, 0x00, 0x02, 0x01, 0x67, 0x04, 0x01, 0x00, 0x00, 0x05, 0x5F, 0x06,
    0x01, 0x05, 0x05, 0x1D, 0x05, 0x4E, 0x59, 0x40, 0x0E, 0x00, 0x00, 0x00, 0x0B, 0x00, 0x0B, 0x11,
    0x11, 0x11, 0x11, 0x11, 0x07, 0x07, 0x1B, 0x2B, 0x33, 0x35, 0x33, 0x11, 0x23, 0x35, 0x21, 0x15,
    0x23, 0x11, 0x33, 0x15, 0x70, 0xC3, 0xC3, 0x02, 0x88, 0xC3, 0xC3, 0xB7, 0x04, 0x59, 0xB8, 0xB8,
    0xFB, 0xA7, 0xB7, 0x00, 0x00, 0x03, 0x00, 0x70, 0x00, 0x00, 0x02, 0xF8, 0x07, 0x13, 0x00, 0x03,
    0x00, 0x07, 0x00, 0x13, 0x00, 0x76, 0x4B, 0xB0, 0x2A, 0x50, 0x58, 0x40, 0x24, 0x02, 0x01, 0x00,
    0x0B, 0x03, 0x0A, 0x03, 0x01, 0x06, 0x00, 0x01, 0x67, 0x07, 0x01, 0x05, 0x05, 0x06, 0x5F, 0x00,
    0x06, 0x06, 0x1A, 0x4D, 0x08, 0x01, 0x04, 0x04, 0x09, 0x5F, 0x0C, 0x01, 0x09, 0x09, 0x1B, 0x09,
    0x4E, 0x1B, 0x40, 0x22, 0x02, 0x01, 0x00, 0x0B, 0x03, 0x0A, 0x03, 0x01, 0x06, 0x00, 0x01, 0x67,
    0x00, 0x06, 0x07, 0x01, 0x05, 0x04, 0x06, 0x05, 0x67, 0x08, 0x01, 0x04, 0x04, 0x09, 0x5F, 0x0C,
    0x01, 0x09, 0x09, 0x1D, 0x09, 0x4E, 0x59, 0x40, 0x22, 0x08, 0x08, 0x04, 0x04, 0x00, 0x00, 0x08,
    0x13, 0x08, 0x13, 0x12, 0x11, 0x10, 0x0F, 0x0E, 0x0D, 0x0C, 0x0B, 0x0A, 0x09, 0x04, 0x07, 0x04,
    0x07, 0x06, 0x05, 0x00, 0x03, 0x00, 0x03, 0x11, 0x0D, 0x07, 0x17, 0x2B, 0x13, 0x35, 0x33, 0x15,
    0x33, 0x35, 0x33, 0x15, 0x01, 0x35, 0x33, 0x11, 0x23, 0x35, 0x21, 0x15, 0x23, 0x11, 0x33, 0x15,
    0x80, 0xC6, 0xDC, 0xC6, 0xFD, 0x88, 0xC3, 0xC3, 0x02, 0x88, 0xC3, 0xC3, 0x06, 0x4E, 0xC5, 0xC5,
    0xC5, 0xC5, 0xF9, 0xB2, 0xB7, 0x04, 0x59, 0xB8, 0xB8, 0xFB, 0xA7, 0xB7, 0x00, 0x01, 0x00, 0x28,
    0xFE, 0xD8, 0x03, 0x84, 0x05, 0xC8, 0x00, 0x11, 0x00, 0x4A, 0x40, 0x0A, 0x00, 0x01, 0x00, 0x01,
    0x11, 0x01, 0x03, 0x00, 0x02, 0x4C, 0x4B, 0xB0, 0x2A, 0x50, 0x58, 0x40, 0x12, 0x00, 0x00, 0x00,
    0x03, 0x00, 0x03, 0x65, 0x00, 0x01, 0x01, 0x02, 0x5F, 0x00, 0x02, 0x02, 0x1A, 0x01, 0x4E, 0x1B,
    0x40, 0x18, 0x00, 0x02, 0x00, 0x01, 0x00, 0x02, 0x01, 0x67, 0x00, 0x00, 0x03, 0x03, 0x00, 0x59,
    0x00, 0x00, 0x00, 0x03, 0x61, 0x00, 0x03, 0x00, 0x03, 0x51, 0x59, 0xB6, 0x23, 0x11, 0x15, 0x21,
    0x04, 0x07, 0x1A, 0x2B, 0x17, 0x16, 0x33, 0x32, 0x3E, 0x02, 0x35, 0x11, 0x23, 0x35, 0x21, 0x11,
    0x14, 0x06, 0x21, 0x22, 0x27, 0x28, 0xAF, 0xA0, 0x4C, 0x67, 0x3D, 0x1A, 0xEB, 0x01, 0xEE, 0xFF,
    0xFE, 0xF4, 0xAB, 0xA6, 0x29, 0x42, 0x1A, 0x42, 0x70, 0x55, 0x04, 0x5B, 0xB7, 0xFB, 0x02, 0xFF,
    0xF3, 0x36, 0x00, 0x00, 0x00, 0x02, 0x00, 0x20, 0x00, 0x00, 0x08, 0x44, 0x05, 0xC8, 0x00, 0x0A,
    0x00, 0x36, 0x00, 0x99, 0x4B, 0xB0, 0x22, 0x50, 0x58, 0x40, 0x20, 0x00, 0x05, 0x00, 0x01, 0x00,
    0x05, 0x01, 0x67, 0x08, 0x01, 0x07, 0x07, 0x04, 0x5F, 0x00, 0x04, 0x04, 0x1A, 0x4D, 0x03, 0x01,
    0x00, 0x00, 0x02, 0x61, 0x06, 0x01, 0x02, 0x02, 0x1B, 0x02, 0x4E, 0x1B, 0x4B, 0xB0, 0x2A, 0x50,
    0x58, 0x40, 0x2A, 0x00, 0x05, 0x00, 0x01, 0x03, 0x05, 0x01, 0x67, 0x08, 0x01, 0x07, 0x07, 0x04,
    0x5F, 0x00, 0x04, 0x04, 0x1A, 0x4D, 0x00, 0x03, 0x03, 0x02, 0x61, 0x06, 0x01, 0x02, 0x02, 0x1B,
    0x4D, 0x00, 0x00, 0x00, 0x02, 0x61, 0x06, 0x01, 0x02, 0x02, 0x1B, 0x02, 0x4E, 0x1B, 0x40, 0x28,
    0x00, 0x04, 0x08, 0x01, 0x07, 0x05, 0x04, 0x07, 0x67, 0x00, 0x05, 0x00, 0x01, 0x03, 0x05, 0x01,
    0x67, 0x00, 0x03, 0x03, 0x02, 0x61, 0x06, 0x01, 0x02, 0x02, 0x1D, 0x4D, 0x00, 0x00, 0x00, 0x02,
    0x61, 0x06, 0x01, 0x02, 0x02, 0x1D, 0x02, 0x4E, 0x59, 0x59, 0x40, 0x10, 0x0B, 0x0B, 0x0B, 0x36,
    0x0B, 0x36, 0x2B, 0x31, 0x1A, 0x11, 0x1C, 0x26, 0x20, 0x09, 0x07, 0x1D, 0x2B, 0x25, 0x33, 0x32,
    0x3E, 0x02, 0x35, 0x34, 0x26, 0x23, 0x23, 0x01, 0x15, 0x10, 0x02, 0x07, 0x0E, 0x03, 0x07, 0x06,
    0x06, 0x07, 0x35, 0x36, 0x37, 0x36, 0x36, 0x37, 0x3E, 0x02, 0x12, 0x37, 0x35, 0x21, 0x11, 0x33,
    0x32, 0x16, 0x17, 0x1E, 0x03, 0x15, 0x14, 0x06, 0x07, 0x06, 0x06, 0x23, 0x21, 0x11, 0x05, 0x1C,
    0xAC, 0x62, 0x90, 0x5D, 0x2D, 0xB6, 0xC5, 0xAD, 0xFD, 0x38, 0x21, 0x2C, 0x1A, 0x45, 0x5A, 0x73,
    0x48, 0x1A, 0x39, 0x20, 0x2C, 0x22, 0x37, 0x4F, 0x1D, 0x1F, 0x22, 0x11, 0x05, 0x02, 0x03, 0xB2,
    0xA8, 0x55, 0x82, 0x2E, 0x56, 0x8C, 0x63, 0x36, 0x75, 0x6D, 0x48, 0xE6, 0x9B, 0xFE, 0x83, 0xAC,
    0x1E, 0x3F, 0x62, 0x44, 0x82, 0x78, 0x02, 0x6C, 0x71, 0xFE, 0xBE, 0xFE, 0x48, 0x7A, 0x43, 0x67,
    0x48, 0x2A, 0x06, 0x05, 0x07, 0x02, 0xBA, 0x02, 0x0F, 0x07, 0x32, 0x39, 0x38, 0xBD, 0xF6, 0x01,
    0x25, 0xA1, 0xDA, 0xFD, 0x8D, 0x06, 0x07, 0x0C, 0x3F, 0x65, 0x8B, 0x58, 0x8C, 0xB4, 0x33, 0x23,
    0x1F, 0x05, 0x15, 0x00, 0x00, 0x02, 0x00, 0xA9, 0x00, 0x00, 0x07, 0xF4, 0x05, 0xC8, 0x00, 0x0A,
    0x00, 0x22, 0x00, 0x58, 0x4B, 0xB0, 0x2A, 0x50, 0x58, 0x40, 0x1C, 0x05, 0x01, 0x03, 0x07, 0x01,
    0x01, 0x00, 0x03, 0x01, 0x67, 0x04, 0x01, 0x02, 0x02, 0x1A, 0x4D, 0x00, 0x00, 0x00, 0x06, 0x60,
    0x08, 0x01, 0x06, 0x06, 0x1B, 0x06, 0x4E, 0x1B, 0x40, 0x22, 0x05, 0x01, 0x03, 0x07, 0x01, 0x01,
    0x00, 0x03, 0x01, 0x67, 0x04, 0x01, 0x02, 0x02, 0x06, 0x5F, 0x08, 0x01, 0x06, 0x06, 0x1D, 0x4D,
    0x00, 0x00, 0x00, 0x06, 0x60, 0x08, 0x01, 0x06, 0x06, 0x1D, 0x06, 0x4E, 0x59, 0x40, 0x0C, 0x11,
    0x11, 0x29, 0x21, 0x11, 0x11, 0x11, 0x26, 0x20, 0x09, 0x07, 0x1F, 0x2B, 0x25, 0x33, 0x32, 0x3E,
    0x02, 0x35, 0x34, 0x26, 0x23, 0x23, 0x01, 0x21, 0x11, 0x21, 0x11, 0x21, 0x11, 0x33, 0x32, 0x16,
    0x17, 0x16, 0x15, 0x14, 0x06, 0x07, 0x06, 0x04, 0x23, 0x21, 0x11, 0x21, 0x11, 0x21, 0x04, 0xD6,
    0x9D, 0x63, 0x91, 0x5F, 0x2E, 0xB7, 0xC4, 0xA3, 0xFB, 0xD3, 0x01, 0x00, 0x02, 0x2D, 0x01, 0x00,
    0x9E, 0xAE, 0xFB, 0x48, 0x8F, 0x50, 0x4E, 0x4C, 0xFE, 0xF6, 0xB7, 0xFE, 0x8D, 0xFD, 0xD3, 0xFF,
    0x00, 0xAC, 0x1E, 0x3F, 0x62, 0x44, 0x82, 0x78, 0x03, 0x1F, 0xFD, 0x8D, 0x02, 0x73, 0xFD, 0x8D,
    0x2F, 0x38, 0x67, 0xD2, 0x73, 0xA3, 0x37, 0x39, 0x2F, 0x02, 0xA9, 0xFD, 0x57, 0x00, 0x00, 0x00,
    0x00, 0x01, 0x00, 0x21, 0x00, 0x00, 0x06, 0x53, 0x05, 0xC8, 0x00, 0x1B, 0x00, 0x5D, 0x40, 0x0A,
    0x03, 0x01, 0x03, 0x01, 0x16, 0x01, 0x02, 0x03, 0x02, 0x4C, 0x4B, 0xB0, 0x2A, 0x50, 0x58, 0x40,
    0x1B, 0x00, 0x01, 0x00, 0x03, 0x02, 0x01, 0x03, 0x69, 0x05, 0x01, 0x00, 0x00, 0x06, 0x5F, 0x07,
    0x01, 0x06, 0x06, 0x1A, 0x4D, 0x04, 0x01, 0x02, 0x02, 0x1B, 0x02, 0x4E, 0x1B, 0x40, 0x19, 0x07,
    0x01, 0x06, 0x05, 0x01, 0x00, 0x01, 0x06, 0x00, 0x67, 0x00, 0x01, 0x00, 0x03, 0x02, 0x01, 0x03,
    0x69, 0x04, 0x01, 0x02, 0x02, 0x1D, 0x02, 0x4E, 0x59, 0x40, 0x0F, 0x00, 0x00, 0x00, 0x1B, 0x00,
    0x1B, 0x11, 0x13, 0x25, 0x15, 0x23, 0x11, 0x08, 0x07, 0x1C, 0x2B, 0x01, 0x15, 0x21, 0x11, 0x36,
    0x36, 0x33, 0x32, 0x1E, 0x02, 0x15, 0x11, 0x21, 0x11, 0x34, 0x2E, 0x02, 0x23, 0x22, 0x06, 0x07,
    0x11, 0x21, 0x11, 0x21, 0x35, 0x04, 0xA9, 0xFE, 0x41, 0x52, 0xCD, 0x74, 0x7B, 0xB1, 0x73, 0x37,
    0xFE, 0xFD, 0x1F, 0x41, 0x65, 0x47, 0x5E, 0xB1, 0x4B, 0xFE, 0xFD, 0xFE, 0x3A, 0x05, 0xC8, 0xB4,
    0xFE, 0x2F, 0x46, 0x46, 0x38, 0x76, 0xB7, 0x80, 0xFE, 0x16, 0x01, 0xE5, 0x50, 0x6F, 0x45, 0x1F,
    0x4C, 0x4E, 0xFD, 0x92, 0x05, 0x14, 0xB4, 0x00, 0x00, 0x02, 0x00, 0xA9, 0x00, 0x00, 0x04, 0xB1,
    0x07, 0x8F, 0x00, 0x03, 0x00, 0x35, 0x00, 0x7D, 0xB6, 0x23, 0x07, 0x02, 0x06, 0x04, 0x01, 0x4C,
    0x4B, 0xB0, 0x2A, 0x50, 0x58, 0x40, 0x26, 0x00, 0x00, 0x01, 0x00, 0x85, 0x08, 0x01, 0x01, 0x02,
    0x01, 0x85, 0x00, 0x06, 0x04, 0x05, 0x04, 0x06, 0x05, 0x80, 0x00, 0x04, 0x04, 0x02, 0x61, 0x03,
    0x01, 0x02, 0x02, 0x1A, 0x4D, 0x09, 0x07, 0x02, 0x05, 0x05, 0x1B, 0x05, 0x4E, 0x1B, 0x40, 0x27,
    0x00, 0x00, 0x01, 0x00, 0x85, 0x08, 0x01, 0x01, 0x02, 0x01, 0x85, 0x00, 0x06, 0x04, 0x05, 0x04,
    0x06, 0x05, 0x80, 0x00, 0x04, 0x06, 0x02, 0x04, 0x59, 0x03, 0x01, 0x02, 0x02, 0x05, 0x5F, 0x09,
    0x07, 0x02, 0x05, 0x05, 0x1D, 0x05, 0x4E, 0x59, 0x40, 0x1A, 0x04, 0x04, 0x00, 0x00, 0x04, 0x35,
    0x04, 0x35, 0x34, 0x33, 0x2D, 0x2C, 0x18, 0x17, 0x16, 0x15, 0x06, 0x05, 0x00, 0x03, 0x00, 0x03,
    0x11, 0x0A, 0x07, 0x17, 0x2B, 0x01, 0x13, 0x33, 0x01, 0x01, 0x11, 0x33, 0x11, 0x36, 0x37, 0x3E,
    0x03, 0x37, 0x37, 0x3E, 0x05, 0x37, 0x15, 0x22, 0x0E, 0x02, 0x0F, 0x02, 0x0E, 0x03, 0x07, 0x1E,
    0x03, 0x17, 0x17, 0x16, 0x16, 0x17, 0x21, 0x27, 0x2E, 0x03, 0x27, 0x23, 0x11, 0x01, 0xE9, 0xF1,
    0xFE, 0xFE, 0xBF, 0xFE, 0x12, 0xFD, 0x1F, 0x19, 0x18, 0x2F, 0x30, 0x33, 0x1C, 0x43, 0x21, 0x36,
    0x34, 0x37, 0x44, 0x57, 0x39, 0x2E, 0x3F, 0x31, 0x2C, 0x1B, 0x36, 0x16, 0x15, 0x2D, 0x35, 0x3F,
    0x28, 0x44, 0x5F, 0x4D, 0x46, 0x2B, 0x3E, 0x26, 0x4F, 0x2F, 0xFE, 0xF0, 0x2B, 0x32, 0x60, 0x5F,
    0x5E, 0x2E, 0x53, 0x06, 0x4E, 0x01, 0x41, 0xFE, 0xBF, 0xF9, 0xB2, 0x05, 0xC8, 0xFD, 0x88, 0x03,
    0x13, 0x05, 0x26, 0x3D, 0x52, 0x31, 0x74, 0x38, 0x51, 0x38, 0x23, 0x14, 0x09, 0x02, 0xAD, 0x12,
    0x2A, 0x44, 0x32, 0x5E, 0x23, 0x26, 0x40, 0x38, 0x2F, 0x15, 0x12, 0x31, 0x4D, 0x72, 0x53, 0x79,
    0x4B, 0x96, 0x57, 0x52, 0x60, 0xB9, 0x9F, 0x79, 0x20, 0xFD, 0x5D, 0x00, 0x00, 0x02, 0x00, 0xAB,
    0x00, 0x00, 0x05, 0x14, 0x07, 0x8F, 0x00, 0x0D, 0x00, 0x11, 0x00, 0x56, 0xB6, 0x0A, 0x03, 0x02,
    0x02, 0x00, 0x01, 0x4C, 0x4B, 0xB0, 0x2A, 0x50, 0x58, 0x40, 0x18, 0x00, 0x05, 0x04, 0x05, 0x85,
    0x00, 0x04, 0x00, 0x04, 0x85, 0x01, 0x01, 0x00, 0x00, 0x1A, 0x4D, 0x06, 0x03, 0x02, 0x02, 0x02,
    0x1B, 0x02, 0x4E, 0x1B, 0x40, 0x18, 0x00, 0x05, 0x04, 0x05, 0x85, 0x00, 0x04, 0x00, 0x04, 0x85,
    0x01, 0x01, 0x00, 0x00, 0x02, 0x5F, 0x06, 0x03, 0x02, 0x02, 0x02, 0x1D, 0x02, 0x4E, 0x59, 0x40,
    0x10, 0x00, 0x00, 0x11, 0x10, 0x0F, 0x0E, 0x00, 0x0D, 0x00, 0x0D, 0x11, 0x14, 0x11, 0x07, 0x07,
    0x19, 0x2B, 0x33, 0x11, 0x21, 0x11, 0x12, 0x00, 0x13, 0x21, 0x11, 0x21, 0x11, 0x02, 0x00, 0x03,
    0x01, 0x23, 0x01, 0x33, 0xAB, 0x01, 0x03, 0x9A, 0x01, 0x30, 0x99, 0x01, 0x03, 0xFE, 0xFD, 0x99,
    0xFE, 0xD0, 0x9A, 0x01, 0xBC, 0xAE, 0xFE, 0xBF, 0xFE, 0x05, 0xC8, 0xFB, 0xB5, 0x01, 0x14, 0x02,
    0x22, 0x01, 0x15, 0xFA, 0x38, 0x04, 0x4B, 0xFE, 0xEB, 0xFD, 0xDE, 0xFE, 0xEC, 0x06, 0x4E, 0x01,
    0x41, 0x00, 0x00, 0x00, 0x00, 0x02, 0x00, 0x33, 0xFF, 0xDB, 0x04, 0xFA, 0x07, 0x8F, 0x00, 0x1A,
    0x00, 0x2B, 0x00, 0x92, 0xB5, 0x08, 0x01, 0x03, 0x00, 0x01, 0x4C, 0x4B, 0xB0, 0x0C, 0x50, 0x58,
    0x40, 0x21, 0x08, 0x07, 0x02, 0x05, 0x04, 0x04, 0x05, 0x70, 0x00, 0x04, 0x00, 0x06, 0x00, 0x04,
    0x06, 0x6A, 0x01, 0x01, 0x00, 0x00, 0x1A, 0x4D, 0x00, 0x03, 0x03, 0x02, 0x62, 0x00, 0x02, 0x02,
    0x20, 0x02, 0x4E, 0x1B, 0x4B, 0xB0, 0x2A, 0x50, 0x58, 0x40, 0x20, 0x08, 0x07, 0x02, 0x05, 0x04,
    0x05, 0x85, 0x00, 0x04, 0x00, 0x06, 0x00, 0x04, 0x06, 0x6A, 0x01, 0x01, 0x00, 0x00, 0x1A, 0x4D,
    0x00, 0x03, 0x03, 0x02, 0x62, 0x00, 0x02, 0x02, 0x20, 0x02, 0x4E, 0x1B, 0x40, 0x23, 0x08, 0x07,
    0x02, 0x05, 0x04, 0x05, 0x85, 0x01, 0x01, 0x00, 0x06, 0x03, 0x06, 0x00, 0x03, 0x80, 0x00, 0x04,
    0x00, 0x06, 0x00, 0x04, 0x06, 0x6A, 0x00, 0x03, 0x03, 0x02, 0x62, 0x00, 0x02, 0x02, 0x22, 0x02,
    0x4E, 0x59, 0x59, 0x40, 0x10, 0x1B, 0x1B, 0x1B, 0x2B, 0x1B, 0x2B, 0x24, 0x13, 0x26, 0x21, 0x27,
    0x13, 0x16, 0x09, 0x07, 0x1D, 0x2B, 0x01, 0x36, 0x36, 0x37, 0x02, 0x02, 0x03, 0x21, 0x01, 0x33,
    0x01, 0x33, 0x02, 0x02, 0x03, 0x06, 0x06, 0x07, 0x06, 0x23, 0x23, 0x35, 0x33, 0x32, 0x3E, 0x02,
    0x13, 0x14, 0x16, 0x33, 0x32, 0x36, 0x37, 0x35, 0x33, 0x0E, 0x03, 0x23, 0x22, 0x26, 0x35, 0x02,
    0x16, 0x06, 0x0D, 0x07, 0x80, 0xFD, 0x80, 0x01, 0x1B, 0x01, 0x6D, 0x05, 0x01, 0x57, 0xE3, 0x79,
    0xF0, 0x79, 0x47, 0x7E, 0x45, 0x6F, 0xF8, 0x28, 0x27, 0x4A, 0x6A, 0x52, 0x45, 0x2C, 0x40, 0x54,
    0x48, 0x47, 0x04, 0xBA, 0x02, 0x28, 0x51, 0x7C, 0x56, 0xAF, 0x9E, 0x01, 0x78, 0x0C, 0x18, 0x0C,
    0x01, 0x0A, 0x02, 0x0C, 0x01, 0x0A, 0xFC, 0xF2, 0x03, 0x0E, 0xFE, 0xF6, 0xFD, 0xF5, 0xFE, 0xF6,
    0x90, 0xBE, 0x31, 0x4F, 0xBF, 0x12, 0x31, 0x57, 0x06, 0x5B, 0x68, 0x66, 0x4F, 0x55, 0x2A, 0x51,
    0x78, 0x50, 0x28, 0x9F, 0xA2, 0x00, 0x00, 0x00, 0x00, 0x01, 0x00, 0xA9, 0xFE, 0x7A, 0x05, 0x17,
    0x05, 0xC8, 0x00, 0x0B, 0x00, 0x4C, 0x4B, 0xB0, 0x2A, 0x50, 0x58, 0x40, 0x18, 0x02, 0x01, 0x00,
    0x00, 0x1A, 0x4D, 0x00, 0x01, 0x01, 0x03, 0x60, 0x06, 0x05, 0x02, 0x03, 0x03, 0x1B, 0x4D, 0x00,
    0x04, 0x04, 0x1E, 0x04, 0x4E, 0x1B, 0x40, 0x18, 0x02, 0x01, 0x00, 0x01, 0x00, 0x85, 0x00, 0x01,
    0x01, 0x03, 0x60, 0x06, 0x05, 0x02, 0x03, 0x03, 0x1D, 0x4D, 0x00, 0x04, 0x04, 0x1E, 0x04, 0x4E,
    0x59, 0x40, 0x0E, 0x00, 0x00, 0x00, 0x0B, 0x00, 0x0B, 0x11, 0x11, 0x11, 0x11, 0x11, 0x07, 0x07,
    0x1B, 0x2B, 0x33, 0x11, 0x21, 0x11, 0x21, 0x11, 0x21, 0x11, 0x21, 0x11, 0x23, 0x11, 0xA9, 0x01,
    0x03, 0x02, 0x68, 0x01, 0x03, 0xFE, 0x31, 0xD0, 0x05, 0xC8, 0xFA, 0xEF, 0x05, 0x11, 0xFA, 0x38,
    0xFE, 0x7A, 0x01, 0x86, 0x00, 0x02, 0x00, 0x0F, 0x00, 0x00, 0x05, 0x7C, 0x05, 0xC8, 0x00, 0x07,
    0x00, 0x0A, 0x00, 0x4D, 0xB5, 0x0A, 0x01, 0x04, 0x00, 0x01, 0x4C, 0x4B, 0xB0, 0x2A, 0x50, 0x58,
    0x40, 0x15, 0x00, 0x04, 0x00, 0x02, 0x01, 0x04, 0x02, 0x68, 0x00, 0x00, 0x00, 0x1A, 0x4D, 0x05,
    0x03, 0x02, 0x01, 0x01, 0x1B, 0x01, 0x4E, 0x1B, 0x40, 0x15, 0x00, 0x00, 0x04, 0x00, 0x85, 0x00,
    0x04, 0x00, 0x02, 0x01, 0x04, 0x02, 0x68, 0x05, 0x03, 0x02, 0x01, 0x01, 0x1D, 0x01, 0x4E, 0x59,
    0x40, 0x0E, 0x00, 0x00, 0x09, 0x08, 0x00, 0x07, 0x00, 0x07, 0x11, 0x11, 0x11, 0x06, 0x07, 0x19,
    0x2B, 0x33, 0x01, 0x21, 0x01, 0x21, 0x03, 0x21, 0x03, 0x13, 0x21, 0x03, 0x0F, 0x02, 0x38, 0x01,
    0x02, 0x02, 0x33, 0xFE, 0xF1, 0x98, 0xFD, 0xA5, 0x99, 0xDD, 0x01, 0xD4, 0xEA, 0x05, 0xC8, 0xFA,
    0x38, 0x01, 0x92, 0xFE, 0x6E, 0x02, 0x43, 0x02, 0x64, 0x00, 0x00, 0x00, 0x00, 0x02, 0x00, 0xA9,
    0x00, 0x00, 0x05, 0x20, 0x05, 0xC8, 0x00, 0x0C, 0x00, 0x20, 0x00, 0x4F, 0x4B, 0xB0, 0x2A, 0x50,
    0x58, 0x40, 0x1D, 0x00, 0x02, 0x00, 0x01, 0x00, 0x02, 0x01, 0x67, 0x00, 0x05, 0x05, 0x04, 0x5F,
    0x00, 0x04, 0x04, 0x1A, 0x4D, 0x00, 0x00, 0x00, 0x03, 0x5F, 0x00, 0x03, 0x03, 0x1B, 0x03, 0x4E,
    0x1B, 0x40, 0x1B, 0x00, 0x04, 0x00, 0x05, 0x02, 0x04, 0x05, 0x67, 0x00, 0x02, 0x00, 0x01, 0x00,
    0x02, 0x01, 0x67, 0x00, 0x00, 0x00, 0x03, 0x5F, 0x00, 0x03, 0x03, 0x1D, 0x03, 0x4E, 0x59, 0x40,
    0x09, 0x11, 0x11, 0x2B, 0x21, 0x28, 0x20, 0x06, 0x07, 0x1C, 0x2B, 0x25, 0x33, 0x32, 0x3E, 0x02,
    0x35, 0x34, 0x2E, 0x02, 0x23, 0x21, 0x35, 0x21, 0x32, 0x17, 0x1E, 0x03, 0x15, 0x14, 0x06, 0x07,
    0x06, 0x06, 0x23, 0x21, 0x11, 0x21, 0x15, 0x21, 0x01, 0xA9, 0xFD, 0x63, 0x8F, 0x5C, 0x2C, 0x2A,
    0x5A, 0x8D, 0x62, 0xFE, 0xFC, 0x01, 0x01, 0xB2, 0x64, 0x51, 0x82, 0x5B, 0x32, 0x62, 0x5B, 0x4C,
    0xEC, 0x9C, 0xFE, 0x1A, 0x03, 0xF1, 0xFD, 0x0F, 0xAC, 0x1E, 0x3F, 0x62, 0x44, 0x41, 0x5E, 0x3E,
    0x1D, 0xAC, 0x11, 0x0E, 0x40, 0x64, 0x88, 0x55, 0x7F, 0xAE, 0x36, 0x2D, 0x25, 0x05, 0xC8, 0xB4,
    0x00, 0x03, 0x00, 0xA9, 0x00, 0x00, 0x05, 0x26, 0x05, 0xC8, 0x00, 0x13, 0x00, 0x20, 0x00, 0x2B,
    0x00, 0x61, 0xB5, 0x0A, 0x01, 0x03, 0x04, 0x01, 0x4C, 0x4B, 0xB0, 0x2A, 0x50, 0x58, 0x40, 0x1E,
    0x00, 0x04, 0x00, 0x03, 0x02, 0x04, 0x03, 0x67, 0x00, 0x05, 0x05, 0x00, 0x5F, 0x00, 0x00, 0x00,
    0x1A, 0x4D, 0x00, 0x02, 0x02, 0x01, 0x5F, 0x06, 0x01, 0x01, 0x01, 0x1B, 0x01, 0x4E, 0x1B, 0x40,
    0x1C, 0x00, 0x00, 0x00, 0x05, 0x04, 0x00, 0x05, 0x67, 0x00, 0x04, 0x00, 0x03, 0x02, 0x04, 0x03,
    0x67, 0x00, 0x02, 0x02, 0x01, 0x5F, 0x06, 0x01, 0x01, 0x01, 0x1D, 0x01, 0x4E, 0x59, 0x40, 0x12,
    0x00, 0x00, 0x2B, 0x29, 0x23, 0x21, 0x20, 0x1E, 0x16, 0x14, 0x00, 0x13, 0x00, 0x12, 0x51, 0x07,
    0x07, 0x17, 0x2B, 0x33, 0x11, 0x21, 0x32, 0x16, 0x17, 0x16, 0x16, 0x15, 0x10, 0x05, 0x04, 0x11,
    0x14, 0x07, 0x0E, 0x03, 0x23, 0x25, 0x33, 0x32, 0x3E, 0x02, 0x35, 0x34, 0x2E, 0x02, 0x23, 0x23,
    0x35, 0x33, 0x32, 0x36, 0x35, 0x34, 0x27, 0x26, 0x26, 0x23, 0x23, 0xA9, 0x01, 0xF9, 0x30, 0x58,
    0x2A, 0xD2, 0xC4, 0xFE, 0xAB, 0x01, 0x91, 0x65, 0x21, 0x49, 0x5E, 0x7A, 0x52, 0xFE, 0x76, 0xAA,
    0x88, 0xB1, 0x68, 0x28, 0x38, 0x69, 0x96, 0x5E, 0xDE, 0xE8, 0xA7, 0xB0, 0x47, 0x21, 0x85, 0x68,
    0xEA, 0x05, 0xC8, 0x02, 0x02, 0x0A, 0x9E, 0xA0, 0xFE, 0xF2, 0x6A, 0x68, 0xFE, 0xD4, 0x9E, 0x62,
    0x20, 0x2A, 0x1B, 0x0B, 0xB7, 0x0F, 0x2D, 0x53, 0x43, 0x42, 0x6A, 0x4B, 0x29, 0xA6, 0x86, 0x7D,
    0x70, 0x29, 0x13, 0x16, 0x00, 0x01, 0x00, 0xB0, 0x00, 0x00, 0x04, 0x60, 0x05, 0xC8, 0x00, 0x05,
    0x00, 0x31, 0x4B, 0xB0, 0x2A, 0x50, 0x58, 0x40, 0x10, 0x00, 0x02, 0x02, 0x01, 0x5F, 0x00, 0x01,
    0x01, 0x1A, 0x4D, 0x00, 0x00, 0x00, 0x1B, 0x00, 0x4E, 0x1B, 0x40, 0x0E, 0x00, 0x01, 0x00, 0x02,
    0x00, 0x01, 0x02, 0x67, 0x00, 0x00, 0x00, 0x1D, 0x00, 0x4E, 0x59, 0xB5, 0x11, 0x11, 0x10, 0x03,
    0x07, 0x19, 0x2B, 0x21, 0x21, 0x11, 0x21, 0x15, 0x21, 0x01, 0xB3, 0xFE, 0xFD, 0x03, 0xB0, 0xFD,
    0x53, 0x05, 0xC8, 0xBF, 0x00, 0x02, 0x00, 0x25, 0xFE, 0x7A, 0x05, 0x63, 0x05, 0xC8, 0x00, 0x10,
    0x00, 0x19, 0x00, 0x70, 0x4B, 0xB0, 0x2A, 0x50, 0x58, 0x40, 0x27, 0x00, 0x06, 0x06, 0x01, 0x5F,
    0x00, 0x01, 0x01, 0x1A, 0x4D, 0x09, 0x07, 0x02, 0x03, 0x00, 0x00, 0x04, 0x5F, 0x00, 0x04, 0x04,
    0x1B, 0x4D, 0x09, 0x07, 0x02, 0x03, 0x00, 0x00, 0x03, 0x5F, 0x08, 0x05, 0x02, 0x03, 0x03, 0x1E,
    0x03, 0x4E, 0x1B, 0x40, 0x25, 0x00, 0x01, 0x00, 0x06, 0x00, 0x01, 0x06, 0x67, 0x09, 0x07, 0x02,
    0x03, 0x00, 0x00, 0x04, 0x5F, 0x00, 0x04, 0x04, 0x1D, 0x4D, 0x09, 0x07, 0x02, 0x03, 0x00, 0x00,
    0x03, 0x5F, 0x08, 0x05, 0x02, 0x03, 0x03, 0x1E, 0x03, 0x4E, 0x59, 0x40, 0x16, 0x11, 0x11, 0x00,
    0x00, 0x11, 0x19, 0x11, 0x19, 0x13, 0x12, 0x00, 0x10, 0x00, 0x10, 0x11, 0x11, 0x11, 0x16, 0x11,
    0x0A, 0x07, 0x1B, 0x2B, 0x13, 0x11, 0x33, 0x36, 0x36, 0x12, 0x12, 0x35, 0x35, 0x21, 0x11, 0x33,
    0x11, 0x23, 0x11, 0x21, 0x11, 0x01, 0x11, 0x21, 0x15, 0x14, 0x02, 0x02, 0x06, 0x07, 0x25, 0x42,
    0x4F, 0x71, 0x48, 0x21, 0x03, 0x22, 0xB1, 0xCF, 0xFC, 0x61, 0x02, 0xC5, 0xFE, 0xC0, 0x25, 0x46,
    0x64, 0x40, 0xFE, 0x7A, 0x02, 0x3D, 0x77, 0xF7, 0x01, 0x14, 0x01, 0x3A, 0xBA, 0x9B, 0xFA, 0xEF,
    0xFD, 0xC3, 0x01, 0x86, 0xFE, 0x7A, 0x02, 0x3D, 0x04, 0x63, 0x19, 0x9E, 0xFE, 0xCD, 0xFE, 0xE6,
    0xFA, 0x65, 0x00, 0x00, 0x00, 0x01, 0x00, 0xB5, 0x00, 0x00, 0x05, 0x1A, 0x05, 0xC8, 0x00, 0x0B,
    0x00, 0x56, 0x4B, 0xB0, 0x2A, 0x50, 0x58, 0x40, 0x1E, 0x00, 0x02, 0x00, 0x03, 0x04, 0x02, 0x03,
    0x67, 0x00, 0x01, 0x01, 0x00, 0x5F, 0x00, 0x00, 0x00, 0x1A, 0x4D, 0x00, 0x04, 0x04, 0x05, 0x5F,
    0x06, 0x01, 0x05, 0x05, 0x1B, 0x05, 0x4E, 0x1B, 0x40, 0x1C, 0x00, 0x00, 0x00, 0x01, 0x02, 0x00,
    0x01, 0x67, 0x00, 0x02, 0x00, 0x03, 0x04, 0x02, 0x03, 0x67, 0x00, 0x04, 0x04, 0x05, 0x5F, 0x06,
    0x01, 0x05, 0x05, 0x1D, 0x05, 0x4E, 0x59, 0x40, 0x0E, 0x00, 0x00, 0x00, 0x0B, 0x00, 0x0B, 0x11,
    0x11, 0x11, 0x11, 0x11, 0x07, 0x07, 0x1B, 0x2B, 0x33, 0x11, 0x21, 0x15, 0x21, 0x11, 0x21, 0x15,
    0x21, 0x11, 0x21, 0x15, 0xB5, 0x04, 0x38, 0xFC, 0xCB, 0x02, 0xCC, 0xFD, 0x34, 0x03, 0x62, 0x05,
    0xC8, 0xB4, 0xFE, 0x44, 0xB1, 0xFE, 0x10, 0xB7, 0x00, 0x01, 0x00, 0x50, 0x00, 0x00, 0x06, 0xFF,
    0x05, 0xC8, 0x00, 0x5F, 0x00, 0x70, 0x40, 0x09, 0x4A, 0x33, 0x30, 0x19, 0x04, 0x01, 0x03, 0x01,
    0x4C, 0x4B, 0xB0, 0x2A, 0x50, 0x58, 0x40, 0x1F, 0x0A, 0x09, 0x02, 0x01, 0x03, 0x00, 0x03, 0x01,
    0x00, 0x80, 0x07, 0x01, 0x03, 0x03, 0x04, 0x61, 0x06, 0x05, 0x02, 0x04, 0x04, 0x1A, 0x4D, 0x08,
    0x02, 0x02, 0x00, 0x00, 0x1B, 0x00, 0x4E, 0x1B, 0x40, 0x20, 0x0A, 0x09, 0x02, 0x01, 0x03, 0x00,
    0x03, 0x01, 0x00, 0x80, 0x07, 0x01, 0x03, 0x01, 0x04, 0x03, 0x59, 0x06, 0x05, 0x02, 0x04, 0x04,
    0x00, 0x5F, 0x08, 0x02, 0x02, 0x00, 0x00, 0x1D, 0x00, 0x4E, 0x59, 0x40, 0x18, 0x00, 0x00, 0x00,
    0x5F, 0x00, 0x5F, 0x55, 0x54, 0x40, 0x3F, 0x3E, 0x3D, 0x32, 0x31, 0x26, 0x25, 0x24, 0x23, 0x1B,
    0x11, 0x11, 0x0B, 0x07, 0x19, 0x2B, 0x01, 0x11, 0x23, 0x11, 0x23, 0x0E, 0x05, 0x07, 0x06, 0x06,
    0x07, 0x07, 0x21, 0x36, 0x36, 0x37, 0x37, 0x36, 0x36, 0x37, 0x36, 0x37, 0x2E, 0x03, 0x27, 0x27,
    0x2E, 0x03, 0x23, 0x35, 0x32, 0x1E, 0x02, 0x17, 0x17, 0x1E, 0x03, 0x17, 0x11, 0x33, 0x11, 0x3E,
    0x03, 0x37, 0x37, 0x3E, 0x03, 0x33, 0x15, 0x22, 0x0E, 0x02, 0x07, 0x07, 0x0E, 0x03, 0x07, 0x16,
    0x16, 0x17, 0x16, 0x16, 0x17, 0x17, 0x16, 0x16, 0x17, 0x21, 0x27, 0x26, 0x26, 0x27, 0x27, 0x26,
    0x26, 0x27, 0x26, 0x27, 0x04, 0x21, 0xF3, 0x62, 0x1B, 0x2D, 0x2A, 0x28, 0x2E, 0x36, 0x22, 0x0E,
    0x1C, 0x0B, 0x18, 0xFE, 0xF1, 0x21, 0x4B, 0x26, 0x2C, 0x28, 0x45, 0x20, 0x3F, 0x74, 0x22, 0x30,
    0x2B, 0x30, 0x22, 0x21, 0x1F, 0x33, 0x30, 0x33, 0x1F, 0x46, 0x6B, 0x5B, 0x53, 0x2E, 0x44, 0x1F,
    0x2A, 0x2A, 0x36, 0x2A, 0xF3, 0x2A, 0x37, 0x2C, 0x29, 0x1C, 0x45, 0x2D, 0x52, 0x5C, 0x6B, 0x47,
    0x20, 0x33, 0x30, 0x32, 0x1F, 0x21, 0x23, 0x30, 0x2B, 0x30, 0x22, 0x3C, 0x58, 0x20, 0x20, 0x45,
    0x28, 0x2B, 0x23, 0x4A, 0x26, 0xFE, 0xF1, 0x18, 0x06, 0x0E, 0x06, 0x1B, 0x34, 0x52, 0x1B, 0x34,
    0x5F, 0x02, 0xAA, 0xFD, 0x56, 0x02, 0xAA, 0x11, 0x29, 0x36, 0x4A, 0x62, 0x81, 0x53, 0x20, 0x46,
    0x1C, 0x38, 0x48, 0x9C, 0x5A, 0x66, 0x5E, 0x7F, 0x23, 0x46, 0x1E, 0x12, 0x24, 0x38, 0x56, 0x44,
    0x44, 0x40, 0x4E, 0x2A, 0x0F, 0xAD, 0x18, 0x40, 0x73, 0x5B, 0x8A, 0x40, 0x4B, 0x29, 0x10, 0x05,
    0x02, 0x79, 0xFD, 0x87, 0x06, 0x14, 0x2C, 0x48, 0x3B, 0x8A, 0x5A, 0x73, 0x41, 0x18, 0xAD, 0x0F,
    0x2B, 0x4E, 0x3F, 0x44, 0x45, 0x56, 0x38, 0x23, 0x12, 0x0F, 0x33, 0x22, 0x23, 0x7F, 0x5E, 0x66,
    0x55, 0xA1, 0x48, 0x39, 0x0E, 0x1F, 0x11, 0x43, 0x81, 0xB1, 0x33, 0x5D, 0x2E, 0x00, 0x00, 0x00,
    0x00, 0x01, 0x00, 0x6B, 0xFF, 0xDB, 0x04, 0x6C, 0x05, 0xED, 0x00, 0x29, 0x00, 0x67, 0x40, 0x16,
    0x17, 0x01, 0x03, 0x04, 0x16, 0x01, 0x02, 0x03, 0x1E, 0x01, 0x01, 0x02, 0x00, 0x01, 0x00, 0x01,
    0x29, 0x01, 0x05, 0x00, 0x05, 0x4C, 0x4B, 0xB0, 0x2A, 0x50, 0x58, 0x40, 0x1D, 0x00, 0x02, 0x00,
    0x01, 0x00, 0x02, 0x01, 0x69, 0x00, 0x03, 0x03, 0x04, 0x61, 0x00, 0x04, 0x04, 0x1F, 0x4D, 0x00,
    0x00, 0x00, 0x05, 0x61, 0x00, 0x05, 0x05, 0x20, 0x05, 0x4E, 0x1B, 0x40, 0x1B, 0x00, 0x04, 0x00,
    0x03, 0x02, 0x04, 0x03, 0x69, 0x00, 0x02, 0x00, 0x01, 0x00, 0x02, 0x01, 0x69, 0x00, 0x00, 0x00,
    0x05, 0x61, 0x00, 0x05, 0x05, 0x22, 0x05, 0x4E, 0x59, 0x40, 0x09, 0x2B, 0x24, 0x24, 0x21, 0x26,
    0x21, 0x06, 0x07, 0x1C, 0x2B, 0x37, 0x16, 0x33, 0x32, 0x3E, 0x02, 0x35, 0x34, 0x26, 0x23, 0x23,
    0x35, 0x33, 0x32, 0x36, 0x35, 0x34, 0x26, 0x23, 0x22, 0x06, 0x07, 0x35, 0x36, 0x33, 0x20, 0x04,
    0x15, 0x14, 0x05, 0x16, 0x16, 0x15, 0x14, 0x0E, 0x02, 0x23, 0x22, 0x26, 0x27, 0x6B, 0xEA, 0xB9,
    0x4F, 0x7C, 0x54, 0x2C, 0xE3, 0xE2, 0x48, 0x47, 0xCC, 0xD4, 0x93, 0x9D, 0x5C, 0xBE, 0x65, 0xC1,
    0xE5, 0x01, 0x0B, 0x01, 0x0B, 0xFE, 0xD2, 0xA8, 0xB2, 0x54, 0x99, 0xDA, 0x85, 0x75, 0xD9, 0x67,
    0xE0, 0x54, 0x26, 0x46, 0x61, 0x3C, 0x95, 0x97, 0xAA, 0x86, 0x81, 0x67, 0x67, 0x25, 0x24, 0xB9,
    0x3D, 0xB4, 0xAE, 0xFD, 0x66, 0x26, 0xCB, 0x98, 0x63, 0xA6, 0x78, 0x43, 0x1D, 0x1D, 0x00, 0x00,
    0x00, 0x01, 0x00, 0xAB, 0x00, 0x00, 0x05, 0x14, 0x05, 0xC8, 0x00, 0x0D, 0x00, 0x3E, 0xB6, 0x0A,
    0x03, 0x02, 0x02, 0x00, 0x01, 0x4C, 0x4B, 0xB0, 0x2A, 0x50, 0x58, 0x40, 0x0E, 0x01, 0x01, 0x00,
    0x00, 0x1A, 0x4D, 0x04, 0x03, 0x02, 0x02, 0x02, 0x1B, 0x02, 0x4E, 0x1B, 0x40, 0x0E, 0x01, 0x01,
    0x00, 0x00, 0x02, 0x5F, 0x04, 0x03, 0x02, 0x02, 0x02, 0x1D, 0x02, 0x4E, 0x59, 0x40, 0x0C, 0x00,
    0x00, 0x00, 0x0D, 0x00, 0x0D, 0x11, 0x14, 0x11, 0x05, 0x07, 0x19, 0x2B, 0x33, 0x11, 0x21, 0x11,
    0x12, 0x00, 0x13, 0x21, 0x11, 0x21, 0x11, 0x02, 0x00, 0x03, 0xAB, 0x01, 0x03, 0x9A, 0x01, 0x30,
    0x99, 0x01, 0x03, 0xFE, 0xFD, 0x99, 0xFE, 0xD0, 0x9A, 0x05, 0xC8, 0xFB, 0xB5, 0x01, 0x14, 0x02,
    0x22, 0x01, 0x15, 0xFA, 0x38, 0x04, 0x4B, 0xFE, 0xEB, 0xFD, 0xDE, 0xFE, 0xEC, 0x00, 0x00, 0x00,
    0x00, 0x02, 0x00, 0xAB, 0x00, 0x00, 0x05, 0x14, 0x07, 0x85, 0x00, 0x0D, 0x00, 0x21, 0x00, 0x94,
    0x40, 0x0B, 0x10, 0x01, 0x04, 0x05, 0x0A, 0x03, 0x02, 0x02, 0x00, 0x02, 0x4C, 0x4B, 0xB0, 0x0C,
    0x50, 0x58, 0x40, 0x1E, 0x09, 0x07, 0x02, 0x05, 0x04, 0x04, 0x05, 0x70, 0x00, 0x04, 0x00, 0x06,
    0x00, 0x04, 0x06, 0x6A, 0x01, 0x01, 0x00, 0x00, 0x1A, 0x4D, 0x08, 0x03, 0x02, 0x02, 0x02, 0x1B,
    0x02, 0x4E, 0x1B, 0x4B, 0xB0, 0x2A, 0x50, 0x58, 0x40, 0x1D, 0x09, 0x07, 0x02, 0x05, 0x04, 0x05,
    0x85, 0x00, 0x04, 0x00, 0x06, 0x00, 0x04, 0x06, 0x6A, 0x01, 0x01, 0x00, 0x00, 0x1A, 0x4D, 0x08,
    0x03, 0x02, 0x02, 0x02, 0x1B, 0x02, 0x4E, 0x1B, 0x40, 0x1D, 0x09, 0x07, 0x02, 0x05, 0x04, 0x05,
    0x85, 0x00, 0x04, 0x00, 0x06, 0x00, 0x04, 0x06, 0x6A, 0x01, 0x01, 0x00, 0x00, 0x02, 0x5F, 0x08,
    0x03, 0x02, 0x02, 0x02, 0x1D, 0x02, 0x4E, 0x59, 0x59, 0x40, 0x18, 0x0E, 0x0E, 0x00, 0x00, 0x0E,
    0x21, 0x0E, 0x21, 0x1D, 0x1B, 0x19, 0x18, 0x16, 0x14, 0x00, 0x0D, 0x00, 0x0D, 0x11, 0x14, 0x11,
    0x0A, 0x07, 0x19, 0x2B, 0x33, 0x11, 0x21, 0x11, 0x12, 0x00, 0x13, 0x21, 0x11, 0x21, 0x11, 0x02,
    0x00, 0x03, 0x13, 0x14, 0x17, 0x14, 0x1E, 0x02, 0x33, 0x32, 0x36, 0x35, 0x33, 0x14, 0x06, 0x23,
    0x22, 0x2E, 0x02, 0x27, 0xAB, 0x01, 0x03, 0x9A, 0x01, 0x30, 0x99, 0x01, 0x03, 0xFE, 0xFD, 0x99,
    0xFE, 0xD0, 0x9A, 0x9E, 0x03, 0x16, 0x27, 0x34, 0x1F, 0x52, 0x42, 0xB9, 0xA4, 0xA9, 0x57, 0x7D,
    0x51, 0x27, 0x01, 0x05, 0xC8, 0xFB, 0xB5, 0x01, 0x14, 0x02, 0x22, 0x01, 0x15, 0xFA, 0x38, 0x04,
    0x4B, 0xFE, 0xEB, 0xFD, 0xDE, 0xFE, 0xEC, 0x07, 0x85, 0x2B, 0x16, 0x24, 0x35, 0x23, 0x11, 0x60,
    0x6E, 0xA1, 0xA0, 0x27, 0x50, 0x79, 0x51, 0x00, 0x00, 0x01, 0x00, 0xA9, 0x00, 0x00, 0x04, 0xB1,
    0x05, 0xC8, 0x00, 0x31, 0x00, 0x5D, 0xB6, 0x1F, 0x03, 0x02, 0x04, 0x02, 0x01, 0x4C, 0x4B, 0xB0,
    0x2A, 0x50, 0x58, 0x40, 0x1B, 0x00, 0x04, 0x02, 0x03, 0x02, 0x04, 0x03, 0x80, 0x00, 0x02, 0x02,
    0x00, 0x61, 0x01, 0x01, 0x00, 0x00, 0x1A, 0x4D, 0x06, 0x05, 0x02, 0x03, 0x03, 0x1B, 0x03, 0x4E,
    0x1B, 0x40, 0x1C, 0x00, 0x04, 0x02, 0x03, 0x02, 0x04, 0x03, 0x80, 0x00, 0x02, 0x04, 0x00, 0x02,
    0x59, 0x01, 0x01, 0x00, 0x00, 0x03, 0x5F, 0x06, 0x05, 0x02, 0x03, 0x03, 0x1D, 0x03, 0x4E, 0x59,
    0x40, 0x10, 0x00, 0x00, 0x00, 0x31, 0x00, 0x31, 0x30, 0x2F, 0x29, 0x28, 0x11, 0x1F, 0x11, 0x07,
    0x07, 0x19, 0x2B, 0x33, 0x11, 0x33, 0x11, 0x36, 0x37, 0x3E, 0x03, 0x37, 0x37, 0x3E, 0x05, 0x37,
    0x15, 0x22, 0x0E, 0x02, 0x0F, 0x02, 0x0E, 0x03, 0x07, 0x1E, 0x03, 0x17, 0x17, 0x16, 0x16, 0x17,
    0x21, 0x27, 0x2E, 0x03, 0x27, 0x23, 0x11, 0xA9, 0xFD, 0x1F, 0x19, 0x18, 0x2F, 0x30, 0x33, 0x1C,
    0x43, 0x21, 0x36, 0x34, 0x37, 0x44, 0x57, 0x39, 0x2E, 0x3E, 0x32, 0x2C, 0x1B, 0x36, 0x16, 0x15,
    0x2D, 0x35, 0x3F, 0x28, 0x43, 0x60, 0x4E, 0x46, 0x2A, 0x3E, 0x27, 0x4E, 0x2F, 0xFE, 0xF0, 0x2B,
    0x30, 0x61, 0x5F, 0x5F, 0x2E, 0x53, 0x05, 0xC8, 0xFD, 0x88, 0x03, 0x13, 0x05, 0x26, 0x3D, 0x52,
    0x31, 0x74, 0x38, 0x51, 0x38, 0x23, 0x14, 0x09, 0x02, 0xAD, 0x12, 0x29, 0x44, 0x33, 0x5E, 0x23,
    0x26, 0x40, 0x38, 0x2F, 0x15, 0x11, 0x31, 0x4F, 0x72, 0x52, 0x79, 0x4A, 0x97, 0x57, 0x52, 0x5E,
    0xB9, 0x9F, 0x7B, 0x20, 0xFD, 0x5D, 0x00, 0x00, 0x00, 0x01, 0x00, 0x13, 0x00, 0x00, 0x04, 0xC5,
    0x05, 0xC8, 0x00, 0x1B, 0x00, 0x44, 0xB6, 0x15, 0x10, 0x02, 0x00, 0x01, 0x01, 0x4C, 0x4B, 0xB0,
    0x2A, 0x50, 0x58, 0x40, 0x12, 0x00, 0x01, 0x01, 0x03, 0x5F, 0x04, 0x01, 0x03, 0x03, 0x1A, 0x4D,
    0x02, 0x01, 0x00, 0x00, 0x1B, 0x00, 0x4E, 0x1B, 0x40, 0x10, 0x04, 0x01, 0x03, 0x00, 0x01, 0x00,
    0x03, 0x01, 0x67, 0x02, 0x01, 0x00, 0x00, 0x1D, 0x00, 0x4E, 0x59, 0x40, 0x0C, 0x00, 0x00, 0x00,
    0x1B, 0x00, 0x1B, 0x1A, 0x11, 0x11, 0x05, 0x07, 0x19, 0x2B, 0x01, 0x11, 0x21, 0x11, 0x21, 0x15,
    0x06, 0x02, 0x06, 0x06, 0x07, 0x0E, 0x03, 0x07, 0x35, 0x36, 0x37, 0x36, 0x36, 0x37, 0x3E, 0x03,
    0x35, 0x35, 0x04, 0xC5, 0xFE, 0xFC, 0xFE, 0x8A, 0x03, 0x08, 0x0F, 0x18, 0x14, 0x1A, 0x51, 0x77,
    0xA3, 0x6D, 0x90, 0x41, 0x29, 0x32, 0x0B, 0x04, 0x08, 0x05, 0x03, 0x05, 0xC8, 0xFA, 0x38, 0x05,
    0x15, 0x8C, 0x98, 0xFE, 0xFF, 0xD2, 0xA3, 0x3A, 0x4D, 0x72, 0x4E, 0x2D, 0x07, 0xBA, 0x0E, 0x4A,
    0x22, 0xAE, 0x97, 0x41, 0x7F, 0x97, 0xBD, 0x7F, 0xBC, 0x00, 0x00, 0x00, 0x00, 0x01, 0x00, 0xA9,
    0x00, 0x00, 0x06, 0x01, 0x05, 0xC8, 0x00, 0x0C, 0x00, 0x50, 0xB7, 0x0B, 0x08, 0x03, 0x03, 0x03,
    0x00, 0x01, 0x4C, 0x4B, 0xB0, 0x2A, 0x50, 0x58, 0x40, 0x16, 0x00, 0x03, 0x00, 0x02, 0x00, 0x03,
    0x02, 0x80, 0x01, 0x01, 0x00, 0x00, 0x1A, 0x4D, 0x05, 0x04, 0x02, 0x02, 0x02, 0x1B, 0x02, 0x4E,
    0x1B, 0x40, 0x16, 0x00, 0x03, 0x00, 0x02, 0x00, 0x03, 0x02, 0x80, 0x01, 0x01, 0x00, 0x00, 0x02,
    0x5F, 0x05, 0x04, 0x02, 0x02, 0x02, 0x1D, 0x02, 0x4E, 0x59, 0x40, 0x0D, 0x00, 0x00, 0x00, 0x0C,
    0x00, 0x0C, 0x12, 0x11, 0x12, 0x11, 0x06, 0x07, 0x1A, 0x2B, 0x33, 0x11, 0x21, 0x01, 0x01, 0x21,
    0x11, 0x23, 0x11, 0x01, 0x23, 0x01, 0x11, 0xA9, 0x01, 0x5D, 0x01, 0x5E, 0x01, 0x68, 0x01, 0x35,
    0xF0, 0xFE, 0xA2, 0xE2, 0xFE, 0xAB, 0x05, 0xC8, 0xFB, 0xBB, 0x04, 0x45, 0xFA, 0x38, 0x04, 0x88,
    0xFB, 0xDB, 0x04, 0x2E, 0xFB, 0x6F, 0x00, 0x00, 0x00, 0x01, 0x00, 0xA9, 0x00, 0x00, 0x05, 0x1E,
    0x05, 0xC8, 0x00, 0x0B, 0x00, 0x48, 0x4B, 0xB0, 0x2A, 0x50, 0x58, 0x40, 0x16, 0x00, 0x01, 0x00,
    0x04, 0x03, 0x01, 0x04, 0x67, 0x02, 0x01, 0x00, 0x00, 0x1A, 0x4D, 0x06, 0x05, 0x02, 0x03, 0x03,
    0x1B, 0x03, 0x4E, 0x1B, 0x40, 0x16, 0x00, 0x01, 0x00, 0x04, 0x03, 0x01, 0x04, 0x67, 0x02, 0x01,
    0x00, 0x00, 0x03, 0x5F, 0x06, 0x05, 0x02, 0x03, 0x03, 0x1D, 0x03, 0x4E, 0x59, 0x40, 0x0E, 0x00,
    0x00, 0x00, 0x0B, 0x00, 0x0B, 0x11, 0x11, 0x11, 0x11, 0x11, 0x07, 0x07, 0x1B, 0x2B, 0x33, 0x11,
    0x21, 0x11, 0x21, 0x11, 0x21, 0x11, 0x21, 0x11, 0x21, 0x11, 0xA9, 0x01, 0x03, 0x02, 0x6F, 0x01,
    0x03, 0xFE, 0xFD, 0xFD, 0x91, 0x05, 0xC8, 0xFD, 0x9B, 0x02, 0x65, 0xFA, 0x38, 0x02, 0xAF, 0xFD,
    0x51, 0x00, 0x00, 0x00, 0x00, 0x02, 0x00, 0x56, 0xFF, 0xDB, 0x05, 0xE3, 0x05, 0xED, 0x00, 0x0F,
    0x00, 0x1F, 0x00, 0x4D, 0x4B, 0xB0, 0x2A, 0x50, 0x58, 0x40, 0x17, 0x00, 0x03, 0x03, 0x01, 0x61,
    0x00, 0x01, 0x01, 0x1F, 0x4D, 0x05, 0x01, 0x02, 0x02, 0x00, 0x61, 0x04, 0x01, 0x00, 0x00, 0x20,
    0x00, 0x4E, 0x1B, 0x40, 0x15, 0x00, 0x01, 0x00, 0x03, 0x02, 0x01, 0x03, 0x69, 0x05, 0x01, 0x02,
    0x02, 0x00, 0x61, 0x04, 0x01, 0x00, 0x00, 0x22, 0x00, 0x4E, 0x59, 0x40, 0x13, 0x11, 0x10, 0x01,
    0x00, 0x19, 0x17, 0x10, 0x1F, 0x11, 0x1F, 0x09, 0x07, 0x00, 0x0F, 0x01, 0x0F, 0x06, 0x07, 0x16,
    0x2B, 0x05, 0x20, 0x27, 0x26, 0x11, 0x10, 0x37, 0x36, 0x21, 0x20, 0x17, 0x16, 0x11, 0x10, 0x07,
    0x06, 0x25, 0x32, 0x37, 0x36, 0x11, 0x10, 0x27, 0x26, 0x23, 0x22, 0x07, 0x06, 0x11, 0x10, 0x17,
    0x16, 0x03, 0x12, 0xFE, 0xBF, 0xBD, 0xBE, 0xBF, 0xBF, 0x01, 0x49, 0x01, 0x47, 0xBF, 0xC0, 0xC0,
    0xBF, 0xFE, 0xB2, 0xD4, 0x72, 0x73, 0x73, 0x72, 0xCD, 0xCE, 0x73, 0x72, 0x72, 0x72, 0x25, 0xD2,
    0xD3, 0x01, 0x64, 0x01, 0x67, 0xD1, 0xD1, 0xD1, 0xD1, 0xFE, 0x9C, 0xFE, 0x93, 0xD0, 0xCF, 0xB4,
    0x9C, 0x9B, 0x01, 0x21, 0x01, 0x18, 0x9D, 0x9D, 0x9D, 0x9E, 0xFE, 0xE6, 0xFE, 0xE7, 0x9D, 0x9F,
    0x00, 0x01, 0x00, 0xA9, 0x00, 0x00, 0x05, 0x17, 0x05, 0xC8, 0x00, 0x07, 0x00, 0x34, 0x4B, 0xB0,
    0x2A, 0x50, 0x58, 0x40, 0x11, 0x00, 0x02, 0x02, 0x00, 0x5F, 0x00, 0x00, 0x00, 0x1A, 0x4D, 0x03,
    0x01, 0x01, 0x01, 0x1B, 0x01, 0x4E, 0x1B, 0x40, 0x0F, 0x00, 0x00, 0x00, 0x02, 0x01, 0x00, 0x02,
    0x67, 0x03, 0x01, 0x01, 0x01, 0x1D, 0x01, 0x4E, 0x59, 0xB6, 0x11, 0x11, 0x11, 0x10, 0x04, 0x07,
    0x1A, 0x2B, 0x13, 0x21, 0x11, 0x21, 0x11, 0x21, 0x11, 0x21, 0xA9, 0x04, 0x6E, 0xFE, 0xFD, 0xFD,
    0x98, 0xFE, 0xFD, 0x05, 0xC8, 0xFA, 0x38, 0x05, 0x14, 0xFA, 0xEC, 0x00, 0x00, 0x02, 0x00, 0xAA,
    0x00, 0x00, 0x05, 0x02, 0x05, 0xC8, 0x00, 0x0D, 0x00, 0x16, 0x00, 0x4D, 0x4B, 0xB0, 0x2A, 0x50,
    0x58, 0x40, 0x19, 0x00, 0x03, 0x00, 0x01, 0x02, 0x03, 0x01, 0x67, 0x00, 0x04, 0x04, 0x00, 0x5F,
    0x00, 0x00, 0x00, 0x1A, 0x4D, 0x05, 0x01, 0x02, 0x02, 0x1B, 0x02, 0x4E, 0x1B, 0x40, 0x17, 0x00,
    0x00, 0x00, 0x04, 0x03, 0x00, 0x04, 0x67, 0x00, 0x03, 0x00, 0x01, 0x02, 0x03, 0x01, 0x67, 0x05,
    0x01, 0x02, 0x02, 0x1D, 0x02, 0x4E, 0x59, 0x40, 0x0F, 0x00, 0x00, 0x16, 0x14, 0x10, 0x0E, 0x00,
    0x0D, 0x00, 0x0D, 0x27, 0x21, 0x06, 0x07, 0x18, 0x2B, 0x33, 0x11, 0x21, 0x32, 0x16, 0x17, 0x16,
    0x17, 0x16, 0x15, 0x10, 0x21, 0x23, 0x11, 0x11, 0x33, 0x20, 0x11, 0x34, 0x27, 0x26, 0x23, 0x23,
    0xAA, 0x02, 0x31, 0x69, 0x97, 0x30, 0x61, 0x41, 0x55, 0xFD, 0x8F, 0xE7, 0xC0, 0x01, 0x8B, 0x50,
    0x50, 0xCB, 0xE0, 0x05, 0xC8, 0x0D, 0x0C, 0x18, 0x4A, 0x61, 0xB0, 0xFE, 0x02, 0xFD, 0xC2, 0x02,
    0xF3, 0x01, 0x33, 0x8A, 0x31, 0x33, 0x00, 0x00, 0x00, 0x01, 0x00, 0x62, 0xFF, 0xDB, 0x05, 0x63,
    0x05, 0xED, 0x00, 0x1C, 0x00, 0x4D, 0x40, 0x0F, 0x0F, 0x01, 0x02, 0x01, 0x1C, 0x10, 0x02, 0x03,
    0x02, 0x00, 0x01, 0x00, 0x03, 0x03, 0x4C, 0x4B, 0xB0, 0x2A, 0x50, 0x58, 0x40, 0x15, 0x00, 0x02,
    0x02, 0x01, 0x61, 0x00, 0x01, 0x01, 0x1F, 0x4D, 0x00, 0x03, 0x03, 0x00, 0x61, 0x00, 0x00, 0x00,
    0x20, 0x00, 0x4E, 0x1B, 0x40, 0x13, 0x00, 0x01, 0x00, 0x02, 0x03, 0x01, 0x02, 0x69, 0x00, 0x03,
    0x03, 0x00, 0x61, 0x00, 0x00, 0x00, 0x22, 0x00, 0x4E, 0x59, 0xB6, 0x26, 0x24, 0x28, 0x21, 0x04,
    0x07, 0x1A, 0x2B, 0x25, 0x06, 0x21, 0x22, 0x24, 0x26, 0x02, 0x35, 0x34, 0x12, 0x36, 0x24, 0x33,
    0x32, 0x16, 0x17, 0x15, 0x24, 0x23, 0x20, 0x00, 0x11, 0x14, 0x1E, 0x02, 0x33, 0x32, 0x37, 0x05,
    0x63, 0xDB, 0xFE, 0xDB, 0xBA, 0xFE, 0xE1, 0xC3, 0x65, 0x65, 0xC6, 0x01, 0x25, 0xC0, 0x76, 0xF3,
    0x80, 0xFE, 0xDC, 0xBB, 0xFF, 0x00, 0xFE, 0xFA, 0x46, 0x8A, 0xCB, 0x85, 0xE4, 0xE9, 0x43, 0x68,
    0x66, 0xC5, 0x01, 0x21, 0xBC, 0xBD, 0x01, 0x23, 0xC5, 0x65, 0x1F, 0x1E, 0xDB, 0x64, 0xFE, 0xD2,
    0xFE, 0xD9, 0x8E, 0xDC, 0x96, 0x4D, 0x78, 0x00, 0x00, 0x01, 0x00, 0x1E, 0x00, 0x00, 0x04, 0xC5,
    0x05, 0xC8, 0x00, 0x07, 0x00, 0x3C, 0x4B, 0xB0, 0x2A, 0x50, 0x58, 0x40, 0x12, 0x02, 0x01, 0x00,
    0x00, 0x01, 0x5F, 0x00, 0x01, 0x01, 0x1A, 0x4D, 0x04, 0x01, 0x03, 0x03, 0x1B, 0x03, 0x4E, 0x1B,
    0x40, 0x10, 0x00, 0x01, 0x02, 0x01, 0x00, 0x03, 0x01, 0x00, 0x67, 0x04, 0x01, 0x03, 0x03, 0x1D,
    0x03, 0x4E, 0x59, 0x40, 0x0C, 0x00, 0x00, 0x00, 0x07, 0x00, 0x07, 0x11, 0x11, 0x11, 0x05, 0x07,
    0x19, 0x2B, 0x21, 0x11, 0x21, 0x35, 0x21, 0x15, 0x21, 0x11, 0x01, 0xF0, 0xFE, 0x2E, 0x04, 0xA7,
    0xFE, 0x2E, 0x05, 0x0F, 0xB9, 0xB9, 0xFA, 0xF1, 0x00, 0x01, 0x00, 0x33, 0xFF, 0xDB, 0x04, 0xFA,
    0x05, 0xC8, 0x00, 0x12, 0x00, 0x3D, 0xB5, 0x03, 0x01, 0x03, 0x00, 0x01, 0x4C, 0x4B, 0xB0, 0x2A,
    0x50, 0x58, 0x40, 0x11, 0x01, 0x01, 0x00, 0x00, 0x1A, 0x4D, 0x00, 0x03, 0x03, 0x02, 0x62, 0x00,
    0x02, 0x02, 0x20, 0x02, 0x4E, 0x1B, 0x40, 0x11, 0x01, 0x01, 0x00, 0x03, 0x00, 0x85, 0x00, 0x03,
    0x03, 0x02, 0x62, 0x00, 0x02, 0x02, 0x22, 0x02, 0x4E, 0x59, 0xB6, 0x21, 0x24, 0x13, 0x11, 0x04,
    0x07, 0x1A, 0x2B, 0x01, 0x01, 0x21, 0x01, 0x33, 0x01, 0x33, 0x01, 0x06, 0x07, 0x06, 0x23, 0x23,
    0x35, 0x33, 0x32, 0x37, 0x36, 0x37, 0x02, 0x30, 0xFE, 0x03, 0x01, 0x1B, 0x01, 0x6D, 0x05, 0x01,
    0x57, 0xE3, 0xFE, 0x02, 0x76, 0x78, 0x6D, 0xFA, 0x28, 0x27, 0x92, 0x49, 0x4B, 0x4A, 0x01, 0xA8,
    0x04, 0x20, 0xFC, 0xF2, 0x03, 0x0E, 0xFB, 0xA8, 0xEE, 0x58, 0x4F, 0xBF, 0x2B, 0x2C, 0x87, 0x00,
    0x00, 0x03, 0x00, 0x4B, 0x00, 0x00, 0x06, 0x29, 0x05, 0xC8, 0x00, 0x19, 0x00, 0x24, 0x00, 0x2F,
    0x00, 0x64, 0x4B, 0xB0, 0x2A, 0x50, 0x58, 0x40, 0x20, 0x03, 0x01, 0x01, 0x09, 0x01, 0x06, 0x07,
    0x01, 0x06, 0x69, 0x08, 0x01, 0x07, 0x04, 0x01, 0x00, 0x05, 0x07, 0x00, 0x69, 0x00, 0x02, 0x02,
    0x1A, 0x4D, 0x0A, 0x01, 0x05, 0x05, 0x1B, 0x05, 0x4E, 0x1B, 0x40, 0x20, 0x03, 0x01, 0x01, 0x09,
    0x01, 0x06, 0x07, 0x01, 0x06, 0x69, 0x08, 0x01, 0x07, 0x04, 0x01, 0x00, 0x05, 0x07, 0x00, 0x69,
    0x00, 0x02, 0x02, 0x05, 0x5F, 0x0A, 0x01, 0x05, 0x05, 0x1D, 0x05, 0x4E, 0x59, 0x40, 0x16, 0x00,
    0x00, 0x2F, 0x2E, 0x26, 0x25, 0x24, 0x23, 0x1B, 0x1A, 0x00, 0x19, 0x00, 0x19, 0x18, 0x11, 0x11,
    0x18, 0x11, 0x0B, 0x07, 0x1B, 0x2B, 0x21, 0x35, 0x2E, 0x03, 0x35, 0x34, 0x3E, 0x02, 0x37, 0x35,
    0x33, 0x15, 0x1E, 0x03, 0x15, 0x14, 0x0E, 0x02, 0x07, 0x15, 0x03, 0x0E, 0x03, 0x15, 0x14, 0x1E,
    0x02, 0x17, 0x33, 0x3E, 0x03, 0x35, 0x34, 0x2E, 0x02, 0x27, 0x02, 0xC8, 0x9B, 0xED, 0xA2, 0x53,
    0x53, 0xA2, 0xEE, 0x9A, 0xE4, 0x9B, 0xEE, 0xA1, 0x53, 0x53, 0xA1, 0xEE, 0x9B, 0xE4, 0x67, 0x93,
    0x5D, 0x2C, 0x2C, 0x5E, 0x92, 0x67, 0xE4, 0x67, 0x92, 0x5E, 0x2C, 0x2C, 0x5E, 0x92, 0x67, 0xD4,
    0x03, 0x4F, 0x8A, 0xC0, 0x74, 0x74, 0xC0, 0x8A, 0x4F, 0x03, 0xD4, 0xD4, 0x03, 0x4F, 0x8B, 0xC0,
    0x73, 0x73, 0xC0, 0x8B, 0x4F, 0x03, 0xD4, 0x04, 0x47, 0x01, 0x32, 0x5B, 0x83, 0x52, 0x53, 0x83,
    0x5B, 0x31, 0x01, 0x01, 0x32, 0x5B, 0x83, 0x52, 0x51, 0x83, 0x5C, 0x32, 0x01, 0x00, 0x00, 0x00,
    0x00, 0x01, 0x00, 0x26, 0x00, 0x00, 0x05, 0x31, 0x05, 0xC8, 0x00, 0x0B, 0x00, 0x41, 0x40, 0x09,
    0x0A, 0x07, 0x04, 0x01, 0x04, 0x02, 0x00, 0x01, 0x4C, 0x4B, 0xB0, 0x2A, 0x50, 0x58, 0x40, 0x0E,
    0x01, 0x01, 0x00, 0x00, 0x1A, 0x4D, 0x04, 0x03, 0x02, 0x02, 0x02, 0x1B, 0x02, 0x4E, 0x1B, 0x40,
    0x0E, 0x01, 0x01, 0x00, 0x00, 0x02, 0x5F, 0x04, 0x03, 0x02, 0x02, 0x02, 0x1D, 0x02, 0x4E, 0x59,
    0x40, 0x0C, 0x00, 0x00, 0x00, 0x0B, 0x00, 0x0B, 0x12, 0x12, 0x12, 0x05, 0x07, 0x19, 0x2B, 0x33,
    0x01, 0x01, 0x21, 0x01, 0x01, 0x33, 0x01, 0x01, 0x21, 0x01, 0x01, 0x26, 0x01, 0xFE, 0xFE, 0x19,
    0x01, 0x2F, 0x01, 0x5F, 0x01, 0x79, 0xE0, 0xFE, 0x14, 0x01, 0xF9, 0xFE, 0xD1, 0xFE, 0x8E, 0xFE,
    0x76, 0x02, 0xDC, 0x02, 0xEC, 0xFD, 0xE7, 0x02, 0x19, 0xFD, 0x40, 0xFC, 0xF8, 0x02, 0x33, 0xFD,
    0xCD, 0x00, 0x00, 0x00, 0x00, 0x01, 0x00, 0xA9, 0xFE, 0x7A, 0x05, 0xA0, 0x05, 0xC8, 0x00, 0x0B,
    0x00, 0x58, 0x4B, 0xB0, 0x2A, 0x50, 0x58, 0x40, 0x1E, 0x02, 0x01, 0x00, 0x00, 0x1A, 0x4D, 0x03,
    0x01, 0x01, 0x01, 0x05, 0x60, 0x06, 0x01, 0x05, 0x05, 0x1B, 0x4D, 0x03, 0x01, 0x01, 0x01, 0x04,
    0x60, 0x00, 0x04, 0x04, 0x1E, 0x04, 0x4E, 0x1B, 0x40, 0x1E, 0x02, 0x01, 0x00, 0x01, 0x00, 0x85,
    0x03, 0x01, 0x01, 0x01, 0x05, 0x60, 0x06, 0x01, 0x05, 0x05, 0x1D, 0x4D, 0x03, 0x01, 0x01, 0x01,
    0x04, 0x60, 0x00, 0x04, 0x04, 0x1E, 0x04, 0x4E, 0x59, 0x40, 0x0E, 0x00, 0x00, 0x00, 0x0B, 0x00,
    0x0B, 0x11, 0x11, 0x11, 0x11, 0x11, 0x07, 0x07, 0x1B, 0x2B, 0x33, 0x11, 0x21, 0x11, 0x21, 0x11,
    0x21, 0x11, 0x33, 0x11, 0x23, 0x11, 0xA9, 0x01, 0x03, 0x02, 0x66, 0x01, 0x03, 0x8B, 0xD0, 0x05,
    0xC8, 0xFA, 0xEF, 0x05, 0x11, 0xFA, 0xEF, 0xFD, 0xC3, 0x01, 0x86, 0x00, 0x00, 0x01, 0x00, 0x6B,
    0x00, 0x00, 0x04, 0xCE, 0x05, 0xC8, 0x00, 0x12, 0x00, 0x51, 0x40, 0x0A, 0x0F, 0x01, 0x02, 0x01,
    0x01, 0x01, 0x00, 0x02, 0x02, 0x4C, 0x4B, 0xB0, 0x2A, 0x50, 0x58, 0x40, 0x15, 0x00, 0x02, 0x00,
    0x00, 0x04, 0x02, 0x00, 0x6A, 0x03, 0x01, 0x01, 0x01, 0x1A, 0x4D, 0x05, 0x01, 0x04, 0x04, 0x1B,
    0x04, 0x4E, 0x1B, 0x40, 0x15, 0x00, 0x02, 0x00, 0x00, 0x04, 0x02, 0x00, 0x6A, 0x03, 0x01, 0x01,
    0x01, 0x04, 0x5F, 0x05, 0x01, 0x04, 0x04, 0x1D, 0x04, 0x4E, 0x59, 0x40, 0x0D, 0x00, 0x00, 0x00,
    0x12, 0x00, 0x12, 0x12, 0x24, 0x13, 0x22, 0x06, 0x07, 0x1A, 0x2B, 0x21, 0x11, 0x06, 0x23, 0x22,
    0x26, 0x35, 0x11, 0x21, 0x11, 0x14, 0x17, 0x16, 0x33, 0x32, 0x37, 0x11, 0x21, 0x11, 0x03, 0xCB,
    0xB6, 0xD4, 0xF2, 0xE4, 0x01, 0x04, 0x3D, 0x3D, 0x95, 0xB3, 0x9A, 0x01, 0x03, 0x02, 0x54, 0x5A,
    0xEB, 0xF9, 0x01, 0xEA, 0xFE, 0x1C, 0xA3, 0x40, 0x41, 0x59, 0x02, 0xAF, 0xFA, 0x38, 0x00, 0x00,
    0x00, 0x01, 0x00, 0xAB, 0x00, 0x00, 0x07, 0x04, 0x05, 0xC8, 0x00, 0x0B, 0x00, 0x3D, 0x4B, 0xB0,
    0x2A, 0x50, 0x58, 0x40, 0x13, 0x04, 0x02, 0x02, 0x00, 0x00, 0x1A, 0x4D, 0x05, 0x01, 0x01, 0x01,
    0x03, 0x60, 0x00, 0x03, 0x03, 0x1B, 0x03, 0x4E, 0x1B, 0x40, 0x13, 0x04, 0x02, 0x02, 0x00, 0x01,
    0x00, 0x85, 0x05, 0x01, 0x01, 0x01, 0x03, 0x60, 0x00, 0x03, 0x03, 0x1D, 0x03, 0x4E, 0x59, 0x40,
    0x09, 0x11, 0x11, 0x11, 0x11, 0x11, 0x10, 0x06, 0x07, 0x1C, 0x2B, 0x01, 0x33, 0x11, 0x21, 0x11,
    0x21, 0x11, 0x21, 0x11, 0x21, 0x11, 0x21, 0x03, 0x5A, 0xFC, 0x01, 0xAD, 0x01, 0x01, 0xF9, 0xA7,
    0x01, 0x01, 0x01, 0xAE, 0x05, 0xC8, 0xFA, 0xEF, 0x05, 0x11, 0xFA, 0x38, 0x05, 0xC8, 0xFA, 0xEF,
    0x00, 0x01, 0x00, 0xAB, 0xFE, 0x75, 0x07, 0x92, 0x05, 0xC8, 0x00, 0x11, 0x00, 0x59, 0x4B, 0xB0,
    0x2A, 0x50, 0x58, 0x40, 0x20, 0x06, 0x02, 0x02, 0x00, 0x00, 0x1A, 0x4D, 0x07, 0x03, 0x02, 0x01,
    0x01, 0x05, 0x60, 0x00, 0x05, 0x05, 0x1B, 0x4D, 0x07, 0x03, 0x02, 0x01, 0x01, 0x04, 0x60, 0x00,
    0x04, 0x04, 0x1E, 0x04, 0x4E, 0x1B, 0x40, 0x20, 0x06, 0x02, 0x02, 0x00, 0x01, 0x00, 0x85, 0x07,
    0x03, 0x02, 0x01, 0x01, 0x05, 0x60, 0x00, 0x05, 0x05, 0x1D, 0x4D, 0x07, 0x03, 0x02, 0x01, 0x01,
    0x04, 0x60, 0x00, 0x04, 0x04, 0x1E, 0x04, 0x4E, 0x59, 0x40, 0x0B, 0x11, 0x11, 0x11, 0x13, 0x11,
    0x11, 0x11, 0x10, 0x08, 0x07, 0x1E, 0x2B, 0x01, 0x21, 0x11, 0x21, 0x11, 0x21, 0x11, 0x33, 0x14,
    0x12, 0x15, 0x23, 0x11, 0x21, 0x11, 0x21, 0x11, 0x21, 0x03, 0x5A, 0x01, 0x01, 0x01, 0xAE, 0x01,
    0x01, 0x87, 0x01, 0xD0, 0xF9, 0xE9, 0x01, 0x01, 0x01, 0xAE, 0x05, 0xC8, 0xFA, 0xEF, 0x05, 0x11,
    0xFA, 0xEF, 0x92, 0xFE, 0xE2, 0x92, 0x01, 0x8B, 0x05, 0xC8, 0xFA, 0xEF, 0x00, 0x02, 0x00, 0x1B,
    0x00, 0x00, 0x06, 0x5A, 0x05, 0xC8, 0x00, 0x14, 0x00, 0x21, 0x00, 0x58, 0x4B, 0xB0, 0x2A, 0x50,
    0x58, 0x40, 0x1E, 0x00, 0x02, 0x00, 0x05, 0x04, 0x02, 0x05, 0x67, 0x00, 0x00, 0x00, 0x01, 0x5F,
    0x00, 0x01, 0x01, 0x1A, 0x4D, 0x00, 0x04, 0x04, 0x03, 0x5F, 0x06, 0x01, 0x03, 0x03, 0x1B, 0x03,
    0x4E, 0x1B, 0x40, 0x1C, 0x00, 0x01, 0x00, 0x00, 0x02, 0x01, 0x00, 0x67, 0x00, 0x02, 0x00, 0x05,
    0x04, 0x02, 0x05, 0x67, 0x00, 0x04, 0x04, 0x03, 0x5F, 0x06, 0x01, 0x03, 0x03, 0x1D, 0x03, 0x4E,
    0x59, 0x40, 0x10, 0x00, 0x00, 0x21, 0x1F, 0x17, 0x15, 0x00, 0x14, 0x00, 0x13, 0x31, 0x11, 0x11,
    0x07, 0x07, 0x19, 0x2B, 0x21, 0x11, 0x21, 0x35, 0x21, 0x11, 0x21, 0x32, 0x16, 0x17, 0x1E, 0x03,
    0x15, 0x14, 0x06, 0x07, 0x06, 0x06, 0x23, 0x27, 0x21, 0x32, 0x3E, 0x02, 0x35, 0x34, 0x2E, 0x02,
    0x23, 0x21, 0x01, 0xD1, 0xFE, 0x4A, 0x02, 0xBA, 0x01, 0x04, 0x55, 0x83, 0x2E, 0x57, 0x8C, 0x63,
    0x35, 0x50, 0x4E, 0x4C, 0xFF, 0xAB, 0xF1, 0x01, 0x08, 0x63, 0x8F, 0x5C, 0x2C, 0x2B, 0x5C, 0x90,
    0x64, 0xFE, 0xF9, 0x05, 0x14, 0xB4, 0xFD, 0x97, 0x06, 0x08, 0x0C, 0x3E, 0x66, 0x8D, 0x5A, 0x75,
    0xA6, 0x37, 0x39, 0x2F, 0xAC, 0x1E, 0x3F, 0x64, 0x47, 0x43, 0x61, 0x3E, 0x1D, 0x00, 0x00, 0x00,
    0x00, 0x03, 0x00, 0xA9, 0x00, 0x00, 0x06, 0xCC, 0x05, 0xC8, 0x00, 0x03, 0x00, 0x14, 0x00, 0x21,
    0x00, 0x66, 0x4B, 0xB0, 0x2A, 0x50, 0x58, 0x40, 0x1C, 0x00, 0x03, 0x00, 0x06, 0x05, 0x03, 0x06,
    0x67, 0x02, 0x01, 0x00, 0x00, 0x1A, 0x4D, 0x00, 0x05, 0x05, 0x01, 0x60, 0x08, 0x04, 0x07, 0x03,
    0x01, 0x01, 0x1B, 0x01, 0x4E, 0x1B, 0x40, 0x24, 0x00, 0x03, 0x00, 0x06, 0x05, 0x03, 0x06, 0x67,
    0x02, 0x01, 0x00, 0x00, 0x01, 0x5F, 0x08, 0x04, 0x07, 0x03, 0x01, 0x01, 0x1D, 0x4D, 0x00, 0x05,
    0x05, 0x01, 0x60, 0x08, 0x04, 0x07, 0x03, 0x01, 0x01, 0x1D, 0x01, 0x4E, 0x59, 0x40, 0x18, 0x04,
    0x04, 0x00, 0x00, 0x21, 0x1F, 0x17, 0x15, 0x04, 0x14, 0x04, 0x13, 0x09, 0x07, 0x06, 0x05, 0x00,
    0x03, 0x00, 0x03, 0x11, 0x09, 0x07, 0x17, 0x2B, 0x21, 0x11, 0x21, 0x11, 0x21, 0x11, 0x21, 0x11,
    0x33, 0x32, 0x16, 0x17, 0x16, 0x16, 0x15, 0x14, 0x06, 0x07, 0x06, 0x06, 0x23, 0x27, 0x33, 0x32,
    0x3E, 0x02, 0x35, 0x34, 0x2E, 0x02, 0x23, 0x23, 0x05, 0xCC, 0x01, 0x00, 0xF9, 0xDD, 0x01, 0x00,
    0xB9, 0xA0, 0xEC, 0x48, 0x55, 0x59, 0x61, 0x5C, 0x4D, 0xF0, 0x9F, 0xA2, 0xBD, 0x63, 0x90, 0x5E,
    0x2D, 0x2C, 0x5D, 0x90, 0x64, 0xBE, 0x05, 0xC8, 0xFA, 0x38, 0x05, 0xC8, 0xFD, 0x97, 0x26, 0x2C,
    0x33, 0xA7, 0x79, 0x82, 0xB0, 0x36, 0x2D, 0x25, 0xAC, 0x1E, 0x3F, 0x64, 0x47, 0x43, 0x61, 0x3E,
    0x1D, 0x00, 0x00, 0x00, 0x00, 0x02, 0x00, 0xA9, 0x00, 0x00, 0x05, 0x2A, 0x05, 0xC8, 0x00, 0x12,
    0x00, 0x1F, 0x00, 0x4F, 0x4B, 0xB0, 0x2A, 0x50, 0x58, 0x40, 0x19, 0x00, 0x01, 0x00, 0x04, 0x03,
    0x01, 0x04, 0x67, 0x00, 0x00, 0x00, 0x1A, 0x4D, 0x00, 0x03, 0x03, 0x02, 0x60, 0x05, 0x01, 0x02,
    0x02, 0x1B, 0x02, 0x4E, 0x1B, 0x40, 0x19, 0x00, 0x00, 0x01, 0x00, 0x85, 0x00, 0x01, 0x00, 0x04,
    0x03, 0x01, 0x04, 0x67, 0x00, 0x03, 0x03, 0x02, 0x60, 0x05, 0x01, 0x02, 0x02, 0x1D, 0x02, 0x4E,
    0x59, 0x40, 0x0F, 0x00, 0x00, 0x1F, 0x1D, 0x15, 0x13, 0x00, 0x12, 0x00, 0x11, 0x31, 0x11, 0x06,
    0x07, 0x18, 0x2B, 0x33, 0x11, 0x21, 0x11, 0x33, 0x32, 0x16, 0x17, 0x1E, 0x03, 0x15, 0x14, 0x06,
    0x07, 0x06, 0x06, 0x23, 0x27, 0x21, 0x32, 0x3E, 0x02, 0x35, 0x34, 0x2E, 0x02, 0x23, 0x21, 0xA9,
    0x01, 0x03, 0xFD, 0x5D, 0x8D, 0x33, 0x52, 0x84, 0x5D, 0x31, 0x62, 0x5C, 0x4C, 0xED, 0x9D, 0xEA,
    0x01, 0x01, 0x63, 0x8F, 0x5C, 0x2C, 0x2B, 0x5C, 0x90, 0x64, 0xFF, 0x00, 0x05, 0xC8, 0xFD, 0x97,
    0x09, 0x08, 0x0E, 0x40, 0x65, 0x8A, 0x57, 0x82, 0xB0, 0x36, 0x2D, 0x25, 0xAC, 0x1E, 0x3F, 0x64,
    0x47, 0x43, 0x61, 0x3E, 0x1D, 0x00, 0x00, 0x00, 0x00, 0x01, 0x00, 0x7D, 0xFF, 0xDB, 0x05, 0x5D,
    0x05, 0xED, 0x00, 0x1B, 0x00, 0x63, 0x40, 0x12, 0x10, 0x01, 0x03, 0x04, 0x0F, 0x01, 0x02, 0x03,
    0x01, 0x01, 0x00, 0x01, 0x00, 0x01, 0x05, 0x00, 0x04, 0x4C, 0x4B, 0xB0, 0x2A, 0x50, 0x58, 0x40,
    0x1D, 0x00, 0x02, 0x00, 0x01, 0x00, 0x02, 0x01, 0x67, 0x00, 0x03, 0x03, 0x04, 0x61, 0x00, 0x04,
    0x04, 0x1F, 0x4D, 0x00, 0x00, 0x00, 0x05, 0x61, 0x00, 0x05, 0x05, 0x20, 0x05, 0x4E, 0x1B, 0x40,
    0x1B, 0x00, 0x04, 0x00, 0x03, 0x02, 0x04, 0x03, 0x69, 0x00, 0x02, 0x00, 0x01, 0x00, 0x02, 0x01,
    0x67, 0x00, 0x00, 0x00, 0x05, 0x61, 0x00, 0x05, 0x05, 0x22, 0x05, 0x4E, 0x59, 0x40, 0x09, 0x26,
    0x23, 0x22, 0x11, 0x13, 0x22, 0x06, 0x07, 0x1C, 0x2B, 0x37, 0x35, 0x16, 0x33, 0x32, 0x37, 0x36,
    0x35, 0x21, 0x35, 0x21, 0x26, 0x26, 0x23, 0x22, 0x05, 0x35, 0x36, 0x33, 0x20, 0x17, 0x16, 0x11,
    0x10, 0x07, 0x06, 0x21, 0x20, 0x7D, 0xE8, 0xDA, 0xE8, 0x90, 0x91, 0xFD, 0x25, 0x02, 0xD4, 0x19,
    0xFB, 0xDC, 0xC5, 0xFE, 0xFF, 0xF7, 0xE3, 0x01, 0x6C, 0xC6, 0xC6, 0xC4, 0xC2, 0xFE, 0x99, 0xFE,
    0xE9, 0x43, 0xCC, 0x78, 0x95, 0x96, 0xEC, 0xB0, 0xE8, 0xF1, 0x5E, 0xD8, 0x3C, 0xCC, 0xCB, 0xFE,
    0x8D, 0xFE, 0x90, 0xCD, 0xCB, 0x00, 0x00, 0x00, 0x00, 0x02, 0x00, 0xA9, 0xFF, 0xDB, 0x07, 0xCF,
    0x05, 0xED, 0x00, 0x18, 0x00, 0x2C, 0x00, 0x74, 0x4B, 0xB0, 0x2A, 0x50, 0x58, 0x40, 0x29, 0x00,
    0x01, 0x00, 0x04, 0x06, 0x01, 0x04, 0x67, 0x00, 0x00, 0x00, 0x1A, 0x4D, 0x00, 0x07, 0x07, 0x02,
    0x61, 0x00, 0x02, 0x02, 0x1F, 0x4D, 0x08, 0x01, 0x05, 0x05, 0x1B, 0x4D, 0x09, 0x01, 0x06, 0x06,
    0x03, 0x61, 0x00, 0x03, 0x03, 0x20, 0x03, 0x4E, 0x1B, 0x40, 0x27, 0x00, 0x02, 0x00, 0x07, 0x01,
    0x02, 0x07, 0x69, 0x00, 0x01, 0x00, 0x04, 0x06, 0x01, 0x04, 0x67, 0x00, 0x00, 0x00, 0x05, 0x5F,
    0x08, 0x01, 0x05, 0x05, 0x1D, 0x4D, 0x09, 0x01, 0x06, 0x06, 0x03, 0x61, 0x00, 0x03, 0x03, 0x22,
    0x03, 0x4E, 0x59, 0x40, 0x16, 0x1A, 0x19, 0x00, 0x00, 0x24, 0x22, 0x19, 0x2C, 0x1A, 0x2C, 0x00,
    0x18, 0x00, 0x18, 0x14, 0x28, 0x22, 0x11, 0x11, 0x0A, 0x07, 0x1B, 0x2B, 0x33, 0x11, 0x21, 0x11,
    0x21, 0x12, 0x00, 0x21, 0x32, 0x16, 0x16, 0x12, 0x15, 0x14, 0x02, 0x06, 0x06, 0x23, 0x22, 0x26,
    0x26, 0x02, 0x27, 0x21, 0x11, 0x25, 0x32, 0x3E, 0x02, 0x35, 0x34, 0x2E, 0x02, 0x23, 0x22, 0x0E,
    0x02, 0x15, 0x14, 0x1E, 0x02, 0xA9, 0x01, 0x03, 0x01, 0x26, 0x1E, 0x01, 0x45, 0x01, 0x1A, 0x96,
    0xED, 0xA5, 0x58, 0x57, 0xA4, 0xEE, 0x97, 0x8F, 0xE1, 0xA2, 0x5F, 0x0B, 0xFE, 0xD9, 0x03, 0x9E,
    0x5A, 0x8C, 0x60, 0x33, 0x33, 0x60, 0x8A, 0x57, 0x57, 0x8A, 0x60, 0x33, 0x32, 0x5F, 0x88, 0x05,
    0xC8, 0xFD, 0x73, 0x01, 0x50, 0x01, 0x62, 0x6B, 0xC8, 0xFE, 0xDF, 0xB5, 0xB6, 0xFE, 0xE0, 0xC8,
    0x6B, 0x5C, 0xB1, 0x01, 0x00, 0xA5, 0xFD, 0x73, 0x84, 0x53, 0x9D, 0xE3, 0x90, 0x8C, 0xE0, 0x9C,
    0x54, 0x53, 0x9D, 0xE1, 0x8E, 0x8C, 0xE0, 0x9F, 0x55, 0x00, 0x00, 0x00, 0x00, 0x02, 0x00, 0x50,
    0x00, 0x00, 0x05, 0x1A, 0x05, 0xC8, 0x00, 0x1D, 0x00, 0x26, 0x00, 0x52, 0xB5, 0x0D, 0x01, 0x00,
    0x05, 0x01, 0x4C, 0x4B, 0xB0, 0x2A, 0x50, 0x58, 0x40, 0x19, 0x00, 0x05, 0x00, 0x00, 0x01, 0x05,
    0x00, 0x67, 0x00, 0x04, 0x04, 0x02, 0x5F, 0x00, 0x02, 0x02, 0x1A, 0x4D, 0x03, 0x01, 0x01, 0x01,
    0x1B, 0x01, 0x4E, 0x1B, 0x40, 0x17, 0x00, 0x02, 0x00, 0x04, 0x05, 0x02, 0x04, 0x67, 0x00, 0x05,
    0x00, 0x00, 0x01, 0x05, 0x00, 0x67, 0x03, 0x01, 0x01, 0x01, 0x1D, 0x01, 0x4E, 0x59, 0x40, 0x0D,
    0x26, 0x24, 0x20, 0x1E, 0x1D, 0x1C, 0x1B, 0x18, 0x14, 0x10, 0x06, 0x07, 0x18, 0x2B, 0x01, 0x23,
    0x06, 0x03, 0x07, 0x07, 0x21, 0x36, 0x3F, 0x02, 0x36, 0x36, 0x37, 0x2E, 0x03, 0x35, 0x34, 0x36,
    0x37, 0x3E, 0x03, 0x33, 0x21, 0x11, 0x21, 0x11, 0x23, 0x22, 0x06, 0x15, 0x14, 0x16, 0x33, 0x33,
    0x04, 0x19, 0xE5, 0x85, 0xD1, 0x25, 0x1D, 0xFE, 0xB4, 0x52, 0x53, 0x2B, 0x5A, 0x36, 0x73, 0x3E,
    0x54, 0x86, 0x5E, 0x32, 0x47, 0x49, 0x20, 0x48, 0x65, 0x8B, 0x63, 0x01, 0xD8, 0xFE, 0xFF, 0xD1,
    0xAA, 0x9F, 0xB6, 0xBC, 0xA8, 0x02, 0x6B, 0x86, 0xFE, 0x8A, 0x3C, 0x33, 0x60, 0x81, 0x43, 0x8A,
    0x54, 0x75, 0x24, 0x12, 0x48, 0x67, 0x83, 0x4C, 0x62, 0xA0, 0x3E, 0x1B, 0x24, 0x15, 0x09, 0xFA,
    0x38, 0x05, 0x1B, 0x7E, 0x7C, 0x85, 0x84, 0x00, 0x00, 0x02, 0x00, 0x52, 0xFF, 0xE7, 0x04, 0x42,
    0x04, 0x5C, 0x00, 0x21, 0x00, 0x2C, 0x00, 0x90, 0x4B, 0xB0, 0x1D, 0x50, 0x58, 0x40, 0x12, 0x12,
    0x01, 0x02, 0x03, 0x11, 0x01, 0x01, 0x02, 0x2C, 0x01, 0x04, 0x06, 0x1E, 0x01, 0x00, 0x04, 0x04,
    0x4C, 0x1B, 0x40, 0x12, 0x12, 0x01, 0x02, 0x03, 0x11, 0x01, 0x01, 0x02, 0x2C, 0x01, 0x07, 0x06,
    0x1E, 0x01, 0x00, 0x04, 0x04, 0x4C, 0x59, 0x4B, 0xB0, 0x1D, 0x50, 0x58, 0x40, 0x1F, 0x00, 0x01,
    0x00, 0x06, 0x04, 0x01, 0x06, 0x69, 0x00, 0x02, 0x02, 0x03, 0x61, 0x00, 0x03, 0x03, 0x21, 0x4D,
    0x07, 0x01, 0x04, 0x04, 0x00, 0x61, 0x05, 0x01, 0x00, 0x00, 0x22, 0x00, 0x4E, 0x1B, 0x40, 0x29,
    0x00, 0x01, 0x00, 0x06, 0x07, 0x01, 0x06, 0x69, 0x00, 0x02, 0x02, 0x03, 0x61, 0x00, 0x03, 0x03,
    0x21, 0x4D, 0x00, 0x07, 0x07, 0x00, 0x61, 0x05, 0x01, 0x00, 0x00, 0x22, 0x4D, 0x00, 0x04, 0x04,
    0x00, 0x61, 0x05, 0x01, 0x00, 0x00, 0x22, 0x00, 0x4E, 0x59, 0x40, 0x0B, 0x23, 0x41, 0x24, 0x15,
    0x23, 0x22, 0x25, 0x23, 0x08, 0x07, 0x1E, 0x2B, 0x25, 0x06, 0x07, 0x06, 0x23, 0x22, 0x2E, 0x02,
    0x35, 0x10, 0x21, 0x33, 0x35, 0x34, 0x23, 0x22, 0x07, 0x35, 0x36, 0x33, 0x32, 0x16, 0x15, 0x11,
    0x14, 0x16, 0x33, 0x32, 0x37, 0x17, 0x06, 0x23, 0x22, 0x03, 0x06, 0x26, 0x23, 0x20, 0x15, 0x14,
    0x16, 0x33, 0x32, 0x37, 0x02, 0xD8, 0x15, 0x15, 0x7D, 0x9C, 0x48, 0x77, 0x55, 0x2F, 0x02, 0x33,
    0x3E, 0xBD, 0xA3, 0xB2, 0xBE, 0xC0, 0xC7, 0xBE, 0x30, 0x2D, 0x10, 0x17, 0x0A, 0x51, 0x4C, 0xA0,
    0x42, 0x11, 0x21, 0x11, 0xFE, 0xC6, 0x57, 0x4E, 0x76, 0x62, 0x80, 0x11, 0x0D, 0x7B, 0x2D, 0x51,
    0x72, 0x46, 0x01, 0x73, 0x73, 0xB4, 0x61, 0xB8, 0x4E, 0xA6, 0xAE, 0xFE, 0x17, 0x4A, 0x4B, 0x04,
    0x89, 0x1E, 0x02, 0x1A, 0x01, 0x02, 0xC7, 0x4C, 0x53, 0x69, 0x00, 0x00, 0x00, 0x02, 0x00, 0x5B,
    0xFF, 0xE7, 0x04, 0x72, 0x06, 0x60, 0x00, 0x1F, 0x00, 0x30, 0x00, 0x38, 0x40, 0x35, 0x18, 0x01,
    0x03, 0x02, 0x20, 0x00, 0x02, 0x04, 0x05, 0x02, 0x4C, 0x17, 0x01, 0x02, 0x4A, 0x00, 0x02, 0x00,
    0x03, 0x00, 0x02, 0x03, 0x69, 0x00, 0x05, 0x05, 0x00, 0x61, 0x00, 0x00, 0x00, 0x1C, 0x4D, 0x00,
    0x04, 0x04, 0x01, 0x61, 0x00, 0x01, 0x01, 0x22, 0x01, 0x4E, 0x25, 0x2B, 0x33, 0x36, 0x28, 0x21,
    0x06, 0x07, 0x1C, 0x2B, 0x01, 0x36, 0x33, 0x32, 0x1E, 0x02, 0x15, 0x14, 0x0E, 0x02, 0x23, 0x20,
    0x02, 0x11, 0x34, 0x12, 0x36, 0x36, 0x33, 0x33, 0x32, 0x37, 0x15, 0x06, 0x23, 0x23, 0x22, 0x0E,
    0x02, 0x03, 0x14, 0x06, 0x15, 0x14, 0x1E, 0x02, 0x33, 0x32, 0x3E, 0x02, 0x35, 0x10, 0x23, 0x22,
    0x01, 0x52, 0x90, 0xEA, 0x60, 0x9C, 0x6E, 0x3C, 0x4A, 0x8A, 0xC5, 0x7B, 0xFE, 0xFC, 0xFF, 0x48,
    0x94, 0xE4, 0x9B, 0x26, 0x92, 0x76, 0x5C, 0x95, 0x1C, 0x5F, 0x8B, 0x5E, 0x34, 0x08, 0x01, 0x25,
    0x48, 0x67, 0x42, 0x3D, 0x62, 0x44, 0x24, 0xEB, 0x9E, 0x03, 0x5D, 0xE1, 0x4D, 0x8C, 0xC6, 0x78,
    0x84, 0xD5, 0x96, 0x51, 0x01, 0x63, 0x01, 0x71, 0xE6, 0x01, 0x4D, 0xD7, 0x66, 0x35, 0xAF, 0x2D,
    0x38, 0x82, 0xD3, 0xFE, 0xC5, 0x08, 0x12, 0x08, 0x7E, 0xC4, 0x86, 0x45, 0x39, 0x69, 0x94, 0x5B,
    0x01, 0x5A, 0x00, 0x00, 0x00, 0x03, 0x00, 0x98, 0x00, 0x00, 0x04, 0x26, 0x04, 0x44, 0x00, 0x0F,
    0x00, 0x1A, 0x00, 0x22, 0x00, 0x63, 0xB5, 0x07, 0x01, 0x03, 0x04, 0x01, 0x4C, 0x4B, 0xB0, 0x2A,
    0x50, 0x58, 0x40, 0x1E, 0x00, 0x04, 0x00, 0x03, 0x02, 0x04, 0x03, 0x69, 0x00, 0x05, 0x05, 0x00,
    0x5F, 0x00, 0x00, 0x00, 0x1C, 0x4D, 0x00, 0x02, 0x02, 0x01, 0x5F, 0x06, 0x01, 0x01, 0x01, 0x1B,
    0x01, 0x4E, 0x1B, 0x40, 0x1E, 0x00, 0x04, 0x00, 0x03, 0x02, 0x04, 0x03, 0x69, 0x00, 0x05, 0x05,
    0x00, 0x5F, 0x00, 0x00, 0x00, 0x1C, 0x4D, 0x00, 0x02, 0x02, 0x01, 0x5F, 0x06, 0x01, 0x01, 0x01,
    0x1D, 0x01, 0x4E, 0x59, 0x40, 0x12, 0x00, 0x00, 0x22, 0x20, 0x1D, 0x1B, 0x1A, 0x18, 0x12, 0x10,
    0x00, 0x0F, 0x00, 0x0E, 0x21, 0x07, 0x07, 0x17, 0x2B, 0x33, 0x11, 0x21, 0x32, 0x16, 0x15, 0x14,
    0x07, 0x16, 0x16, 0x15, 0x14, 0x0E, 0x02, 0x23, 0x27, 0x33, 0x32, 0x3E, 0x02, 0x35, 0x34, 0x26,
    0x23, 0x23, 0x35, 0x33, 0x32, 0x36, 0x35, 0x34, 0x23, 0x23, 0x98, 0x01, 0xB4, 0xDE, 0xD0, 0xEA,
    0x8C, 0x8A, 0x32, 0x6A, 0xA4, 0x73, 0xEF, 0x68, 0x61, 0x79, 0x44, 0x18, 0x9E, 0x8D, 0x73, 0x76,
    0x84, 0x7D, 0xF8, 0x7F, 0x04, 0x44, 0x77, 0x7C, 0xC9, 0x4E, 0x26, 0x8F, 0x6D, 0x47, 0x69, 0x46,
    0x22, 0xA3, 0x0C, 0x20, 0x36, 0x2A, 0x58, 0x63, 0x94, 0x53, 0x54, 0x7B, 0x00, 0x01, 0x00, 0x91,
    0x00, 0x00, 0x03, 0x13, 0x04, 0x44, 0x00, 0x05, 0x00, 0x3B, 0x4B, 0xB0, 0x2A, 0x50, 0x58, 0x40,
    0x11, 0x00, 0x01, 0x01, 0x00, 0x5F, 0x00, 0x00, 0x00, 0x1C, 0x4D, 0x03, 0x01, 0x02, 0x02, 0x1B,
    0x02, 0x4E, 0x1B, 0x40, 0x11, 0x00, 0x01, 0x01, 0x00, 0x5F, 0x00, 0x00, 0x00, 0x1C, 0x4D, 0x03,
    0x01, 0x02, 0x02, 0x1D, 0x02, 0x4E, 0x59, 0x40, 0x0B, 0x00, 0x00, 0x00, 0x05, 0x00, 0x05, 0x11,
    0x11, 0x04, 0x07, 0x18, 0x2B, 0x33, 0x11, 0x21, 0x15, 0x21, 0x11, 0x91, 0x02, 0x82, 0xFE, 0x84,
    0x04, 0x44, 0xC0, 0xFC, 0x7C, 0x00, 0x00, 0x00, 0x00, 0x02, 0x00, 0x19, 0xFE, 0xA7, 0x04, 0xB8,
    0x04, 0x44, 0x00, 0x0E, 0x00, 0x14, 0x00, 0x92, 0x4B, 0xB0, 0x0C, 0x50, 0x58, 0x40, 0x27, 0x00,
    0x06, 0x06, 0x01, 0x5F, 0x00, 0x01, 0x01, 0x1C, 0x4D, 0x09, 0x07, 0x02, 0x03, 0x00, 0x00, 0x04,
    0x5F, 0x00, 0x04, 0x04, 0x1B, 0x4D, 0x09, 0x07, 0x02, 0x03, 0x00, 0x00, 0x03, 0x5F, 0x08, 0x05,
    0x02, 0x03, 0x03, 0x1E, 0x03, 0x4E, 0x1B, 0x4B, 0xB0, 0x2A, 0x50, 0x58, 0x40, 0x1F, 0x08, 0x05,
    0x02, 0x03, 0x00, 0x03, 0x53, 0x00, 0x06, 0x06, 0x01, 0x5F, 0x00, 0x01, 0x01, 0x1C, 0x4D, 0x09,
    0x07, 0x02, 0x03, 0x00, 0x00, 0x04, 0x5F, 0x00, 0x04, 0x04, 0x1B, 0x04, 0x4E, 0x1B, 0x40, 0x1F,
    0x08, 0x05, 0x02, 0x03, 0x00, 0x03, 0x53, 0x00, 0x06, 0x06, 0x01, 0x5F, 0x00, 0x01, 0x01, 0x1C,
    0x4D, 0x09, 0x07, 0x02, 0x03, 0x00, 0x00, 0x04, 0x5F, 0x00, 0x04, 0x04, 0x1D, 0x04, 0x4E, 0x59,
    0x59, 0x40, 0x16, 0x0F, 0x0F, 0x00, 0x00, 0x0F, 0x14, 0x0F, 0x14, 0x11, 0x10, 0x00, 0x0E, 0x00,
    0x0E, 0x11, 0x11, 0x11, 0x14, 0x11, 0x0A, 0x07, 0x1B, 0x2B, 0x13, 0x11, 0x33, 0x36, 0x12, 0x11,
    0x35, 0x21, 0x11, 0x33, 0x11, 0x23, 0x11, 0x21, 0x11, 0x01, 0x11, 0x21, 0x15, 0x10, 0x03, 0x19,
    0x5F, 0x64, 0x6C, 0x02, 0xCD, 0xA3, 0xC8, 0xFC, 0xF1, 0x02, 0x4D, 0xFE, 0xF3, 0xB4, 0xFE, 0xA7,
    0x02, 0x0A, 0x97, 0x01, 0x93, 0x01, 0x01, 0x68, 0xFC, 0x6D, 0xFD, 0xF6, 0x01, 0x59, 0xFE, 0xA7,
    0x02, 0x0A, 0x02, 0xEB, 0x10, 0xFE, 0x72, 0xFE, 0xB3, 0x00, 0x00, 0x00, 0x00, 0x02, 0x00, 0x50,
    0xFF, 0xE7, 0x04, 0x00, 0x04, 0x5C, 0x00, 0x04, 0x00, 0x1C, 0x00, 0x3D, 0x40, 0x3A, 0x1C, 0x01,
    0x05, 0x04, 0x05, 0x01, 0x02, 0x05, 0x02, 0x4C, 0x06, 0x01, 0x01, 0x00, 0x04, 0x05, 0x01, 0x04,
    0x67, 0x00, 0x00, 0x00, 0x03, 0x61, 0x00, 0x03, 0x03, 0x21, 0x4D, 0x00, 0x05, 0x05, 0x02, 0x61,
    0x00, 0x02, 0x02, 0x22, 0x02, 0x4E, 0x00, 0x00, 0x1B, 0x19, 0x18, 0x17, 0x13, 0x11, 0x09, 0x07,
    0x00, 0x04, 0x00, 0x04, 0x21, 0x07, 0x07, 0x17, 0x2B, 0x01, 0x10, 0x23, 0x22, 0x03, 0x01, 0x06,
    0x06, 0x23, 0x22, 0x2E, 0x02, 0x35, 0x34, 0x3E, 0x02, 0x33, 0x32, 0x1E, 0x02, 0x15, 0x21, 0x12,
    0x21, 0x32, 0x37, 0x03, 0x0B, 0xCA, 0xD3, 0x1B, 0x02, 0xAB, 0x5F, 0xB9, 0x5C, 0x84, 0xD3, 0x94,
    0x4F, 0x46, 0x82, 0xB7, 0x71, 0x76, 0xAA, 0x6D, 0x33, 0xFD, 0x53, 0x1E, 0x01, 0x49, 0x93, 0xB1,
    0x02, 0x92, 0x01, 0x24, 0xFE, 0xDC, 0xFD, 0x92, 0x1E, 0x1F, 0x52, 0x97, 0xD9, 0x87, 0x7F, 0xCD,
    0x91, 0x4F, 0x49, 0x98, 0xE7, 0x9F, 0xFE, 0xA1, 0x44, 0x00, 0x00, 0x00, 0x00, 0x01, 0x00, 0x05,
    0x00, 0x00, 0x05, 0x7E, 0x04, 0x44, 0x00, 0x4F, 0x00, 0x69, 0x40, 0x0C, 0x32, 0x17, 0x02, 0x03,
    0x02, 0x3A, 0x11, 0x02, 0x00, 0x03, 0x02, 0x4C, 0x4B, 0xB0, 0x2A, 0x50, 0x58, 0x40, 0x1A, 0x05,
    0x01, 0x03, 0x08, 0x01, 0x00, 0x01, 0x03, 0x00, 0x67, 0x06, 0x04, 0x02, 0x02, 0x02, 0x1C, 0x4D,
    0x0A, 0x09, 0x07, 0x03, 0x01, 0x01, 0x1B, 0x01, 0x4E, 0x1B, 0x40, 0x1A, 0x05, 0x01, 0x03, 0x08,
    0x01, 0x00, 0x01, 0x03, 0x00, 0x67, 0x06, 0x04, 0x02, 0x02, 0x02, 0x1C, 0x4D, 0x0A, 0x09, 0x07,
    0x03, 0x01, 0x01, 0x1D, 0x01, 0x4E, 0x59, 0x40, 0x19, 0x00, 0x00, 0x00, 0x4F, 0x00, 0x4F, 0x4E,
    0x4D, 0x44, 0x43, 0x31, 0x30, 0x27, 0x26, 0x25, 0x24, 0x23, 0x22, 0x19, 0x18, 0x14, 0x11, 0x0B,
    0x07, 0x18, 0x2B, 0x21, 0x11, 0x23, 0x06, 0x06, 0x07, 0x07, 0x23, 0x3E, 0x03, 0x37, 0x3E, 0x03,
    0x37, 0x26, 0x27, 0x27, 0x26, 0x26, 0x27, 0x35, 0x32, 0x1E, 0x02, 0x17, 0x17, 0x1E, 0x03, 0x33,
    0x11, 0x33, 0x11, 0x32, 0x3E, 0x02, 0x37, 0x37, 0x3E, 0x03, 0x33, 0x15, 0x06, 0x07, 0x06, 0x06,
    0x07, 0x07, 0x06, 0x07, 0x1E, 0x03, 0x17, 0x17, 0x16, 0x16, 0x17, 0x23, 0x27, 0x27, 0x26, 0x26,
    0x27, 0x27, 0x26, 0x26, 0x27, 0x23, 0x11, 0x02, 0x51, 0x38, 0x2C, 0x6C, 0x46, 0x3D, 0xF9, 0x12,
    0x27, 0x23, 0x1C, 0x08, 0x29, 0x36, 0x37, 0x46, 0x38, 0x6D, 0x42, 0x20, 0x16, 0x3A, 0x28, 0x3F,
    0x57, 0x42, 0x36, 0x1E, 0x16, 0x1C, 0x2C, 0x2B, 0x2D, 0x1D, 0xE1, 0x1B, 0x2E, 0x2C, 0x2D, 0x1A,
    0x17, 0x1F, 0x35, 0x41, 0x56, 0x41, 0x4D, 0x2C, 0x07, 0x0A, 0x05, 0x14, 0x40, 0x65, 0x37, 0x4A,
    0x3B, 0x35, 0x23, 0x2C, 0x14, 0x2A, 0x17, 0xFA, 0x0F, 0x3A, 0x0E, 0x19, 0x0C, 0x41, 0x1A, 0x2D,
    0x16, 0x38, 0x01, 0xE3, 0x30, 0xB3, 0x89, 0x77, 0x1D, 0x46, 0x43, 0x38, 0x0F, 0x48, 0x68, 0x4B,
    0x31, 0x11, 0x2E, 0x99, 0x46, 0x30, 0x33, 0x03, 0xA7, 0x0F, 0x2F, 0x58, 0x48, 0x37, 0x3F, 0x4C,
    0x29, 0x0D, 0x01, 0xD6, 0xFE, 0x2A, 0x0D, 0x29, 0x4C, 0x3F, 0x37, 0x49, 0x58, 0x2F, 0x0E, 0xA7,
    0x06, 0x60, 0x0F, 0x19, 0x09, 0x2A, 0x88, 0x2A, 0x11, 0x37, 0x4E, 0x67, 0x40, 0x57, 0x27, 0x4C,
    0x23, 0x1C, 0x72, 0x1A, 0x30, 0x14, 0x6F, 0x2D, 0x44, 0x17, 0xFE, 0x1D, 0x00, 0x01, 0x00, 0x49,
    0xFF, 0xE7, 0x03, 0x7C, 0x04, 0x5C, 0x00, 0x23, 0x00, 0x3F, 0x40, 0x3C, 0x12, 0x01, 0x03, 0x04,
    0x11, 0x01, 0x02, 0x03, 0x1A, 0x01, 0x01, 0x02, 0x00, 0x01, 0x00, 0x01, 0x23, 0x01, 0x05, 0x00,
    0x05, 0x4C, 0x00, 0x02, 0x00, 0x01, 0x00, 0x02, 0x01, 0x69, 0x00, 0x03, 0x03, 0x04, 0x61, 0x00,
    0x04, 0x04, 0x21, 0x4D, 0x00, 0x00, 0x00, 0x05, 0x61, 0x00, 0x05, 0x05, 0x22, 0x05, 0x4E, 0x2A,
    0x24, 0x23, 0x21, 0x23, 0x21, 0x06, 0x07, 0x1C, 0x2B, 0x37, 0x16, 0x33, 0x32, 0x36, 0x35, 0x34,
    0x21, 0x23, 0x35, 0x33, 0x20, 0x35, 0x34, 0x26, 0x23, 0x22, 0x07, 0x35, 0x36, 0x36, 0x33, 0x32,
    0x16, 0x15, 0x14, 0x07, 0x16, 0x15, 0x14, 0x0E, 0x02, 0x23, 0x22, 0x27, 0x49, 0xAB, 0x8E, 0x7E,
    0x82, 0xFE, 0xC6, 0x32, 0x37, 0x01, 0x18, 0x76, 0x81, 0x72, 0xA0, 0x4E, 0xA3, 0x56, 0xDD, 0xDA,
    0xCA, 0xEC, 0x46, 0x81, 0xB6, 0x70, 0x85, 0xC1, 0xCF, 0x3E, 0x5B, 0x54, 0xB9, 0x96, 0x96, 0x49,
    0x49, 0x36, 0xAC, 0x18, 0x17, 0x8B, 0x81, 0xA2, 0x65, 0x4A, 0xC2, 0x4C, 0x7E, 0x5A, 0x32, 0x2F,
    0x00, 0x01, 0x00, 0x92, 0x00, 0x00, 0x04, 0x1F, 0x04, 0x44, 0x00, 0x09, 0x00, 0x3E, 0xB6, 0x08,
    0x03, 0x02, 0x02, 0x00, 0x01, 0x4C, 0x4B, 0xB0, 0x2A, 0x50, 0x58, 0x40, 0x0E, 0x01, 0x01, 0x00,
    0x00, 0x1C, 0x4D, 0x04, 0x03, 0x02, 0x02, 0x02, 0x1B, 0x02, 0x4E, 0x1B, 0x40, 0x0E, 0x01, 0x01,
    0x00, 0x00, 0x1C, 0x4D, 0x04, 0x03, 0x02, 0x02, 0x02, 0x1D, 0x02, 0x4E, 0x59, 0x40, 0x0C, 0x00,
    0x00, 0x00, 0x09, 0x00, 0x09, 0x11, 0x12, 0x11, 0x05, 0x07, 0x19, 0x2B, 0x33, 0x11, 0x33, 0x11,
    0x01, 0x33, 0x11, 0x23, 0x11, 0x01, 0x92, 0xE8, 0x01, 0xAE, 0xF7, 0xE8, 0xFE, 0x52, 0x04, 0x44,
    0xFC, 0xFF, 0x03, 0x01, 0xFB, 0xBC, 0x03, 0x00, 0xFD, 0x00, 0x00, 0x00, 0x00, 0x02, 0x00, 0x92,
    0x00, 0x00, 0x04, 0x1F, 0x06, 0x44, 0x00, 0x0B, 0x00, 0x1C, 0x00, 0x8F, 0xB6, 0x08, 0x03, 0x02,
    0x02, 0x00, 0x01, 0x4C, 0x4B, 0xB0, 0x0C, 0x50, 0x58, 0x40, 0x1E, 0x09, 0x07, 0x02, 0x05, 0x04,
    0x04, 0x05, 0x70, 0x00, 0x04, 0x00, 0x06, 0x00, 0x04, 0x06, 0x6A, 0x01, 0x01, 0x00, 0x00, 0x1C,
    0x4D, 0x08, 0x03, 0x02, 0x02, 0x02, 0x1B, 0x02, 0x4E, 0x1B, 0x4B, 0xB0, 0x2A, 0x50, 0x58, 0x40,
    0x1D, 0x09, 0x07, 0x02, 0x05, 0x04, 0x05, 0x85, 0x00, 0x04, 0x00, 0x06, 0x00, 0x04, 0x06, 0x6A,
    0x01, 0x01, 0x00, 0x00, 0x1C, 0x4D, 0x08, 0x03, 0x02, 0x02, 0x02, 0x1B, 0x02, 0x4E, 0x1B, 0x40,
    0x1D, 0x09, 0x07, 0x02, 0x05, 0x04, 0x05, 0x85, 0x00, 0x04, 0x00, 0x06, 0x00, 0x04, 0x06, 0x6A,
    0x01, 0x01, 0x00, 0x00, 0x1C, 0x4D, 0x08, 0x03, 0x02, 0x02, 0x02, 0x1D, 0x02, 0x4E, 0x59, 0x59,
    0x40, 0x18, 0x0C, 0x0C, 0x00, 0x00, 0x0C, 0x1C, 0x0C, 0x1C, 0x1A, 0x18, 0x14, 0x13, 0x10, 0x0E,
    0x00, 0x0B, 0x00, 0x0B, 0x11, 0x12, 0x11, 0x0A, 0x07, 0x19, 0x2B, 0x33, 0x11, 0x33, 0x11, 0x01,
    0x33, 0x11, 0x23, 0x11, 0x06, 0x02, 0x07, 0x13, 0x14, 0x16, 0x33, 0x32, 0x36, 0x37, 0x35, 0x33,
    0x0E, 0x03, 0x23, 0x22, 0x26, 0x35, 0x92, 0xE8, 0x01, 0xAE, 0xF7, 0xE8, 0x6C, 0xD5, 0x6D, 0x36,
    0x40, 0x54, 0x48, 0x47, 0x04, 0xBA, 0x02, 0x28, 0x51, 0x7C, 0x56, 0xAF, 0x9E, 0x04, 0x44, 0xFC,
    0xFF, 0x03, 0x01, 0xFB, 0xBC, 0x03, 0x00, 0xC1, 0xFE, 0x82, 0xC1, 0x06, 0x44, 0x68, 0x66, 0x4F,
    0x55, 0x2A, 0x51, 0x78, 0x50, 0x28, 0x9F, 0xA2, 0x00, 0x01, 0x00, 0x97, 0x00, 0x00, 0x03, 0xB3,
    0x04, 0x44, 0x00, 0x2D, 0x00, 0x5C, 0xB5, 0x1A, 0x01, 0x05, 0x01, 0x01, 0x4C, 0x4B, 0xB0, 0x2A,
    0x50, 0x58, 0x40, 0x1B, 0x00, 0x01, 0x00, 0x05, 0x04, 0x01, 0x05, 0x67, 0x00, 0x03, 0x03, 0x00,
    0x61, 0x02, 0x01, 0x00, 0x00, 0x1C, 0x4D, 0x07, 0x06, 0x02, 0x04, 0x04, 0x1B, 0x04, 0x4E, 0x1B,
    0x40, 0x1B, 0x00, 0x01, 0x00, 0x05, 0x04, 0x01, 0x05, 0x67, 0x00, 0x03, 0x03, 0x00, 0x61, 0x02,
    0x01, 0x00, 0x00, 0x1C, 0x4D, 0x07, 0x06, 0x02, 0x04, 0x04, 0x1D, 0x04, 0x4E, 0x59, 0x40, 0x11,
    0x00, 0x00, 0x00, 0x2D, 0x00, 0x2D, 0x2C, 0x2B, 0x25, 0x24, 0x21, 0x18, 0x11, 0x11, 0x08, 0x07,
    0x1A, 0x2B, 0x33, 0x11, 0x33, 0x11, 0x32, 0x3E, 0x02, 0x37, 0x3E, 0x03, 0x33, 0x15, 0x23, 0x22,
    0x0E, 0x02, 0x07, 0x06, 0x06, 0x07, 0x06, 0x06, 0x07, 0x1E, 0x03, 0x1F, 0x02, 0x16, 0x16, 0x17,
    0x21, 0x26, 0x26, 0x27, 0x26, 0x26, 0x27, 0x23, 0x11, 0x97, 0xE3, 0x21, 0x2D, 0x27, 0x27, 0x1C,
    0x24, 0x3B, 0x46, 0x61, 0x4A, 0x0F, 0x19, 0x23, 0x1B, 0x15, 0x0B, 0x07, 0x14, 0x08, 0x24, 0x6A,
    0x42, 0x29, 0x3C, 0x31, 0x2C, 0x1B, 0x1A, 0x30, 0x26, 0x46, 0x17, 0xFF, 0x00, 0x0F, 0x2D, 0x1D,
    0x33, 0x5B, 0x23, 0x2F, 0x04, 0x44, 0xFE, 0x2E, 0x16, 0x31, 0x4F, 0x39, 0x4F, 0x65, 0x39, 0x16,
    0xA7, 0x0C, 0x18, 0x24, 0x18, 0x0E, 0x22, 0x13, 0x55, 0x59, 0x10, 0x0C, 0x28, 0x39, 0x49, 0x2C,
    0x31, 0x53, 0x45, 0x73, 0x1E, 0x1A, 0x58, 0x3C, 0x66, 0x9F, 0x2C, 0xFE, 0x21, 0x00, 0x00, 0x00,
    0x00, 0x01, 0x00, 0x23, 0x00, 0x00, 0x04, 0x45, 0x04, 0x44, 0x00, 0x17, 0x00, 0x41, 0x4B, 0xB0,
    0x2A, 0x50, 0x58, 0x40, 0x16, 0x00, 0x03, 0x03, 0x01, 0x5F, 0x00, 0x01, 0x01, 0x1C, 0x4D, 0x00,
    0x00, 0x00, 0x02, 0x61, 0x04, 0x01, 0x02, 0x02, 0x1B, 0x02, 0x4E, 0x1B, 0x40, 0x16, 0x00, 0x03,
    0x03, 0x01, 0x5F, 0x00, 0x01, 0x01, 0x1C, 0x4D, 0x00, 0x00, 0x00, 0x02, 0x61, 0x04, 0x01, 0x02,
    0x02, 0x1D, 0x02, 0x4E, 0x59, 0xB7, 0x18, 0x11, 0x11, 0x18, 0x10, 0x05, 0x07, 0x1B, 0x2B, 0x37,
    0x3E, 0x03, 0x37, 0x36, 0x36, 0x37, 0x35, 0x21, 0x11, 0x23, 0x11, 0x21, 0x15, 0x14, 0x06, 0x15,
    0x06, 0x02, 0x06, 0x06, 0x23, 0x23, 0x3D, 0x57, 0x38, 0x1D, 0x04, 0x04, 0x01, 0x05, 0x03, 0x2B,
    0xF7, 0xFE, 0xB0, 0x02, 0x05, 0x2B, 0x69, 0xB3, 0x8D, 0xAD, 0x03, 0x39, 0x73, 0xAE, 0x77, 0x48,
    0x9E, 0x55, 0x88, 0xFB, 0xBC, 0x03, 0x92, 0x12, 0x06, 0x17, 0x11, 0xE5, 0xFE, 0xBD, 0xCC, 0x5E,
    0x00, 0x01, 0x00, 0x9B, 0x00, 0x00, 0x05, 0x1A, 0x04, 0x44, 0x00, 0x18, 0x00, 0x50, 0xB7, 0x15,
    0x12, 0x05, 0x03, 0x03, 0x00, 0x01, 0x4C, 0x4B, 0xB0, 0x2A, 0x50, 0x58, 0x40, 0x16, 0x00, 0x03,
    0x00, 0x02, 0x00, 0x03, 0x02, 0x80, 0x01, 0x01, 0x00, 0x00, 0x1C, 0x4D, 0x05, 0x04, 0x02, 0x02,
    0x02, 0x1B, 0x02, 0x4E, 0x1B, 0x40, 0x16, 0x00, 0x03, 0x00, 0x02, 0x00, 0x03, 0x02, 0x80, 0x01,
    0x01, 0x00, 0x00, 0x1C, 0x4D, 0x05, 0x04, 0x02, 0x02, 0x02, 0x1D, 0x02, 0x4E, 0x59, 0x40, 0x0D,
    0x00, 0x00, 0x00, 0x18, 0x00, 0x18, 0x17, 0x11, 0x17, 0x11, 0x06, 0x07, 0x1A, 0x2B, 0x33, 0x11,
    0x33, 0x16, 0x12, 0x17, 0x33, 0x36, 0x12, 0x37, 0x21, 0x11, 0x23, 0x36, 0x02, 0x35, 0x34, 0x36,
    0x35, 0x01, 0x23, 0x01, 0x06, 0x10, 0x15, 0x9B, 0xFA, 0x54, 0xA5, 0x55, 0x02, 0x4B, 0x96, 0x4C,
    0x01, 0x08, 0xEA, 0x01, 0x02, 0x01, 0xFE, 0xEF, 0xBE, 0xFE, 0xF1, 0x01, 0x04, 0x44, 0xCA, 0xFE,
    0x70, 0xCA, 0xCA, 0x01, 0x90, 0xCA, 0xFB, 0xBC, 0xB4, 0x01, 0x63, 0xB4, 0x14, 0x27, 0x14, 0xFD,
    0x30, 0x02, 0xBF, 0xC3, 0xFE, 0x7D, 0xC3, 0x00, 0x00, 0x01, 0x00, 0x93, 0x00, 0x00, 0x04, 0x0C,
    0x04, 0x44, 0x00, 0x0B, 0x00, 0x48, 0x4B, 0xB0, 0x2A, 0x50, 0x58, 0x40, 0x16, 0x00, 0x01, 0x00,
    0x04, 0x03, 0x01, 0x04, 0x67, 0x02, 0x01, 0x00, 0x00, 0x1C, 0x4D, 0x06, 0x05, 0x02, 0x03, 0x03,
    0x1B, 0x03, 0x4E, 0x1B, 0x40, 0x16, 0x00, 0x01, 0x00, 0x04, 0x03, 0x01, 0x04, 0x67, 0x02, 0x01,
    0x00, 0x00, 0x1C, 0x4D, 0x06, 0x05, 0x02, 0x03, 0x03, 0x1D, 0x03, 0x4E, 0x59, 0x40, 0x0E, 0x00,
    0x00, 0x00, 0x0B, 0x00, 0x0B, 0x11, 0x11, 0x11, 0x11, 0x11, 0x07, 0x07, 0x1B, 0x2B, 0x33, 0x11,
    0x33, 0x11, 0x21, 0x11, 0x33, 0x11, 0x23, 0x11, 0x21, 0x11, 0x93, 0xF7, 0x01, 0x8C, 0xF6, 0xF6,
    0xFE, 0x74, 0x04, 0x44, 0xFE, 0x4F, 0x01, 0xB1, 0xFB, 0xBC, 0x01, 0xED, 0xFE, 0x13, 0x00, 0x00,
    0x00, 0x02, 0x00, 0x50, 0xFF, 0xE7, 0x04, 0x5A, 0x04, 0x5C, 0x00, 0x13, 0x00, 0x21, 0x00, 0x2D,
    0x40, 0x2A, 0x00, 0x03, 0x03, 0x01, 0x61, 0x00, 0x01, 0x01, 0x21, 0x4D, 0x05, 0x01, 0x02, 0x02,
    0x00, 0x61, 0x04, 0x01, 0x00, 0x00, 0x22, 0x00, 0x4E, 0x15, 0x14, 0x01, 0x00, 0x1B, 0x19, 0x14,
    0x21, 0x15, 0x21, 0x0B, 0x09, 0x00, 0x13, 0x01, 0x13, 0x06, 0x07, 0x16, 0x2B, 0x05, 0x22, 0x2E,
    0x02, 0x35, 0x34, 0x3E, 0x02, 0x33, 0x32, 0x1E, 0x02, 0x15, 0x14, 0x0E, 0x02, 0x27, 0x32, 0x36,
    0x35, 0x34, 0x26, 0x23, 0x22, 0x06, 0x15, 0x14, 0x1E, 0x02, 0x02, 0x4E, 0x74, 0xBD, 0x85, 0x48,
    0x49, 0x87, 0xBF, 0x76, 0x76, 0xBF, 0x87, 0x49, 0x49, 0x87, 0xC3, 0x75, 0x7E, 0x83, 0x85, 0x79,
    0x7B, 0x83, 0x21, 0x41, 0x5D, 0x19, 0x51, 0x95, 0xD3, 0x82, 0x84, 0xD3, 0x94, 0x4F, 0x50, 0x94,
    0xD2, 0x82, 0x85, 0xD4, 0x95, 0x4F, 0xA6, 0xD4, 0xC4, 0xC0, 0xD1, 0xD4, 0xC0, 0x60, 0x97, 0x68,
    0x36, 0x00, 0x00, 0x00, 0x00, 0x01, 0x00, 0x93, 0x00, 0x00, 0x04, 0x01, 0x04, 0x44, 0x00, 0x07,
    0x00, 0x3E, 0x4B, 0xB0, 0x2A, 0x50, 0x58, 0x40, 0x12, 0x00, 0x02, 0x02, 0x00, 0x5F, 0x00, 0x00,
    0x00, 0x1C, 0x4D, 0x04, 0x03, 0x02, 0x01, 0x01, 0x1B, 0x01, 0x4E, 0x1B, 0x40, 0x12, 0x00, 0x02,
    0x02, 0x00, 0x5F, 0x00, 0x00, 0x00, 0x1C, 0x4D, 0x04, 0x03, 0x02, 0x01, 0x01, 0x1D, 0x01, 0x4E,
    0x59, 0x40, 0x0C, 0x00, 0x00, 0x00, 0x07, 0x00, 0x07, 0x11, 0x11, 0x11, 0x05, 0x07, 0x19, 0x2B,
    0x33, 0x11, 0x21, 0x11, 0x23, 0x11, 0x21, 0x11, 0x93, 0x03, 0x6E, 0xF6, 0xFE, 0x7F, 0x04, 0x44,
    0xFB, 0xBC, 0x03, 0x92, 0xFC, 0x6E, 0x00, 0x00, 0x00, 0x02, 0x00, 0x95, 0xFE, 0x75, 0x04, 0x56,
    0x04, 0x5C, 0x00, 0x12, 0x00, 0x1C, 0x00, 0x5F, 0x40, 0x0C, 0x1C, 0x13, 0x04, 0x03, 0x04, 0x05,
    0x12, 0x01, 0x03, 0x04, 0x02, 0x4C, 0x4B, 0xB0, 0x15, 0x50, 0x58, 0x40, 0x1B, 0x00, 0x05, 0x05,
    0x01, 0x61, 0x02, 0x01, 0x01, 0x01, 0x1C, 0x4D, 0x00, 0x04, 0x04, 0x03, 0x61, 0x00, 0x03, 0x03,
    0x22, 0x4D, 0x00, 0x00, 0x00, 0x1E, 0x00, 0x4E, 0x1B, 0x40, 0x1F, 0x00, 0x01, 0x01, 0x1C, 0x4D,
    0x00, 0x05, 0x05, 0x02, 0x61, 0x00, 0x02, 0x02, 0x21, 0x4D, 0x00, 0x04, 0x04, 0x03, 0x61, 0x00,
    0x03, 0x03, 0x22, 0x4D, 0x00, 0x00, 0x00, 0x1E, 0x00, 0x4E, 0x59, 0x40, 0x09, 0x23, 0x23, 0x28,
    0x22, 0x11, 0x10, 0x06, 0x07, 0x1C, 0x2B, 0x01, 0x23, 0x11, 0x33, 0x15, 0x36, 0x33, 0x32, 0x1E,
    0x02, 0x15, 0x14, 0x0E, 0x02, 0x23, 0x22, 0x27, 0x35, 0x16, 0x33, 0x20, 0x11, 0x34, 0x26, 0x23,
    0x22, 0x07, 0x01, 0x8B, 0xF6, 0xF6, 0x8A, 0xC5, 0x55, 0x8D, 0x63, 0x37, 0x46, 0x84, 0xBF, 0x79,
    0x5B, 0x6E, 0x7A, 0x40, 0x01, 0x09, 0x67, 0x5A, 0x7D, 0x85, 0xFE, 0x75, 0x05, 0xCF, 0xC1, 0xD9,
    0x4E, 0x8F, 0xC7, 0x78, 0x8E, 0xDF, 0x9B, 0x51, 0x19, 0xA2, 0x16, 0x01, 0x97, 0xB3, 0xBC, 0xCD,
    0x00, 0x01, 0x00, 0x54, 0xFF, 0xE7, 0x03, 0xE3, 0x04, 0x5C, 0x00, 0x1A, 0x00, 0x2E, 0x40, 0x2B,
    0x0E, 0x01, 0x02, 0x01, 0x1A, 0x0F, 0x02, 0x03, 0x02, 0x00, 0x01, 0x00, 0x03, 0x03, 0x4C, 0x00,
    0x02, 0x02, 0x01, 0x61, 0x00, 0x01, 0x01, 0x21, 0x4D, 0x00, 0x03, 0x03, 0x00, 0x61, 0x00, 0x00,
    0x00, 0x22, 0x00, 0x4E, 0x25, 0x23, 0x28, 0x21, 0x04, 0x07, 0x1A, 0x2B, 0x25, 0x06, 0x23, 0x22,
    0x2E, 0x02, 0x35, 0x34, 0x3E, 0x02, 0x33, 0x32, 0x17, 0x15, 0x26, 0x23, 0x20, 0x11, 0x14, 0x1E,
    0x02, 0x33, 0x32, 0x37, 0x03, 0xE3, 0xC2, 0xA7, 0x80, 0xCB, 0x8F, 0x4C, 0x4B, 0x93, 0xD8, 0x8C,
    0x99, 0xAA, 0xB9, 0x6B, 0xFE, 0xA9, 0x31, 0x5B, 0x83, 0x52, 0x7A, 0xAA, 0x1C, 0x35, 0x50, 0x95,
    0xD2, 0x83, 0x8B, 0xD5, 0x91, 0x4A, 0x27, 0xBD, 0x36, 0xFE, 0x74, 0x5D, 0x92, 0x66, 0x35, 0x40,
    0x00, 0x01, 0x00, 0x1E, 0x00, 0x00, 0x03, 0xAC, 0x04, 0x44, 0x00, 0x07, 0x00, 0x3E, 0x4B, 0xB0,
    0x2A, 0x50, 0x58, 0x40, 0x12, 0x02, 0x01, 0x00, 0x00, 0x01, 0x5F, 0x00, 0x01, 0x01, 0x1C, 0x4D,
    0x04, 0x01, 0x03, 0x03, 0x1B, 0x03, 0x4E, 0x1B, 0x40, 0x12, 0x02, 0x01, 0x00, 0x00, 0x01, 0x5F,
    0x00, 0x01, 0x01, 0x1C, 0x4D, 0x04, 0x01, 0x03, 0x03, 0x1D, 0x03, 0x4E, 0x59, 0x40, 0x0C, 0x00,
    0x00, 0x00, 0x07, 0x00, 0x07, 0x11, 0x11, 0x11, 0x05, 0x07, 0x19, 0x2B, 0x21, 0x11, 0x21, 0x35,
    0x21, 0x15, 0x21, 0x11, 0x01, 0x6A, 0xFE, 0xB4, 0x03, 0x8E, 0xFE, 0xB5, 0x03, 0x92, 0xB2, 0xB2,
    0xFC, 0x6E, 0x00, 0x00, 0x00, 0x01, 0x00, 0x05, 0xFE, 0x75, 0x04, 0x33, 0x04, 0x44, 0x00, 0x17,
    0x00, 0x28, 0x40, 0x25, 0x10, 0x0B, 0x02, 0x00, 0x01, 0x01, 0x4C, 0x02, 0x01, 0x01, 0x01, 0x1C,
    0x4D, 0x00, 0x00, 0x00, 0x03, 0x62, 0x04, 0x01, 0x03, 0x03, 0x1E, 0x03, 0x4E, 0x00, 0x00, 0x00,
    0x17, 0x00, 0x16, 0x14, 0x19, 0x21, 0x05, 0x07, 0x19, 0x2B, 0x13, 0x35, 0x33, 0x32, 0x3E, 0x02,
    0x37, 0x37, 0x36, 0x36, 0x37, 0x01, 0x33, 0x16, 0x12, 0x17, 0x01, 0x33, 0x01, 0x02, 0x07, 0x06,
    0x23, 0x4F, 0x1C, 0x3B, 0x55, 0x3E, 0x2B, 0x11, 0x14, 0x08, 0x12, 0x08, 0xFE, 0x5A, 0xFC, 0x4B,
    0x95, 0x4B, 0x01, 0x30, 0xD7, 0xFE, 0x50, 0x76, 0x54, 0x55, 0xF9, 0xFE, 0x75, 0xBA, 0x0A, 0x18,
    0x2A, 0x21, 0x29, 0x11, 0x27, 0x17, 0x04, 0x30, 0xBF, 0xFE, 0x87, 0xBE, 0x02, 0xF6, 0xFB, 0xD2,
    0xFE, 0xE6, 0x43, 0x44, 0x00, 0x03, 0x00, 0x50, 0xFE, 0x75, 0x06, 0x7A, 0x06, 0x2B, 0x00, 0x25,
    0x00, 0x36, 0x00, 0x47, 0x00, 0x77, 0x40, 0x13, 0x15, 0x12, 0x02, 0x06, 0x02, 0x47, 0x37, 0x36,
    0x26, 0x04, 0x07, 0x06, 0x25, 0x02, 0x02, 0x01, 0x07, 0x03, 0x4C, 0x4B, 0xB0, 0x2A, 0x50, 0x58,
    0x40, 0x23, 0x00, 0x03, 0x02, 0x03, 0x85, 0x09, 0x01, 0x06, 0x06, 0x02, 0x61, 0x04, 0x01, 0x02,
    0x02, 0x1C, 0x4D, 0x08, 0x01, 0x07, 0x07, 0x01, 0x61, 0x05, 0x01, 0x01, 0x01, 0x1B, 0x4D, 0x00,
    0x00, 0x00, 0x1E, 0x00, 0x4E, 0x1B, 0x40, 0x23, 0x00, 0x03, 0x02, 0x03, 0x85, 0x09, 0x01, 0x06,
    0x06, 0x02, 0x61, 0x04, 0x01, 0x02, 0x02, 0x1C, 0x4D, 0x08, 0x01, 0x07, 0x07, 0x01, 0x61, 0x05,
    0x01, 0x01, 0x01, 0x1D, 0x4D, 0x00, 0x00, 0x00, 0x1E, 0x00, 0x4E, 0x59, 0x40, 0x0E, 0x45, 0x43,
    0x25, 0x28, 0x25, 0x28, 0x23, 0x13, 0x28, 0x23, 0x10, 0x0A, 0x07, 0x1F, 0x2B, 0x01, 0x23, 0x11,
    0x06, 0x06, 0x23, 0x22, 0x2E, 0x02, 0x35, 0x34, 0x3E, 0x02, 0x33, 0x32, 0x16, 0x17, 0x11, 0x33,
    0x11, 0x36, 0x36, 0x33, 0x32, 0x1E, 0x02, 0x15, 0x14, 0x0E, 0x02, 0x23, 0x22, 0x26, 0x27, 0x03,
    0x26, 0x26, 0x23, 0x22, 0x0E, 0x02, 0x15, 0x14, 0x1E, 0x02, 0x33, 0x32, 0x36, 0x37, 0x33, 0x16,
    0x16, 0x33, 0x32, 0x3E, 0x02, 0x35, 0x34, 0x2E, 0x02, 0x23, 0x22, 0x06, 0x07, 0x03, 0xD8, 0xE7,
    0x2A, 0x71, 0x4E, 0x6E, 0xA4, 0x6F, 0x37, 0x3A, 0x71, 0xA7, 0x6E, 0x50, 0x6D, 0x24, 0xE7, 0x24,
    0x71, 0x51, 0x6D, 0xA6, 0x70, 0x39, 0x3A, 0x70, 0xA7, 0x6D, 0x4E, 0x6C, 0x2A, 0xE7, 0x28, 0x51,
    0x31, 0x41, 0x60, 0x41, 0x20, 0x1F, 0x3E, 0x5F, 0x3F, 0x30, 0x57, 0x2A, 0xE7, 0x2A, 0x52, 0x30,
    0x40, 0x61, 0x40, 0x20, 0x1F, 0x3F, 0x60, 0x40, 0x31, 0x55, 0x29, 0xFE, 0x75, 0x01, 0xEF, 0x31,
    0x3F, 0x5B, 0x99, 0xCA, 0x6E, 0x6F, 0xCB, 0x9A, 0x5C, 0x3F, 0x31, 0x02, 0x4B, 0xFD, 0xB5, 0x31,
    0x3F, 0x5B, 0x9B, 0xCB, 0x6F, 0x6E, 0xCA, 0x99, 0x5B, 0x3F, 0x31, 0x02, 0xEA, 0x24, 0x2A, 0x41,
    0x6B, 0x89, 0x47, 0x4A, 0x88, 0x68, 0x3E, 0x2A, 0x25, 0x25, 0x2A, 0x3E, 0x69, 0x87, 0x4A, 0x47,
    0x89, 0x6B, 0x41, 0x2A, 0x24, 0x00, 0x00, 0x00, 0x00, 0x01, 0x00, 0x26, 0x00, 0x00, 0x04, 0x11,
    0x04, 0x44, 0x00, 0x0B, 0x00, 0x41, 0x40, 0x09, 0x0A, 0x07, 0x04, 0x01, 0x04, 0x02, 0x00, 0x01,
    0x4C, 0x4B, 0xB0, 0x2A, 0x50, 0x58, 0x40, 0x0E, 0x01, 0x01, 0x00, 0x00, 0x1C, 0x4D, 0x04, 0x03,
    0x02, 0x02, 0x02, 0x1B, 0x02, 0x4E, 0x1B, 0x40, 0x0E, 0x01, 0x01, 0x00, 0x00, 0x1C, 0x4D, 0x04,
    0x03, 0x02, 0x02, 0x02, 0x1D, 0x02, 0x4E, 0x59, 0x40, 0x0C, 0x00, 0x00, 0x00, 0x0B, 0x00, 0x0B,
    0x12, 0x12, 0x12, 0x05, 0x07, 0x19, 0x2B, 0x33, 0x01, 0x01, 0x21, 0x13, 0x13, 0x33, 0x01, 0x01,
    0x21, 0x01, 0x03, 0x26, 0x01, 0x63, 0xFE, 0xAB, 0x01, 0x1A, 0xF5, 0xE1, 0xD3, 0xFE, 0xB8, 0x01,
    0x62, 0xFE, 0xE6, 0xFE, 0xFC, 0xF8, 0x02, 0x32, 0x02, 0x12, 0xFE, 0x86, 0x01, 0x7A, 0xFD, 0xE0,
    0xFD, 0xDC, 0x01, 0x8F, 0xFE, 0x71, 0x00, 0x00, 0x00, 0x01, 0x00, 0x92, 0xFE, 0xA7, 0x04, 0xB3,
    0x04, 0x44, 0x00, 0x0B, 0x00, 0x73, 0x4B, 0xB0, 0x0C, 0x50, 0x58, 0x40, 0x1E, 0x02, 0x01, 0x00,
    0x00, 0x1C, 0x4D, 0x03, 0x01, 0x01, 0x01, 0x05, 0x60, 0x06, 0x01, 0x05, 0x05, 0x1B, 0x4D, 0x03,
    0x01, 0x01, 0x01, 0x04, 0x60, 0x00, 0x04, 0x04, 0x1E, 0x04, 0x4E, 0x1B, 0x4B, 0xB0, 0x2A, 0x50,
    0x58, 0x40, 0x18, 0x00, 0x04, 0x01, 0x04, 0x54, 0x02, 0x01, 0x00, 0x00, 0x1C, 0x4D, 0x03, 0x01,
    0x01, 0x01, 0x05, 0x60, 0x06, 0x01, 0x05, 0x05, 0x1B, 0x05, 0x4E, 0x1B, 0x40, 0x18, 0x00, 0x04,
    0x01, 0x04, 0x54, 0x02, 0x01, 0x00, 0x00, 0x1C, 0x4D, 0x03, 0x01, 0x01, 0x01, 0x05, 0x60, 0x06,
    0x01, 0x05, 0x05, 0x1D, 0x05, 0x4E, 0x59, 0x59, 0x40, 0x0E, 0x00, 0x00, 0x00, 0x0B, 0x00, 0x0B,
    0x11, 0x11, 0x11, 0x11, 0x11, 0x07, 0x07, 0x1B, 0x2B, 0x33, 0x11, 0x33, 0x11, 0x21, 0x11, 0x33,
    0x11, 0x33, 0x11, 0x23, 0x11, 0x92, 0xF7, 0x01, 0x94, 0xF6, 0xA0, 0xC8, 0x04, 0x44, 0xFC, 0x6D,
    0x03, 0x93, 0xFC, 0x6D, 0xFD, 0xF6, 0x01, 0x59, 0x00, 0x01, 0x00, 0x5D, 0x00, 0x00, 0x03, 0xD1,
    0x04, 0x44, 0x00, 0x13, 0x00, 0x51, 0x40, 0x0A, 0x10, 0x01, 0x02, 0x01, 0x01, 0x01, 0x00, 0x02,
    0x02, 0x4C, 0x4B, 0xB0, 0x2A, 0x50, 0x58, 0x40, 0x15, 0x00, 0x02, 0x00, 0x00, 0x04, 0x02, 0x00,
    0x6A, 0x03, 0x01, 0x01, 0x01, 0x1C, 0x4D, 0x05, 0x01, 0x04, 0x04, 0x1B, 0x04, 0x4E, 0x1B, 0x40,
    0x15, 0x00, 0x02, 0x00, 0x00, 0x04, 0x02, 0x00, 0x6A, 0x03, 0x01, 0x01, 0x01, 0x1C, 0x4D, 0x05,
    0x01, 0x04, 0x04, 0x1D, 0x04, 0x4E, 0x59, 0x40, 0x0D, 0x00, 0x00, 0x00, 0x13, 0x00, 0x13, 0x12,
    0x24, 0x14, 0x22, 0x06, 0x07, 0x1A, 0x2B, 0x21, 0x11, 0x06, 0x23, 0x22, 0x27, 0x26, 0x35, 0x11,
    0x33, 0x11, 0x14, 0x17, 0x16, 0x33, 0x32, 0x37, 0x11, 0x33, 0x11, 0x02, 0xDA, 0x81, 0x8C, 0xCE,
    0x51, 0x51, 0xF6, 0x26, 0x25, 0x70, 0x73, 0x59, 0xF7, 0x01, 0xA3, 0x31, 0x5C, 0x5D, 0xE4, 0x01,
    0x35, 0xFE, 0xD8, 0x99, 0x37, 0x36, 0x2E, 0x02, 0x00, 0xFB, 0xBC, 0x00, 0x00, 0x01, 0x00, 0x9B,
    0x00, 0x00, 0x05, 0xF0, 0x04, 0x44, 0x00, 0x0B, 0x00, 0x44, 0x4B, 0xB0, 0x2A, 0x50, 0x58, 0x40,
    0x14, 0x04, 0x02, 0x02, 0x00, 0x00, 0x1C, 0x4D, 0x03, 0x01, 0x01, 0x01, 0x05, 0x60, 0x06, 0x01,
    0x05, 0x05, 0x1B, 0x05, 0x4E, 0x1B, 0x40, 0x14, 0x04, 0x02, 0x02, 0x00, 0x00, 0x1C, 0x4D, 0x03,
    0x01, 0x01, 0x01, 0x05, 0x60, 0x06, 0x01, 0x05, 0x05, 0x1D, 0x05, 0x4E, 0x59, 0x40, 0x0E, 0x00,
    0x00, 0x00, 0x0B, 0x00, 0x0B, 0x11, 0x11, 0x11, 0x11, 0x11, 0x07, 0x07, 0x1B, 0x2B, 0x33, 0x11,
    0x33, 0x11, 0x21, 0x11, 0x33, 0x11, 0x21, 0x11, 0x33, 0x11, 0x9B, 0xE8, 0x01, 0x4C, 0xE8, 0x01,
    0x50, 0xE9, 0x04, 0x44, 0xFC, 0x6D, 0x03, 0x93, 0xFC, 0x6D, 0x03, 0x93, 0xFB, 0xBC, 0x00, 0x00,
    0x00, 0x01, 0x00, 0x9A, 0xFE, 0xA7, 0x06, 0x89, 0x04, 0x44, 0x00, 0x0F, 0x00, 0x7C, 0x4B, 0xB0,
    0x0C, 0x50, 0x58, 0x40, 0x21, 0x04, 0x02, 0x02, 0x00, 0x00, 0x1C, 0x4D, 0x05, 0x03, 0x02, 0x01,
    0x01, 0x07, 0x60, 0x08, 0x01, 0x07, 0x07, 0x1B, 0x4D, 0x05, 0x03, 0x02, 0x01, 0x01, 0x06, 0x60,
    0x00, 0x06, 0x06, 0x1E, 0x06, 0x4E, 0x1B, 0x4B, 0xB0, 0x2A, 0x50, 0x58, 0x40, 0x1A, 0x00, 0x06,
    0x01, 0x06, 0x54, 0x04, 0x02, 0x02, 0x00, 0x00, 0x1C, 0x4D, 0x05, 0x03, 0x02, 0x01, 0x01, 0x07,
    0x60, 0x08, 0x01, 0x07, 0x07, 0x1B, 0x07, 0x4E, 0x1B, 0x40, 0x1A, 0x00, 0x06, 0x01, 0x06, 0x54,
    0x04, 0x02, 0x02, 0x00, 0x00, 0x1C, 0x4D, 0x05, 0x03, 0x02, 0x01, 0x01, 0x07, 0x60, 0x08, 0x01,
    0x07, 0x07, 0x1D, 0x07, 0x4E, 0x59, 0x59, 0x40, 0x10, 0x00, 0x00, 0x00, 0x0F, 0x00, 0x0F, 0x11,
    0x11, 0x11, 0x11, 0x11, 0x11, 0x11, 0x09, 0x07, 0x1D, 0x2B, 0x33, 0x11, 0x33, 0x11, 0x21, 0x11,
    0x33, 0x11, 0x21, 0x11, 0x33, 0x11, 0x33, 0x11, 0x23, 0x11, 0x9A, 0xE8, 0x01, 0x47, 0xE8, 0x01,
    0x45, 0xE9, 0xAA, 0xC8, 0x04, 0x44, 0xFC, 0x6D, 0x03, 0x93, 0xFC, 0x6D, 0x03, 0x93, 0xFC, 0x6D,
    0xFD, 0xF6, 0x01, 0x59, 0x00, 0x02, 0x00, 0x12, 0x00, 0x00, 0x05, 0x1A, 0x04, 0x44, 0x00, 0x10,
    0x00, 0x1B, 0x00, 0x5A, 0x4B, 0xB0, 0x2A, 0x50, 0x58, 0x40, 0x1E, 0x00, 0x02, 0x00, 0x05, 0x04,
    0x02, 0x05, 0x67, 0x00, 0x00, 0x00, 0x01, 0x5F, 0x00, 0x01, 0x01, 0x1C, 0x4D, 0x00, 0x04, 0x04,
    0x03, 0x5F, 0x06, 0x01, 0x03, 0x03, 0x1B, 0x03, 0x4E, 0x1B, 0x40, 0x1E, 0x00, 0x02, 0x00, 0x05,
    0x04, 0x02, 0x05, 0x67, 0x00, 0x00, 0x00, 0x01, 0x5F, 0x00, 0x01, 0x01, 0x1C, 0x4D, 0x00, 0x04,
    0x04, 0x03, 0x5F, 0x06, 0x01, 0x03, 0x03, 0x1D, 0x03, 0x4E, 0x59, 0x40, 0x10, 0x00, 0x00, 0x1B,
    0x19, 0x13, 0x11, 0x00, 0x10, 0x00, 0x0F, 0x21, 0x11, 0x11, 0x07, 0x07, 0x19, 0x2B, 0x21, 0x11,
    0x21, 0x35, 0x21, 0x11, 0x21, 0x32, 0x1E, 0x02, 0x15, 0x14, 0x0E, 0x02, 0x23, 0x27, 0x33, 0x32,
    0x36, 0x35, 0x34, 0x2E, 0x02, 0x23, 0x23, 0x01, 0x48, 0xFE, 0xCA, 0x02, 0x2C, 0x01, 0x05, 0x7E,
    0xB3, 0x71, 0x35, 0x37, 0x77, 0xBC, 0x84, 0xEE, 0xEB, 0x83, 0x71, 0x1A, 0x3A, 0x5C, 0x41, 0xEE,
    0x03, 0x92, 0xB2, 0xFE, 0x6F, 0x29, 0x55, 0x81, 0x57, 0x59, 0x83, 0x56, 0x2B, 0xA6, 0x5A, 0x5C,
    0x2B, 0x42, 0x2C, 0x17, 0x00, 0x03, 0x00, 0x97, 0x00, 0x00, 0x05, 0xB3, 0x04, 0x44, 0x00, 0x0E,
    0x00, 0x12, 0x00, 0x1B, 0x00, 0x55, 0x4B, 0xB0, 0x2A, 0x50, 0x58, 0x40, 0x1B, 0x00, 0x00, 0x00,
    0x06, 0x05, 0x00, 0x06, 0x67, 0x03, 0x01, 0x02, 0x02, 0x1C, 0x4D, 0x00, 0x05, 0x05, 0x01, 0x60,
    0x07, 0x04, 0x02, 0x01, 0x01, 0x1B, 0x01, 0x4E, 0x1B, 0x40, 0x1B, 0x00, 0x00, 0x00, 0x06, 0x05,
    0x00, 0x06, 0x67, 0x03, 0x01, 0x02, 0x02, 0x1C, 0x4D, 0x00, 0x05, 0x05, 0x01, 0x60, 0x07, 0x04,
    0x02, 0x01, 0x01, 0x1D, 0x01, 0x4E, 0x59, 0x40, 0x11, 0x0F, 0x0F, 0x1B, 0x19, 0x15, 0x13, 0x0F,
    0x12, 0x0F, 0x12, 0x12, 0x11, 0x28, 0x20, 0x08, 0x07, 0x1A, 0x2B, 0x01, 0x33, 0x32, 0x1E, 0x02,
    0x15, 0x14, 0x0E, 0x02, 0x23, 0x21, 0x11, 0x33, 0x01, 0x11, 0x33, 0x11, 0x25, 0x33, 0x32, 0x36,
    0x35, 0x34, 0x26, 0x23, 0x23, 0x01, 0x8A, 0xB4, 0x7A, 0xAF, 0x70, 0x35, 0x39, 0x76, 0xB7, 0x7E,
    0xFE, 0x6F, 0xF3, 0x03, 0x35, 0xF4, 0xFB, 0xD7, 0x9E, 0x7A, 0x70, 0x6E, 0x79, 0xA1, 0x02, 0xB3,
    0x2C, 0x56, 0x80, 0x54, 0x5A, 0x84, 0x56, 0x29, 0x04, 0x44, 0xFB, 0xBC, 0x04, 0x44, 0xFB, 0xBC,
    0xA6, 0x5A, 0x5C, 0x57, 0x59, 0x00, 0x00, 0x00, 0x00, 0x02, 0x00, 0x97, 0x00, 0x00, 0x04, 0x3B,
    0x04, 0x44, 0x00, 0x0E, 0x00, 0x19, 0x00, 0x4F, 0x4B, 0xB0, 0x2A, 0x50, 0x58, 0x40, 0x19, 0x00,
    0x01, 0x00, 0x04, 0x03, 0x01, 0x04, 0x67, 0x00, 0x00, 0x00, 0x1C, 0x4D, 0x00, 0x03, 0x03, 0x02,
    0x60, 0x05, 0x01, 0x02, 0x02, 0x1B, 0x02, 0x4E, 0x1B, 0x40, 0x19, 0x00, 0x01, 0x00, 0x04, 0x03,
    0x01, 0x04, 0x67, 0x00, 0x00, 0x00, 0x1C, 0x4D, 0x00, 0x03, 0x03, 0x02, 0x60, 0x05, 0x01, 0x02,
    0x02, 0x1D, 0x02, 0x4E, 0x59, 0x40, 0x0F, 0x00, 0x00, 0x19, 0x17, 0x11, 0x0F, 0x00, 0x0E, 0x00,
    0x0D, 0x21, 0x11, 0x06, 0x07, 0x18, 0x2B, 0x33, 0x11, 0x33, 0x11, 0x33, 0x32, 0x1E, 0x02, 0x15,
    0x14, 0x0E, 0x02, 0x23, 0x27, 0x33, 0x32, 0x36, 0x35, 0x34, 0x2E, 0x02, 0x23, 0x23, 0x97, 0xF6,
    0xE0, 0x79, 0xAE, 0x71, 0x36, 0x37, 0x77, 0xBC, 0x85, 0xBF, 0xBD, 0x83, 0x71, 0x1A, 0x3A, 0x5C,
    0x41, 0xC0, 0x04, 0x44, 0xFE, 0x6F, 0x29, 0x55, 0x81, 0x57, 0x5A, 0x84, 0x55, 0x2A, 0xA6, 0x5A,
    0x5C, 0x2B, 0x42, 0x2C, 0x17, 0x00, 0x00, 0x00, 0x00, 0x01, 0x00, 0x49, 0xFF, 0xE7, 0x03, 0xF0,
    0x04, 0x5D, 0x00, 0x20, 0x00, 0x3B, 0x40, 0x38, 0x11, 0x01, 0x03, 0x04, 0x10, 0x01, 0x02, 0x03,
    0x01, 0x01, 0x00, 0x01, 0x00, 0x01, 0x05, 0x00, 0x04, 0x4C, 0x00, 0x02, 0x00, 0x01, 0x00, 0x02,
    0x01, 0x67, 0x00, 0x03, 0x03, 0x04, 0x61, 0x00, 0x04, 0x04, 0x21, 0x4D, 0x00, 0x00, 0x00, 0x05,
    0x61, 0x00, 0x05, 0x05, 0x22, 0x05, 0x4E, 0x28, 0x25, 0x22, 0x11, 0x12, 0x23, 0x06, 0x07, 0x1C,
    0x2B, 0x37, 0x35, 0x16, 0x16, 0x33, 0x32, 0x36, 0x37, 0x21, 0x35, 0x21, 0x26, 0x26, 0x23, 0x22,
    0x06, 0x07, 0x35, 0x36, 0x36, 0x33, 0x32, 0x1E, 0x02, 0x15, 0x14, 0x0E, 0x02, 0x23, 0x22, 0x26,
    0x49, 0x4B, 0xA3, 0x56, 0xAA, 0xAD, 0x0E, 0xFE, 0x42, 0x01, 0xBE, 0x08, 0xA2, 0x9F, 0x4E, 0xA8,
    0x57, 0x50, 0xA9, 0x58, 0x93, 0xDA, 0x8F, 0x47, 0x46, 0x8C, 0xD4, 0x8E, 0x64, 0xBA, 0x1F, 0xAF,
    0x20, 0x21, 0xAA, 0xAD, 0xA7, 0x95, 0x96, 0x1C, 0x1C, 0xB5, 0x15, 0x15, 0x4C, 0x91, 0xD2, 0x86,
    0x88, 0xD6, 0x95, 0x4E, 0x1B, 0x00, 0x00, 0x00, 0x00, 0x02, 0x00, 0x97, 0xFF, 0xE7, 0x06, 0x1A,
    0x04, 0x5C, 0x00, 0x0D, 0x00, 0x28, 0x00, 0xC4, 0x4B, 0xB0, 0x14, 0x50, 0x58, 0x40, 0x20, 0x00,
    0x04, 0x08, 0x01, 0x07, 0x00, 0x04, 0x07, 0x67, 0x00, 0x01, 0x01, 0x03, 0x61, 0x05, 0x01, 0x03,
    0x03, 0x1C, 0x4D, 0x00, 0x00, 0x00, 0x02, 0x61, 0x06, 0x01, 0x02, 0x02, 0x1B, 0x02, 0x4E, 0x1B,
    0x4B, 0xB0, 0x15, 0x50, 0x58, 0x40, 0x24, 0x00, 0x04, 0x08, 0x01, 0x07, 0x00, 0x04, 0x07, 0x67,
    0x00, 0x01, 0x01, 0x03, 0x61, 0x05, 0x01, 0x03, 0x03, 0x1C, 0x4D, 0x00, 0x02, 0x02, 0x1B, 0x4D,
    0x00, 0x00, 0x00, 0x06, 0x61, 0x00, 0x06, 0x06, 0x22, 0x06, 0x4E, 0x1B, 0x4B, 0xB0, 0x2A, 0x50,
    0x58, 0x40, 0x28, 0x00, 0x04, 0x08, 0x01, 0x07, 0x00, 0x04, 0x07, 0x67, 0x00, 0x03, 0x03, 0x1C,
    0x4D, 0x00, 0x01, 0x01, 0x05, 0x61, 0x00, 0x05, 0x05, 0x21, 0x4D, 0x00, 0x02, 0x02, 0x1B, 0x4D,
    0x00, 0x00, 0x00, 0x06, 0x61, 0x00, 0x06, 0x06, 0x22, 0x06, 0x4E, 0x1B, 0x40, 0x28, 0x00, 0x04,
    0x08, 0x01, 0x07, 0x00, 0x04, 0x07, 0x67, 0x00, 0x03, 0x03, 0x1C, 0x4D, 0x00, 0x01, 0x01, 0x05,
    0x61, 0x00, 0x05, 0x05, 0x21, 0x4D, 0x00, 0x02, 0x02, 0x1D, 0x4D, 0x00, 0x00, 0x00, 0x06, 0x61,
    0x00, 0x06, 0x06, 0x22, 0x06, 0x4E, 0x59, 0x59, 0x59, 0x40, 0x10, 0x0E, 0x0E, 0x0E, 0x28, 0x0E,
    0x28, 0x28, 0x24, 0x11, 0x11, 0x13, 0x26, 0x22, 0x09, 0x07, 0x1D, 0x2B, 0x01, 0x14, 0x16, 0x33,
    0x32, 0x36, 0x35, 0x34, 0x2E, 0x02, 0x23, 0x22, 0x06, 0x01, 0x11, 0x23, 0x11, 0x33, 0x11, 0x33,
    0x3E, 0x03, 0x33, 0x32, 0x1E, 0x02, 0x15, 0x14, 0x0E, 0x02, 0x23, 0x22, 0x2E, 0x02, 0x27, 0x03,
    0x35, 0x79, 0x76, 0x78, 0x78, 0x1F, 0x3C, 0x5A, 0x3B, 0x76, 0x79, 0xFE, 0x52, 0xF0, 0xF0, 0xAD,
    0x0A, 0x4D, 0x80, 0xAE, 0x6B, 0x76, 0xBA, 0x81, 0x45, 0x44, 0x81, 0xBC, 0x78, 0x6B, 0xAC, 0x7E,
    0x4D, 0x0B, 0x02, 0x24, 0xC3, 0xD4, 0xD3, 0xC3, 0x5F, 0x96, 0x67, 0x37, 0xD0, 0xFE, 0xE8, 0xFE,
    0x32, 0x04, 0x44, 0xFE, 0x31, 0x71, 0xB5, 0x7E, 0x43, 0x51, 0x95, 0xD2, 0x81, 0x82, 0xD3, 0x96,
    0x51, 0x43, 0x7E, 0xB4, 0x72, 0x00, 0x00, 0x00, 0x00, 0x02, 0x00, 0x3A, 0x00, 0x00, 0x03, 0xE9,
    0x04, 0x44, 0x00, 0x1A, 0x00, 0x23, 0x00, 0x50, 0xB5, 0x10, 0x01, 0x00, 0x05, 0x01, 0x4C, 0x4B,
    0xB0, 0x2A, 0x50, 0x58, 0x40, 0x19, 0x00, 0x05, 0x00, 0x00, 0x01, 0x05, 0x00, 0x67, 0x00, 0x04,
    0x04, 0x02, 0x5F, 0x00, 0x02, 0x02, 0x1C, 0x4D, 0x03, 0x01, 0x01, 0x01, 0x1B, 0x01, 0x4E, 0x1B,
    0x40, 0x19, 0x00, 0x05, 0x00, 0x00, 0x01, 0x05, 0x00, 0x67, 0x00, 0x04, 0x04, 0x02, 0x5F, 0x00,
    0x02, 0x02, 0x1C, 0x4D, 0x03, 0x01, 0x01, 0x01, 0x1D, 0x01, 0x4E, 0x59, 0x40, 0x09, 0x24, 0x21,
    0x11, 0x2C, 0x18, 0x10, 0x06, 0x07, 0x1C, 0x2B, 0x01, 0x23, 0x06, 0x06, 0x07, 0x07, 0x06, 0x06,
    0x07, 0x07, 0x21, 0x36, 0x36, 0x37, 0x37, 0x36, 0x37, 0x26, 0x26, 0x35, 0x34, 0x37, 0x36, 0x33,
    0x21, 0x11, 0x23, 0x11, 0x23, 0x22, 0x06, 0x15, 0x14, 0x16, 0x33, 0x33, 0x02, 0xF8, 0xAE, 0x20,
    0x44, 0x21, 0x3B, 0x07, 0x0C, 0x06, 0x2D, 0xFE, 0xF6, 0x23, 0x40, 0x1C, 0x19, 0x64, 0x5D, 0x6E,
    0x76, 0xA7, 0x55, 0xFE, 0x01, 0x40, 0xF1, 0x73, 0x73, 0x6C, 0x71, 0x76, 0x6B, 0x01, 0xB0, 0x23,
    0x5E, 0x3E, 0x6E, 0x0C, 0x19, 0x0C, 0x52, 0x36, 0x68, 0x36, 0x31, 0xBD, 0x2E, 0x26, 0x98, 0x66,
    0xB5, 0x51, 0x2A, 0xFB, 0xBC, 0x03, 0xA3, 0x54, 0x55, 0x58, 0x55, 0x00, 0x00, 0x03, 0x00, 0x50,
    0xFF, 0xE7, 0x04, 0x00, 0x06, 0x44, 0x00, 0x04, 0x00, 0x1C, 0x00, 0x20, 0x00, 0x4B, 0x40, 0x48,
    0x1C, 0x01, 0x05, 0x04, 0x05, 0x01, 0x02, 0x05, 0x02, 0x4C, 0x00, 0x07, 0x06, 0x07, 0x85, 0x00,
    0x06, 0x03, 0x06, 0x85, 0x08, 0x01, 0x01, 0x00, 0x04, 0x05, 0x01, 0x04, 0x67, 0x00, 0x00, 0x00,
    0x03, 0x61, 0x00, 0x03, 0x03, 0x21, 0x4D, 0x00, 0x05, 0x05, 0x02, 0x61, 0x00, 0x02, 0x02, 0x22,
    0x02, 0x4E, 0x00, 0x00, 0x20, 0x1F, 0x1E, 0x1D, 0x1B, 0x19, 0x18, 0x17, 0x13, 0x11, 0x09, 0x07,
    0x00, 0x04, 0x00, 0x04, 0x21, 0x09, 0x07, 0x17, 0x2B, 0x01, 0x10, 0x23, 0x22, 0x03, 0x01, 0x06,
    0x06, 0x23, 0x22, 0x2E, 0x02, 0x35, 0x34, 0x3E, 0x02, 0x33, 0x32, 0x1E, 0x02, 0x15, 0x21, 0x12,
    0x21, 0x32, 0x37, 0x01, 0x23, 0x01, 0x33, 0x03, 0x0B, 0xCA, 0xD3, 0x1B, 0x02, 0xAB, 0x5F, 0xB9,
    0x5C, 0x84, 0xD3, 0x94, 0x4F, 0x46, 0x82, 0xB7, 0x71, 0x76, 0xAA, 0x6D, 0x33, 0xFD, 0x53, 0x1E,
    0x01, 0x49, 0x93, 0xB1, 0xFE, 0xED, 0xAE, 0xFE, 0xBF, 0xFE, 0x02, 0x92, 0x01, 0x24, 0xFE, 0xDC,
    0xFD, 0x92, 0x1E, 0x1F, 0x52, 0x97, 0xD9, 0x87, 0x7F, 0xCD, 0x91, 0x4F, 0x49, 0x98, 0xE7, 0x9F,
    0xFE, 0xA1, 0x44, 0x04, 0x29, 0x01, 0x41, 0x00, 0x00, 0x04, 0x00, 0x50, 0xFF, 0xE7, 0x04, 0x00,
    0x05, 0xD2, 0x00, 0x04, 0x00, 0x1C, 0x00, 0x20, 0x00, 0x24, 0x00, 0x92, 0x40, 0x0A, 0x1C, 0x01,
    0x05, 0x04, 0x05, 0x01, 0x02, 0x05, 0x02, 0x4C, 0x4B, 0xB0, 0x2A, 0x50, 0x58, 0x40, 0x2C, 0x0A,
    0x01, 0x01, 0x00, 0x04, 0x05, 0x01, 0x04, 0x67, 0x0C, 0x09, 0x0B, 0x03, 0x07, 0x07, 0x06, 0x5F,
    0x08, 0x01, 0x06, 0x06, 0x1A, 0x4D, 0x00, 0x00, 0x00, 0x03, 0x61, 0x00, 0x03, 0x03, 0x21, 0x4D,
    0x00, 0x05, 0x05, 0x02, 0x61, 0x00, 0x02, 0x02, 0x22, 0x02, 0x4E, 0x1B, 0x40, 0x2A, 0x08, 0x01,
    0x06, 0x0C, 0x09, 0x0B, 0x03, 0x07, 0x03, 0x06, 0x07, 0x67, 0x0A, 0x01, 0x01, 0x00, 0x04, 0x05,
    0x01, 0x04, 0x67, 0x00, 0x00, 0x00, 0x03, 0x61, 0x00, 0x03, 0x03, 0x21, 0x4D, 0x00, 0x05, 0x05,
    0x02, 0x61, 0x00, 0x02, 0x02, 0x22, 0x02, 0x4E, 0x59, 0x40, 0x22, 0x21, 0x21, 0x1D, 0x1D, 0x00,
    0x00, 0x21, 0x24, 0x21, 0x24, 0x23, 0x22, 0x1D, 0x20, 0x1D, 0x20, 0x1F, 0x1E, 0x1B, 0x19, 0x18,
    0x17, 0x13, 0x11, 0x09, 0x07, 0x00, 0x04, 0x00, 0x04, 0x21, 0x0D, 0x07, 0x17, 0x2B, 0x01, 0x10,
    0x23, 0x22, 0x03, 0x01, 0x06, 0x06, 0x23, 0x22, 0x2E, 0x02, 0x35, 0x34, 0x3E, 0x02, 0x33, 0x32,
    0x1E, 0x02, 0x15, 0x21, 0x12, 0x21, 0x32, 0x37, 0x01, 0x35, 0x33, 0x15, 0x33, 0x35, 0x33, 0x15,
    0x03, 0x0B, 0xCA, 0xD3, 0x1B, 0x02, 0xAB, 0x5F, 0xB9, 0x5C, 0x84, 0xD3, 0x94, 0x4F, 0x46, 0x82,
    0xB7, 0x71, 0x76, 0xAA, 0x6D, 0x33, 0xFD, 0x53, 0x1E, 0x01, 0x49, 0x93, 0xB1, 0xFD, 0x1B, 0xC6,
    0xD1, 0xC6, 0x02, 0x92, 0x01, 0x24, 0xFE, 0xDC, 0xFD, 0x92, 0x1E, 0x1F, 0x52, 0x97, 0xD9, 0x87,
    0x7F, 0xCD, 0x91, 0x4F, 0x49, 0x98, 0xE7, 0x9F, 0xFE, 0xA1, 0x44, 0x04, 0x33, 0xC5, 0xC5, 0xC5,
    0xC5, 0x00, 0x00, 0x00, 0x00, 0x01, 0x00, 0x0F, 0xFE, 0x69, 0x04, 0x20, 0x06, 0x2B, 0x00, 0x25,
    0x00, 0x81, 0x40, 0x0F, 0x24, 0x0B, 0x02, 0x09, 0x08, 0x19, 0x01, 0x07, 0x09, 0x18, 0x01, 0x06,
    0x07, 0x03, 0x4C, 0x4B, 0xB0, 0x2A, 0x50, 0x58, 0x40, 0x28, 0x03, 0x01, 0x01, 0x04, 0x01, 0x00,
    0x05, 0x01, 0x00, 0x67, 0x00, 0x05, 0x00, 0x08, 0x09, 0x05, 0x08, 0x69, 0x00, 0x02, 0x02, 0x09,
    0x5F, 0x0A, 0x01, 0x09, 0x09, 0x1B, 0x4D, 0x00, 0x07, 0x07, 0x06, 0x61, 0x00, 0x06, 0x06, 0x1E,
    0x06, 0x4E, 0x1B, 0x40, 0x28, 0x03, 0x01, 0x01, 0x04, 0x01, 0x00, 0x05, 0x01, 0x00, 0x67, 0x00,
    0x05, 0x00, 0x08, 0x09, 0x05, 0x08, 0x69, 0x00, 0x02, 0x02, 0x09, 0x5F, 0x0A, 0x01, 0x09, 0x09,
    0x1D, 0x4D, 0x00, 0x07, 0x07, 0x06, 0x61, 0x00, 0x06, 0x06, 0x1E, 0x06, 0x4E, 0x59, 0x40, 0x12,
    0x00, 0x00, 0x00, 0x25, 0x00, 0x25, 0x25, 0x23, 0x27, 0x22, 0x11, 0x11, 0x11, 0x11, 0x11, 0x0B,
    0x07, 0x1F, 0x2B, 0x33, 0x11, 0x23, 0x35, 0x33, 0x35, 0x33, 0x15, 0x21, 0x15, 0x21, 0x11, 0x36,
    0x33, 0x32, 0x1E, 0x02, 0x15, 0x11, 0x14, 0x06, 0x23, 0x22, 0x27, 0x35, 0x16, 0x33, 0x32, 0x36,
    0x35, 0x11, 0x34, 0x26, 0x23, 0x22, 0x07, 0x11, 0xA7, 0x98, 0x98, 0xF6, 0x01, 0x63, 0xFE, 0x9D,
    0x81, 0xCA, 0x47, 0x74, 0x51, 0x2C, 0xAE, 0xA8, 0x4C, 0x42, 0x31, 0x38, 0x46, 0x3F, 0x43, 0x43,
    0x8B, 0x7C, 0x04, 0x9A, 0x9A, 0xF7, 0xF7, 0x9A, 0xFE, 0x49, 0xE6, 0x2F, 0x59, 0x7D, 0x4E, 0xFD,
    0x4A, 0xA7, 0xB0, 0x15, 0xA2, 0x11, 0x5E, 0x69, 0x02, 0x5B, 0x6D, 0x61, 0xDA, 0xFD, 0xDB, 0x00,
    0x00, 0x02, 0x00, 0x91, 0x00, 0x00, 0x03, 0x14, 0x06, 0x44, 0x00, 0x05, 0x00, 0x09, 0x00, 0x59,
    0x4B, 0xB0, 0x2A, 0x50, 0x58, 0x40, 0x1C, 0x00, 0x03, 0x04, 0x03, 0x85, 0x06, 0x01, 0x04, 0x00,
    0x04, 0x85, 0x00, 0x01, 0x01, 0x00, 0x5F, 0x00, 0x00, 0x00, 0x1C, 0x4D, 0x05, 0x01, 0x02, 0x02,
    0x1B, 0x02, 0x4E, 0x1B, 0x40, 0x1C, 0x00, 0x03, 0x04, 0x03, 0x85, 0x06, 0x01, 0x04, 0x00, 0x04,
    0x85, 0x00, 0x01, 0x01, 0x00, 0x5F, 0x00, 0x00, 0x00, 0x1C, 0x4D, 0x05, 0x01, 0x02, 0x02, 0x1D,
    0x02, 0x4E, 0x59, 0x40, 0x13, 0x06, 0x06, 0x00, 0x00, 0x06, 0x09, 0x06, 0x09, 0x08, 0x07, 0x00,
    0x05, 0x00, 0x05, 0x11, 0x11, 0x07, 0x07, 0x18, 0x2B, 0x33, 0x11, 0x21, 0x15, 0x21, 0x11, 0x03,
    0x13, 0x33, 0x01, 0x91, 0x02, 0x82, 0xFE, 0x75, 0x63, 0xF1, 0xFE, 0xFE, 0xBF, 0x04, 0x44, 0xC0,
    0xFC, 0x7C, 0x05, 0x03, 0x01, 0x41, 0xFE, 0xBF, 0x00, 0x01, 0x00, 0x50, 0xFF, 0xE7, 0x03, 0xE7,
    0x04, 0x5D, 0x00, 0x20, 0x00, 0x3B, 0x40, 0x38, 0x10, 0x01, 0x02, 0x01, 0x11, 0x01, 0x03, 0x02,
    0x20, 0x01, 0x05, 0x04, 0x00, 0x01, 0x00, 0x05, 0x04, 0x4C, 0x00, 0x03, 0x00, 0x04, 0x05, 0x03,
    0x04, 0x67, 0x00, 0x02, 0x02, 0x01, 0x61, 0x00, 0x01, 0x01, 0x21, 0x4D, 0x00, 0x05, 0x05, 0x00,
    0x61, 0x00, 0x00, 0x00, 0x22, 0x00, 0x4E, 0x22, 0x11, 0x12, 0x25, 0x28, 0x22, 0x06, 0x07, 0x1C,
    0x2B, 0x25, 0x06, 0x06, 0x23, 0x22, 0x2E, 0x02, 0x35, 0x34, 0x3E, 0x02, 0x33, 0x32, 0x16, 0x17,
    0x15, 0x26, 0x26, 0x23, 0x22, 0x06, 0x07, 0x21, 0x15, 0x21, 0x16, 0x16, 0x33, 0x32, 0x36, 0x37,
    0x03, 0xE7, 0x53, 0xB3, 0x61, 0x8D, 0xD2, 0x8B, 0x46, 0x47, 0x8F, 0xD7, 0x91, 0x52, 0xA5, 0x50,
    0x57, 0xA3, 0x4A, 0x9B, 0xA0, 0x09, 0x01, 0xBF, 0xFE, 0x41, 0x0E, 0xAD, 0xAB, 0x4E, 0x9C, 0x4A,
    0x1F, 0x1D, 0x1B, 0x4E, 0x95, 0xD6, 0x88, 0x86, 0xD2, 0x91, 0x4C, 0x15, 0x15, 0xB5, 0x1C, 0x1C,
    0x99, 0x92, 0xA7, 0xAD, 0xAA, 0x21, 0x20, 0x00, 0x00, 0x01, 0x00, 0x77, 0xFF, 0xE7, 0x03, 0xCC,
    0x04, 0x5C, 0x00, 0x27, 0x00, 0x2E, 0x40, 0x2B, 0x12, 0x01, 0x02, 0x01, 0x13, 0x00, 0x02, 0x00,
    0x02, 0x27, 0x01, 0x03, 0x00, 0x03, 0x4C, 0x00, 0x02, 0x02, 0x01, 0x61, 0x00, 0x01, 0x01, 0x21,
    0x4D, 0x00, 0x00, 0x00, 0x03, 0x61, 0x00, 0x03, 0x03, 0x22, 0x03, 0x4E, 0x2E, 0x24, 0x2B, 0x21,
    0x04, 0x07, 0x1A, 0x2B, 0x37, 0x16, 0x33, 0x32, 0x35, 0x34, 0x26, 0x27, 0x27, 0x2E, 0x03, 0x35,
    0x10, 0x21, 0x32, 0x16, 0x17, 0x15, 0x26, 0x23, 0x22, 0x15, 0x14, 0x16, 0x17, 0x17, 0x1E, 0x03,
    0x15, 0x14, 0x0E, 0x02, 0x23, 0x22, 0x27, 0x77, 0xD6, 0xA2, 0xE1, 0x52, 0x55, 0x8A, 0x52, 0x6F,
    0x44, 0x1D, 0x01, 0xB8, 0x45, 0xA1, 0x5C, 0xB9, 0x82, 0xCC, 0x4C, 0x4B, 0x7A, 0x5B, 0x7E, 0x4F,
    0x23, 0x42, 0x7B, 0xAE, 0x6C, 0xB5, 0xC9, 0xEB, 0x5E, 0x8F, 0x2C, 0x4C, 0x1E, 0x31, 0x1F, 0x3E,
    0x49, 0x5A, 0x3B, 0x01, 0x3E, 0x12, 0x11, 0xB8, 0x35, 0x7D, 0x28, 0x45, 0x1A, 0x2A, 0x20, 0x46,
    0x52, 0x60, 0x3A, 0x4D, 0x7C, 0x57, 0x2F, 0x3E, 0x00, 0x02, 0x00, 0x8C, 0x00, 0x00, 0x01, 0x8D,
    0x05, 0xEB, 0x00, 0x03, 0x00, 0x07, 0x00, 0x6A, 0x4B, 0xB0, 0x1D, 0x50, 0x58, 0x40, 0x17, 0x05,
    0x01, 0x03, 0x03, 0x02, 0x5F, 0x00, 0x02, 0x02, 0x1A, 0x4D, 0x00, 0x00, 0x00, 0x1C, 0x4D, 0x04,
    0x01, 0x01, 0x01, 0x1B, 0x01, 0x4E, 0x1B, 0x4B, 0xB0, 0x2A, 0x50, 0x58, 0x40, 0x15, 0x00, 0x02,
    0x05, 0x01, 0x03, 0x00, 0x02, 0x03, 0x67, 0x00, 0x00, 0x00, 0x1C, 0x4D, 0x04, 0x01, 0x01, 0x01,
    0x1B, 0x01, 0x4E, 0x1B, 0x40, 0x15, 0x00, 0x02, 0x05, 0x01, 0x03, 0x00, 0x02, 0x03, 0x67, 0x00,
    0x00, 0x00, 0x1C, 0x4D, 0x04, 0x01, 0x01, 0x01, 0x1D, 0x01, 0x4E, 0x59, 0x59, 0x40, 0x12, 0x04,
    0x04, 0x00, 0x00, 0x04, 0x07, 0x04, 0x07, 0x06, 0x05, 0x00, 0x03, 0x00, 0x03, 0x11, 0x06, 0x07,
    0x17, 0x2B, 0x33, 0x11, 0x33, 0x11, 0x03, 0x35, 0x21, 0x15, 0x91, 0xF7, 0xFC, 0x01, 0x01, 0x04,
    0x44, 0xFB, 0xBC, 0x05, 0x03, 0xE8, 0xE8, 0x00, 0x00, 0x03, 0xFF, 0xDF, 0x00, 0x00, 0x02, 0x3D,
    0x05, 0xD2, 0x00, 0x03, 0x00, 0x07, 0x00, 0x0B, 0x00, 0x5A, 0x4B, 0xB0, 0x2A, 0x50, 0x58, 0x40,
    0x1A, 0x08, 0x05, 0x07, 0x03, 0x03, 0x03, 0x02, 0x5F, 0x04, 0x01, 0x02, 0x02, 0x1A, 0x4D, 0x00,
    0x00, 0x00, 0x1C, 0x4D, 0x06, 0x01, 0x01, 0x01, 0x1B, 0x01, 0x4E, 0x1B, 0x40, 0x18, 0x04, 0x01,
    0x02, 0x08, 0x05, 0x07, 0x03, 0x03, 0x00, 0x02, 0x03, 0x67, 0x00, 0x00, 0x00, 0x1C, 0x4D, 0x06,
    0x01, 0x01, 0x01, 0x1D, 0x01, 0x4E, 0x59, 0x40, 0x1A, 0x08, 0x08, 0x04, 0x04, 0x00, 0x00, 0x08,
    0x0B, 0x08, 0x0B, 0x0A, 0x09, 0x04, 0x07, 0x04, 0x07, 0x06, 0x05, 0x00, 0x03, 0x00, 0x03, 0x11,
    0x09, 0x07, 0x17, 0x2B, 0x33, 0x11, 0x33, 0x11, 0x01, 0x35, 0x33, 0x15, 0x33, 0x35, 0x33, 0x15,
    0x93, 0xF6, 0xFE, 0x56, 0xC6, 0xD2, 0xC6, 0x04, 0x44, 0xFB, 0xBC, 0x05, 0x0D, 0xC5, 0xC5, 0xC5,
    0xC5, 0x00, 0x00, 0x00, 0x00, 0x02, 0xFF, 0xAC, 0xFE, 0x69, 0x01, 0x81, 0x05, 0xE1, 0x00, 0x0D,
    0x00, 0x11, 0x00, 0x5B, 0x40, 0x0A, 0x00, 0x01, 0x00, 0x01, 0x0D, 0x01, 0x02, 0x00, 0x02, 0x4C,
    0x4B, 0xB0, 0x28, 0x50, 0x58, 0x40, 0x1B, 0x05, 0x01, 0x04, 0x04, 0x03, 0x5F, 0x00, 0x03, 0x03,
    0x1A, 0x4D, 0x00, 0x01, 0x01, 0x1C, 0x4D, 0x00, 0x00, 0x00, 0x02, 0x62, 0x00, 0x02, 0x02, 0x1E,
    0x02, 0x4E, 0x1B, 0x40, 0x19, 0x00, 0x03, 0x05, 0x01, 0x04, 0x01, 0x03, 0x04, 0x67, 0x00, 0x01,
    0x01, 0x1C, 0x4D, 0x00, 0x00, 0x00, 0x02, 0x62, 0x00, 0x02, 0x02, 0x1E, 0x02, 0x4E, 0x59, 0x40,
    0x0D, 0x0E, 0x0E, 0x0E, 0x11, 0x0E, 0x11, 0x13, 0x22, 0x14, 0x21, 0x06, 0x07, 0x1A, 0x2B, 0x07,
    0x16, 0x33, 0x32, 0x37, 0x36, 0x35, 0x11, 0x33, 0x11, 0x10, 0x21, 0x22, 0x27, 0x13, 0x35, 0x33,
    0x15, 0x54, 0x2A, 0x39, 0x52, 0x14, 0x15, 0xF7, 0xFE, 0xAC, 0x54, 0x2D, 0xD9, 0xF7, 0xE4, 0x0D,
    0x34, 0x33, 0x8A, 0x04, 0x44, 0xFB, 0xC5, 0xFE, 0x60, 0x0F, 0x06, 0x8B, 0xDE, 0xDE, 0x00, 0x00,
    0x00, 0x02, 0x00, 0x4A, 0x00, 0x00, 0x07, 0x30, 0x04, 0x44, 0x00, 0x23, 0x00, 0x30, 0x00, 0x60,
    0x4B, 0xB0, 0x2A, 0x50, 0x58, 0x40, 0x20, 0x00, 0x00, 0x00, 0x07, 0x04, 0x00, 0x07, 0x67, 0x00,
    0x02, 0x02, 0x05, 0x5F, 0x08, 0x01, 0x05, 0x05, 0x1C, 0x4D, 0x06, 0x01, 0x04, 0x04, 0x01, 0x61,
    0x03, 0x01, 0x01, 0x01, 0x1B, 0x01, 0x4E, 0x1B, 0x40, 0x20, 0x00, 0x00, 0x00, 0x07, 0x04, 0x00,
    0x07, 0x67, 0x00, 0x02, 0x02, 0x05, 0x5F, 0x08, 0x01, 0x05, 0x05, 0x1C, 0x4D, 0x06, 0x01, 0x04,
    0x04, 0x01, 0x61, 0x03, 0x01, 0x01, 0x01, 0x1D, 0x01, 0x4E, 0x59, 0x40, 0x12, 0x00, 0x00, 0x30,
    0x2E, 0x26, 0x24, 0x00, 0x23, 0x00, 0x23, 0x11, 0x17, 0x11, 0x28, 0x21, 0x09, 0x07, 0x1B, 0x2B,
    0x01, 0x11, 0x33, 0x32, 0x1E, 0x02, 0x15, 0x14, 0x0E, 0x02, 0x23, 0x21, 0x11, 0x21, 0x15, 0x14,
    0x0E, 0x04, 0x23, 0x35, 0x32, 0x37, 0x32, 0x3E, 0x02, 0x37, 0x36, 0x12, 0x35, 0x35, 0x01, 0x33,
    0x32, 0x37, 0x36, 0x36, 0x35, 0x34, 0x2E, 0x02, 0x23, 0x23, 0x04, 0x80, 0xDB, 0x7D, 0xB2, 0x71,
    0x35, 0x37, 0x77, 0xBB, 0x83, 0xFE, 0x49, 0xFE, 0xB8, 0x0A, 0x22, 0x42, 0x71, 0xA6, 0x76, 0x4C,
    0x20, 0x13, 0x22, 0x1D, 0x17, 0x09, 0x1E, 0x1E, 0x03, 0x1C, 0xC2, 0x41, 0x20, 0x4F, 0x44, 0x1A,
    0x3A, 0x5C, 0x41, 0xC5, 0x04, 0x44, 0xFE, 0x6F, 0x2A, 0x56, 0x80, 0x56, 0x5A, 0x84, 0x55, 0x2A,
    0x03, 0x92, 0x23, 0x83, 0xE8, 0xC3, 0x9B, 0x6C, 0x3A, 0xAD, 0x51, 0x06, 0x0F, 0x1B, 0x16, 0x56,
    0x01, 0x34, 0xEE, 0x88, 0xFC, 0x62, 0x15, 0x0B, 0x51, 0x45, 0x2B, 0x42, 0x2C, 0x17, 0x00, 0x00,
    0x00, 0x02, 0x00, 0x97, 0x00, 0x00, 0x06, 0x91, 0x04, 0x44, 0x00, 0x16, 0x00, 0x21, 0x00, 0x5B,
    0x4B, 0xB0, 0x2A, 0x50, 0x58, 0x40, 0x1D, 0x05, 0x01, 0x03, 0x08, 0x01, 0x00, 0x07, 0x03, 0x00,
    0x67, 0x04, 0x01, 0x02, 0x02, 0x1C, 0x4D, 0x00, 0x07, 0x07, 0x01, 0x60, 0x09, 0x06, 0x02, 0x01,
    0x01, 0x1B, 0x01, 0x4E, 0x1B, 0x40, 0x1D, 0x05, 0x01, 0x03, 0x08, 0x01, 0x00, 0x07, 0x03, 0x00,
    0x67, 0x04, 0x01, 0x02, 0x02, 0x1C, 0x4D, 0x00, 0x07, 0x07, 0x01, 0x60, 0x09, 0x06, 0x02, 0x01,
    0x01, 0x1D, 0x01, 0x4E, 0x59, 0x40, 0x13, 0x00, 0x00, 0x21, 0x1F, 0x19, 0x17, 0x00, 0x16, 0x00,
    0x15, 0x21, 0x11, 0x11, 0x11, 0x11, 0x11, 0x0A, 0x07, 0x1C, 0x2B, 0x21, 0x11, 0x21, 0x11, 0x23,
    0x11, 0x33, 0x11, 0x21, 0x11, 0x33, 0x11, 0x33, 0x32, 0x1E, 0x02, 0x15, 0x14, 0x0E, 0x02, 0x23,
    0x27, 0x33, 0x32, 0x36, 0x35, 0x34, 0x2E, 0x02, 0x23, 0x23, 0x03, 0x1D, 0xFE, 0x6E, 0xF4, 0xF4,
    0x01, 0x92, 0xF4, 0xA8, 0x7D, 0xB3, 0x72, 0x36, 0x37, 0x77, 0xBC, 0x85, 0x91, 0x91, 0x84, 0x71,
    0x1A, 0x3A, 0x5C, 0x41, 0x95, 0x02, 0x03, 0xFD, 0xFD, 0x04, 0x44, 0xFE, 0x65, 0x01, 0x9B, 0xFE,
    0x65, 0x2C, 0x56, 0x7E, 0x51, 0x54, 0x81, 0x57, 0x2C, 0xA6, 0x5A, 0x57, 0x28, 0x40, 0x2C, 0x17,
    0x00, 0x01, 0x00, 0x0F, 0x00, 0x00, 0x04, 0x20, 0x06, 0x1E, 0x00, 0x1A, 0x00, 0x5E, 0xB6, 0x0E,
    0x00, 0x02, 0x01, 0x02, 0x01, 0x4C, 0x4B, 0xB0, 0x2A, 0x50, 0x58, 0x40, 0x1E, 0x07, 0x01, 0x05,
    0x08, 0x01, 0x04, 0x00, 0x05, 0x04, 0x67, 0x00, 0x00, 0x00, 0x02, 0x01, 0x00, 0x02, 0x69, 0x00,
    0x06, 0x06, 0x01, 0x5F, 0x03, 0x01, 0x01, 0x01, 0x1B, 0x01, 0x4E, 0x1B, 0x40, 0x1E, 0x07, 0x01,
    0x05, 0x08, 0x01, 0x04, 0x00, 0x05, 0x04, 0x67, 0x00, 0x00, 0x00, 0x02, 0x01, 0x00, 0x02, 0x69,
    0x00, 0x06, 0x06, 0x01, 0x5F, 0x03, 0x01, 0x01, 0x01, 0x1D, 0x01, 0x4E, 0x59, 0x40, 0x0C, 0x11,
    0x11, 0x11, 0x11, 0x11, 0x12, 0x23, 0x14, 0x21, 0x09, 0x07, 0x1F, 0x2B, 0x01, 0x36, 0x33, 0x32,
    0x17, 0x16, 0x15, 0x11, 0x23, 0x11, 0x34, 0x26, 0x23, 0x22, 0x07, 0x11, 0x23, 0x11, 0x23, 0x35,
    0x33, 0x35, 0x33, 0x15, 0x21, 0x15, 0x21, 0x01, 0x9D, 0x87, 0xC4, 0x90, 0x54, 0x54, 0xF6, 0x3E,
    0x48, 0x85, 0x82, 0xF6, 0x98, 0x98, 0xF6, 0x01, 0x59, 0xFE, 0xA7, 0x02, 0xE3, 0xE6, 0x5C, 0x5A,
    0x9D, 0xFD, 0x8A, 0x02, 0x31, 0x6C, 0x62, 0xDA, 0xFD, 0xDB, 0x04, 0x9A, 0x9A, 0xEA, 0xEA, 0x9A,
    0x00, 0x02, 0x00, 0x97, 0x00, 0x00, 0x03, 0xB3, 0x06, 0x44, 0x00, 0x2D, 0x00, 0x31, 0x00, 0x7A,
    0xB5, 0x1A, 0x01, 0x05, 0x01, 0x01, 0x4C, 0x4B, 0xB0, 0x2A, 0x50, 0x58, 0x40, 0x26, 0x00, 0x07,
    0x08, 0x07, 0x85, 0x0A, 0x01, 0x08, 0x00, 0x08, 0x85, 0x00, 0x01, 0x00, 0x05, 0x04, 0x01, 0x05,
    0x67, 0x00, 0x03, 0x03, 0x00, 0x61, 0x02, 0x01, 0x00, 0x00, 0x1C, 0x4D, 0x09, 0x06, 0x02, 0x04,
    0x04, 0x1B, 0x04, 0x4E, 0x1B, 0x40, 0x26, 0x00, 0x07, 0x08, 0x07, 0x85, 0x0A, 0x01, 0x08, 0x00,
    0x08, 0x85, 0x00, 0x01, 0x00, 0x05, 0x04, 0x01, 0x05, 0x67, 0x00, 0x03, 0x03, 0x00, 0x61, 0x02,
    0x01, 0x00, 0x00, 0x1C, 0x4D, 0x09, 0x06, 0x02, 0x04, 0x04, 0x1D, 0x04, 0x4E, 0x59, 0x40, 0x19,
    0x2E, 0x2E, 0x00, 0x00, 0x2E, 0x31, 0x2E, 0x31, 0x30, 0x2F, 0x00, 0x2D, 0x00, 0x2D, 0x2C, 0x2B,
    0x25, 0x24, 0x21, 0x18, 0x11, 0x11, 0x0B, 0x07, 0x1A, 0x2B, 0x33, 0x11, 0x33, 0x11, 0x32, 0x3E,
    0x02, 0x37, 0x3E, 0x03, 0x33, 0x15, 0x23, 0x22, 0x0E, 0x02, 0x07, 0x06, 0x06, 0x07, 0x06, 0x06,
    0x07, 0x1E, 0x03, 0x1F, 0x02, 0x16, 0x16, 0x17, 0x21, 0x26, 0x26, 0x27, 0x26, 0x26, 0x27, 0x23,
    0x11, 0x03, 0x13, 0x33, 0x01, 0x97, 0xE3, 0x21, 0x2D, 0x27, 0x27, 0x1C, 0x24, 0x3B, 0x46, 0x61,
    0x4A, 0x0F, 0x19, 0x23, 0x1B, 0x15, 0x0B, 0x07, 0x14, 0x08, 0x24, 0x6A, 0x42, 0x29, 0x3C, 0x31,
    0x2C, 0x1B, 0x1A, 0x30, 0x26, 0x46, 0x17, 0xFF, 0x00, 0x0F, 0x2D, 0x1D, 0x33, 0x5B, 0x23, 0x2F,
    0x0F, 0xF1, 0xFF, 0xFE, 0xBF, 0x04, 0x44, 0xFE, 0x2E, 0x16, 0x31, 0x4F, 0x39, 0x4F, 0x65, 0x39,
    0x16, 0xA7, 0x0C, 0x18, 0x24, 0x18, 0x0E, 0x22, 0x13, 0x55, 0x59, 0x10, 0x0C, 0x28, 0x39, 0x49,
    0x2C, 0x31, 0x53, 0x45, 0x73, 0x1E, 0x1A, 0x58, 0x3C, 0x66, 0x9F, 0x2C, 0xFE, 0x21, 0x05, 0x03,
    0x01, 0x41, 0xFE, 0xBF, 0x00, 0x02, 0x00, 0x92, 0x00, 0x00, 0x04, 0x1F, 0x06, 0x44, 0x00, 0x09,
    0x00, 0x0D, 0x00, 0x56, 0xB6, 0x08, 0x03, 0x02, 0x02, 0x00, 0x01, 0x4C, 0x4B, 0xB0, 0x2A, 0x50,
    0x58, 0x40, 0x18, 0x00, 0x05, 0x04, 0x05, 0x85, 0x00, 0x04, 0x00, 0x04, 0x85, 0x01, 0x01, 0x00,
    0x00, 0x1C, 0x4D, 0x06, 0x03, 0x02, 0x02, 0x02, 0x1B, 0x02, 0x4E, 0x1B, 0x40, 0x18, 0x00, 0x05,
    0x04, 0x05, 0x85, 0x00, 0x04, 0x00, 0x04, 0x85, 0x01, 0x01, 0x00, 0x00, 0x1C, 0x4D, 0x06, 0x03,
    0x02, 0x02, 0x02, 0x1D, 0x02, 0x4E, 0x59, 0x40, 0x10, 0x00, 0x00, 0x0D, 0x0C, 0x0B, 0x0A, 0x00,
    0x09, 0x00, 0x09, 0x11, 0x12, 0x11, 0x07, 0x07, 0x19, 0x2B, 0x33, 0x11, 0x33, 0x11, 0x01, 0x33,
    0x11, 0x23, 0x11, 0x01, 0x01, 0x23, 0x01, 0x33, 0x92, 0xE8, 0x01, 0xAE, 0xF7, 0xE8, 0xFE, 0x52,
    0x01, 0x5D, 0xAE, 0xFE, 0xBF, 0xFF, 0x04, 0x44, 0xFC, 0xFF, 0x03, 0x01, 0xFB, 0xBC, 0x03, 0x00,
    0xFD, 0x00, 0x05, 0x03, 0x01, 0x41, 0x00, 0x00, 0x00, 0x02, 0x00, 0x05, 0xFE, 0x75, 0x04, 0x33,
    0x06, 0x44, 0x00, 0x17, 0x00, 0x26, 0x00, 0x43, 0x40, 0x40, 0x10, 0x0B, 0x02, 0x00, 0x01, 0x01,
    0x4C, 0x09, 0x07, 0x02, 0x05, 0x04, 0x05, 0x85, 0x00, 0x04, 0x00, 0x06, 0x01, 0x04, 0x06, 0x69,
    0x02, 0x01, 0x01, 0x01, 0x1C, 0x4D, 0x00, 0x00, 0x00, 0x03, 0x62, 0x08, 0x01, 0x03, 0x03, 0x1E,
    0x03, 0x4E, 0x18, 0x18, 0x00, 0x00, 0x18, 0x26, 0x18, 0x26, 0x24, 0x22, 0x20, 0x1F, 0x1C, 0x1A,
    0x00, 0x17, 0x00, 0x16, 0x14, 0x19, 0x21, 0x0A, 0x07, 0x19, 0x2B, 0x13, 0x35, 0x33, 0x32, 0x3E,
    0x02, 0x37, 0x37, 0x36, 0x36, 0x37, 0x01, 0x33, 0x16, 0x12, 0x17, 0x01, 0x33, 0x01, 0x02, 0x07,
    0x06, 0x23, 0x01, 0x16, 0x16, 0x33, 0x32, 0x37, 0x36, 0x37, 0x33, 0x06, 0x06, 0x23, 0x22, 0x26,
    0x27, 0x4F, 0x1C, 0x3B, 0x55, 0x3E, 0x2B, 0x11, 0x14, 0x08, 0x12, 0x08, 0xFE, 0x5A, 0xFC, 0x4B,
    0x95, 0x4B, 0x01, 0x30, 0xD7, 0xFE, 0x50, 0x76, 0x54, 0x55, 0xF9, 0x01, 0x32, 0x0E, 0x4B, 0x4E,
    0x81, 0x19, 0x09, 0x03, 0xA7, 0x08, 0xAD, 0x98, 0x97, 0xAF, 0x07, 0xFE, 0x75, 0xBA, 0x0A, 0x18,
    0x2A, 0x21, 0x29, 0x11, 0x27, 0x17, 0x04, 0x30, 0xBF, 0xFE, 0x87, 0xBE, 0x02, 0xF6, 0xFB, 0xD2,
    0xFE, 0xE6, 0x43, 0x44, 0x07, 0xCF, 0x5C, 0x5A, 0x85, 0x15, 0x1C, 0x99, 0xA8, 0xA6, 0x9B, 0x00,
    0x00, 0x01, 0x00, 0x93, 0xFE, 0xA7, 0x04, 0x0C, 0x04, 0x44, 0x00, 0x0B, 0x00, 0x6D, 0x4B, 0xB0,
    0x0C, 0x50, 0x58, 0x40, 0x18, 0x02, 0x01, 0x00, 0x00, 0x1C, 0x4D, 0x00, 0x01, 0x01, 0x03, 0x60,
    0x06, 0x05, 0x02, 0x03, 0x03, 0x1B, 0x4D, 0x00, 0x04, 0x04, 0x1E, 0x04, 0x4E, 0x1B, 0x4B, 0xB0,
    0x2A, 0x50, 0x58, 0x40, 0x18, 0x00, 0x04, 0x03, 0x04, 0x86, 0x02, 0x01, 0x00, 0x00, 0x1C, 0x4D,
    0x00, 0x01, 0x01, 0x03, 0x60, 0x06, 0x05, 0x02, 0x03, 0x03, 0x1B, 0x03, 0x4E, 0x1B, 0x40, 0x18,
    0x00, 0x04, 0x03, 0x04, 0x86, 0x02, 0x01, 0x00, 0x00, 0x1C, 0x4D, 0x00, 0x01, 0x01, 0x03, 0x60,
    0x06, 0x05, 0x02, 0x03, 0x03, 0x1D, 0x03, 0x4E, 0x59, 0x59, 0x40, 0x0E, 0x00, 0x00, 0x00, 0x0B,
    0x00, 0x0B, 0x11, 0x11, 0x11, 0x11, 0x11, 0x07, 0x07, 0x1B, 0x2B, 0x33, 0x11, 0x33, 0x11, 0x21,
    0x11, 0x33, 0x11, 0x21, 0x11, 0x23, 0x11, 0x93, 0xF7, 0x01, 0x8B, 0xF7, 0xFE, 0xA7, 0xC8, 0x04,
    0x44, 0xFC, 0x6D, 0x03, 0x93, 0xFB, 0xBC, 0xFE, 0xA7, 0x01, 0x59, 0x00, 0x00, 0x01, 0x00, 0xB0,
    0x00, 0x00, 0x03, 0xCE, 0x06, 0xF1, 0x00, 0x07, 0x00, 0x44, 0x4B, 0xB0, 0x2A, 0x50, 0x58, 0x40,
    0x16, 0x00, 0x01, 0x00, 0x01, 0x85, 0x00, 0x02, 0x02, 0x00, 0x5F, 0x00, 0x00, 0x00, 0x1A, 0x4D,
    0x04, 0x01, 0x03, 0x03, 0x1B, 0x03, 0x4E, 0x1B, 0x40, 0x14, 0x00, 0x01, 0x00, 0x01, 0x85, 0x00,
    0x00, 0x00, 0x02, 0x03, 0x00, 0x02, 0x68, 0x04, 0x01, 0x03, 0x03, 0x1D, 0x03, 0x4E, 0x59, 0x40,
    0x0C, 0x00, 0x00, 0x00, 0x07, 0x00, 0x07, 0x11, 0x11, 0x11, 0x05, 0x07, 0x19, 0x2B, 0x33, 0x11,
    0x21, 0x11, 0x33, 0x11, 0x21, 0x11, 0xB0, 0x02, 0x56, 0xC8, 0xFD, 0xE5, 0x05, 0xC8, 0x01, 0x29,
    0xFE, 0x1B, 0xFA, 0xF4, 0x00, 0x01, 0x00, 0xA0, 0x00, 0x00, 0x03, 0x53, 0x05, 0x3A, 0x00, 0x07,
    0x00, 0x66, 0x4B, 0xB0, 0x0A, 0x50, 0x58, 0x40, 0x17, 0x00, 0x01, 0x00, 0x00, 0x01, 0x70, 0x00,
    0x02, 0x02, 0x00, 0x5F, 0x00, 0x00, 0x00, 0x1C, 0x4D, 0x04, 0x01, 0x03, 0x03, 0x1B, 0x03, 0x4E,
    0x1B, 0x4B, 0xB0, 0x2A, 0x50, 0x58, 0x40, 0x16, 0x00, 0x01, 0x00, 0x01, 0x85, 0x00, 0x02, 0x02,
    0x00, 0x5F, 0x00, 0x00, 0x00, 0x1C, 0x4D, 0x04, 0x01, 0x03, 0x03, 0x1B, 0x03, 0x4E, 0x1B, 0x40,
    0x16, 0x00, 0x01, 0x00, 0x01, 0x85, 0x00, 0x02, 0x02, 0x00, 0x5F, 0x00, 0x00, 0x00, 0x1C, 0x4D,
    0x04, 0x01, 0x03, 0x03, 0x1D, 0x03, 0x4E, 0x59, 0x59, 0x40, 0x0C, 0x00, 0x00, 0x00, 0x07, 0x00,
    0x07, 0x11, 0x11, 0x11, 0x05, 0x07, 0x19, 0x2B, 0x33, 0x11, 0x21, 0x35, 0x33, 0x11, 0x21, 0x11,
    0xA0, 0x01, 0xEB, 0xC8, 0xFE, 0x44, 0x04, 0x44, 0xF6, 0xFE, 0x4A, 0xFC, 0x7C, 0x00, 0x00, 0x00,
    0x00, 0x02, 0x00, 0x19, 0x00, 0x00, 0x07, 0x74, 0x07, 0x85, 0x00, 0x0C, 0x00, 0x10, 0x00, 0x5A,
    0xB7, 0x0B, 0x06, 0x03, 0x03, 0x03, 0x00, 0x01, 0x4C, 0x4B, 0xB0, 0x2A, 0x50, 0x58, 0x40, 0x19,
    0x00, 0x06, 0x05, 0x06, 0x85, 0x00, 0x05, 0x00, 0x05, 0x85, 0x02, 0x01, 0x02, 0x00, 0x00, 0x38,
    0x4D, 0x07, 0x04, 0x02, 0x03, 0x03, 0x39, 0x03, 0x4E, 0x1B, 0x40, 0x19, 0x00, 0x06, 0x05, 0x06,
    0x85, 0x00, 0x05, 0x00, 0x05, 0x85, 0x02, 0x01, 0x02, 0x00, 0x03, 0x00, 0x85, 0x07, 0x04, 0x02,
    0x03, 0x03, 0x3C, 0x03, 0x4E, 0x59, 0x40, 0x11, 0x00, 0x00, 0x10, 0x0F, 0x0E, 0x0D, 0x00, 0x0C,
    0x00, 0x0C, 0x11, 0x12, 0x12, 0x11, 0x08, 0x09, 0x1A, 0x2B, 0x21, 0x01, 0x33, 0x01, 0x01, 0x33,
    0x01, 0x01, 0x33, 0x01, 0x23, 0x09, 0x02, 0x23, 0x01, 0x33, 0x01, 0x95, 0xFE, 0x84, 0xF6, 0x01,
    0x24, 0x01, 0x3A, 0xE5, 0x01, 0x26, 0x01, 0x39, 0xC3, 0xFE, 0x63, 0xFC, 0xFE, 0xE4, 0xFE, 0xD1,
    0x01, 0xC3, 0xAA, 0xFE, 0xBF, 0xFA, 0x05, 0xC8, 0xFB, 0x9A, 0x04, 0x66, 0xFB, 0x9E, 0x04, 0x62,
    0xFA, 0x38, 0x04, 0x36, 0xFB, 0xCA, 0x06, 0x44, 0x01, 0x41, 0x00, 0x00, 0x00, 0x02, 0x00, 0x24,
    0x00, 0x00, 0x05, 0xDA, 0x06, 0x44, 0x00, 0x0C, 0x00, 0x10, 0x00, 0x85, 0xB7, 0x0B, 0x06, 0x03,
    0x03, 0x03, 0x00, 0x01, 0x4C, 0x4B, 0xB0, 0x28, 0x50, 0x58, 0x40, 0x1C, 0x00, 0x05, 0x06, 0x00,
    0x06, 0x05, 0x00, 0x80, 0x00, 0x06, 0x06, 0x3A, 0x4D, 0x02, 0x01, 0x02, 0x00, 0x00, 0x3B, 0x4D,
    0x07, 0x04, 0x02, 0x03, 0x03, 0x39, 0x03, 0x4E, 0x1B, 0x4B, 0xB0, 0x2A, 0x50, 0x58, 0x40, 0x1C,
    0x00, 0x05, 0x06, 0x00, 0x06, 0x05, 0x00, 0x80, 0x02, 0x01, 0x02, 0x00, 0x00, 0x3B, 0x4D, 0x00,
    0x06, 0x06, 0x03, 0x5F, 0x07, 0x04, 0x02, 0x03, 0x03, 0x39, 0x03, 0x4E, 0x1B, 0x40, 0x1C, 0x00,
    0x05, 0x06, 0x00, 0x06, 0x05, 0x00, 0x80, 0x02, 0x01, 0x02, 0x00, 0x00, 0x3B, 0x4D, 0x00, 0x06,
    0x06, 0x03, 0x5F, 0x07, 0x04, 0x02, 0x03, 0x03, 0x3C, 0x03, 0x4E, 0x59, 0x59, 0x40, 0x11, 0x00,
    0x00, 0x10, 0x0F, 0x0E, 0x0D, 0x00, 0x0C, 0x00, 0x0C, 0x11, 0x12, 0x12, 0x11, 0x08, 0x09, 0x1A,
    0x2B, 0x21, 0x01, 0x33, 0x13, 0x13, 0x33, 0x13, 0x13, 0x33, 0x01, 0x23, 0x03, 0x03, 0x01, 0x23,
    0x01, 0x33, 0x01, 0x2C, 0xFE, 0xF8, 0xE6, 0xBF, 0xDD, 0xE3, 0xC3, 0xD6, 0xB8, 0xFE, 0xD9, 0xF1,
    0xC5, 0xDF, 0x01, 0x6B, 0xAA, 0xFE, 0xBF, 0xFA, 0x04, 0x44, 0xFC, 0xE6, 0x03, 0x1A, 0xFC, 0xE3,
    0x03, 0x1D, 0xFB, 0xBC, 0x03, 0x1D, 0xFC, 0xE3, 0x05, 0x03, 0x01, 0x41, 0x00, 0x02, 0x00, 0x19,
    0x00, 0x00, 0x07, 0x74, 0x07, 0x8F, 0x00, 0x0C, 0x00, 0x10, 0x00, 0x60, 0xB7, 0x0B, 0x06, 0x03,
    0x03, 0x03, 0x00, 0x01, 0x4C, 0x4B, 0xB0, 0x2A, 0x50, 0x58, 0x40, 0x1A, 0x00, 0x05, 0x06, 0x05,
    0x85, 0x08, 0x01, 0x06, 0x00, 0x06, 0x85, 0x02, 0x01, 0x02, 0x00, 0x00, 0x38, 0x4D, 0x07, 0x04,
    0x02, 0x03, 0x03, 0x39, 0x03, 0x4E, 0x1B, 0x40, 0x1A, 0x00, 0x05, 0x06, 0x05, 0x85, 0x08, 0x01,
    0x06, 0x00, 0x06, 0x85, 0x02, 0x01, 0x02, 0x00, 0x03, 0x00, 0x85, 0x07, 0x04, 0x02, 0x03, 0x03,
    0x3C, 0x03, 0x4E, 0x59, 0x40, 0x15, 0x0D, 0x0D, 0x00, 0x00, 0x0D, 0x10, 0x0D, 0x10, 0x0F, 0x0E,
    0x00, 0x0C, 0x00, 0x0C, 0x11, 0x12, 0x12, 0x11, 0x09, 0x09, 0x1A, 0x2B, 0x21, 0x01, 0x33, 0x01,
    0x01, 0x33, 0x01, 0x01, 0x33, 0x01, 0x23, 0x01, 0x01, 0x13, 0x13, 0x33, 0x01, 0x01, 0x95, 0xFE,
    0x84, 0xF6, 0x01, 0x24, 0x01, 0x3A, 0xE5, 0x01, 0x26, 0x01, 0x39, 0xC3, 0xFE, 0x63, 0xFC, 0xFE,
    0xE4, 0xFE, 0xD1, 0xDD, 0xF1, 0xF9, 0xFE, 0xBF, 0x05, 0xC8, 0xFB, 0x9A, 0x04, 0x66, 0xFB, 0x9E,
    0x04, 0x62, 0xFA, 0x38, 0x04, 0x36, 0xFB, 0xCA, 0x06, 0x4E, 0x01, 0x41, 0xFE, 0xBF, 0x00, 0x00,
    0x00, 0x02, 0x00, 0x24, 0x00, 0x00, 0x05, 0xDA, 0x06, 0x44, 0x00, 0x0C, 0x00, 0x10, 0x00, 0x8C,
    0xB7, 0x0B, 0x06, 0x03, 0x03, 0x03, 0x00, 0x01, 0x4C, 0x4B, 0xB0, 0x28, 0x50, 0x58, 0x40, 0x1D,
    0x08, 0x01, 0x06, 0x05, 0x00, 0x05, 0x06, 0x00, 0x80, 0x00, 0x05, 0x05, 0x3A, 0x4D, 0x02, 0x01,
    0x02, 0x00, 0x00, 0x3B, 0x4D, 0x07, 0x04, 0x02, 0x03, 0x03, 0x39, 0x03, 0x4E, 0x1B, 0x4B, 0xB0,
    0x2A, 0x50, 0x58, 0x40, 0x1D, 0x08, 0x01, 0x06, 0x05, 0x00, 0x05, 0x06, 0x00, 0x80, 0x02, 0x01,
    0x02, 0x00, 0x00, 0x3B, 0x4D, 0x00, 0x05, 0x05, 0x03, 0x5F, 0x07, 0x04, 0x02, 0x03, 0x03, 0x39,
    0x03, 0x4E, 0x1B, 0x40, 0x1D, 0x08, 0x01, 0x06, 0x05, 0x00, 0x05, 0x06, 0x00, 0x80, 0x02, 0x01,
    0x02, 0x00, 0x00, 0x3B, 0x4D, 0x00, 0x05, 0x05, 0x03, 0x5F, 0x07, 0x04, 0x02, 0x03, 0x03, 0x3C,
    0x03, 0x4E, 0x59, 0x59, 0x40, 0x15, 0x0D, 0x0D, 0x00, 0x00, 0x0D, 0x10, 0x0D, 0x10, 0x0F, 0x0E,
    0x00, 0x0C, 0x00, 0x0C, 0x11, 0x12, 0x12, 0x11, 0x09, 0x09, 0x1A, 0x2B, 0x21, 0x01, 0x33, 0x13,
    0x13, 0x33, 0x13, 0x13, 0x33, 0x01, 0x23, 0x03, 0x03, 0x13, 0x13, 0x33, 0x01, 0x01, 0x2C, 0xFE,
    0xF8, 0xE6, 0xBF, 0xDD, 0xE3, 0xC3, 0xD6, 0xB8, 0xFE, 0xD9, 0xF1, 0xC5, 0xDF, 0x88, 0xF1, 0xFA,
    0xFE, 0xBF, 0x04, 0x44, 0xFC, 0xE6, 0x03, 0x1A, 0xFC, 0xE3, 0x03, 0x1D, 0xFB, 0xBC, 0x03, 0x1D,
    0xFC, 0xE3, 0x05, 0x03, 0x01, 0x41, 0xFE, 0xBF, 0x00, 0x03, 0x00, 0x19, 0x00, 0x00, 0x07, 0x74,
    0x07, 0x13, 0x00, 0x0C, 0x00, 0x10, 0x00, 0x14, 0x00, 0x6D, 0xB7, 0x0B, 0x06, 0x03, 0x03, 0x03,
    0x00, 0x01, 0x4C, 0x4B, 0xB0, 0x2A, 0x50, 0x58, 0x40, 0x1B, 0x07, 0x01, 0x05, 0x0B, 0x08, 0x0A,
    0x03, 0x06, 0x00, 0x05, 0x06, 0x67, 0x02, 0x01, 0x02, 0x00, 0x00, 0x38, 0x4D, 0x09, 0x04, 0x02,
    0x03, 0x03, 0x39, 0x03, 0x4E, 0x1B, 0x40, 0x1E, 0x02, 0x01, 0x02, 0x00, 0x06, 0x03, 0x06, 0x00,
    0x03, 0x80, 0x07, 0x01, 0x05, 0x0B, 0x08, 0x0A, 0x03, 0x06, 0x00, 0x05, 0x06, 0x67, 0x09, 0x04,
    0x02, 0x03, 0x03, 0x3C, 0x03, 0x4E, 0x59, 0x40, 0x1D, 0x11, 0x11, 0x0D, 0x0D, 0x00, 0x00, 0x11,
    0x14, 0x11, 0x14, 0x13, 0x12, 0x0D, 0x10, 0x0D, 0x10, 0x0F, 0x0E, 0x00, 0x0C, 0x00, 0x0C, 0x11,
    0x12, 0x12, 0x11, 0x0C, 0x09, 0x1A, 0x2B, 0x21, 0x01, 0x33, 0x01, 0x01, 0x33, 0x01, 0x01, 0x33,
    0x01, 0x23, 0x01, 0x01, 0x13, 0x35, 0x33, 0x15, 0x33, 0x35, 0x33, 0x15, 0x01, 0x95, 0xFE, 0x84,
    0xF6, 0x01, 0x24, 0x01, 0x3A, 0xE5, 0x01, 0x26, 0x01, 0x39, 0xC3, 0xFE, 0x63, 0xFC, 0xFE, 0xE4,
    0xFE, 0xD1, 0x1C, 0xC6, 0xDB, 0xC6, 0x05, 0xC8, 0xFB, 0x9A, 0x04, 0x66, 0xFB, 0x9E, 0x04, 0x62,
    0xFA, 0x38, 0x04, 0x36, 0xFB, 0xCA, 0x06, 0x4E, 0xC5, 0xC5, 0xC5, 0xC5, 0x00, 0x03, 0x00, 0x24,
    0x00, 0x00, 0x05, 0xDA, 0x05, 0xD2, 0x00, 0x0C, 0x00, 0x10, 0x00, 0x14, 0x00, 0x6C, 0xB7, 0x0B,
    0x06, 0x03, 0x03, 0x03, 0x00, 0x01, 0x4C, 0x4B, 0xB0, 0x2A, 0x50, 0x58, 0x40, 0x1D, 0x0B, 0x08,
    0x0A, 0x03, 0x06, 0x06, 0x05, 0x5F, 0x07, 0x01, 0x05, 0x05, 0x38, 0x4D, 0x02, 0x01, 0x02, 0x00,
    0x00, 0x3B, 0x4D, 0x09, 0x04, 0x02, 0x03, 0x03, 0x39, 0x03, 0x4E, 0x1B, 0x40, 0x1B, 0x07, 0x01,
    0x05, 0x0B, 0x08, 0x0A, 0x03, 0x06, 0x00, 0x05, 0x06, 0x67, 0x02, 0x01, 0x02, 0x00, 0x00, 0x3B,
    0x4D, 0x09, 0x04, 0x02, 0x03, 0x03, 0x3C, 0x03, 0x4E, 0x59, 0x40, 0x1D, 0x11, 0x11, 0x0D, 0x0D,
    0x00, 0x00, 0x11, 0x14, 0x11, 0x14, 0x13, 0x12, 0x0D, 0x10, 0x0D, 0x10, 0x0F, 0x0E, 0x00, 0x0C,
    0x00, 0x0C, 0x11, 0x12, 0x12, 0x11, 0x0C, 0x09, 0x1A, 0x2B, 0x21, 0x01, 0x33, 0x13, 0x13, 0x33,
    0x13, 0x13, 0x33, 0x01, 0x23, 0x0B, 0x02, 0x35, 0x33, 0x15, 0x33, 0x35, 0x33, 0x15, 0x01, 0x2C,
    0xFE, 0xF8, 0xE6, 0xBF, 0xDD, 0xE3, 0xC3, 0xD6, 0xB8, 0xFE, 0xD9, 0xF1, 0xC5, 0xDF, 0x3E, 0xC5,
    0xE6, 0xC6, 0x04, 0x44, 0xFC, 0xE6, 0x03, 0x1A, 0xFC, 0xE3, 0x03, 0x1D, 0xFB, 0xBC, 0x03, 0x1D,
    0xFC, 0xE3, 0x05, 0x0D, 0xC5, 0xC5, 0xC5, 0xC5, 0x00, 0x02, 0x00, 0x1D, 0x00, 0x00, 0x05, 0x3A,
    0x07, 0x8F, 0x00, 0x08, 0x00, 0x0C, 0x00, 0x54, 0xB7, 0x07, 0x04, 0x01, 0x03, 0x02, 0x00, 0x01,
    0x4C, 0x4B, 0xB0, 0x2A, 0x50, 0x58, 0x40, 0x17, 0x00, 0x04, 0x03, 0x04, 0x85, 0x00, 0x03, 0x00,
    0x03, 0x85, 0x01, 0x01, 0x00, 0x00, 0x38, 0x4D, 0x05, 0x01, 0x02, 0x02, 0x39, 0x02, 0x4E, 0x1B,
    0x40, 0x17, 0x00, 0x04, 0x03, 0x04, 0x85, 0x00, 0x03, 0x00, 0x03, 0x85, 0x01, 0x01, 0x00, 0x02,
    0x00, 0x85, 0x05, 0x01, 0x02, 0x02, 0x3C, 0x02, 0x4E, 0x59, 0x40, 0x0F, 0x00, 0x00, 0x0C, 0x0B,
    0x0A, 0x09, 0x00, 0x08, 0x00, 0x08, 0x12, 0x12, 0x06, 0x09, 0x18, 0x2B, 0x21, 0x11, 0x01, 0x21,
    0x01, 0x01, 0x33, 0x01, 0x11, 0x13, 0x23, 0x01, 0x33, 0x02, 0x1C, 0xFE, 0x01, 0x01, 0x22, 0x01,
    0x84, 0x01, 0x9B, 0xDC, 0xFD, 0xE5, 0x3E, 0xA9, 0xFE, 0xBF, 0xFA, 0x02, 0x6A, 0x03, 0x5E, 0xFD,
    0x71, 0x02, 0x8F, 0xFC, 0xA6, 0xFD, 0x92, 0x06, 0x4E, 0x01, 0x41, 0x00, 0x00, 0x02, 0x00, 0x16,
    0xFE, 0x75, 0x04, 0x26, 0x06, 0x44, 0x00, 0x07, 0x00, 0x0B, 0x00, 0x4B, 0xB5, 0x03, 0x01, 0x02,
    0x00, 0x01, 0x4C, 0x4B, 0xB0, 0x28, 0x50, 0x58, 0x40, 0x19, 0x00, 0x03, 0x04, 0x00, 0x04, 0x03,
    0x00, 0x80, 0x00, 0x04, 0x04, 0x3A, 0x4D, 0x01, 0x01, 0x00, 0x00, 0x3B, 0x4D, 0x00, 0x02, 0x02,
    0x3D, 0x02, 0x4E, 0x1B, 0x40, 0x16, 0x00, 0x04, 0x03, 0x04, 0x85, 0x00, 0x03, 0x00, 0x03, 0x85,
    0x01, 0x01, 0x00, 0x00, 0x3B, 0x4D, 0x00, 0x02, 0x02, 0x3D, 0x02, 0x4E, 0x59, 0xB7, 0x11, 0x11,
    0x11, 0x12, 0x11, 0x05, 0x09, 0x1B, 0x2B, 0x21, 0x01, 0x21, 0x01, 0x01, 0x33, 0x01, 0x23, 0x01,
    0x23, 0x01, 0x33, 0x01, 0x9B, 0xFE, 0x7B, 0x01, 0x00, 0x01, 0x12, 0x01, 0x39, 0xC5, 0xFD, 0xA1,
    0xFD, 0x02, 0x08, 0xAA, 0xFE, 0xBF, 0xFA, 0x04, 0x44, 0xFC, 0xFC, 0x03, 0x04, 0xFA, 0x31, 0x06,
    0x8E, 0x01, 0x41, 0x00, 0x00, 0x01, 0x00, 0x6C, 0x02, 0x1C, 0x03, 0xCD, 0x02, 0xBB, 0x00, 0x03,
    0x00, 0x1E, 0x40, 0x1B, 0x00, 0x00, 0x01, 0x01, 0x00, 0x57, 0x00, 0x00, 0x00, 0x01, 0x5F, 0x02,
    0x01, 0x01, 0x00, 0x01, 0x4F, 0x00, 0x00, 0x00, 0x03, 0x00, 0x03, 0x11, 0x03, 0x09, 0x17, 0x2B,
    0x13, 0x35, 0x21, 0x15, 0x6C, 0x03, 0x61, 0x02, 0x1C, 0x9F, 0x9F, 0x00, 0x00, 0x01, 0x00, 0x68,
    0x02, 0x1C, 0x07, 0x98, 0x02, 0xBB, 0x00, 0x03, 0x00, 0x1E, 0x40, 0x1B, 0x00, 0x00, 0x01, 0x01,
    0x00, 0x57, 0x00, 0x00, 0x00, 0x01, 0x5F, 0x02, 0x01, 0x01, 0x00, 0x01, 0x4F, 0x00, 0x00, 0x00,
    0x03, 0x00, 0x03, 0x11, 0x03, 0x09, 0x17, 0x2B, 0x13, 0x35, 0x21, 0x15, 0x68, 0x07, 0x30, 0x02,
    0x1C, 0x9F, 0x9F, 0x00, 0x00, 0x01, 0x00, 0x00, 0x02, 0x1C, 0x08, 0x00, 0x02, 0xC7, 0x00, 0x03,
    0x00, 0x1E, 0x40, 0x1B, 0x00, 0x00, 0x01, 0x01, 0x00, 0x57, 0x00, 0x00, 0x00, 0x01, 0x5F, 0x02,
    0x01, 0x01, 0x00, 0x01, 0x4F, 0x00, 0x00, 0x00, 0x03, 0x00, 0x03, 0x11, 0x03, 0x09, 0x17, 0x2B,
    0x11, 0x35, 0x21, 0x15, 0x08, 0x00, 0x02, 0x1C, 0xAB, 0xAB, 0x00, 0x00, 0x00, 0x02, 0x00, 0x00,
    0xFE, 0x50, 0x04, 0x6B, 0x00, 0x00, 0x00, 0x03, 0x00, 0x07, 0x00, 0x37, 0xB1, 0x06, 0x64, 0x44,
    0x40, 0x2C, 0x00, 0x00, 0x04, 0x01, 0x01, 0x02, 0x00, 0x01, 0x67, 0x00, 0x02, 0x03, 0x03, 0x02,
    0x57, 0x00, 0x02, 0x02, 0x03, 0x5F, 0x05, 0x01, 0x03, 0x02, 0x03, 0x4F, 0x04, 0x04, 0x00, 0x00,
    0x04, 0x07, 0x04, 0x07, 0x06, 0x05, 0x00, 0x03, 0x00, 0x03, 0x11, 0x06, 0x09, 0x17, 0x2B, 0xB1,
    0x06, 0x00, 0x44, 0x15, 0x35, 0x21, 0x15, 0x01, 0x35, 0x21, 0x15, 0x04, 0x6B, 0xFB, 0x95, 0x04,
    0x6B, 0x87, 0x87, 0x87, 0xFE, 0xD7, 0x87, 0x87, 0x00, 0x01, 0x00, 0x6C, 0x03, 0xCF, 0x01, 0x88,
    0x06, 0x2B, 0x00, 0x09, 0x00, 0x1C, 0x40, 0x19, 0x00, 0x01, 0x00, 0x02, 0x01, 0x4C, 0x00, 0x00,
    0x00, 0x01, 0x00, 0x01, 0x64, 0x00, 0x02, 0x02, 0x3A, 0x02, 0x4E, 0x12, 0x11, 0x13, 0x03, 0x09,
    0x19, 0x2B, 0x01, 0x06, 0x15, 0x15, 0x33, 0x11, 0x21, 0x35, 0x10, 0x25, 0x01, 0x88, 0x6E, 0x6E,
    0xFE, 0xE4, 0x01, 0x1C, 0x05, 0xCE, 0x0D, 0xBD, 0x1A, 0xFE, 0xE5, 0xE7, 0x01, 0x68, 0x0D, 0x00,
    0x00, 0x01, 0x00, 0x78, 0x03, 0xCF, 0x01, 0x94, 0x06, 0x2B, 0x00, 0x09, 0x00, 0x1F, 0x40, 0x1C,
    0x00, 0x01, 0x02, 0x00, 0x01, 0x4C, 0x00, 0x02, 0x00, 0x02, 0x86, 0x00, 0x00, 0x00, 0x01, 0x5F,
    0x00, 0x01, 0x01, 0x3A, 0x00, 0x4E, 0x12, 0x11, 0x13, 0x03, 0x09, 0x19, 0x2B, 0x13, 0x36, 0x35,
    0x35, 0x23, 0x11, 0x21, 0x15, 0x10, 0x05, 0x78, 0x6D, 0x6D, 0x01, 0x1C, 0xFE, 0xE4, 0x04, 0x2B,
    0x0D, 0xBD, 0x1A, 0x01, 0x1C, 0xE7, 0xFE, 0x97, 0x0C, 0x00, 0x00, 0x00, 0x00, 0x01, 0x00, 0x72,
    0xFE, 0xCC, 0x01, 0x8E, 0x01, 0x1C, 0x00, 0x0A, 0x00, 0x20, 0x40, 0x1D, 0x05, 0x03, 0x00, 0x03,
    0x01, 0x00, 0x01, 0x4C, 0x00, 0x00, 0x01, 0x01, 0x00, 0x57, 0x00, 0x00, 0x00, 0x01, 0x61, 0x00,
    0x01, 0x00, 0x01, 0x51, 0x12, 0x16, 0x02, 0x09, 0x18, 0x2B, 0x17, 0x36, 0x36, 0x35, 0x35, 0x23,
    0x11, 0x21, 0x15, 0x10, 0x05, 0x72, 0x39, 0x34, 0x6D, 0x01, 0x1C, 0xFE, 0xE4, 0xD8, 0x06, 0x62,
    0x5E, 0x12, 0x01, 0x1C, 0xE8, 0xFE, 0xA4, 0x0C, 0x00, 0x01, 0x00, 0x6E, 0x03, 0xCF, 0x01, 0x8A,
    0x06, 0x2B, 0x00, 0x09, 0x00, 0x1F, 0x40, 0x1C, 0x09, 0x01, 0x00, 0x02, 0x01, 0x4C, 0x00, 0x00,
    0x02, 0x00, 0x86, 0x00, 0x02, 0x02, 0x01, 0x5F, 0x00, 0x01, 0x01, 0x3A, 0x02, 0x4E, 0x11, 0x12,
    0x10, 0x03, 0x09, 0x19, 0x2B, 0x01, 0x24, 0x11, 0x35, 0x21, 0x11, 0x23, 0x15, 0x14, 0x17, 0x01,
    0x8A, 0xFE, 0xE4, 0x01, 0x1C, 0x6E, 0x6E, 0x03, 0xCF, 0x0C, 0x01, 0x69, 0xE7, 0xFE, 0xE4, 0x1A,
    0xBC, 0x0E, 0x00, 0x00, 0x00, 0x02, 0x00, 0x5F, 0x03, 0xDB, 0x03, 0x38, 0x06, 0x2B, 0x00, 0x09,
    0x00, 0x13, 0x00, 0x24, 0x40, 0x21, 0x13, 0x0A, 0x09, 0x00, 0x04, 0x00, 0x4A, 0x02, 0x01, 0x00,
    0x01, 0x01, 0x00, 0x57, 0x02, 0x01, 0x00, 0x00, 0x01, 0x5F, 0x03, 0x01, 0x01, 0x00, 0x01, 0x4F,
    0x11, 0x17, 0x11, 0x13, 0x04, 0x09, 0x1A, 0x2B, 0x01, 0x06, 0x15, 0x15, 0x33, 0x11, 0x21, 0x35,
    0x10, 0x25, 0x05, 0x06, 0x15, 0x15, 0x33, 0x11, 0x21, 0x35, 0x10, 0x25, 0x01, 0x6E, 0x67, 0x67,
    0xFE, 0xF1, 0x01, 0x0F, 0x01, 0xCA, 0x67, 0x67, 0xFE, 0xF1, 0x01, 0x0F, 0x05, 0xCE, 0x1C, 0xAE,
    0x1A, 0xFE, 0xF1, 0xDB, 0x01, 0x5A, 0x1B, 0x5D, 0x1C, 0xAE, 0x1A, 0xFE, 0xF1, 0xDB, 0x01, 0x5A,
    0x1B, 0x00, 0x00, 0x00, 0x00, 0x02, 0x00, 0x73, 0x03, 0xDB, 0x03, 0x4C, 0x06, 0x2B, 0x00, 0x09,
    0x00, 0x13, 0x00, 0x1E, 0x40, 0x1B, 0x13, 0x0A, 0x09, 0x00, 0x04, 0x00, 0x49, 0x02, 0x01, 0x00,
    0x00, 0x01, 0x5F, 0x03, 0x01, 0x01, 0x01, 0x3A, 0x00, 0x4E, 0x11, 0x17, 0x11, 0x13, 0x04, 0x09,
    0x1A, 0x2B, 0x13, 0x36, 0x35, 0x35, 0x23, 0x11, 0x21, 0x15, 0x10, 0x05, 0x25, 0x36, 0x35, 0x35,
    0x23, 0x11, 0x21, 0x15, 0x10, 0x05, 0x73, 0x67, 0x67, 0x01, 0x0F, 0xFE, 0xF1, 0x01, 0xCA, 0x67,
    0x67, 0x01, 0x0F, 0xFE, 0xF1, 0x04, 0x37, 0x1E, 0xAD, 0x19, 0x01, 0x10, 0xDB, 0xFE, 0xA3, 0x18,
    0x5C, 0x1E, 0xAD, 0x19, 0x01, 0x10, 0xDB, 0xFE, 0xA3, 0x18, 0x00, 0x00, 0x00, 0x02, 0x00, 0x73,
    0xFE, 0xC0, 0x03, 0x4C, 0x01, 0x0F, 0x00, 0x09, 0x00, 0x13, 0x00, 0x36, 0xB6, 0x13, 0x0A, 0x09,
    0x00, 0x04, 0x00, 0x49, 0x4B, 0xB0, 0x2A, 0x50, 0x58, 0x40, 0x0D, 0x03, 0x01, 0x01, 0x01, 0x00,
    0x5F, 0x02, 0x01, 0x00, 0x00, 0x39, 0x00, 0x4E, 0x1B, 0x40, 0x0D, 0x03, 0x01, 0x01, 0x01, 0x00,
    0x5F, 0x02, 0x01, 0x00, 0x00, 0x3C, 0x00, 0x4E, 0x59, 0xB6, 0x11, 0x17, 0x11, 0x13, 0x04, 0x09,
    0x1A, 0x2B, 0x17, 0x36, 0x35, 0x35, 0x23, 0x11, 0x21, 0x15, 0x10, 0x05, 0x25, 0x36, 0x35, 0x35,
    0x23, 0x11, 0x21, 0x15, 0x10, 0x05, 0x73, 0x67, 0x67, 0x01, 0x0F, 0xFE, 0xF1, 0x01, 0xCA, 0x67,
    0x67, 0x01, 0x0F, 0xFE, 0xF1, 0xE4, 0x1E, 0xAD, 0x19, 0x01, 0x0F, 0xDA, 0xFE, 0xA4, 0x19, 0x5C,
    0x1E, 0xAD, 0x19, 0x01, 0x0F, 0xDA, 0xFE, 0xA4, 0x19, 0x00, 0x00, 0x00, 0x00, 0x01, 0x00, 0x7A,
    0xFE, 0xD8, 0x03, 0xF8, 0x05, 0xC8, 0x00, 0x0B, 0x00, 0x4C, 0x40, 0x09, 0x0A, 0x09, 0x02, 0x01,
    0x04, 0x03, 0x00, 0x01, 0x4C, 0x4B, 0xB0, 0x2A, 0x50, 0x58, 0x40, 0x0F, 0x02, 0x01, 0x00, 0x04,
    0x01, 0x03, 0x00, 0x03, 0x63, 0x00, 0x01, 0x01, 0x38, 0x01, 0x4E, 0x1B, 0x40, 0x18, 0x00, 0x01,
    0x00, 0x01, 0x85, 0x02, 0x01, 0x00, 0x03, 0x03, 0x00, 0x57, 0x02, 0x01, 0x00, 0x00, 0x03, 0x5F,
    0x04, 0x01, 0x03, 0x00, 0x03, 0x4F, 0x59, 0x40, 0x0C, 0x00, 0x00, 0x00, 0x0B, 0x00, 0x0B, 0x11,
    0x11, 0x13, 0x05, 0x09, 0x19, 0x2B, 0x01, 0x13, 0x05, 0x35, 0x05, 0x03, 0x33, 0x03, 0x25, 0x15,
    0x25, 0x13, 0x01, 0xBE, 0x18, 0xFE, 0xA4, 0x01, 0x5C, 0x18, 0xF6, 0x19, 0x01, 0x5D, 0xFE, 0xA3,
    0x19, 0xFE, 0xD8, 0x04, 0x5C, 0x19, 0xB9, 0x18, 0x02, 0x0C, 0xFD, 0xF4, 0x18, 0xB9, 0x19, 0xFB,
    0xA4, 0x00, 0x00, 0x00, 0x00, 0x01, 0x00, 0x7A, 0xFE, 0xD8, 0x03, 0xF8, 0x05, 0xC8, 0x00, 0x13,
    0x00, 0x54, 0x40, 0x11, 0x12, 0x11, 0x10, 0x0F, 0x0E, 0x0D, 0x06, 0x05, 0x04, 0x03, 0x02, 0x01,
    0x0C, 0x03, 0x00, 0x01, 0x4C, 0x4B, 0xB0, 0x2A, 0x50, 0x58, 0x40, 0x0F, 0x02, 0x01, 0x00, 0x04,
    0x01, 0x03, 0x00, 0x03, 0x63, 0x00, 0x01, 0x01, 0x38, 0x01, 0x4E, 0x1B, 0x40, 0x18, 0x00, 0x01,
    0x00, 0x01, 0x85, 0x02, 0x01, 0x00, 0x03, 0x03, 0x00, 0x57, 0x02, 0x01, 0x00, 0x00, 0x03, 0x5F,
    0x04, 0x01, 0x03, 0x00, 0x03, 0x4F, 0x59, 0x40, 0x0C, 0x00, 0x00, 0x00, 0x13, 0x00, 0x13, 0x11,
    0x11, 0x17, 0x05, 0x09, 0x19, 0x2B, 0x01, 0x13, 0x05, 0x35, 0x05, 0x11, 0x05, 0x35, 0x05, 0x03,
    0x33, 0x03, 0x25, 0x15, 0x25, 0x11, 0x25, 0x15, 0x25, 0x13, 0x01, 0xBE, 0x18, 0xFE, 0xA4, 0x01,
    0x5C, 0xFE, 0xA4, 0x01, 0x5C, 0x18, 0xF6, 0x19, 0x01, 0x5D, 0xFE, 0xA3, 0x01, 0x5D, 0xFE, 0xA3,
    0x19, 0xFE, 0xD8, 0x02, 0x0C, 0x19, 0xB9, 0x19, 0x01, 0xC9, 0x19, 0xB9, 0x18, 0x02, 0x0C, 0xFD,
    0xF4, 0x18, 0xB9, 0x19, 0xFE, 0x37, 0x19, 0xB9, 0x19, 0xFD, 0xF4, 0x00, 0x00, 0x01, 0x00, 0x40,
    0x02, 0x0F, 0x02, 0x8D, 0x04, 0x5C, 0x00, 0x10, 0x00, 0x1A, 0x40, 0x17, 0x02, 0x01, 0x00, 0x00,
    0x01, 0x61, 0x00, 0x01, 0x01, 0x41, 0x00, 0x4E, 0x01, 0x00, 0x0A, 0x08, 0x00, 0x10, 0x01, 0x10,
    0x03, 0x09, 0x16, 0x2B, 0x01, 0x22, 0x27, 0x26, 0x35, 0x34, 0x37, 0x36, 0x36, 0x33, 0x32, 0x17,
    0x16, 0x15, 0x14, 0x07, 0x06, 0x01, 0x62, 0x77, 0x55, 0x56, 0x56, 0x2D, 0x66, 0x3E, 0x7A, 0x56,
    0x56, 0x57, 0x5A, 0x02, 0x0F, 0x57, 0x59, 0x77, 0x7A, 0x56, 0x2B, 0x2B, 0x57, 0x58, 0x79, 0x7B,
    0x55, 0x55, 0x00, 0x00, 0x00, 0x03, 0x00, 0xB8, 0x00, 0x00, 0x07, 0x47, 0x01, 0x21, 0x00, 0x03,
    0x00, 0x07, 0x00, 0x0B, 0x00, 0x4C, 0x4B, 0xB0, 0x2A, 0x50, 0x58, 0x40, 0x12, 0x04, 0x02, 0x02,
    0x00, 0x00, 0x01, 0x5F, 0x08, 0x05, 0x07, 0x03, 0x06, 0x05, 0x01, 0x01, 0x39, 0x01, 0x4E, 0x1B,
    0x40, 0x12, 0x04, 0x02, 0x02, 0x00, 0x00, 0x01, 0x5F, 0x08, 0x05, 0x07, 0x03, 0x06, 0x05, 0x01,
    0x01, 0x3C, 0x01, 0x4E, 0x59, 0x40, 0x1A, 0x08, 0x08, 0x04, 0x04, 0x00, 0x00, 0x08, 0x0B, 0x08,
    0x0B, 0x0A, 0x09, 0x04, 0x07, 0x04, 0x07, 0x06, 0x05, 0x00, 0x03, 0x00, 0x03, 0x11, 0x09, 0x09,
    0x17, 0x2B, 0x33, 0x11, 0x21, 0x11, 0x21, 0x11, 0x21, 0x11, 0x21, 0x11, 0x21, 0x11, 0xB8, 0x01,
    0x21, 0x01, 0x96, 0x01, 0x21, 0x01, 0x96, 0x01, 0x21, 0x01, 0x21, 0xFE, 0xDF, 0x01, 0x21, 0xFE,
    0xDF, 0x01, 0x21, 0xFE, 0xDF, 0x00, 0x00, 0x00, 0x00, 0x07, 0x00, 0x18, 0xFF, 0xDB, 0x07, 0xE9,
    0x05, 0xED, 0x00, 0x13, 0x00, 0x1C, 0x00, 0x30, 0x00, 0x39, 0x00, 0x4D, 0x00, 0x56, 0x00, 0x5A,
    0x00, 0xFE, 0x4B, 0xB0, 0x1B, 0x50, 0x58, 0x40, 0x3A, 0x0F, 0x01, 0x02, 0x0E, 0x01, 0x00, 0x05,
    0x02, 0x00, 0x69, 0x09, 0x01, 0x05, 0x0B, 0x01, 0x07, 0x06, 0x05, 0x07, 0x69, 0x00, 0x0C, 0x0C,
    0x38, 0x4D, 0x00, 0x03, 0x03, 0x01, 0x61, 0x00, 0x01, 0x01, 0x38, 0x4D, 0x13, 0x0A, 0x11, 0x03,
    0x06, 0x06, 0x04, 0x61, 0x12, 0x08, 0x10, 0x03, 0x04, 0x04, 0x39, 0x4D, 0x14, 0x01, 0x0D, 0x0D,
    0x39, 0x0D, 0x4E, 0x1B, 0x4B, 0xB0, 0x2A, 0x50, 0x58, 0x40, 0x3A, 0x00, 0x0C, 0x01, 0x0C, 0x85,
    0x14, 0x01, 0x0D, 0x04, 0x0D, 0x86, 0x0F, 0x01, 0x02, 0x0E, 0x01, 0x00, 0x05, 0x02, 0x00, 0x69,
    0x09, 0x01, 0x05, 0x0B, 0x01, 0x07, 0x06, 0x05, 0x07, 0x69, 0x00, 0x03, 0x03, 0x01, 0x61, 0x00,
    0x01, 0x01, 0x38, 0x4D, 0x13, 0x0A, 0x11, 0x03, 0x06, 0x06, 0x04, 0x61, 0x12, 0x08, 0x10, 0x03,
    0x04, 0x04, 0x39, 0x04, 0x4E, 0x1B, 0x40, 0x38, 0x00, 0x0C, 0x01, 0x0C, 0x85, 0x14, 0x01, 0x0D,
    0x04, 0x0D, 0x86, 0x00, 0x01, 0x00, 0x03, 0x02, 0x01, 0x03, 0x69, 0x0F, 0x01, 0x02, 0x0E, 0x01,
    0x00, 0x05, 0x02, 0x00, 0x69, 0x09, 0x01, 0x05, 0x0B, 0x01, 0x07, 0x06, 0x05, 0x07, 0x69, 0x13,
    0x0A, 0x11, 0x03, 0x06, 0x06, 0x04, 0x61, 0x12, 0x08, 0x10, 0x03, 0x04, 0x04, 0x3C, 0x04, 0x4E,
    0x59, 0x59, 0x40, 0x3B, 0x57, 0x57, 0x4F, 0x4E, 0x3B, 0x3A, 0x32, 0x31, 0x1E, 0x1D, 0x15, 0x14,
    0x01, 0x00, 0x57, 0x5A, 0x57, 0x5A, 0x59, 0x58, 0x54, 0x52, 0x4E, 0x56, 0x4F, 0x56, 0x45, 0x43,
    0x3A, 0x4D, 0x3B, 0x4D, 0x37, 0x35, 0x31, 0x39, 0x32, 0x39, 0x28, 0x26, 0x1D, 0x30, 0x1E, 0x30,
    0x1A, 0x18, 0x14, 0x1C, 0x15, 0x1C, 0x0B, 0x09, 0x00, 0x13, 0x01, 0x13, 0x15, 0x09, 0x16, 0x2B,
    0x01, 0x22, 0x2E, 0x02, 0x35, 0x34, 0x3E, 0x02, 0x33, 0x32, 0x1E, 0x02, 0x15, 0x14, 0x0E, 0x02,
    0x27, 0x32, 0x35, 0x34, 0x26, 0x23, 0x22, 0x15, 0x14, 0x01, 0x22, 0x2E, 0x02, 0x35, 0x34, 0x3E,
    0x02, 0x33, 0x32, 0x1E, 0x02, 0x15, 0x14, 0x0E, 0x02, 0x27, 0x32, 0x35, 0x34, 0x26, 0x23, 0x22,
    0x15, 0x14, 0x05, 0x22, 0x2E, 0x02, 0x35, 0x34, 0x3E, 0x02, 0x33, 0x32, 0x1E, 0x02, 0x15, 0x14,
    0x0E, 0x02, 0x27, 0x32, 0x35, 0x34, 0x26, 0x23, 0x22, 0x15, 0x14, 0x05, 0x01, 0x33, 0x01, 0x01,
    0x4D, 0x47, 0x72, 0x51, 0x2B, 0x2C, 0x51, 0x75, 0x48, 0x48, 0x73, 0x52, 0x2C, 0x2C, 0x52, 0x76,
    0x47, 0x8E, 0x4A, 0x42, 0x8E, 0x03, 0x1E, 0x48, 0x74, 0x50, 0x2B, 0x2C, 0x52, 0x74, 0x48, 0x48,
    0x74, 0x52, 0x2C, 0x2B, 0x52, 0x75, 0x4A, 0x8F, 0x4A, 0x43, 0x8D, 0x03, 0x53, 0x48, 0x72, 0x51,
    0x2B, 0x2C, 0x51, 0x75, 0x48, 0x47, 0x74, 0x52, 0x2D, 0x2B, 0x52, 0x76, 0x49, 0x8F, 0x4B, 0x42,
    0x8D, 0xFA, 0x0D, 0x04, 0x4A, 0x8F, 0xFB, 0xB6, 0x02, 0xE4, 0x34, 0x60, 0x89, 0x55, 0x55, 0x89,
    0x60, 0x34, 0x33, 0x60, 0x8A, 0x57, 0x56, 0x88, 0x5F, 0x33, 0x7B, 0xF8, 0x76, 0x80, 0xF7, 0xF7,
    0xFC, 0xA1, 0x34, 0x61, 0x89, 0x54, 0x56, 0x89, 0x60, 0x33, 0x33, 0x60, 0x89, 0x55, 0x56, 0x89,
    0x60, 0x34, 0x7B, 0xF8, 0x76, 0x80, 0xF7, 0xF7, 0x7B, 0x34, 0x60, 0x89, 0x55, 0x55, 0x89, 0x60,
    0x34, 0x33, 0x60, 0x89, 0x55, 0x56, 0x8A, 0x60, 0x33, 0x7B, 0xF8, 0x76, 0x80, 0xF7, 0xF7, 0xA0,
    0x06, 0x12, 0xF9, 0xEE, 0x00, 0x01, 0x00, 0x24, 0x03, 0xDB, 0x01, 0x91, 0x06, 0x2B, 0x00, 0x03,
    0x00, 0x19, 0x40, 0x16, 0x02, 0x01, 0x01, 0x01, 0x00, 0x5F, 0x00, 0x00, 0x00, 0x3A, 0x01, 0x4E,
    0x00, 0x00, 0x00, 0x03, 0x00, 0x03, 0x11, 0x03, 0x09, 0x17, 0x2B, 0x13, 0x13, 0x33, 0x03, 0x24,
    0x76, 0xF7, 0xD9, 0x03, 0xDB, 0x02, 0x50, 0xFD, 0xB0, 0x00, 0x00, 0x00, 0x00, 0x02, 0x00, 0x2F,
    0x03, 0xDB, 0x03, 0x26, 0x06, 0x2B, 0x00, 0x03, 0x00, 0x07, 0x00, 0x24, 0x40, 0x21, 0x05, 0x03,
    0x04, 0x03, 0x01, 0x01, 0x00, 0x5F, 0x02, 0x01, 0x00, 0x00, 0x3A, 0x01, 0x4E, 0x04, 0x04, 0x00,
    0x00, 0x04, 0x07, 0x04, 0x07, 0x06, 0x05, 0x00, 0x03, 0x00, 0x03, 0x11, 0x06, 0x09, 0x17, 0x2B,
    0x13, 0x13, 0x33, 0x03, 0x33, 0x13, 0x33, 0x03, 0x2F, 0x76, 0xF7, 0xD9, 0xF6, 0x77, 0xF6, 0xD9,
    0x03, 0xDB, 0x02, 0x50, 0xFD, 0xB0, 0x02, 0x50, 0xFD, 0xB0, 0x00, 0x00, 0x00, 0x01, 0x00, 0x44,
    0x00, 0x66, 0x02, 0x50, 0x03, 0xDE, 0x00, 0x05, 0x00, 0x06, 0xB3, 0x05, 0x03, 0x01, 0x32, 0x2B,
    0x09, 0x02, 0x07, 0x01, 0x01, 0x02, 0x50, 0xFE, 0xE9, 0x01, 0x17, 0x77, 0xFE, 0x6B, 0x01, 0x95,
    0x03, 0x84, 0xFE, 0x9E, 0xFE, 0x9D, 0x59, 0x01, 0xBC, 0x01, 0xBC, 0x00, 0x00, 0x01, 0x00, 0x59,
    0x00, 0x66, 0x02, 0x65, 0x03, 0xDE, 0x00, 0x05, 0x00, 0x06, 0xB3, 0x05, 0x03, 0x01, 0x32, 0x2B,
    0x37, 0x01, 0x01, 0x37, 0x01, 0x01, 0x59, 0x01, 0x17, 0xFE, 0xE9, 0x77, 0x01, 0x95, 0xFE, 0x6B,
    0xBF, 0x01, 0x63, 0x01, 0x62, 0x5A, 0xFE, 0x44, 0xFE, 0x44, 0x00, 0x00, 0x00, 0x04, 0x00, 0xC3,
    0x00, 0x00, 0x03, 0xC0, 0x05, 0xC8, 0x00, 0x03, 0x00, 0x09, 0x00, 0x0D, 0x00, 0x13, 0x00, 0x68,
    0x4B, 0xB0, 0x2A, 0x50, 0x58, 0x40, 0x1D, 0x0B, 0x07, 0x09, 0x03, 0x03, 0x03, 0x02, 0x5F, 0x06,
    0x01, 0x02, 0x02, 0x38, 0x4D, 0x04, 0x01, 0x00, 0x00, 0x01, 0x5F, 0x0A, 0x05, 0x08, 0x03, 0x01,
    0x01, 0x39, 0x01, 0x4E, 0x1B, 0x40, 0x1B, 0x06, 0x01, 0x02, 0x0B, 0x07, 0x09, 0x03, 0x03, 0x00,
    0x02, 0x03, 0x67, 0x04, 0x01, 0x00, 0x00, 0x01, 0x5F, 0x0A, 0x05, 0x08, 0x03, 0x01, 0x01, 0x3C,
    0x01, 0x4E, 0x59, 0x40, 0x22, 0x0E, 0x0E, 0x0A, 0x0A, 0x04, 0x04, 0x00, 0x00, 0x0E, 0x13, 0x0E,
    0x13, 0x11, 0x10, 0x0A, 0x0D, 0x0A, 0x0D, 0x0C, 0x0B, 0x04, 0x09, 0x04, 0x09, 0x07, 0x06, 0x00,
    0x03, 0x00, 0x03, 0x11, 0x0C, 0x09, 0x17, 0x2B, 0x33, 0x35, 0x33, 0x15, 0x03, 0x03, 0x11, 0x33,
    0x11, 0x03, 0x01, 0x35, 0x33, 0x15, 0x03, 0x03, 0x11, 0x33, 0x11, 0x03, 0xC3, 0xF6, 0xD1, 0x25,
    0xF6, 0x24, 0x01, 0x35, 0xF6, 0xD1, 0x25, 0xF6, 0x25, 0xDE, 0xDE, 0x01, 0x97, 0x03, 0x09, 0x01,
    0x28, 0xFE, 0xD8, 0xFC, 0xF7, 0xFE, 0x69, 0xDE, 0xDE, 0x01, 0x97, 0x03, 0x09, 0x01, 0x28, 0xFE,
    0xD8, 0xFC, 0xF7, 0x00, 0x00, 0x01, 0x00, 0x00, 0x06, 0x44, 0x02, 0xAA, 0x06, 0xE6, 0x00, 0x03,
    0x00, 0x26, 0xB1, 0x06, 0x64, 0x44, 0x40, 0x1B, 0x00, 0x00, 0x01, 0x01, 0x00, 0x57, 0x00, 0x00,
    0x00, 0x01, 0x5F, 0x02, 0x01, 0x01, 0x00, 0x01, 0x4F, 0x00, 0x00, 0x00, 0x03, 0x00, 0x03, 0x11,
    0x03, 0x09, 0x17, 0x2B, 0xB1, 0x06, 0x00, 0x44, 0x11, 0x35, 0x21, 0x15, 0x02, 0xAA, 0x06, 0x44,
    0xA2, 0xA2, 0x00, 0x00, 0x00, 0x01, 0xFE, 0x42, 0xFF, 0xDB, 0x03, 0x15, 0x05, 0xED, 0x00, 0x03,
    0x00, 0x2E, 0x4B, 0xB0, 0x1B, 0x50, 0x58, 0x40, 0x0C, 0x00, 0x00, 0x00, 0x38, 0x4D, 0x02, 0x01,
    0x01, 0x01, 0x39, 0x01, 0x4E, 0x1B, 0x40, 0x0A, 0x00, 0x00, 0x01, 0x00, 0x85, 0x02, 0x01, 0x01,
    0x01, 0x76, 0x59, 0x40, 0x0A, 0x00, 0x00, 0x00, 0x03, 0x00, 0x03, 0x11, 0x03, 0x09, 0x17, 0x2B,
    0x05, 0x01, 0x33, 0x01, 0xFE, 0x42, 0x04, 0x40, 0x93, 0xFB, 0xC1, 0x25, 0x06, 0x12, 0xF9, 0xEE,
    0x00, 0x03, 0x00, 0x3C, 0x02, 0x9F, 0x03, 0x1A, 0x06, 0x43, 0x00, 0x13, 0x00, 0x1A, 0x00, 0x22,
    0x00, 0x2F, 0x40, 0x2C, 0x22, 0x1A, 0x02, 0x02, 0x03, 0x01, 0x4C, 0x00, 0x03, 0x03, 0x01, 0x61,
    0x00, 0x01, 0x01, 0x56, 0x4D, 0x00, 0x02, 0x02, 0x00, 0x61, 0x04, 0x01, 0x00, 0x00, 0x57, 0x00,
    0x4E, 0x01, 0x00, 0x1E, 0x1C, 0x17, 0x15, 0x0B, 0x09, 0x00, 0x13, 0x01, 0x13, 0x05, 0x0B, 0x16,
    0x2B, 0x01, 0x22, 0x2E, 0x02, 0x35, 0x34, 0x3E, 0x02, 0x33, 0x32, 0x1E, 0x02, 0x17, 0x14, 0x0E,
    0x02, 0x03, 0x16, 0x33, 0x32, 0x11, 0x34, 0x27, 0x27, 0x26, 0x23, 0x22, 0x11, 0x14, 0x16, 0x17,
    0x01, 0xAA, 0x57, 0x8A, 0x5D, 0x30, 0x30, 0x5E, 0x89, 0x57, 0x57, 0x88, 0x5F, 0x31, 0x01, 0x31,
    0x5E, 0x89, 0xFE, 0x26, 0x80, 0xBA, 0x06, 0x0D, 0x26, 0x81, 0xB9, 0x03, 0x03, 0x02, 0x9F, 0x3E,
    0x78, 0xAD, 0x6F, 0x6E, 0xAD, 0x78, 0x3F, 0x3F, 0x78, 0xAC, 0x6F, 0x6F, 0xAE, 0x77, 0x3E, 0x01,
    0x15, 0xB2, 0x01, 0x6E, 0x3A, 0x36, 0x4E, 0xB1, 0xFE, 0x92, 0x1E, 0x37, 0x1A, 0x00, 0x00, 0x00,
    0x00, 0x02, 0x00, 0x17, 0x02, 0xB5, 0x03, 0x21, 0x06, 0x2D, 0x00, 0x0A, 0x00, 0x0D, 0x00, 0x32,
    0x40, 0x2F, 0x0D, 0x01, 0x02, 0x01, 0x03, 0x01, 0x00, 0x02, 0x02, 0x4C, 0x05, 0x01, 0x02, 0x03,
    0x01, 0x00, 0x04, 0x02, 0x00, 0x67, 0x00, 0x01, 0x01, 0x54, 0x4D, 0x06, 0x01, 0x04, 0x04, 0x55,
    0x04, 0x4E, 0x00, 0x00, 0x0C, 0x0B, 0x00, 0x0A, 0x00, 0x0A, 0x11, 0x11, 0x12, 0x11, 0x07, 0x0B,
    0x1A, 0x2B, 0x01, 0x35, 0x21, 0x35, 0x01, 0x33, 0x11, 0x33, 0x15, 0x23, 0x15, 0x01, 0x21, 0x11,
    0x01, 0xFE, 0xFE, 0x19, 0x01, 0xE2, 0xAB, 0x7D, 0x7D, 0xFE, 0x14, 0x01, 0x4D, 0x02, 0xB5, 0xF4,
    0x6F, 0x02, 0x15, 0xFD, 0xEE, 0x72, 0xF4, 0x01, 0x66, 0x01, 0x74, 0x00, 0x00, 0x01, 0x00, 0x72,
    0x02, 0x9F, 0x02, 0xE7, 0x06, 0x2D, 0x00, 0x21, 0x00, 0x33, 0x40, 0x30, 0x01, 0x01, 0x00, 0x01,
    0x00, 0x01, 0x05, 0x00, 0x02, 0x4C, 0x00, 0x04, 0x00, 0x01, 0x00, 0x04, 0x01, 0x69, 0x00, 0x03,
    0x03, 0x02, 0x5F, 0x00, 0x02, 0x02, 0x54, 0x4D, 0x00, 0x00, 0x00, 0x05, 0x61, 0x00, 0x05, 0x05,
    0x57, 0x05, 0x4E, 0x28, 0x21, 0x11, 0x11, 0x28, 0x23, 0x06, 0x0B, 0x1C, 0x2B, 0x13, 0x35, 0x16,
    0x16, 0x33, 0x32, 0x3E, 0x02, 0x35, 0x34, 0x2E, 0x02, 0x23, 0x23, 0x11, 0x21, 0x15, 0x21, 0x15,
    0x33, 0x32, 0x1E, 0x02, 0x15, 0x14, 0x0E, 0x02, 0x23, 0x22, 0x26, 0x72, 0x39, 0x69, 0x37, 0x35,
    0x51, 0x36, 0x1B, 0x23, 0x49, 0x72, 0x51, 0x6D, 0x02, 0x4A, 0xFE, 0x46, 0x24, 0x5F, 0x9E, 0x72,
    0x3E, 0x44, 0x72, 0x95, 0x50, 0x2F, 0x6A, 0x02, 0xB5, 0x75, 0x14, 0x14, 0x1C, 0x31, 0x41, 0x25,
    0x2E, 0x45, 0x2E, 0x16, 0x01, 0xC1, 0x7A, 0xE3, 0x20, 0x44, 0x69, 0x48, 0x49, 0x6B, 0x46, 0x22,
    0x0A, 0x00, 0x00, 0x00, 0x00, 0x02, 0x00, 0x33, 0x02, 0x9F, 0x03, 0x0F, 0x06, 0x43, 0x00, 0x1D,
    0x00, 0x2B, 0x00, 0x37, 0x40, 0x34, 0x18, 0x01, 0x03, 0x02, 0x19, 0x01, 0x00, 0x03, 0x00, 0x01,
    0x04, 0x00, 0x03, 0x4C, 0x00, 0x00, 0x00, 0x04, 0x05, 0x00, 0x04, 0x69, 0x00, 0x03, 0x03, 0x02,
    0x61, 0x00, 0x02, 0x02, 0x56, 0x4D, 0x00, 0x05, 0x05, 0x01, 0x61, 0x00, 0x01, 0x01, 0x57, 0x01,
    0x4E, 0x28, 0x23, 0x23, 0x28, 0x28, 0x21, 0x06, 0x0B, 0x1C, 0x2B, 0x13, 0x36, 0x33, 0x32, 0x1E,
    0x02, 0x15, 0x14, 0x0E, 0x02, 0x23, 0x22, 0x2E, 0x02, 0x35, 0x34, 0x3E, 0x02, 0x33, 0x32, 0x17,
    0x15, 0x26, 0x23, 0x22, 0x06, 0x01, 0x34, 0x23, 0x22, 0x0E, 0x02, 0x15, 0x14, 0x1E, 0x02, 0x33,
    0x32, 0xF7, 0x5F, 0x8C, 0x46, 0x6F, 0x4E, 0x2A, 0x2E, 0x59, 0x83, 0x55, 0x5A, 0x8D, 0x63, 0x33,
    0x3F, 0x76, 0xAA, 0x6A, 0x60, 0x7A, 0x8A, 0x4A, 0x81, 0x8A, 0x01, 0x69, 0xA5, 0x2B, 0x45, 0x31,
    0x1B, 0x1B, 0x30, 0x45, 0x2B, 0xA6, 0x04, 0x90, 0x5F, 0x26, 0x48, 0x67, 0x3F, 0x4D, 0x75, 0x51,
    0x29, 0x3C, 0x71, 0xA2, 0x66, 0x72, 0xB8, 0x80, 0x45, 0x1F, 0x74, 0x2F, 0xAB, 0xFE, 0x8F, 0xCB,
    0x1A, 0x32, 0x45, 0x2A, 0x2E, 0x4D, 0x37, 0x1F, 0x00, 0x01, 0x00, 0x5D, 0x02, 0xB5, 0x03, 0x21,
    0x06, 0x2D, 0x00, 0x0C, 0x00, 0x24, 0x40, 0x21, 0x0A, 0x01, 0x00, 0x01, 0x4B, 0x00, 0x00, 0x00,
    0x01, 0x5F, 0x00, 0x01, 0x01, 0x54, 0x4D, 0x03, 0x01, 0x02, 0x02, 0x55, 0x02, 0x4E, 0x00, 0x00,
    0x00, 0x0C, 0x00, 0x0C, 0x11, 0x16, 0x04, 0x0B, 0x18, 0x2B, 0x13, 0x36, 0x36, 0x37, 0x36, 0x37,
    0x13, 0x21, 0x35, 0x21, 0x15, 0x00, 0x03, 0x9A, 0x09, 0x23, 0x18, 0x33, 0x7F, 0xEF, 0xFD, 0xDE,
    0x02, 0xC4, 0xFE, 0x66, 0x22, 0x02, 0xB5, 0x32, 0x5E, 0x2D, 0x5B, 0xAB, 0x01, 0x35, 0x80, 0x80,
    0xFE, 0x26, 0xFE, 0xE2, 0x00, 0x03, 0x00, 0x45, 0x02, 0x9F, 0x03, 0x2C, 0x06, 0x43, 0x00, 0x24,
    0x00, 0x32, 0x00, 0x47, 0x00, 0x27, 0x40, 0x24, 0x2D, 0x11, 0x02, 0x03, 0x02, 0x01, 0x4C, 0x00,
    0x02, 0x02, 0x00, 0x61, 0x00, 0x00, 0x00, 0x56, 0x4D, 0x00, 0x03, 0x03, 0x01, 0x61, 0x00, 0x01,
    0x01, 0x57, 0x01, 0x4E, 0x3E, 0x3C, 0x2D, 0x2F, 0x29, 0x04, 0x0B, 0x19, 0x2B, 0x01, 0x2E, 0x03,
    0x35, 0x34, 0x3E, 0x02, 0x33, 0x32, 0x1E, 0x02, 0x15, 0x14, 0x07, 0x1E, 0x03, 0x15, 0x14, 0x0E,
    0x02, 0x23, 0x22, 0x2E, 0x02, 0x35, 0x34, 0x3E, 0x02, 0x37, 0x36, 0x35, 0x34, 0x26, 0x23, 0x22,
    0x06, 0x15, 0x14, 0x1E, 0x02, 0x17, 0x07, 0x0E, 0x03, 0x15, 0x14, 0x1E, 0x02, 0x33, 0x32, 0x3E,
    0x02, 0x35, 0x34, 0x2E, 0x02, 0x27, 0x01, 0x1A, 0x2A, 0x3C, 0x24, 0x0F, 0x2F, 0x57, 0x79, 0x4A,
    0x46, 0x71, 0x50, 0x2C, 0xBC, 0x3E, 0x5A, 0x39, 0x1A, 0x38, 0x65, 0x8C, 0x53, 0x53, 0x86, 0x5F,
    0x33, 0x18, 0x33, 0x51, 0xFD, 0x7C, 0x51, 0x4B, 0x47, 0x54, 0x10, 0x22, 0x34, 0x24, 0x33, 0x24,
    0x30, 0x20, 0x0E, 0x1B, 0x33, 0x49, 0x2F, 0x2A, 0x46, 0x32, 0x1C, 0x0C, 0x24, 0x41, 0x34, 0x04,
    0x95, 0x1A, 0x2F, 0x30, 0x33, 0x1F, 0x34, 0x54, 0x3B, 0x20, 0x1C, 0x35, 0x48, 0x2D, 0x7F, 0x64,
    0x1C, 0x38, 0x3D, 0x42, 0x26, 0x39, 0x5F, 0x44, 0x26, 0x21, 0x3F, 0x5A, 0x38, 0x27, 0x45, 0x3F,
    0x3C, 0x4E, 0x45, 0x5D, 0x39, 0x3E, 0x38, 0x33, 0x13, 0x24, 0x24, 0x25, 0x14, 0x80, 0x18, 0x2C,
    0x2E, 0x30, 0x1D, 0x25, 0x3B, 0x29, 0x17, 0x14, 0x23, 0x31, 0x1D, 0x19, 0x26, 0x24, 0x29, 0x1C,
    0x00, 0x02, 0x00, 0x3C, 0x02, 0x9F, 0x03, 0x18, 0x06, 0x43, 0x00, 0x1D, 0x00, 0x2B, 0x00, 0x37,
    0x40, 0x34, 0x00, 0x01, 0x00, 0x04, 0x19, 0x01, 0x03, 0x00, 0x18, 0x01, 0x02, 0x03, 0x03, 0x4C,
    0x00, 0x04, 0x00, 0x00, 0x03, 0x04, 0x00, 0x69, 0x00, 0x05, 0x05, 0x01, 0x61, 0x00, 0x01, 0x01,
    0x56, 0x4D, 0x00, 0x03, 0x03, 0x02, 0x61, 0x00, 0x02, 0x02, 0x57, 0x02, 0x4E, 0x28, 0x23, 0x23,
    0x28, 0x28, 0x21, 0x06, 0x0B, 0x1C, 0x2B, 0x01, 0x06, 0x23, 0x22, 0x2E, 0x02, 0x35, 0x34, 0x3E,
    0x02, 0x33, 0x32, 0x1E, 0x02, 0x15, 0x14, 0x0E, 0x02, 0x23, 0x22, 0x27, 0x35, 0x16, 0x33, 0x32,
    0x36, 0x01, 0x14, 0x33, 0x32, 0x3E, 0x02, 0x35, 0x34, 0x2E, 0x02, 0x23, 0x22, 0x02, 0x54, 0x60,
    0x8B, 0x46, 0x6F, 0x4E, 0x2A, 0x2F, 0x5A, 0x82, 0x53, 0x5A, 0x8E, 0x63, 0x33, 0x3F, 0x76, 0xA9,
    0x6A, 0x61, 0x7A, 0x8B, 0x49, 0x85, 0x86, 0xFE, 0x97, 0xA5, 0x2B, 0x46, 0x30, 0x1B, 0x1B, 0x32,
    0x45, 0x29, 0xA6, 0x04, 0x51, 0x60, 0x27, 0x48, 0x67, 0x40, 0x4B, 0x76, 0x51, 0x2A, 0x3D, 0x72,
    0xA2, 0x65, 0x72, 0xB7, 0x81, 0x44, 0x1D, 0x75, 0x2F, 0xAD, 0x01, 0x70, 0xCC, 0x1B, 0x31, 0x45,
    0x2A, 0x2F, 0x4C, 0x38, 0x1E, 0x00, 0x00, 0x00, 0x00, 0x01, 0x00, 0x4E, 0x02, 0xF0, 0x03, 0x32,
    0x05, 0x40, 0x00, 0x0B, 0x00, 0x2C, 0x40, 0x29, 0x00, 0x02, 0x01, 0x05, 0x02, 0x57, 0x03, 0x01,
    0x01, 0x04, 0x01, 0x00, 0x05, 0x01, 0x00, 0x67, 0x00, 0x02, 0x02, 0x05, 0x5F, 0x06, 0x01, 0x05,
    0x02, 0x05, 0x4F, 0x00, 0x00, 0x00, 0x0B, 0x00, 0x0B, 0x11, 0x11, 0x11, 0x11, 0x11, 0x07, 0x0B,
    0x1B, 0x2B, 0x01, 0x35, 0x21, 0x35, 0x21, 0x35, 0x33, 0x15, 0x21, 0x15, 0x21, 0x15, 0x01, 0x83,
    0xFE, 0xCB, 0x01, 0x35, 0x78, 0x01, 0x37, 0xFE, 0xC9, 0x02, 0xF0, 0xF8, 0x60, 0xF8, 0xF8, 0x60,
    0xF8, 0x00, 0x00, 0x00, 0x00, 0x01, 0x00, 0x4C, 0x03, 0xE8, 0x03, 0x33, 0x04, 0x48, 0x00, 0x03,
    0x00, 0x1E, 0x40, 0x1B, 0x00, 0x00, 0x01, 0x01, 0x00, 0x57, 0x00, 0x00, 0x00, 0x01, 0x5F, 0x02,
    0x01, 0x01, 0x00, 0x01, 0x4F, 0x00, 0x00, 0x00, 0x03, 0x00, 0x03, 0x11, 0x03, 0x0B, 0x17, 0x2B,
    0x13, 0x35, 0x21, 0x15, 0x4C, 0x02, 0xE7, 0x03, 0xE8, 0x60, 0x60, 0x00, 0x00, 0x02, 0x00, 0x32,
    0x03, 0x5D, 0x03, 0x4E, 0x04, 0xCD, 0x00, 0x03, 0x00, 0x07, 0x00, 0x2F, 0x40, 0x2C, 0x00, 0x02,
    0x05, 0x01, 0x03, 0x00, 0x02, 0x03, 0x67, 0x00, 0x00, 0x01, 0x01, 0x00, 0x57, 0x00, 0x00, 0x00,
    0x01, 0x5F, 0x04, 0x01, 0x01, 0x00, 0x01, 0x4F, 0x04, 0x04, 0x00, 0x00, 0x04, 0x07, 0x04, 0x07,
    0x06, 0x05, 0x00, 0x03, 0x00, 0x03, 0x11, 0x06, 0x0B, 0x17, 0x2B, 0x13, 0x35, 0x21, 0x15, 0x01,
    0x35, 0x21, 0x15, 0x32, 0x03, 0x1C, 0xFC, 0xE4, 0x03, 0x1C, 0x03, 0x5D, 0x73, 0x73, 0x01, 0x02,
    0x6E, 0x6E, 0x00, 0x00, 0x00, 0x01, 0x00, 0xB1, 0x02, 0x00, 0x02, 0x2A, 0x06, 0x6C, 0x00, 0x15,
    0x00, 0x06, 0xB3, 0x0A, 0x00, 0x01, 0x32, 0x2B, 0x01, 0x2E, 0x03, 0x35, 0x34, 0x3E, 0x02, 0x37,
    0x15, 0x0E, 0x03, 0x15, 0x14, 0x1E, 0x02, 0x17, 0x02, 0x2A, 0x55, 0x8C, 0x63, 0x35, 0x35, 0x62,
    0x8C, 0x56, 0x34, 0x4D, 0x31, 0x18, 0x18, 0x31, 0x4D, 0x34, 0x02, 0x00, 0x2A, 0x7A, 0x94, 0xA7,
    0x57, 0x57, 0xA6, 0x94, 0x7A, 0x2B, 0x63, 0x2C, 0x63, 0x72, 0x85, 0x4E, 0x4E, 0x84, 0x72, 0x63,
    0x2B, 0x00, 0x00, 0x00, 0x00, 0x01, 0x00, 0x96, 0x02, 0x00, 0x02, 0x0F, 0x06, 0x6C, 0x00, 0x15,
    0x00, 0x06, 0xB3, 0x0A, 0x00, 0x01, 0x32, 0x2B, 0x13, 0x1E, 0x03, 0x15, 0x14, 0x0E, 0x02, 0x07,
    0x35, 0x3E, 0x03, 0x35, 0x34, 0x2E, 0x02, 0x27, 0x96, 0x55, 0x8B, 0x63, 0x36, 0x34, 0x63, 0x8B,
    0x57, 0x35, 0x4C, 0x31, 0x17, 0x17, 0x31, 0x4D, 0x34, 0x06, 0x6C, 0x2A, 0x7A, 0x94, 0xA8, 0x57,
    0x56, 0xA7, 0x93, 0x7A, 0x2B, 0x63, 0x2B, 0x63, 0x72, 0x84, 0x4E, 0x4E, 0x85, 0x72, 0x63, 0x2C,
    0x00, 0x01, 0x00, 0x71, 0x02, 0xB5, 0x03, 0x18, 0x05, 0x52, 0x00, 0x11, 0x00, 0x4C, 0xB6, 0x10,
    0x03, 0x02, 0x02, 0x03, 0x01, 0x4C, 0x4B, 0xB0, 0x24, 0x50, 0x58, 0x40, 0x14, 0x00, 0x03, 0x02,
    0x00, 0x03, 0x59, 0x01, 0x01, 0x00, 0x00, 0x02, 0x5F, 0x05, 0x04, 0x02, 0x02, 0x02, 0x55, 0x02,
    0x4E, 0x1B, 0x40, 0x15, 0x00, 0x01, 0x00, 0x03, 0x02, 0x01, 0x03, 0x69, 0x00, 0x00, 0x00, 0x02,
    0x5F, 0x05, 0x04, 0x02, 0x02, 0x02, 0x55, 0x02, 0x4E, 0x59, 0x40, 0x0D, 0x00, 0x00, 0x00, 0x11,
    0x00, 0x11, 0x24, 0x12, 0x22, 0x11, 0x06, 0x0B, 0x1A, 0x2B, 0x13, 0x11, 0x33, 0x15, 0x36, 0x33,
    0x32, 0x15, 0x11, 0x23, 0x11, 0x34, 0x27, 0x26, 0x23, 0x22, 0x07, 0x11, 0x71, 0xB8, 0x7B, 0x9B,
    0xD9, 0xBA, 0x14, 0x13, 0x36, 0x6C, 0x6C, 0x02, 0xB5, 0x02, 0x8F, 0x74, 0x82, 0xCB, 0xFE, 0x2E,
    0x01, 0xA9, 0x47, 0x1B, 0x1A, 0x7C, 0xFE, 0x57, 0x00, 0x03, 0x00, 0x3C, 0xFE, 0xB6, 0x03, 0x1A,
    0x02, 0x5A, 0x00, 0x13, 0x00, 0x1A, 0x00, 0x22, 0x00, 0x2F, 0x40, 0x2C, 0x22, 0x1A, 0x02, 0x02,
    0x03, 0x01, 0x4C, 0x00, 0x03, 0x03, 0x01, 0x61, 0x00, 0x01, 0x01, 0x4C, 0x4D, 0x00, 0x02, 0x02,
    0x00, 0x61, 0x04, 0x01, 0x00, 0x00, 0x4D, 0x00, 0x4E, 0x01, 0x00, 0x1E, 0x1C, 0x17, 0x15, 0x0B,
    0x09, 0x00, 0x13, 0x01, 0x13, 0x05, 0x0A, 0x16, 0x2B, 0x01, 0x22, 0x2E, 0x02, 0x35, 0x34, 0x3E,
    0x02, 0x33, 0x32, 0x1E, 0x02, 0x17, 0x14, 0x0E, 0x02, 0x03, 0x16, 0x33, 0x32, 0x11, 0x34, 0x27,
    0x27, 0x26, 0x23, 0x22, 0x11, 0x14, 0x16, 0x17, 0x01, 0xAA, 0x57, 0x8A, 0x5D, 0x30, 0x30, 0x5E,
    0x89, 0x57, 0x57, 0x88, 0x5F, 0x31, 0x01, 0x31, 0x5E, 0x89, 0xFE, 0x26, 0x80, 0xBA, 0x06, 0x0D,
    0x26, 0x81, 0xB9, 0x03, 0x03, 0xFE, 0xB6, 0x3E, 0x78, 0xAD, 0x6F, 0x6E, 0xAD, 0x78, 0x3F, 0x3F,
    0x78, 0xAC, 0x6F, 0x6F, 0xAE, 0x77, 0x3E, 0x01, 0x15, 0xB2, 0x01, 0x6E, 0x3A, 0x36, 0x4E, 0xB1,
    0xFE, 0x92, 0x1E, 0x37, 0x1A, 0x00, 0x00, 0x00, 0x00, 0x01, 0x00, 0x93, 0xFE, 0xCC, 0x03, 0x17,
    0x02, 0x5A, 0x00, 0x09, 0x00, 0x22, 0x40, 0x1F, 0x06, 0x05, 0x04, 0x03, 0x04, 0x00, 0x4A, 0x01,
    0x01, 0x00, 0x00, 0x02, 0x5F, 0x03, 0x01, 0x02, 0x02, 0x49, 0x02, 0x4E, 0x00, 0x00, 0x00, 0x09,
    0x00, 0x09, 0x15, 0x11, 0x04, 0x0A, 0x18, 0x2B, 0x13, 0x35, 0x33, 0x11, 0x07, 0x35, 0x25, 0x11,
    0x33, 0x15, 0x93, 0xE5, 0xE5, 0x01, 0x9E, 0xE6, 0xFE, 0xCC, 0x60, 0x02, 0xA6, 0x2E, 0x63, 0x53,
    0xFC, 0xD2, 0x60, 0x00, 0x00, 0x01, 0x00, 0x42, 0xFE, 0xCC, 0x02, 0xDB, 0x02, 0x5A, 0x00, 0x22,
    0x00, 0x35, 0x40, 0x32, 0x11, 0x01, 0x00, 0x01, 0x10, 0x0A, 0x02, 0x02, 0x00, 0x02, 0x4C, 0x01,
    0x01, 0x02, 0x01, 0x4B, 0x00, 0x00, 0x00, 0x01, 0x61, 0x00, 0x01, 0x01, 0x4C, 0x4D, 0x00, 0x02,
    0x02, 0x03, 0x5F, 0x04, 0x01, 0x03, 0x03, 0x49, 0x03, 0x4E, 0x00, 0x00, 0x00, 0x22, 0x00, 0x22,
    0x1C, 0x23, 0x2D, 0x05, 0x0A, 0x19, 0x2B, 0x13, 0x35, 0x36, 0x36, 0x37, 0x37, 0x3E, 0x03, 0x35,
    0x34, 0x27, 0x26, 0x23, 0x22, 0x07, 0x35, 0x36, 0x33, 0x32, 0x1E, 0x02, 0x15, 0x14, 0x0E, 0x02,
    0x07, 0x07, 0x06, 0x07, 0x21, 0x15, 0x42, 0x1D, 0x4F, 0x36, 0x9F, 0x2A, 0x39, 0x22, 0x0E, 0x06,
    0x11, 0x96, 0x69, 0xA1, 0xA0, 0x87, 0x4E, 0x7E, 0x59, 0x30, 0x14, 0x31, 0x53, 0x3E, 0x3F, 0x96,
    0x16, 0x01, 0xBC, 0xFE, 0xCC, 0x79, 0x2D, 0x5A, 0x2C, 0x82, 0x23, 0x39, 0x34, 0x35, 0x1F, 0x13,
    0x10, 0x73, 0x45, 0x75, 0x36, 0x23, 0x41, 0x5D, 0x3A, 0x28, 0x42, 0x41, 0x47, 0x2C, 0x2B, 0x6B,
    0x66, 0x79, 0x00, 0x00, 0x00, 0x01, 0x00, 0x6C, 0xFE, 0xB6, 0x02, 0xE8, 0x02, 0x5A, 0x00, 0x26,
    0x00, 0x3F, 0x40, 0x3C, 0x16, 0x01, 0x03, 0x04, 0x15, 0x01, 0x02, 0x03, 0x1D, 0x01, 0x01, 0x02,
    0x00, 0x01, 0x00, 0x01, 0x26, 0x01, 0x05, 0x00, 0x05, 0x4C, 0x00, 0x02, 0x00, 0x01, 0x00, 0x02,
    0x01, 0x69, 0x00, 0x03, 0x03, 0x04, 0x61, 0x00, 0x04, 0x04, 0x4C, 0x4D, 0x00, 0x00, 0x00, 0x05,
    0x61, 0x00, 0x05, 0x05, 0x4D, 0x05, 0x4E, 0x2A, 0x23, 0x25, 0x11, 0x25, 0x22, 0x06, 0x0A, 0x1C,
    0x2B, 0x17, 0x16, 0x16, 0x33, 0x32, 0x35, 0x34, 0x2E, 0x02, 0x23, 0x23, 0x35, 0x32, 0x3E, 0x02,
    0x35, 0x34, 0x23, 0x22, 0x07, 0x35, 0x36, 0x33, 0x32, 0x16, 0x15, 0x14, 0x07, 0x04, 0x15, 0x14,
    0x0E, 0x02, 0x23, 0x22, 0x27, 0x6C, 0x50, 0x74, 0x28, 0xCE, 0x25, 0x4B, 0x73, 0x4E, 0x22, 0x4D,
    0x75, 0x4E, 0x27, 0xAC, 0x6B, 0x78, 0x7F, 0x7D, 0xA4, 0xA9, 0xED, 0x01, 0x11, 0x36, 0x64, 0x8E,
    0x57, 0x68, 0x95, 0xB4, 0x19, 0x1A, 0xA0, 0x33, 0x46, 0x2C, 0x14, 0x5D, 0x11, 0x27, 0x3F, 0x2F,
    0x81, 0x32, 0x70, 0x26, 0x6C, 0x66, 0x9C, 0x42, 0x32, 0xBB, 0x3C, 0x61, 0x45, 0x25, 0x1C, 0x00,
    0x00, 0x02, 0x00, 0x17, 0xFE, 0xCC, 0x03, 0x21, 0x02, 0x44, 0x00, 0x0A, 0x00, 0x0D, 0x00, 0x32,
    0x40, 0x2F, 0x0D, 0x01, 0x02, 0x01, 0x03, 0x01, 0x00, 0x02, 0x02, 0x4C, 0x05, 0x01, 0x02, 0x03,
    0x01, 0x00, 0x04, 0x02, 0x00, 0x67, 0x00, 0x01, 0x01, 0x48, 0x4D, 0x06, 0x01, 0x04, 0x04, 0x49,
    0x04, 0x4E, 0x00, 0x00, 0x0C, 0x0B, 0x00, 0x0A, 0x00, 0x0A, 0x11, 0x11, 0x12, 0x11, 0x07, 0x0A,
    0x1A, 0x2B, 0x01, 0x35, 0x21, 0x35, 0x01, 0x33, 0x11, 0x33, 0x15, 0x23, 0x15, 0x01, 0x21, 0x11,
    0x01, 0xFE, 0xFE, 0x19, 0x01, 0xE2, 0xAB, 0x7D, 0x7D, 0xFE, 0x14, 0x01, 0x4D, 0xFE, 0xCC, 0xF4,
    0x6F, 0x02, 0x15, 0xFD, 0xEE, 0x72, 0xF4, 0x01, 0x66, 0x01, 0x74, 0x00, 0x00, 0x01, 0x00, 0x72,
    0xFE, 0xB6, 0x02, 0xE7, 0x02, 0x44, 0x00, 0x21, 0x00, 0x33, 0x40, 0x30, 0x01, 0x01, 0x00, 0x01,
    0x00, 0x01, 0x05, 0x00, 0x02, 0x4C, 0x00, 0x04, 0x00, 0x01, 0x00, 0x04, 0x01, 0x69, 0x00, 0x03,
    0x03, 0x02, 0x5F, 0x00, 0x02, 0x02, 0x48, 0x4D, 0x00, 0x00, 0x00, 0x05, 0x61, 0x00, 0x05, 0x05,
    0x4D, 0x05, 0x4E, 0x28, 0x21, 0x11, 0x11, 0x28, 0x23, 0x06, 0x0A, 0x1C, 0x2B, 0x13, 0x35, 0x16,
    0x16, 0x33, 0x32, 0x3E, 0x02, 0x35, 0x34, 0x2E, 0x02, 0x23, 0x23, 0x11, 0x21, 0x15, 0x21, 0x15,
    0x33, 0x32, 0x1E, 0x02, 0x15, 0x14, 0x0E, 0x02, 0x23, 0x22, 0x26, 0x72, 0x39, 0x69, 0x37, 0x35,
    0x51, 0x36, 0x1B, 0x23, 0x49, 0x72, 0x51, 0x6D, 0x02, 0x4A, 0xFE, 0x46, 0x24, 0x5F, 0x9E, 0x72,
    0x3E, 0x44, 0x72, 0x95, 0x50, 0x2F, 0x6A, 0xFE, 0xCC, 0x75, 0x14, 0x14, 0x1C, 0x31, 0x41, 0x25,
    0x2E, 0x45, 0x2E, 0x16, 0x01, 0xC1, 0x7A, 0xE3, 0x20, 0x44, 0x69, 0x48, 0x49, 0x6B, 0x46, 0x22,
    0x0A, 0x00, 0x00, 0x00, 0x00, 0x02, 0x00, 0x33, 0xFE, 0xB6, 0x03, 0x0F, 0x02, 0x5A, 0x00, 0x1D,
    0x00, 0x2B, 0x00, 0x37, 0x40, 0x34, 0x18, 0x01, 0x03, 0x02, 0x19, 0x01, 0x00, 0x03, 0x00, 0x01,
    0x04, 0x00, 0x03, 0x4C, 0x00, 0x00, 0x00, 0x04, 0x05, 0x00, 0x04, 0x69, 0x00, 0x03, 0x03, 0x02,
    0x61, 0x00, 0x02, 0x02, 0x4C, 0x4D, 0x00, 0x05, 0x05, 0x01, 0x61, 0x00, 0x01, 0x01, 0x4D, 0x01,
    0x4E, 0x28, 0x23, 0x23, 0x28, 0x28, 0x21, 0x06, 0x0A, 0x1C, 0x2B, 0x37, 0x36, 0x33, 0x32, 0x1E,
    0x02, 0x15, 0x14, 0x0E, 0x02, 0x23, 0x22, 0x2E, 0x02, 0x35, 0x34, 0x3E, 0x02, 0x33, 0x32, 0x17,
    0x15, 0x26, 0x23, 0x22, 0x06, 0x01, 0x34, 0x23, 0x22, 0x0E, 0x02, 0x15, 0x14, 0x1E, 0x02, 0x33,
    0x32, 0xF7, 0x5F, 0x8C, 0x46, 0x6F, 0x4E, 0x2A, 0x2E, 0x59, 0x83, 0x55, 0x5A, 0x8D, 0x63, 0x33,
    0x3F, 0x76, 0xAA, 0x6A, 0x60, 0x7A, 0x8A, 0x4A, 0x81, 0x8A, 0x01, 0x69, 0xA5, 0x2B, 0x45, 0x31,
    0x1B, 0x1B, 0x30, 0x45, 0x2B, 0xA6, 0xA7, 0x5F, 0x26, 0x48, 0x67, 0x3F, 0x4D, 0x75, 0x51, 0x29,
    0x3C, 0x71, 0xA2, 0x66, 0x72, 0xB8, 0x80, 0x45, 0x1F, 0x74, 0x2F, 0xAB, 0xFE, 0x8F, 0xCB, 0x1A,
    0x32, 0x45, 0x2A, 0x2E, 0x4D, 0x37, 0x1F, 0x00, 0x00, 0x01, 0x00, 0x5D, 0xFE, 0xCC, 0x03, 0x21,
    0x02, 0x44, 0x00, 0x0C, 0x00, 0x24, 0x40, 0x21, 0x0A, 0x01, 0x00, 0x01, 0x4B, 0x00, 0x00, 0x00,
    0x01, 0x5F, 0x00, 0x01, 0x01, 0x48, 0x4D, 0x03, 0x01, 0x02, 0x02, 0x49, 0x02, 0x4E, 0x00, 0x00,
    0x00, 0x0C, 0x00, 0x0C, 0x11, 0x16, 0x04, 0x0A, 0x18, 0x2B, 0x13, 0x36, 0x36, 0x37, 0x36, 0x37,
    0x13, 0x21, 0x35, 0x21, 0x15, 0x00, 0x03, 0x9A, 0x09, 0x23, 0x18, 0x33, 0x7F, 0xEF, 0xFD, 0xDE,
    0x02, 0xC4, 0xFE, 0x66, 0x22, 0xFE, 0xCC, 0x32, 0x5E, 0x2D, 0x5B, 0xAB, 0x01, 0x35, 0x80, 0x80,
    0xFE, 0x26, 0xFE, 0xE2, 0x00, 0x03, 0x00, 0x45, 0xFE, 0xB6, 0x03, 0x2C, 0x02, 0x5A, 0x00, 0x24,
    0x00, 0x32, 0x00, 0x47, 0x00, 0x27, 0x40, 0x24, 0x2D, 0x11, 0x02, 0x03, 0x02, 0x01, 0x4C, 0x00,
    0x02, 0x02, 0x00, 0x61, 0x00, 0x00, 0x00, 0x4C, 0x4D, 0x00, 0x03, 0x03, 0x01, 0x61, 0x00, 0x01,
    0x01, 0x4D, 0x01, 0x4E, 0x3E, 0x3C, 0x2D, 0x2F, 0x29, 0x04, 0x0A, 0x19, 0x2B, 0x25, 0x2E, 0x03,
    0x35, 0x34, 0x3E, 0x02, 0x33, 0x32, 0x1E, 0x02, 0x15, 0x14, 0x07, 0x1E, 0x03, 0x15, 0x14, 0x0E,
    0x02, 0x23, 0x22, 0x2E, 0x02, 0x35, 0x34, 0x3E, 0x02, 0x37, 0x36, 0x35, 0x34, 0x26, 0x23, 0x22,
    0x06, 0x15, 0x14, 0x1E, 0x02, 0x17, 0x07, 0x0E, 0x03, 0x15, 0x14, 0x1E, 0x02, 0x33, 0x32, 0x3E,
    0x02, 0x35, 0x34, 0x2E, 0x02, 0x27, 0x01, 0x1A, 0x2A, 0x3C, 0x24, 0x0F, 0x2F, 0x57, 0x79, 0x4A,
    0x46, 0x71, 0x50, 0x2C, 0xBC, 0x3E, 0x5A, 0x39, 0x1A, 0x38, 0x65, 0x8C, 0x53, 0x53, 0x86, 0x5F,
    0x33, 0x18, 0x33, 0x51, 0xFD, 0x7C, 0x51, 0x4B, 0x47, 0x54, 0x10, 0x22, 0x34, 0x24, 0x33, 0x24,
    0x30, 0x20, 0x0E, 0x1B, 0x33, 0x49, 0x2F, 0x2A, 0x46, 0x32, 0x1C, 0x0C, 0x24, 0x41, 0x34, 0xAC,
    0x1A, 0x2F, 0x30, 0x33, 0x1F, 0x34, 0x54, 0x3B, 0x20, 0x1C, 0x35, 0x48, 0x2D, 0x7F, 0x64, 0x1C,
    0x38, 0x3D, 0x42, 0x26, 0x39, 0x5F, 0x44, 0x26, 0x21, 0x3F, 0x5A, 0x38, 0x27, 0x45, 0x3F, 0x3C,
    0x4E, 0x45, 0x5D, 0x39, 0x3E, 0x38, 0x33, 0x13, 0x24, 0x24, 0x25, 0x14, 0x80, 0x18, 0x2C, 0x2E,
    0x30, 0x1D, 0x25, 0x3B, 0x29, 0x17, 0x14, 0x23, 0x31, 0x1D, 0x19, 0x26, 0x24, 0x29, 0x1C, 0x00,
    0x00, 0x02, 0x00, 0x3C, 0xFE, 0xB6, 0x03, 0x18, 0x02, 0x5A, 0x00, 0x1D, 0x00, 0x2B, 0x00, 0x37,
    0x40, 0x34, 0x00, 0x01, 0x00, 0x04, 0x19, 0x01, 0x03, 0x00, 0x18, 0x01, 0x02, 0x03, 0x03, 0x4C,
    0x00, 0x04, 0x00, 0x00, 0x03, 0x04, 0x00, 0x69, 0x00, 0x05, 0x05, 0x01, 0x61, 0x00, 0x01, 0x01,
    0x4C, 0x4D, 0x00, 0x03, 0x03, 0x02, 0x61, 0x00, 0x02, 0x02, 0x4D, 0x02, 0x4E, 0x28, 0x23, 0x23,
    0x28, 0x28, 0x21, 0x06, 0x0A, 0x1C, 0x2B, 0x25, 0x06, 0x23, 0x22, 0x2E, 0x02, 0x35, 0x34, 0x3E,
    0x02, 0x33, 0x32, 0x1E, 0x02, 0x15, 0x14, 0x0E, 0x02, 0x23, 0x22, 0x27, 0x35, 0x16, 0x33, 0x32,
    0x36, 0x01, 0x14, 0x33, 0x32, 0x3E, 0x02, 0x35, 0x34, 0x2E, 0x02, 0x23, 0x22, 0x02, 0x54, 0x60,
    0x8B, 0x46, 0x6F, 0x4E, 0x2A, 0x2F, 0x5A, 0x82, 0x53, 0x5A, 0x8E, 0x63, 0x33, 0x3F, 0x76, 0xA9,
    0x6A, 0x61, 0x7A, 0x8B, 0x49, 0x85, 0x86, 0xFE, 0x97, 0xA5, 0x2B, 0x46, 0x30, 0x1B, 0x1B, 0x32,
    0x45, 0x29, 0xA6, 0x68, 0x60, 0x27, 0x48, 0x67, 0x40, 0x4B, 0x76, 0x51, 0x2A, 0x3D, 0x72, 0xA2,
    0x65, 0x72, 0xB7, 0x81, 0x44, 0x1D, 0x75, 0x2F, 0xAD, 0x01, 0x70, 0xCC, 0x1B, 0x31, 0x45, 0x2A,
    0x2F, 0x4C, 0x38, 0x1E, 0x00, 0x01, 0x00, 0x4E, 0xFF, 0x07, 0x03, 0x32, 0x01, 0x57, 0x00, 0x0B,
    0x00, 0x27, 0x40, 0x24, 0x03, 0x01, 0x01, 0x04, 0x01, 0x00, 0x05, 0x01, 0x00, 0x67, 0x06, 0x01,
    0x05, 0x05, 0x02, 0x5F, 0x00, 0x02, 0x02, 0x4A, 0x05, 0x4E, 0x00, 0x00, 0x00, 0x0B, 0x00, 0x0B,
    0x11, 0x11, 0x11, 0x11, 0x11, 0x07, 0x0A, 0x1B, 0x2B, 0x05, 0x35, 0x21, 0x35, 0x21, 0x35, 0x33,
    0x15, 0x21, 0x15, 0x21, 0x15, 0x01, 0x83, 0xFE, 0xCB, 0x01, 0x35, 0x78, 0x01, 0x37, 0xFE, 0xC9,
    0xF9, 0xF8, 0x60, 0xF8, 0xF8, 0x60, 0xF8, 0x00, 0x00, 0x01, 0x00, 0x4C, 0xFF, 0xFF, 0x03, 0x33,
    0x00, 0x5F, 0x00, 0x03, 0x00, 0x1E, 0x40, 0x1B, 0x00, 0x00, 0x01, 0x01, 0x00, 0x57, 0x00, 0x00,
    0x00, 0x01, 0x5F, 0x02, 0x01, 0x01, 0x00, 0x01, 0x4F, 0x00, 0x00, 0x00, 0x03, 0x00, 0x03, 0x11,
    0x03, 0x0A, 0x17, 0x2B, 0x17, 0x35, 0x21, 0x15, 0x4C, 0x02, 0xE7, 0x01, 0x60, 0x60, 0x00, 0x00,
    0x00, 0x02, 0x00, 0x32, 0xFF, 0x74, 0x03, 0x4E, 0x00, 0xE4, 0x00, 0x03, 0x00, 0x07, 0x00, 0x2F,
    0x40, 0x2C, 0x00, 0x02, 0x05, 0x01, 0x03, 0x00, 0x02, 0x03, 0x67, 0x00, 0x00, 0x01, 0x01, 0x00,
    0x57, 0x00, 0x00, 0x00, 0x01, 0x5F, 0x04, 0x01, 0x01, 0x00, 0x01, 0x4F, 0x04, 0x04, 0x00, 0x00,
    0x04, 0x07, 0x04, 0x07, 0x06, 0x05, 0x00, 0x03, 0x00, 0x03, 0x11, 0x06, 0x0A, 0x17, 0x2B, 0x17,
    0x35, 0x21, 0x15, 0x01, 0x35, 0x21, 0x15, 0x32, 0x03, 0x1C, 0xFC, 0xE4, 0x03, 0x1C, 0x8C, 0x73,
    0x73, 0x01, 0x02, 0x6E, 0x6E, 0x00, 0x00, 0x00, 0x00, 0x01, 0x00, 0xB1, 0xFE, 0x17, 0x02, 0x2A,
    0x02, 0x83, 0x00, 0x15, 0x00, 0x06, 0xB3, 0x0A, 0x00, 0x01, 0x32, 0x2B, 0x01, 0x2E, 0x03, 0x35,
    0x34, 0x3E, 0x02, 0x37, 0x15, 0x0E, 0x03, 0x15, 0x14, 0x1E, 0x02, 0x17, 0x02, 0x2A, 0x55, 0x8C,
    0x63, 0x35, 0x35, 0x62, 0x8C, 0x56, 0x34, 0x4D, 0x31, 0x18, 0x18, 0x31, 0x4D, 0x34, 0xFE, 0x17,
    0x2A, 0x7A, 0x94, 0xA7, 0x57, 0x57, 0xA6, 0x94, 0x7A, 0x2B, 0x63, 0x2C, 0x63, 0x72, 0x85, 0x4E,
    0x4E, 0x84, 0x72, 0x63, 0x2B, 0x00, 0x00, 0x00, 0x00, 0x01, 0x00, 0x96, 0xFE, 0x17, 0x02, 0x0F,
    0x02, 0x83, 0x00, 0x15, 0x00, 0x06, 0xB3, 0x0A, 0x00, 0x01, 0x32, 0x2B, 0x13, 0x1E, 0x03, 0x15,
    0x14, 0x0E, 0x02, 0x07, 0x35, 0x3E, 0x03, 0x35, 0x34, 0x2E, 0x02, 0x27, 0x96, 0x55, 0x8B, 0x63,
    0x36, 0x34, 0x63, 0x8B, 0x57, 0x35, 0x4C, 0x31, 0x17, 0x17, 0x31, 0x4D, 0x34, 0x02, 0x83, 0x2A,
    0x7A, 0x94, 0xA8, 0x57, 0x56, 0xA7, 0x93, 0x7A, 0x2B, 0x63, 0x2B, 0x63, 0x72, 0x84, 0x4E, 0x4E,
    0x85, 0x72, 0x63, 0x2C, 0x00, 0x01, 0x00, 0x71, 0xFE, 0xCC, 0x03, 0x18, 0x01, 0x69, 0x00, 0x11,
    0x00, 0x4D, 0xB6, 0x10, 0x03, 0x02, 0x02, 0x03, 0x01, 0x4C, 0x4B, 0xB0, 0x25, 0x50, 0x58, 0x40,
    0x13, 0x00, 0x03, 0x03, 0x00, 0x61, 0x01, 0x01, 0x00, 0x00, 0x4A, 0x4D, 0x05, 0x04, 0x02, 0x02,
    0x02, 0x49, 0x02, 0x4E, 0x1B, 0x40, 0x17, 0x00, 0x00, 0x00, 0x4A, 0x4D, 0x00, 0x03, 0x03, 0x01,
    0x61, 0x00, 0x01, 0x01, 0x4A, 0x4D, 0x05, 0x04, 0x02, 0x02, 0x02, 0x49, 0x02, 0x4E, 0x59, 0x40,
    0x0D, 0x00, 0x00, 0x00, 0x11, 0x00, 0x11, 0x24, 0x12, 0x22, 0x11, 0x06, 0x0A, 0x1A, 0x2B, 0x13,
    0x11, 0x33, 0x15, 0x36, 0x33, 0x32, 0x15, 0x11, 0x23, 0x11, 0x34, 0x27, 0x26, 0x23, 0x22, 0x07,
    0x11, 0x71, 0xB8, 0x7B, 0x9B, 0xD9, 0xBA, 0x14, 0x13, 0x36, 0x6C, 0x6C, 0xFE, 0xCC, 0x02, 0x8F,
    0x74, 0x82, 0xCB, 0xFE, 0x2E, 0x01, 0xA9, 0x47, 0x1B, 0x1A, 0x7C, 0xFE, 0x57, 0x00, 0x00, 0x00,
    0x00, 0x01, 0x00, 0x64, 0x00, 0x00, 0x04, 0x5F, 0x05, 0xC8, 0x00, 0x16, 0x00, 0xD0, 0x4B, 0xB0,
    0x1F, 0x50, 0x58, 0x40, 0x0B, 0x07, 0x01, 0x04, 0x02, 0x11, 0x0C, 0x02, 0x05, 0x04, 0x02, 0x4C,
    0x1B, 0x40, 0x0B, 0x07, 0x01, 0x04, 0x06, 0x11, 0x0C, 0x02, 0x05, 0x04, 0x02, 0x4C, 0x59, 0x4B,
    0xB0, 0x1D, 0x50, 0x58, 0x40, 0x1C, 0x03, 0x01, 0x02, 0x06, 0x01, 0x04, 0x05, 0x02, 0x04, 0x69,
    0x00, 0x01, 0x01, 0x00, 0x5F, 0x00, 0x00, 0x00, 0x38, 0x4D, 0x08, 0x07, 0x02, 0x05, 0x05, 0x39,
    0x05, 0x4E, 0x1B, 0x4B, 0xB0, 0x1F, 0x50, 0x58, 0x40, 0x21, 0x00, 0x03, 0x02, 0x04, 0x03, 0x59,
    0x00, 0x02, 0x06, 0x01, 0x04, 0x05, 0x02, 0x04, 0x69, 0x00, 0x01, 0x01, 0x00, 0x5F, 0x00, 0x00,
    0x00, 0x38, 0x4D, 0x08, 0x07, 0x02, 0x05, 0x05, 0x39, 0x05, 0x4E, 0x1B, 0x4B, 0xB0, 0x2A, 0x50,
    0x58, 0x40, 0x22, 0x00, 0x02, 0x00, 0x06, 0x04, 0x02, 0x06, 0x67, 0x00, 0x03, 0x00, 0x04, 0x05,
    0x03, 0x04, 0x69, 0x00, 0x01, 0x01, 0x00, 0x5F, 0x00, 0x00, 0x00, 0x38, 0x4D, 0x08, 0x07, 0x02,
    0x05, 0x05, 0x39, 0x05, 0x4E, 0x1B, 0x40, 0x20, 0x00, 0x00, 0x00, 0x01, 0x03, 0x00, 0x01, 0x67,
    0x00, 0x02, 0x00, 0x06, 0x04, 0x02, 0x06, 0x67, 0x00, 0x03, 0x00, 0x04, 0x05, 0x03, 0x04, 0x69,
    0x08, 0x07, 0x02, 0x05, 0x05, 0x3C, 0x05, 0x4E, 0x59, 0x59, 0x59, 0x40, 0x10, 0x00, 0x00, 0x00,
    0x16, 0x00, 0x16, 0x11, 0x13, 0x23, 0x13, 0x11, 0x11, 0x11, 0x09, 0x09, 0x1D, 0x2B, 0x33, 0x11,
    0x21, 0x15, 0x21, 0x11, 0x21, 0x15, 0x36, 0x36, 0x33, 0x33, 0x15, 0x26, 0x23, 0x22, 0x06, 0x07,
    0x11, 0x23, 0x11, 0x21, 0x11, 0x64, 0x03, 0x41, 0xFD, 0x9E, 0x01, 0xE5, 0x33, 0x90, 0x61, 0x13,
    0x2C, 0x1C, 0x42, 0x77, 0x36, 0xE0, 0xFE, 0xFB, 0x05, 0xC8, 0xB4, 0xFE, 0x4C, 0xC0, 0x71, 0x61,
    0xE0, 0x0A, 0x55, 0x60, 0xFE, 0x19, 0x02, 0xAC, 0xFD, 0x54, 0x00, 0x00, 0x00, 0x01, 0x00, 0x7D,
    0x00, 0x00, 0x03, 0xFB, 0x05, 0xED, 0x00, 0x26, 0x00, 0x81, 0x40, 0x0F, 0x26, 0x01, 0x00, 0x0B,
    0x00, 0x01, 0x01, 0x00, 0x02, 0x4C, 0x15, 0x01, 0x05, 0x01, 0x4B, 0x4B, 0xB0, 0x2A, 0x50, 0x58,
    0x40, 0x29, 0x0A, 0x01, 0x01, 0x09, 0x01, 0x02, 0x03, 0x01, 0x02, 0x67, 0x08, 0x01, 0x03, 0x07,
    0x01, 0x04, 0x05, 0x03, 0x04, 0x67, 0x00, 0x00, 0x00, 0x0B, 0x61, 0x00, 0x0B, 0x0B, 0x3E, 0x4D,
    0x00, 0x05, 0x05, 0x06, 0x5F, 0x00, 0x06, 0x06, 0x39, 0x06, 0x4E, 0x1B, 0x40, 0x27, 0x00, 0x0B,
    0x00, 0x00, 0x01, 0x0B, 0x00, 0x69, 0x0A, 0x01, 0x01, 0x09, 0x01, 0x02, 0x03, 0x01, 0x02, 0x67,
    0x08, 0x01, 0x03, 0x07, 0x01, 0x04, 0x05, 0x03, 0x04, 0x67, 0x00, 0x05, 0x05, 0x06, 0x5F, 0x00,
    0x06, 0x06, 0x3C, 0x06, 0x4E, 0x59, 0x40, 0x12, 0x25, 0x23, 0x20, 0x1F, 0x1E, 0x1D, 0x11, 0x15,
    0x11, 0x15, 0x11, 0x11, 0x11, 0x12, 0x21, 0x0C, 0x09, 0x1F, 0x2B, 0x01, 0x26, 0x23, 0x22, 0x15,
    0x15, 0x33, 0x15, 0x23, 0x15, 0x33, 0x15, 0x23, 0x0E, 0x03, 0x07, 0x21, 0x15, 0x21, 0x35, 0x36,
    0x36, 0x35, 0x35, 0x23, 0x35, 0x33, 0x35, 0x23, 0x35, 0x33, 0x35, 0x34, 0x36, 0x33, 0x32, 0x17,
    0x03, 0xE5, 0x7B, 0x70, 0xBB, 0xE2, 0xE2, 0xE2, 0xE2, 0x0C, 0x1D, 0x2C, 0x40, 0x2D, 0x02, 0x7E,
    0xFC, 0x82, 0x6D, 0x5F, 0xC6, 0xC6, 0xC6, 0xC6, 0xD5, 0xD0, 0x70, 0x87, 0x05, 0x19, 0x2D, 0xDE,
    0x71, 0x88, 0xB9, 0x88, 0x3A, 0x63, 0x57, 0x4C, 0x23, 0xCB, 0xCB, 0x1E, 0x8F, 0x7E, 0x38, 0x88,
    0xB9, 0x88, 0x32, 0xE1, 0xE3, 0x1B, 0x00, 0x00, 0x00, 0x04, 0x00, 0x50, 0xFF, 0xE7, 0x08, 0x7F,
    0x05, 0xC8, 0x00, 0x0E, 0x00, 0x19, 0x00, 0x2E, 0x00, 0x54, 0x01, 0xB6, 0x4B, 0xB0, 0x14, 0x50,
    0x58, 0x40, 0x1C, 0x25, 0x24, 0x02, 0x07, 0x04, 0x3E, 0x01, 0x03, 0x07, 0x3F, 0x01, 0x01, 0x06,
    0x2F, 0x2E, 0x02, 0x0A, 0x01, 0x54, 0x01, 0x02, 0x0A, 0x05, 0x4C, 0x1A, 0x01, 0x02, 0x49, 0x1B,
    0x4B, 0xB0, 0x15, 0x50, 0x58, 0x40, 0x1D, 0x25, 0x24, 0x02, 0x07, 0x04, 0x3E, 0x01, 0x03, 0x07,
    0x3F, 0x01, 0x01, 0x06, 0x2F, 0x2E, 0x02, 0x0A, 0x01, 0x54, 0x01, 0x02, 0x0A, 0x05, 0x4C, 0x1A,
    0x01, 0x02, 0x01, 0x4B, 0x1B, 0x40, 0x1D, 0x25, 0x24, 0x02, 0x0C, 0x04, 0x3E, 0x01, 0x03, 0x07,
    0x3F, 0x01, 0x01, 0x06, 0x2F, 0x2E, 0x02, 0x0A, 0x01, 0x54, 0x01, 0x02, 0x0A, 0x05, 0x4C, 0x1A,
    0x01, 0x02, 0x01, 0x4B, 0x59, 0x59, 0x4B, 0xB0, 0x14, 0x50, 0x58, 0x40, 0x2D, 0x0C, 0x08, 0x02,
    0x07, 0x0D, 0x09, 0x02, 0x06, 0x01, 0x07, 0x06, 0x67, 0x00, 0x03, 0x00, 0x01, 0x0A, 0x03, 0x01,
    0x69, 0x00, 0x04, 0x04, 0x00, 0x5F, 0x00, 0x00, 0x00, 0x38, 0x4D, 0x0B, 0x01, 0x0A, 0x0A, 0x02,
    0x61, 0x0E, 0x05, 0x0F, 0x03, 0x02, 0x02, 0x39, 0x02, 0x4E, 0x1B, 0x4B, 0xB0, 0x15, 0x50, 0x58,
    0x40, 0x31, 0x0C, 0x08, 0x02, 0x07, 0x0D, 0x09, 0x02, 0x06, 0x01, 0x07, 0x06, 0x67, 0x00, 0x03,
    0x00, 0x01, 0x0A, 0x03, 0x01, 0x69, 0x00, 0x04, 0x04, 0x00, 0x5F, 0x00, 0x00, 0x00, 0x38, 0x4D,
    0x0F, 0x01, 0x02, 0x02, 0x39, 0x4D, 0x0B, 0x01, 0x0A, 0x0A, 0x05, 0x61, 0x0E, 0x01, 0x05, 0x05,
    0x42, 0x05, 0x4E, 0x1B, 0x4B, 0xB0, 0x17, 0x50, 0x58, 0x40, 0x36, 0x00, 0x0C, 0x07, 0x06, 0x0C,
    0x59, 0x08, 0x01, 0x07, 0x0D, 0x09, 0x02, 0x06, 0x01, 0x07, 0x06, 0x67, 0x00, 0x03, 0x00, 0x01,
    0x0A, 0x03, 0x01, 0x69, 0x00, 0x04, 0x04, 0x00, 0x5F, 0x00, 0x00, 0x00, 0x38, 0x4D, 0x0F, 0x01,
    0x02, 0x02, 0x39, 0x4D, 0x0B, 0x01, 0x0A, 0x0A, 0x05, 0x61, 0x0E, 0x01, 0x05, 0x05, 0x42, 0x05,
    0x4E, 0x1B, 0x4B, 0xB0, 0x2A, 0x50, 0x58, 0x40, 0x37, 0x00, 0x0C, 0x00, 0x0D, 0x06, 0x0C, 0x0D,
    0x69, 0x08, 0x01, 0x07, 0x09, 0x01, 0x06, 0x01, 0x07, 0x06, 0x67, 0x00, 0x03, 0x00, 0x01, 0x0A,
    0x03, 0x01, 0x69, 0x00, 0x04, 0x04, 0x00, 0x5F, 0x00, 0x00, 0x00, 0x38, 0x4D, 0x0F, 0x01, 0x02,
    0x02, 0x39, 0x4D, 0x0B, 0x01, 0x0A, 0x0A, 0x05, 0x61, 0x0E, 0x01, 0x05, 0x05, 0x42, 0x05, 0x4E,
    0x1B, 0x40, 0x35, 0x00, 0x00, 0x00, 0x04, 0x0C, 0x00, 0x04, 0x69, 0x00, 0x0C, 0x00, 0x0D, 0x06,
    0x0C, 0x0D, 0x69, 0x08, 0x01, 0x07, 0x09, 0x01, 0x06, 0x01, 0x07, 0x06, 0x67, 0x00, 0x03, 0x00,
    0x01, 0x0A, 0x03, 0x01, 0x69, 0x0F, 0x01, 0x02, 0x02, 0x3C, 0x4D, 0x0B, 0x01, 0x0A, 0x0A, 0x05,
    0x61, 0x0E, 0x01, 0x05, 0x05, 0x42, 0x05, 0x4E, 0x59, 0x59, 0x59, 0x59, 0x40, 0x23, 0x00, 0x00,
    0x53, 0x51, 0x42, 0x40, 0x3D, 0x3B, 0x32, 0x30, 0x2D, 0x2B, 0x29, 0x28, 0x27, 0x26, 0x23, 0x22,
    0x21, 0x20, 0x1D, 0x1B, 0x19, 0x17, 0x11, 0x0F, 0x00, 0x0E, 0x00, 0x0E, 0x28, 0x21, 0x10, 0x09,
    0x18, 0x2B, 0x33, 0x11, 0x21, 0x32, 0x17, 0x16, 0x16, 0x15, 0x14, 0x0E, 0x02, 0x23, 0x23, 0x11,
    0x11, 0x33, 0x32, 0x36, 0x35, 0x34, 0x2E, 0x02, 0x23, 0x23, 0x01, 0x06, 0x23, 0x22, 0x26, 0x35,
    0x11, 0x23, 0x35, 0x33, 0x35, 0x37, 0x15, 0x33, 0x15, 0x23, 0x11, 0x14, 0x33, 0x32, 0x37, 0x37,
    0x16, 0x33, 0x32, 0x35, 0x34, 0x27, 0x27, 0x26, 0x26, 0x35, 0x34, 0x36, 0x33, 0x32, 0x17, 0x15,
    0x26, 0x23, 0x22, 0x15, 0x14, 0x1E, 0x02, 0x17, 0x1E, 0x03, 0x15, 0x14, 0x0E, 0x02, 0x23, 0x22,
    0x27, 0x50, 0x01, 0x6D, 0xA0, 0x57, 0x61, 0x6C, 0x48, 0x89, 0xC5, 0x7D, 0x2E, 0x26, 0x8B, 0x94,
    0x1C, 0x3F, 0x65, 0x49, 0x3C, 0x04, 0x4D, 0x4E, 0x3F, 0x95, 0x87, 0x5D, 0x5D, 0xE8, 0xB5, 0xB5,
    0x7B, 0x1A, 0x2C, 0x58, 0xAB, 0x75, 0x8B, 0x72, 0x4A, 0x7C, 0x6F, 0xB3, 0xAB, 0x68, 0x8E, 0x8A,
    0x5A, 0x8B, 0x15, 0x2A, 0x3F, 0x2A, 0x4B, 0x65, 0x3E, 0x1B, 0x34, 0x5D, 0x82, 0x4F, 0x9A, 0x9E,
    0x05, 0xC8, 0x22, 0x24, 0xB8, 0x92, 0x74, 0xB8, 0x80, 0x44, 0xFD, 0xB8, 0x02, 0xFD, 0x94, 0x8C,
    0x43, 0x5E, 0x3B, 0x1B, 0xFA, 0xEC, 0x19, 0x8C, 0x97, 0x01, 0xC9, 0x97, 0x93, 0x1D, 0xB0, 0x97,
    0xFE, 0x57, 0xA0, 0x0B, 0x35, 0x48, 0x5F, 0x3C, 0x31, 0x1F, 0x34, 0x7F, 0x58, 0x82, 0x87, 0x20,
    0xAA, 0x32, 0x58, 0x17, 0x1F, 0x1B, 0x1B, 0x12, 0x1D, 0x39, 0x40, 0x4C, 0x2F, 0x3E, 0x67, 0x4A,
    0x29, 0x2F, 0x00, 0x00, 0x00, 0x01, 0x00, 0x00, 0xFF, 0xDB, 0x04, 0x2F, 0x05, 0xEC, 0x00, 0x2C,
    0x00, 0x8A, 0x40, 0x12, 0x1D, 0x01, 0x07, 0x06, 0x1E, 0x01, 0x05, 0x07, 0x08, 0x01, 0x00, 0x02,
    0x09, 0x01, 0x01, 0x00, 0x04, 0x4C, 0x4B, 0xB0, 0x2A, 0x50, 0x58, 0x40, 0x2A, 0x08, 0x01, 0x05,
    0x09, 0x01, 0x04, 0x03, 0x05, 0x04, 0x67, 0x0A, 0x01, 0x03, 0x0C, 0x0B, 0x02, 0x02, 0x00, 0x03,
    0x02, 0x67, 0x00, 0x07, 0x07, 0x06, 0x61, 0x00, 0x06, 0x06, 0x3E, 0x4D, 0x00, 0x00, 0x00, 0x01,
    0x61, 0x00, 0x01, 0x01, 0x3F, 0x01, 0x4E, 0x1B, 0x40, 0x28, 0x00, 0x06, 0x00, 0x07, 0x05, 0x06,
    0x07, 0x69, 0x08, 0x01, 0x05, 0x09, 0x01, 0x04, 0x03, 0x05, 0x04, 0x67, 0x0A, 0x01, 0x03, 0x0C,
    0x0B, 0x02, 0x02, 0x00, 0x03, 0x02, 0x67, 0x00, 0x00, 0x00, 0x01, 0x61, 0x00, 0x01, 0x01, 0x42,
    0x01, 0x4E, 0x59, 0x40, 0x16, 0x00, 0x00, 0x00, 0x2C, 0x00, 0x2C, 0x2B, 0x2A, 0x25, 0x24, 0x11,
    0x23, 0x21, 0x11, 0x16, 0x11, 0x11, 0x24, 0x24, 0x0D, 0x09, 0x1F, 0x2B, 0x01, 0x1E, 0x03, 0x33,
    0x32, 0x36, 0x37, 0x15, 0x06, 0x23, 0x20, 0x03, 0x23, 0x37, 0x33, 0x26, 0x26, 0x35, 0x34, 0x36,
    0x37, 0x23, 0x37, 0x33, 0x12, 0x21, 0x32, 0x17, 0x15, 0x26, 0x23, 0x20, 0x03, 0x21, 0x07, 0x21,
    0x06, 0x15, 0x14, 0x16, 0x17, 0x21, 0x07, 0x01, 0xA0, 0x18, 0x45, 0x5D, 0x79, 0x4C, 0x40, 0x85,
    0x4B, 0x9B, 0x9F, 0xFE, 0x1E, 0x6D, 0xA6, 0x39, 0x58, 0x01, 0x01, 0x03, 0x02, 0x94, 0x39, 0x73,
    0x7C, 0x01, 0xE8, 0x8A, 0x95, 0x8D, 0x88, 0xFE, 0xEA, 0x60, 0x02, 0x1E, 0x38, 0xFD, 0xFF, 0x03,
    0x01, 0x01, 0x01, 0xB5, 0x39, 0x01, 0xFD, 0x62, 0x8A, 0x57, 0x29, 0x1D, 0x20, 0xBC, 0x37, 0x02,
    0x22, 0x94, 0x15, 0x28, 0x14, 0x19, 0x39, 0x22, 0x94, 0x02, 0x02, 0x29, 0xC6, 0x3F, 0xFE, 0xAE,
    0x94, 0x39, 0x2C, 0x1A, 0x31, 0x15, 0x94, 0x00, 0x00, 0x04, 0x00, 0x50, 0x00, 0x00, 0x06, 0x88,
    0x05, 0xC8, 0x00, 0x03, 0x00, 0x1C, 0x00, 0x29, 0x00, 0x37, 0x00, 0x5E, 0x40, 0x5B, 0x0E, 0x01,
    0x04, 0x00, 0x1C, 0x11, 0x02, 0x05, 0x04, 0x02, 0x4C, 0x03, 0x01, 0x00, 0x00, 0x04, 0x05, 0x00,
    0x04, 0x69, 0x00, 0x05, 0x00, 0x02, 0x07, 0x05, 0x02, 0x69, 0x00, 0x07, 0x00, 0x09, 0x08, 0x07,
    0x09, 0x69, 0x0C, 0x01, 0x08, 0x01, 0x01, 0x08, 0x59, 0x0C, 0x01, 0x08, 0x08, 0x01, 0x61, 0x0B,
    0x06, 0x0A, 0x03, 0x01, 0x08, 0x01, 0x51, 0x2B, 0x2A, 0x1E, 0x1D, 0x00, 0x00, 0x32, 0x30, 0x2A,
    0x37, 0x2B, 0x37, 0x24, 0x22, 0x1D, 0x29, 0x1E, 0x29, 0x1B, 0x19, 0x14, 0x12, 0x0D, 0x0B, 0x07,
    0x05, 0x00, 0x03, 0x00, 0x03, 0x11, 0x0D, 0x06, 0x17, 0x2B, 0x33, 0x01, 0x33, 0x01, 0x01, 0x06,
    0x23, 0x22, 0x35, 0x34, 0x37, 0x36, 0x33, 0x32, 0x17, 0x06, 0x06, 0x07, 0x26, 0x23, 0x22, 0x0E,
    0x02, 0x15, 0x14, 0x33, 0x32, 0x37, 0x01, 0x22, 0x35, 0x34, 0x37, 0x36, 0x33, 0x32, 0x15, 0x14,
    0x0E, 0x02, 0x27, 0x32, 0x3E, 0x02, 0x35, 0x34, 0x23, 0x22, 0x0E, 0x02, 0x15, 0x14, 0x50, 0x05,
    0x8B, 0xAD, 0xFA, 0x75, 0x01, 0xA7, 0x87, 0x88, 0xEC, 0x87, 0x87, 0xB0, 0x49, 0x5B, 0x06, 0x0D,
    0x07, 0x5C, 0x3D, 0x2D, 0x52, 0x3E, 0x25, 0x71, 0x5C, 0x7F, 0x01, 0xD9, 0xF6, 0x85, 0x85, 0xB9,
    0xF9, 0x48, 0x7C, 0xA5, 0x29, 0x2A, 0x49, 0x37, 0x20, 0x63, 0x29, 0x49, 0x37, 0x20, 0x05, 0xC8,
    0xFA, 0x38, 0x03, 0x4F, 0x39, 0xDE, 0xB6, 0x8F, 0x8F, 0x20, 0x22, 0x42, 0x21, 0x2E, 0x34, 0x57,
    0x72, 0x3E, 0x77, 0x44, 0xFC, 0x1D, 0xDC, 0xC0, 0x8B, 0x8B, 0xDC, 0x5F, 0xAA, 0x81, 0x4C, 0x79,
    0x33, 0x57, 0x73, 0x40, 0x83, 0x33, 0x57, 0x72, 0x3E, 0x86, 0x00, 0x00, 0x00, 0x02, 0x00, 0x00,
    0xFF, 0xE7, 0x03, 0x23, 0x06, 0x46, 0x00, 0x2F, 0x00, 0x3D, 0x00, 0x3A, 0x40, 0x37, 0x30, 0x1A,
    0x0A, 0x07, 0x04, 0x00, 0x04, 0x26, 0x25, 0x06, 0x03, 0x02, 0x00, 0x02, 0x4C, 0x00, 0x00, 0x04,
    0x02, 0x04, 0x00, 0x02, 0x80, 0x00, 0x01, 0x00, 0x04, 0x00, 0x01, 0x04, 0x69, 0x00, 0x02, 0x03,
    0x03, 0x02, 0x59, 0x00, 0x02, 0x02, 0x03, 0x61, 0x00, 0x03, 0x02, 0x03, 0x51, 0x2B, 0x29, 0x2E,
    0x2B, 0x22, 0x05, 0x06, 0x1B, 0x2B, 0x13, 0x34, 0x26, 0x35, 0x06, 0x06, 0x07, 0x27, 0x36, 0x36,
    0x37, 0x11, 0x34, 0x12, 0x36, 0x36, 0x33, 0x32, 0x1E, 0x02, 0x15, 0x14, 0x0E, 0x02, 0x07, 0x15,
    0x14, 0x1E, 0x02, 0x33, 0x32, 0x3E, 0x02, 0x37, 0x17, 0x0E, 0x03, 0x23, 0x22, 0x2E, 0x02, 0x13,
    0x36, 0x36, 0x35, 0x34, 0x2E, 0x02, 0x23, 0x22, 0x0E, 0x02, 0x15, 0xAA, 0x01, 0x21, 0x47, 0x2F,
    0x12, 0x29, 0x5F, 0x22, 0x29, 0x54, 0x7F, 0x55, 0x47, 0x65, 0x40, 0x1E, 0x33, 0x62, 0x8D, 0x5B,
    0x03, 0x10, 0x25, 0x21, 0x1C, 0x34, 0x2E, 0x26, 0x0E, 0x90, 0x17, 0x43, 0x5E, 0x79, 0x4B, 0x54,
    0x63, 0x34, 0x10, 0xDC, 0x66, 0x5A, 0x03, 0x10, 0x22, 0x1F, 0x27, 0x2C, 0x15, 0x04, 0x01, 0xB7,
    0x08, 0x11, 0x09, 0x0B, 0x11, 0x0B, 0x8F, 0x0B, 0x1B, 0x0F, 0x01, 0x10, 0xC2, 0x01, 0x0C, 0xA7,
    0x4B, 0x2D, 0x53, 0x78, 0x4B, 0x65, 0xC7, 0xB8, 0xA0, 0x3D, 0x5B, 0x3F, 0x7C, 0x63, 0x3D, 0x2E,
    0x52, 0x74, 0x47, 0x24, 0x60, 0xA2, 0x77, 0x43, 0x41, 0x78, 0xAC, 0x01, 0xB4, 0x64, 0xF6, 0x98,
    0x13, 0x3F, 0x3D, 0x2D, 0x51, 0x88, 0xB2, 0x61, 0x00, 0x04, 0x00, 0xA0, 0x00, 0x00, 0x08, 0x2D,
    0x05, 0xC8, 0x00, 0x13, 0x00, 0x1F, 0x00, 0x23, 0x00, 0x2D, 0x00, 0x5B, 0x40, 0x58, 0x24, 0x01,
    0x03, 0x01, 0x29, 0x01, 0x00, 0x02, 0x02, 0x4C, 0x08, 0x01, 0x07, 0x01, 0x07, 0x85, 0x00, 0x01,
    0x00, 0x03, 0x02, 0x01, 0x03, 0x69, 0x0B, 0x01, 0x02, 0x0A, 0x01, 0x00, 0x04, 0x02, 0x00, 0x69,
    0x00, 0x04, 0x05, 0x05, 0x04, 0x57, 0x00, 0x04, 0x04, 0x05, 0x5F, 0x09, 0x06, 0x0C, 0x03, 0x05,
    0x04, 0x05, 0x4F, 0x20, 0x20, 0x15, 0x14, 0x01, 0x00, 0x2D, 0x2C, 0x2B, 0x2A, 0x28, 0x27, 0x26,
    0x25, 0x20, 0x23, 0x20, 0x23, 0x22, 0x21, 0x1B, 0x19, 0x14, 0x1F, 0x15, 0x1F, 0x0B, 0x09, 0x00,
    0x13, 0x01, 0x13, 0x0D, 0x06, 0x16, 0x2B, 0x01, 0x22, 0x2E, 0x02, 0x35, 0x34, 0x3E, 0x02, 0x33,
    0x32, 0x1E, 0x02, 0x15, 0x14, 0x0E, 0x02, 0x27, 0x32, 0x36, 0x35, 0x34, 0x26, 0x23, 0x22, 0x06,
    0x15, 0x14, 0x16, 0x03, 0x35, 0x21, 0x15, 0x01, 0x11, 0x23, 0x11, 0x33, 0x01, 0x11, 0x33, 0x11,
    0x23, 0x06, 0xBA, 0x53, 0x87, 0x60, 0x34, 0x35, 0x60, 0x88, 0x54, 0x52, 0x88, 0x61, 0x35, 0x34,
    0x61, 0x89, 0x54, 0x4B, 0x52, 0x50, 0x4B, 0x4B, 0x51, 0x4F, 0xE3, 0x02, 0x5F, 0xF9, 0x8B, 0xD7,
    0xDE, 0x02, 0x6D, 0xD6, 0xDD, 0x01, 0x47, 0x37, 0x66, 0x8E, 0x57, 0x56, 0x8E, 0x65, 0x38, 0x37,
    0x65, 0x8E, 0x56, 0x58, 0x8F, 0x65, 0x37, 0x9A, 0x74, 0x74, 0x73, 0x73, 0x73, 0x73, 0x75, 0x73,
    0xFE, 0x1F, 0xA0, 0xA0, 0x04, 0x19, 0xFB, 0xE7, 0x05, 0xC8, 0xFB, 0xEA, 0x04, 0x16, 0xFA, 0x38,
    0x00, 0x02, 0x00, 0xD0, 0x02, 0xE4, 0x07, 0x0E, 0x05, 0xC8, 0x00, 0x07, 0x00, 0x14, 0x00, 0x4A,
    0x40, 0x47, 0x13, 0x10, 0x0B, 0x03, 0x07, 0x00, 0x01, 0x4C, 0x00, 0x07, 0x00, 0x03, 0x00, 0x07,
    0x03, 0x80, 0x0A, 0x08, 0x06, 0x09, 0x04, 0x03, 0x03, 0x84, 0x05, 0x04, 0x02, 0x01, 0x00, 0x00,
    0x01, 0x57, 0x05, 0x04, 0x02, 0x01, 0x01, 0x00, 0x5F, 0x02, 0x01, 0x00, 0x01, 0x00, 0x4F, 0x08,
    0x08, 0x00, 0x00, 0x08, 0x14, 0x08, 0x14, 0x12, 0x11, 0x0F, 0x0E, 0x0D, 0x0C, 0x0A, 0x09, 0x00,
    0x07, 0x00, 0x07, 0x11, 0x11, 0x11, 0x0B, 0x06, 0x19, 0x2B, 0x01, 0x11, 0x21, 0x35, 0x21, 0x15,
    0x21, 0x11, 0x21, 0x11, 0x33, 0x13, 0x13, 0x33, 0x11, 0x23, 0x11, 0x03, 0x23, 0x03, 0x11, 0x01,
    0xD2, 0xFE, 0xFE, 0x02, 0xBC, 0xFE, 0xFF, 0x01, 0x80, 0xF4, 0x9C, 0x9A, 0xD9, 0xAB, 0xA7, 0x7E,
    0xA5, 0x02, 0xE4, 0x02, 0x69, 0x7B, 0x7B, 0xFD, 0x97, 0x02, 0xE4, 0xFE, 0x3E, 0x01, 0xC2, 0xFD,
    0x1C, 0x02, 0x14, 0xFE, 0x24, 0x01, 0xD7, 0xFD, 0xF1, 0x00, 0x00, 0x00, 0x00, 0x01, 0x00, 0x6C,
    0x00, 0x00, 0x05, 0xB8, 0x05, 0xED, 0x00, 0x1F, 0x00, 0x33, 0x40, 0x30, 0x1E, 0x12, 0x02, 0x00,
    0x01, 0x4B, 0x00, 0x01, 0x00, 0x04, 0x00, 0x01, 0x04, 0x69, 0x02, 0x01, 0x00, 0x03, 0x03, 0x00,
    0x57, 0x02, 0x01, 0x00, 0x00, 0x03, 0x5F, 0x06, 0x05, 0x02, 0x03, 0x00, 0x03, 0x4F, 0x00, 0x00,
    0x00, 0x1F, 0x00, 0x1F, 0x26, 0x11, 0x15, 0x25, 0x11, 0x07, 0x06, 0x1B, 0x2B, 0x33, 0x35, 0x21,
    0x00, 0x11, 0x10, 0x37, 0x36, 0x21, 0x20, 0x17, 0x16, 0x11, 0x10, 0x01, 0x21, 0x15, 0x21, 0x35,
    0x24, 0x11, 0x34, 0x27, 0x26, 0x23, 0x22, 0x07, 0x06, 0x15, 0x10, 0x05, 0x15, 0x6C, 0x01, 0x5A,
    0xFE, 0xAB, 0xBC, 0xBB, 0x01, 0x2A, 0x01, 0x28, 0xBC, 0xBD, 0xFE, 0xAB, 0x01, 0x5A, 0xFD, 0xCC,
    0x01, 0x26, 0x6E, 0x6E, 0xBC, 0xBC, 0x6E, 0x6E, 0x01, 0x26, 0xB3, 0x01, 0x0E, 0x01, 0x89, 0x01,
    0x28, 0xBE, 0xBD, 0xBD, 0xBC, 0xFE, 0xD6, 0xFE, 0x79, 0xFE, 0xF0, 0xB3, 0xB3, 0xE2, 0x01, 0xA3,
    0xEE, 0x8B, 0x89, 0x89, 0x8B, 0xEF, 0xFE, 0x5E, 0xE2, 0xB3, 0x00, 0x00, 0x00, 0x02, 0x00, 0x64,
    0xFF, 0xE7, 0x05, 0x52, 0x03, 0x8B, 0x00, 0x22, 0x00, 0x35, 0x00, 0x4D, 0x40, 0x4A, 0x33, 0x25,
    0x02, 0x06, 0x05, 0x19, 0x01, 0x04, 0x02, 0x02, 0x4C, 0x07, 0x01, 0x04, 0x02, 0x03, 0x02, 0x04,
    0x03, 0x80, 0x00, 0x01, 0x00, 0x05, 0x06, 0x01, 0x05, 0x69, 0x08, 0x01, 0x06, 0x00, 0x02, 0x04,
    0x06, 0x02, 0x67, 0x00, 0x03, 0x00, 0x00, 0x03, 0x59, 0x00, 0x03, 0x03, 0x00, 0x61, 0x00, 0x00,
    0x03, 0x00, 0x51, 0x23, 0x23, 0x00, 0x00, 0x23, 0x35, 0x23, 0x35, 0x2D, 0x2B, 0x00, 0x22, 0x00,
    0x22, 0x28, 0x24, 0x2A, 0x23, 0x09, 0x06, 0x1A, 0x2B, 0x25, 0x06, 0x07, 0x06, 0x23, 0x22, 0x27,
    0x26, 0x27, 0x26, 0x35, 0x34, 0x37, 0x36, 0x37, 0x36, 0x33, 0x32, 0x16, 0x17, 0x16, 0x15, 0x15,
    0x21, 0x22, 0x15, 0x15, 0x14, 0x17, 0x16, 0x17, 0x16, 0x33, 0x32, 0x37, 0x03, 0x32, 0x35, 0x35,
    0x34, 0x27, 0x26, 0x27, 0x26, 0x23, 0x22, 0x07, 0x06, 0x07, 0x06, 0x15, 0x15, 0x14, 0x33, 0x04,
    0xCE, 0x55, 0x55, 0x9C, 0xAD, 0x8C, 0x7D, 0x7E, 0x58, 0x98, 0x98, 0x59, 0x7D, 0x7D, 0x8C, 0x8C,
    0xF9, 0x5B, 0x97, 0xFC, 0x09, 0x0F, 0x19, 0x35, 0x6C, 0x6D, 0x6A, 0xEA, 0xA9, 0x15, 0x11, 0x1A,
    0x36, 0x6C, 0x6B, 0x6A, 0x6A, 0x6C, 0x6B, 0x35, 0x19, 0x0F, 0x9B, 0x4B, 0x25, 0x44, 0x2B, 0x2C,
    0x4C, 0x83, 0xAC, 0xAC, 0x84, 0x4D, 0x2A, 0x2B, 0x54, 0x4E, 0x84, 0xAC, 0x0D, 0x0D, 0xE4, 0x21,
    0x19, 0x35, 0x25, 0x24, 0x98, 0x01, 0x2B, 0x0D, 0xE5, 0x1F, 0x1A, 0x34, 0x26, 0x25, 0x25, 0x25,
    0x35, 0x19, 0x20, 0xE5, 0x0D, 0x00, 0x00, 0x00, 0x00, 0x05, 0x00, 0x32, 0xFF, 0xDB, 0x06, 0x5F,
    0x05, 0xED, 0x00, 0x05, 0x00, 0x09, 0x00, 0x21, 0x00, 0x29, 0x00, 0x36, 0x00, 0xAC, 0x40, 0x0D,
    0x04, 0x03, 0x02, 0x01, 0x04, 0x03, 0x01, 0x16, 0x01, 0x06, 0x00, 0x02, 0x4C, 0x4B, 0xB0, 0x1B,
    0x50, 0x58, 0x40, 0x23, 0x07, 0x01, 0x00, 0x05, 0x06, 0x05, 0x00, 0x06, 0x80, 0x00, 0x03, 0x00,
    0x05, 0x00, 0x03, 0x05, 0x6A, 0x00, 0x01, 0x01, 0x38, 0x4D, 0x00, 0x06, 0x06, 0x02, 0x61, 0x04,
    0x08, 0x02, 0x02, 0x02, 0x3F, 0x02, 0x4E, 0x1B, 0x4B, 0xB0, 0x26, 0x50, 0x58, 0x40, 0x23, 0x00,
    0x01, 0x03, 0x01, 0x85, 0x07, 0x01, 0x00, 0x05, 0x06, 0x05, 0x00, 0x06, 0x80, 0x00, 0x03, 0x00,
    0x05, 0x00, 0x03, 0x05, 0x6A, 0x00, 0x06, 0x06, 0x02, 0x61, 0x04, 0x08, 0x02, 0x02, 0x02, 0x3F,
    0x02, 0x4E, 0x1B, 0x40, 0x27, 0x00, 0x01, 0x03, 0x01, 0x85, 0x07, 0x01, 0x00, 0x05, 0x06, 0x05,
    0x00, 0x06, 0x80, 0x08, 0x01, 0x02, 0x04, 0x02, 0x86, 0x00, 0x03, 0x00, 0x05, 0x00, 0x03, 0x05,
    0x6A, 0x00, 0x06, 0x06, 0x04, 0x61, 0x00, 0x04, 0x04, 0x42, 0x04, 0x4E, 0x59, 0x59, 0x40, 0x19,
    0x06, 0x06, 0x00, 0x00, 0x31, 0x2F, 0x27, 0x25, 0x1D, 0x1B, 0x11, 0x0F, 0x06, 0x09, 0x06, 0x09,
    0x08, 0x07, 0x00, 0x05, 0x00, 0x05, 0x09, 0x09, 0x16, 0x2B, 0x01, 0x11, 0x07, 0x35, 0x25, 0x11,
    0x01, 0x01, 0x33, 0x01, 0x01, 0x26, 0x35, 0x34, 0x37, 0x36, 0x33, 0x32, 0x17, 0x16, 0x15, 0x14,
    0x07, 0x16, 0x15, 0x14, 0x07, 0x06, 0x23, 0x22, 0x27, 0x26, 0x35, 0x34, 0x25, 0x36, 0x35, 0x34,
    0x23, 0x22, 0x15, 0x14, 0x17, 0x06, 0x15, 0x14, 0x17, 0x16, 0x33, 0x32, 0x37, 0x36, 0x35, 0x34,
    0x27, 0x01, 0x04, 0xD2, 0x01, 0x8B, 0xFE, 0xED, 0x04, 0x40, 0x93, 0xFB, 0xC0, 0x03, 0x3E, 0x81,
    0x52, 0x52, 0x85, 0x7E, 0x4A, 0x4B, 0x94, 0xBD, 0x5E, 0x5D, 0x98, 0x92, 0x58, 0x59, 0x01, 0x7A,
    0x54, 0x83, 0x7A, 0x3C, 0x5E, 0x30, 0x30, 0x4A, 0x40, 0x2C, 0x2B, 0x91, 0x02, 0x5B, 0x02, 0xE0,
    0x34, 0x7C, 0x63, 0xFC, 0x75, 0xFD, 0x80, 0x06, 0x12, 0xF9, 0xEE, 0x01, 0xFE, 0x55, 0x78, 0x66,
    0x41, 0x3F, 0x36, 0x36, 0x5C, 0x76, 0x67, 0x65, 0x94, 0x75, 0x49, 0x48, 0x42, 0x42, 0x6C, 0x9C,
    0xA7, 0x43, 0x4C, 0x71, 0x5F, 0x47, 0xD9, 0x4F, 0x57, 0x44, 0x2D, 0x2D, 0x23, 0x22, 0x34, 0x4B,
    0x52, 0x00, 0x00, 0x00, 0x00, 0x05, 0x00, 0x37, 0xFF, 0xDB, 0x06, 0x5B, 0x05, 0xED, 0x00, 0x03,
    0x00, 0x25, 0x00, 0x41, 0x00, 0x49, 0x00, 0x58, 0x00, 0xED, 0x40, 0x1A, 0x04, 0x01, 0x07, 0x00,
    0x25, 0x01, 0x06, 0x07, 0x0A, 0x01, 0x05, 0x06, 0x14, 0x01, 0x04, 0x0A, 0x13, 0x01, 0x03, 0x04,
    0x34, 0x01, 0x0B, 0x03, 0x06, 0x4C, 0x4B, 0xB0, 0x24, 0x50, 0x58, 0x40, 0x32, 0x00, 0x08, 0x00,
    0x0A, 0x04, 0x08, 0x0A, 0x6A, 0x00, 0x04, 0x00, 0x03, 0x0B, 0x04, 0x03, 0x69, 0x00, 0x07, 0x07,
    0x00, 0x61, 0x02, 0x01, 0x00, 0x00, 0x3E, 0x4D, 0x00, 0x05, 0x05, 0x06, 0x61, 0x00, 0x06, 0x06,
    0x41, 0x4D, 0x00, 0x0B, 0x0B, 0x01, 0x61, 0x09, 0x0C, 0x02, 0x01, 0x01, 0x3F, 0x01, 0x4E, 0x1B,
    0x4B, 0xB0, 0x2A, 0x50, 0x58, 0x40, 0x36, 0x0C, 0x01, 0x01, 0x09, 0x01, 0x86, 0x00, 0x08, 0x00,
    0x0A, 0x04, 0x08, 0x0A, 0x6A, 0x00, 0x04, 0x00, 0x03, 0x0B, 0x04, 0x03, 0x69, 0x00, 0x07, 0x07,
    0x00, 0x61, 0x02, 0x01, 0x00, 0x00, 0x3E, 0x4D, 0x00, 0x05, 0x05, 0x06, 0x61, 0x00, 0x06, 0x06,
    0x41, 0x4D, 0x00, 0x0B, 0x0B, 0x09, 0x61, 0x00, 0x09, 0x09, 0x42, 0x09, 0x4E, 0x1B, 0x40, 0x34,
    0x0C, 0x01, 0x01, 0x09, 0x01, 0x86, 0x02, 0x01, 0x00, 0x00, 0x07, 0x06, 0x00, 0x07, 0x69, 0x00,
    0x08, 0x00, 0x0A, 0x04, 0x08, 0x0A, 0x6A, 0x00, 0x04, 0x00, 0x03, 0x0B, 0x04, 0x03, 0x69, 0x00,
    0x05, 0x05, 0x06, 0x61, 0x00, 0x06, 0x06, 0x41, 0x4D, 0x00, 0x0B, 0x0B, 0x09, 0x61, 0x00, 0x09,
    0x09, 0x42, 0x09, 0x4E, 0x59, 0x59, 0x40, 0x1E, 0x00, 0x00, 0x52, 0x50, 0x47, 0x45, 0x3C, 0x3A,
    0x2E, 0x2C, 0x24, 0x22, 0x1F, 0x1D, 0x1C, 0x1A, 0x17, 0x15, 0x12, 0x10, 0x07, 0x05, 0x00, 0x03,
    0x00, 0x03, 0x11, 0x0D, 0x09, 0x17, 0x2B, 0x17, 0x01, 0x33, 0x01, 0x01, 0x36, 0x33, 0x20, 0x15,
    0x14, 0x07, 0x16, 0x15, 0x14, 0x0E, 0x02, 0x23, 0x22, 0x27, 0x35, 0x16, 0x33, 0x32, 0x36, 0x35,
    0x34, 0x21, 0x23, 0x35, 0x33, 0x32, 0x35, 0x34, 0x26, 0x23, 0x22, 0x07, 0x01, 0x26, 0x35, 0x34,
    0x3E, 0x02, 0x33, 0x32, 0x1E, 0x02, 0x15, 0x14, 0x07, 0x16, 0x15, 0x14, 0x0E, 0x02, 0x23, 0x22,
    0x2E, 0x02, 0x35, 0x34, 0x25, 0x36, 0x35, 0x34, 0x23, 0x22, 0x15, 0x14, 0x17, 0x06, 0x15, 0x14,
    0x1E, 0x02, 0x33, 0x32, 0x3E, 0x02, 0x35, 0x34, 0x27, 0xE7, 0x04, 0x13, 0x94, 0xFB, 0xED, 0xFE,
    0xC8, 0x81, 0x75, 0x01, 0x2D, 0xC6, 0xE2, 0x2F, 0x59, 0x80, 0x50, 0x73, 0x80, 0x84, 0x5A, 0x51,
    0x5C, 0xFE, 0xFE, 0x37, 0x2D, 0xF3, 0x4B, 0x48, 0x63, 0x70, 0x04, 0x35, 0x81, 0x2B, 0x4E, 0x6D,
    0x42, 0x3F, 0x66, 0x48, 0x27, 0x94, 0xBC, 0x31, 0x59, 0x7D, 0x4B, 0x48, 0x77, 0x55, 0x2F, 0x01,
    0x79, 0x55, 0x83, 0x7B, 0x3C, 0x5E, 0x1A, 0x2E, 0x3E, 0x24, 0x20, 0x37, 0x29, 0x17, 0x90, 0x25,
    0x06, 0x12, 0xF9, 0xEE, 0x05, 0xE2, 0x29, 0xD4, 0x9F, 0x40, 0x33, 0xBD, 0x3B, 0x60, 0x43, 0x24,
    0x1D, 0x88, 0x33, 0x4C, 0x45, 0xAF, 0x6E, 0x9C, 0x3C, 0x3B, 0x32, 0xFC, 0x97, 0x54, 0x79, 0x34,
    0x55, 0x3C, 0x21, 0x1C, 0x34, 0x4A, 0x2E, 0x75, 0x68, 0x64, 0x95, 0x3B, 0x60, 0x45, 0x25, 0x22,
    0x3E, 0x58, 0x37, 0x9D, 0xA6, 0x44, 0x4B, 0x71, 0x5F, 0x46, 0xDA, 0x4F, 0x57, 0x23, 0x3A, 0x2A,
    0x17, 0x12, 0x21, 0x2C, 0x1A, 0x4C, 0x51, 0x00, 0x00, 0x05, 0x00, 0x50, 0xFF, 0xDB, 0x06, 0x55,
    0x05, 0xED, 0x00, 0x05, 0x00, 0x21, 0x00, 0x29, 0x00, 0x3A, 0x00, 0x55, 0x01, 0x6A, 0x40, 0x13,
    0x43, 0x01, 0x02, 0x07, 0x3B, 0x01, 0x06, 0x04, 0x55, 0x01, 0x0B, 0x06, 0x2D, 0x14, 0x02, 0x05,
    0x0B, 0x04, 0x4C, 0x4B, 0xB0, 0x1B, 0x50, 0x58, 0x40, 0x36, 0x00, 0x02, 0x00, 0x04, 0x06, 0x02,
    0x04, 0x6A, 0x00, 0x06, 0x00, 0x0B, 0x05, 0x06, 0x0B, 0x69, 0x00, 0x00, 0x00, 0x38, 0x4D, 0x00,
    0x09, 0x09, 0x08, 0x5F, 0x00, 0x08, 0x08, 0x38, 0x4D, 0x00, 0x07, 0x07, 0x0A, 0x61, 0x00, 0x0A,
    0x0A, 0x41, 0x4D, 0x00, 0x05, 0x05, 0x01, 0x61, 0x03, 0x0C, 0x02, 0x01, 0x01, 0x3F, 0x01, 0x4E,
    0x1B, 0x4B, 0xB0, 0x1F, 0x50, 0x58, 0x40, 0x36, 0x00, 0x00, 0x08, 0x00, 0x85, 0x00, 0x02, 0x00,
    0x04, 0x06, 0x02, 0x04, 0x6A, 0x00, 0x06, 0x00, 0x0B, 0x05, 0x06, 0x0B, 0x69, 0x00, 0x09, 0x09,
    0x08, 0x5F, 0x00, 0x08, 0x08, 0x38, 0x4D, 0x00, 0x07, 0x07, 0x0A, 0x61, 0x00, 0x0A, 0x0A, 0x41,
    0x4D, 0x00, 0x05, 0x05, 0x01, 0x61, 0x03, 0x0C, 0x02, 0x01, 0x01, 0x3F, 0x01, 0x4E, 0x1B, 0x4B,
    0xB0, 0x24, 0x50, 0x58, 0x40, 0x34, 0x00, 0x00, 0x08, 0x00, 0x85, 0x00, 0x0A, 0x00, 0x07, 0x02,
    0x0A, 0x07, 0x69, 0x00, 0x02, 0x00, 0x04, 0x06, 0x02, 0x04, 0x6A, 0x00, 0x06, 0x00, 0x0B, 0x05,
    0x06, 0x0B, 0x69, 0x00, 0x09, 0x09, 0x08, 0x5F, 0x00, 0x08, 0x08, 0x38, 0x4D, 0x00, 0x05, 0x05,
    0x01, 0x61, 0x03, 0x0C, 0x02, 0x01, 0x01, 0x3F, 0x01, 0x4E, 0x1B, 0x4B, 0xB0, 0x2A, 0x50, 0x58,
    0x40, 0x38, 0x00, 0x00, 0x08, 0x00, 0x85, 0x0C, 0x01, 0x01, 0x03, 0x01, 0x86, 0x00, 0x0A, 0x00,
    0x07, 0x02, 0x0A, 0x07, 0x69, 0x00, 0x02, 0x00, 0x04, 0x06, 0x02, 0x04, 0x6A, 0x00, 0x06, 0x00,
    0x0B, 0x05, 0x06, 0x0B, 0x69, 0x00, 0x09, 0x09, 0x08, 0x5F, 0x00, 0x08, 0x08, 0x38, 0x4D, 0x00,
    0x05, 0x05, 0x03, 0x61, 0x00, 0x03, 0x03, 0x42, 0x03, 0x4E, 0x1B, 0x40, 0x36, 0x00, 0x00, 0x08,
    0x00, 0x85, 0x0C, 0x01, 0x01, 0x03, 0x01, 0x86, 0x00, 0x08, 0x00, 0x09, 0x0A, 0x08, 0x09, 0x67,
    0x00, 0x0A, 0x00, 0x07, 0x02, 0x0A, 0x07, 0x69, 0x00, 0x02, 0x00, 0x04, 0x06, 0x02, 0x04, 0x6A,
    0x00, 0x06, 0x00, 0x0B, 0x05, 0x06, 0x0B, 0x69, 0x00, 0x05, 0x05, 0x03, 0x61, 0x00, 0x03, 0x03,
    0x42, 0x03, 0x4E, 0x59, 0x59, 0x59, 0x59, 0x40, 0x1E, 0x00, 0x00, 0x53, 0x51, 0x49, 0x48, 0x47,
    0x46, 0x45, 0x44, 0x42, 0x40, 0x3E, 0x3C, 0x35, 0x33, 0x27, 0x25, 0x1C, 0x1A, 0x0E, 0x0C, 0x00,
    0x05, 0x00, 0x05, 0x13, 0x0D, 0x09, 0x17, 0x2B, 0x17, 0x12, 0x00, 0x13, 0x33, 0x01, 0x01, 0x26,
    0x35, 0x34, 0x3E, 0x02, 0x33, 0x32, 0x1E, 0x02, 0x15, 0x14, 0x07, 0x16, 0x15, 0x14, 0x0E, 0x02,
    0x23, 0x22, 0x2E, 0x02, 0x35, 0x34, 0x25, 0x36, 0x35, 0x34, 0x23, 0x22, 0x15, 0x14, 0x13, 0x26,
    0x26, 0x27, 0x06, 0x15, 0x14, 0x1E, 0x02, 0x33, 0x32, 0x3E, 0x02, 0x35, 0x34, 0x01, 0x16, 0x33,
    0x32, 0x35, 0x34, 0x21, 0x22, 0x07, 0x11, 0x21, 0x15, 0x21, 0x15, 0x32, 0x1E, 0x02, 0x15, 0x14,
    0x0E, 0x02, 0x23, 0x22, 0x26, 0x27, 0xF0, 0xFA, 0x01, 0xF6, 0xFB, 0x93, 0xFC, 0x16, 0x02, 0xED,
    0x81, 0x2C, 0x4E, 0x6D, 0x42, 0x3E, 0x66, 0x48, 0x27, 0x94, 0xBD, 0x32, 0x59, 0x7D, 0x4B, 0x48,
    0x77, 0x55, 0x2F, 0x01, 0x7A, 0x54, 0x83, 0x7B, 0x8F, 0x14, 0x2A, 0x15, 0x5D, 0x1A, 0x2E, 0x3E,
    0x24, 0x1F, 0x38, 0x28, 0x18, 0xFA, 0xA1, 0x73, 0x4D, 0xA3, 0xFE, 0xEE, 0x22, 0x1F, 0x02, 0x05,
    0xFE, 0x79, 0x5C, 0x97, 0x6B, 0x3B, 0x31, 0x5B, 0x80, 0x4F, 0x2A, 0x65, 0x3D, 0x25, 0x01, 0x84,
    0x03, 0x09, 0x01, 0x85, 0xF9, 0xEE, 0x01, 0xFE, 0x55, 0x78, 0x34, 0x55, 0x3C, 0x21, 0x1C, 0x34,
    0x4A, 0x2E, 0x76, 0x67, 0x65, 0x94, 0x3B, 0x61, 0x44, 0x25, 0x22, 0x3E, 0x58, 0x37, 0x9D, 0xA6,
    0x43, 0x4C, 0x71, 0x60, 0x46, 0xFE, 0xF9, 0x0C, 0x17, 0x0B, 0x4E, 0x58, 0x23, 0x3A, 0x2A, 0x17,
    0x13, 0x20, 0x2C, 0x1A, 0x4A, 0x01, 0xBD, 0x2D, 0xA5, 0xBE, 0x06, 0x01, 0xC0, 0x91, 0xBA, 0x28,
    0x4C, 0x6F, 0x47, 0x41, 0x67, 0x4A, 0x27, 0x0C, 0x0E, 0x00, 0x00, 0x00, 0x00, 0x05, 0x00, 0x46,
    0xFF, 0xDB, 0x06, 0x4B, 0x05, 0xED, 0x00, 0x09, 0x00, 0x0D, 0x00, 0x25, 0x00, 0x2D, 0x00, 0x3A,
    0x01, 0x02, 0x40, 0x0B, 0x1A, 0x01, 0x08, 0x02, 0x01, 0x4C, 0x07, 0x01, 0x00, 0x01, 0x4B, 0x4B,
    0xB0, 0x1B, 0x50, 0x58, 0x40, 0x2D, 0x09, 0x01, 0x02, 0x07, 0x08, 0x07, 0x02, 0x08, 0x80, 0x00,
    0x05, 0x00, 0x07, 0x02, 0x05, 0x07, 0x6A, 0x00, 0x03, 0x03, 0x38, 0x4D, 0x00, 0x00, 0x00, 0x01,
    0x5F, 0x00, 0x01, 0x01, 0x38, 0x4D, 0x00, 0x08, 0x08, 0x04, 0x61, 0x06, 0x0A, 0x02, 0x04, 0x04,
    0x3F, 0x04, 0x4E, 0x1B, 0x4B, 0xB0, 0x26, 0x50, 0x58, 0x40, 0x2D, 0x00, 0x03, 0x01, 0x03, 0x85,
    0x09, 0x01, 0x02, 0x07, 0x08, 0x07, 0x02, 0x08, 0x80, 0x00, 0x05, 0x00, 0x07, 0x02, 0x05, 0x07,
    0x6A, 0x00, 0x00, 0x00, 0x01, 0x5F, 0x00, 0x01, 0x01, 0x38, 0x4D, 0x00, 0x08, 0x08, 0x04, 0x61,
    0x06, 0x0A, 0x02, 0x04, 0x04, 0x3F, 0x04, 0x4E, 0x1B, 0x4B, 0xB0, 0x2A, 0x50, 0x58, 0x40, 0x31,
    0x00, 0x03, 0x01, 0x03, 0x85, 0x09, 0x01, 0x02, 0x07, 0x08, 0x07, 0x02, 0x08, 0x80, 0x0A, 0x01,
    0x04, 0x06, 0x04, 0x86, 0x00, 0x05, 0x00, 0x07, 0x02, 0x05, 0x07, 0x6A, 0x00, 0x00, 0x00, 0x01,
    0x5F, 0x00, 0x01, 0x01, 0x38, 0x4D, 0x00, 0x08, 0x08, 0x06, 0x61, 0x00, 0x06, 0x06, 0x42, 0x06,
    0x4E, 0x1B, 0x40, 0x2F, 0x00, 0x03, 0x01, 0x03, 0x85, 0x09, 0x01, 0x02, 0x07, 0x08, 0x07, 0x02,
    0x08, 0x80, 0x0A, 0x01, 0x04, 0x06, 0x04, 0x86, 0x00, 0x01, 0x00, 0x00, 0x05, 0x01, 0x00, 0x67,
    0x00, 0x05, 0x00, 0x07, 0x02, 0x05, 0x07, 0x6A, 0x00, 0x08, 0x08, 0x06, 0x61, 0x00, 0x06, 0x06,
    0x42, 0x06, 0x4E, 0x59, 0x59, 0x59, 0x40, 0x1B, 0x0A, 0x0A, 0x00, 0x00, 0x35, 0x33, 0x2B, 0x29,
    0x21, 0x1F, 0x15, 0x13, 0x0A, 0x0D, 0x0A, 0x0D, 0x0C, 0x0B, 0x00, 0x09, 0x00, 0x09, 0x11, 0x13,
    0x0B, 0x09, 0x18, 0x2B, 0x13, 0x36, 0x13, 0x13, 0x21, 0x35, 0x21, 0x15, 0x00, 0x03, 0x03, 0x01,
    0x33, 0x01, 0x01, 0x26, 0x35, 0x34, 0x37, 0x36, 0x33, 0x32, 0x17, 0x16, 0x15, 0x14, 0x07, 0x16,
    0x15, 0x14, 0x07, 0x06, 0x23, 0x22, 0x27, 0x26, 0x35, 0x34, 0x25, 0x36, 0x35, 0x34, 0x23, 0x22,
    0x15, 0x14, 0x17, 0x06, 0x15, 0x14, 0x17, 0x16, 0x33, 0x32, 0x37, 0x36, 0x35, 0x34, 0x27, 0x71,
    0x17, 0xC6, 0xCB, 0xFE, 0x2D, 0x02, 0x68, 0xFE, 0xA5, 0x1A, 0xC4, 0x04, 0x40, 0x93, 0xFB, 0xC0,
    0x03, 0x60, 0x81, 0x51, 0x52, 0x85, 0x7E, 0x4B, 0x4B, 0x94, 0xBC, 0x5E, 0x5D, 0x98, 0x92, 0x58,
    0x59, 0x01, 0x7A, 0x54, 0x82, 0x7B, 0x3C, 0x5E, 0x30, 0x31, 0x49, 0x40, 0x2C, 0x2B, 0x90, 0x02,
    0x50, 0xAA, 0x01, 0x15, 0x01, 0x25, 0x94, 0x94, 0xFE, 0x4C, 0xFE, 0xD0, 0xFD, 0x8B, 0x06, 0x12,
    0xF9, 0xEE, 0x01, 0xFE, 0x54, 0x79, 0x66, 0x41, 0x3F, 0x36, 0x36, 0x5C, 0x75, 0x68, 0x64, 0x95,
    0x76, 0x48, 0x48, 0x42, 0x42, 0x6C, 0x9C, 0xA7, 0x43, 0x4C, 0x71, 0x60, 0x46, 0xD9, 0x4F, 0x57,
    0x44, 0x2D, 0x2D, 0x23, 0x22, 0x34, 0x4A, 0x53, 0x00, 0x01, 0x00, 0x82, 0x00, 0xBF, 0x07, 0x4C,
    0x03, 0xE1, 0x00, 0x06, 0x00, 0x20, 0x40, 0x1D, 0x01, 0x01, 0x00, 0x4A, 0x06, 0x01, 0x01, 0x49,
    0x00, 0x00, 0x01, 0x01, 0x00, 0x57, 0x00, 0x00, 0x00, 0x01, 0x5F, 0x00, 0x01, 0x00, 0x01, 0x4F,
    0x11, 0x12, 0x02, 0x06, 0x18, 0x2B, 0x13, 0x01, 0x03, 0x21, 0x15, 0x21, 0x13, 0x82, 0x02, 0xB6,
    0xA0, 0x04, 0xB4, 0xFB, 0x4C, 0xA0, 0x02, 0x50, 0x01, 0x91, 0xFE, 0xBF, 0xA0, 0xFE, 0xBF, 0x00,
    0x00, 0x01, 0x00, 0x6F, 0xFE, 0x75, 0x03, 0x91, 0x06, 0x44, 0x00, 0x06, 0x00, 0x12, 0x40, 0x0F,
    0x06, 0x05, 0x02, 0x01, 0x04, 0x00, 0x4A, 0x00, 0x00, 0x00, 0x76, 0x13, 0x01, 0x06, 0x17, 0x2B,
    0x01, 0x01, 0x25, 0x11, 0x23, 0x11, 0x05, 0x02, 0x00, 0x01, 0x91, 0xFE, 0xBF, 0xA0, 0xFE, 0xBF,
    0x06, 0x44, 0xFD, 0x49, 0xA1, 0xFA, 0x47, 0x05, 0xB9, 0xA1, 0x00, 0x00, 0x00, 0x01, 0x00, 0xB4,
    0x00, 0xBF, 0x07, 0x7E, 0x03, 0xE1, 0x00, 0x08, 0x00, 0x22, 0x40, 0x1F, 0x08, 0x01, 0x00, 0x01,
    0x01, 0x4C, 0x05, 0x01, 0x01, 0x4A, 0x00, 0x01, 0x00, 0x00, 0x01, 0x57, 0x00, 0x01, 0x01, 0x00,
    0x5F, 0x00, 0x00, 0x01, 0x00, 0x4F, 0x11, 0x11, 0x02, 0x06, 0x18, 0x2B, 0x25, 0x13, 0x21, 0x35,
    0x21, 0x03, 0x16, 0x04, 0x17, 0x04, 0xC7, 0xA1, 0xFB, 0x4C, 0x04, 0xB4, 0xA1, 0xAF, 0x01, 0x59,
    0xAF, 0xBF, 0x01, 0x41, 0xA0, 0x01, 0x41, 0x65, 0xC8, 0x64, 0x00, 0x00, 0x00, 0x01, 0x00, 0x6F,
    0xFE, 0x75, 0x03, 0x91, 0x06, 0x44, 0x00, 0x08, 0x00, 0x12, 0x40, 0x0F, 0x08, 0x07, 0x04, 0x03,
    0x04, 0x00, 0x49, 0x00, 0x00, 0x00, 0x76, 0x15, 0x01, 0x06, 0x17, 0x2B, 0x01, 0x26, 0x02, 0x27,
    0x05, 0x11, 0x33, 0x11, 0x25, 0x01, 0xFF, 0x64, 0xC8, 0x64, 0x01, 0x40, 0xA1, 0x01, 0x41, 0xFE,
    0x75, 0xAF, 0x01, 0x59, 0xAE, 0xA0, 0x05, 0xB9, 0xFA, 0x47, 0xA0, 0x00, 0x00, 0x01, 0x00, 0x5A,
    0x00, 0xBE, 0x07, 0xA6, 0x03, 0xE0, 0x00, 0x09, 0x00, 0x28, 0x40, 0x25, 0x05, 0x01, 0x01, 0x00,
    0x01, 0x4C, 0x04, 0x01, 0x02, 0x00, 0x4A, 0x09, 0x06, 0x02, 0x01, 0x49, 0x00, 0x00, 0x01, 0x01,
    0x00, 0x57, 0x00, 0x00, 0x00, 0x01, 0x5F, 0x00, 0x01, 0x00, 0x01, 0x4F, 0x14, 0x12, 0x02, 0x06,
    0x18, 0x2B, 0x13, 0x01, 0x03, 0x21, 0x03, 0x01, 0x01, 0x13, 0x21, 0x13, 0x5A, 0x02, 0xB6, 0xA0,
    0x03, 0x20, 0xA1, 0x02, 0xB7, 0xFD, 0x49, 0xA1, 0xFC, 0xE0, 0xA0, 0x02, 0x50, 0x01, 0x90, 0xFE,
    0xC0, 0x01, 0x40, 0xFE, 0x70, 0xFE, 0x6E, 0x01, 0x41, 0xFE, 0xBF, 0x00, 0x00, 0x01, 0x00, 0x6F,
    0xFE, 0x75, 0x03, 0x91, 0x06, 0x44, 0x00, 0x09, 0x00, 0x06, 0xB3, 0x05, 0x00, 0x01, 0x32, 0x2B,
    0x01, 0x01, 0x25, 0x11, 0x25, 0x01, 0x01, 0x05, 0x11, 0x05, 0x02, 0x00, 0x01, 0x91, 0xFE, 0xBF,
    0x01, 0x41, 0xFE, 0x6F, 0xFE, 0x6F, 0x01, 0x41, 0xFE, 0xBF, 0x06, 0x44, 0xFD, 0x49, 0xA1, 0xFC,
    0x5D, 0xA0, 0xFD, 0x4A, 0x02, 0xB6, 0xA0, 0x03, 0xA3, 0xA1, 0x00, 0x00, 0x00, 0x02, 0x00, 0x6F,
    0xFE, 0x1F, 0x03, 0x91, 0x06, 0x44, 0x00, 0x09, 0x00, 0x0D, 0x00, 0x24, 0x40, 0x21, 0x09, 0x08,
    0x07, 0x06, 0x05, 0x04, 0x03, 0x02, 0x01, 0x09, 0x00, 0x4A, 0x00, 0x00, 0x01, 0x01, 0x00, 0x57,
    0x00, 0x00, 0x00, 0x01, 0x5F, 0x00, 0x01, 0x00, 0x01, 0x4F, 0x11, 0x1A, 0x02, 0x06, 0x18, 0x2B,
    0x01, 0x01, 0x25, 0x11, 0x25, 0x01, 0x01, 0x05, 0x11, 0x05, 0x11, 0x21, 0x15, 0x21, 0x02, 0x00,
    0x01, 0x91, 0xFE, 0xBF, 0x01, 0x41, 0xFE, 0x6F, 0xFE, 0x6F, 0x01, 0x41, 0xFE, 0xBF, 0x03, 0x22,
    0xFC, 0xDE, 0x06, 0x44, 0xFD, 0x49, 0xA1, 0xFD, 0x56, 0xA1, 0xFD, 0x49, 0x02, 0xB7, 0xA1, 0x02,
    0xAA, 0xA1, 0xFB, 0x32, 0xA0, 0x00, 0x00, 0x00, 0x00, 0x02, 0x00, 0x2D, 0xFF, 0xE7, 0x03, 0xC8,
    0x06, 0x44, 0x00, 0x1E, 0x00, 0x2F, 0x00, 0x32, 0x40, 0x2F, 0x16, 0x01, 0x04, 0x02, 0x01, 0x4C,
    0x00, 0x00, 0x00, 0x03, 0x02, 0x00, 0x03, 0x69, 0x00, 0x02, 0x00, 0x04, 0x05, 0x02, 0x04, 0x69,
    0x00, 0x05, 0x01, 0x01, 0x05, 0x59, 0x00, 0x05, 0x05, 0x01, 0x61, 0x00, 0x01, 0x05, 0x01, 0x51,
    0x28, 0x23, 0x26, 0x27, 0x27, 0x21, 0x06, 0x06, 0x1C, 0x2B, 0x13, 0x12, 0x21, 0x32, 0x1E, 0x02,
    0x15, 0x10, 0x03, 0x06, 0x23, 0x22, 0x2E, 0x02, 0x35, 0x10, 0x37, 0x36, 0x33, 0x32, 0x17, 0x35,
    0x34, 0x2E, 0x02, 0x23, 0x22, 0x06, 0x01, 0x26, 0x23, 0x22, 0x07, 0x06, 0x06, 0x15, 0x14, 0x1E,
    0x02, 0x33, 0x32, 0x3E, 0x02, 0x54, 0x9C, 0x01, 0x0E, 0x6A, 0xAA, 0x77, 0x3F, 0xC2, 0xAA, 0xFB,
    0x46, 0x72, 0x50, 0x2C, 0xAE, 0xAD, 0xCF, 0x5C, 0x6B, 0x38, 0x62, 0x86, 0x4F, 0x56, 0xB0, 0x02,
    0x6F, 0x51, 0x5B, 0x7A, 0x66, 0x30, 0x35, 0x13, 0x24, 0x36, 0x23, 0x42, 0x74, 0x5D, 0x40, 0x05,
    0x06, 0x01, 0x3E, 0x5F, 0xB1, 0xFC, 0x9C, 0xFE, 0x60, 0xFE, 0xE4, 0xF9, 0x30, 0x5A, 0x80, 0x4F,
    0x01, 0x08, 0xE1, 0xE0, 0x49, 0x20, 0x5C, 0x9C, 0x71, 0x40, 0x41, 0xFD, 0xBC, 0x57, 0x9A, 0x49,
    0xA1, 0x56, 0x3A, 0x51, 0x34, 0x18, 0x64, 0xA7, 0xD9, 0x00, 0x00, 0x00, 0x00, 0x02, 0x00, 0x32,
    0x00, 0x00, 0x05, 0x2F, 0x05, 0xC8, 0x00, 0x05, 0x00, 0x0A, 0x00, 0x2B, 0x40, 0x28, 0x04, 0x01,
    0x02, 0x02, 0x01, 0x4B, 0x00, 0x00, 0x02, 0x00, 0x85, 0x00, 0x02, 0x01, 0x01, 0x02, 0x57, 0x00,
    0x02, 0x02, 0x01, 0x5F, 0x03, 0x01, 0x01, 0x02, 0x01, 0x4F, 0x00, 0x00, 0x0A, 0x09, 0x00, 0x05,
    0x00, 0x05, 0x12, 0x04, 0x06, 0x17, 0x2B, 0x33, 0x35, 0x01, 0x33, 0x01, 0x15, 0x01, 0x06, 0x02,
    0x07, 0x21, 0x32, 0x02, 0x12, 0xD9, 0x02, 0x12, 0xFD, 0x5F, 0x67, 0xCC, 0x67, 0x03, 0x35, 0xD8,
    0x04, 0xF0, 0xFB, 0x10, 0xD8, 0x04, 0xB2, 0xF8, 0xFE, 0x16, 0xF8, 0x00, 0x00, 0x01, 0x00, 0xA1,
    0xFE, 0x75, 0x05, 0xF4, 0x05, 0xC8, 0x00, 0x0B, 0x00, 0x2A, 0x40, 0x27, 0x06, 0x05, 0x02, 0x03,
    0x00, 0x03, 0x86, 0x00, 0x01, 0x00, 0x00, 0x01, 0x57, 0x00, 0x01, 0x01, 0x00, 0x5F, 0x04, 0x02,
    0x02, 0x00, 0x01, 0x00, 0x4F, 0x00, 0x00, 0x00, 0x0B, 0x00, 0x0B, 0x11, 0x11, 0x11, 0x11, 0x11,
    0x07, 0x06, 0x1B, 0x2B, 0x01, 0x11, 0x23, 0x35, 0x21, 0x15, 0x23, 0x11, 0x21, 0x11, 0x21, 0x11,
    0x01, 0x1C, 0x7B, 0x05, 0x53, 0x7B, 0xFE, 0xFD, 0xFD, 0xA9, 0xFE, 0x75, 0x06, 0x9F, 0xB4, 0xB4,
    0xF9, 0x61, 0x06, 0x9F, 0xF9, 0x61, 0x00, 0x00, 0x00, 0x01, 0x00, 0x56, 0xFE, 0xA6, 0x05, 0x5E,
    0x05, 0xC8, 0x00, 0x0B, 0x00, 0x37, 0x40, 0x34, 0x08, 0x02, 0x02, 0x02, 0x01, 0x01, 0x4C, 0x03,
    0x01, 0x01, 0x01, 0x01, 0x02, 0x02, 0x4B, 0x00, 0x00, 0x00, 0x01, 0x02, 0x00, 0x01, 0x67, 0x00,
    0x02, 0x03, 0x03, 0x02, 0x57, 0x00, 0x02, 0x02, 0x03, 0x5F, 0x04, 0x01, 0x03, 0x02, 0x03, 0x4F,
    0x00, 0x00, 0x00, 0x0B, 0x00, 0x0B, 0x12, 0x11, 0x14, 0x05, 0x06, 0x19, 0x2B, 0x13, 0x35, 0x01,
    0x01, 0x35, 0x21, 0x15, 0x21, 0x01, 0x01, 0x21, 0x15, 0x56, 0x02, 0x58, 0xFD, 0xCE, 0x04, 0xB7,
    0xFC, 0x92, 0x02, 0x10, 0xFD, 0x86, 0x04, 0x03, 0xFE, 0xA6, 0xDD, 0x02, 0xC0, 0x02, 0xD1, 0xB4,
    0xB4, 0xFD, 0x57, 0xFD, 0x18, 0xDD, 0x00, 0x00, 0x00, 0x01, 0x00, 0x66, 0x02, 0x00, 0x04, 0x45,
    0x02, 0xA0, 0x00, 0x03, 0x00, 0x1E, 0x40, 0x1B, 0x00, 0x00, 0x01, 0x01, 0x00, 0x57, 0x00, 0x00,
    0x00, 0x01, 0x5F, 0x02, 0x01, 0x01, 0x00, 0x01, 0x4F, 0x00, 0x00, 0x00, 0x03, 0x00, 0x03, 0x11,
    0x03, 0x06, 0x17, 0x2B, 0x13, 0x35, 0x21, 0x15, 0x66, 0x03, 0xDF, 0x02, 0x00, 0xA0, 0xA0, 0x00,
    0x00, 0x01, 0xFF, 0x1E, 0xFE, 0xD8, 0x02, 0x38, 0x06, 0x2B, 0x00, 0x03, 0x00, 0x17, 0x40, 0x14,
    0x00, 0x00, 0x01, 0x00, 0x85, 0x02, 0x01, 0x01, 0x01, 0x76, 0x00, 0x00, 0x00, 0x03, 0x00, 0x03,
    0x11, 0x03, 0x06, 0x17, 0x2B, 0x03, 0x01, 0x33, 0x01, 0xE2, 0x02, 0x71, 0xA9, 0xFD, 0x8F, 0xFE,
    0xD8, 0x07, 0x53, 0xF8, 0xAD, 0x00, 0x00, 0x00, 0x00, 0x01, 0x00, 0x50, 0x01, 0xAF, 0x01, 0xE9,
    0x03, 0x48, 0x00, 0x0F, 0x00, 0x18, 0x40, 0x15, 0x00, 0x00, 0x01, 0x01, 0x00, 0x59, 0x00, 0x00,
    0x00, 0x01, 0x61, 0x00, 0x01, 0x00, 0x01, 0x51, 0x26, 0x23, 0x02, 0x06, 0x18, 0x2B, 0x13, 0x34,
    0x37, 0x36, 0x33, 0x32, 0x17, 0x16, 0x15, 0x14, 0x07, 0x06, 0x23, 0x22, 0x27, 0x26, 0x50, 0x3C,
    0x3C, 0x55, 0x54, 0x3C, 0x3C, 0x3C, 0x3B, 0x55, 0x57, 0x3B, 0x3B, 0x02, 0x7E, 0x52, 0x3C, 0x3C,
    0x3C, 0x3C, 0x55, 0x55, 0x3C, 0x3B, 0x3B, 0x3B, 0x00, 0x01, 0x00, 0x00, 0xFF, 0x3A, 0x04, 0x64,
    0x07, 0x2E, 0x00, 0x08, 0x00, 0x1A, 0x40, 0x17, 0x08, 0x03, 0x02, 0x01, 0x04, 0x01, 0x00, 0x01,
    0x4C, 0x00, 0x00, 0x01, 0x00, 0x85, 0x00, 0x01, 0x01, 0x76, 0x11, 0x14, 0x02, 0x06, 0x18, 0x2B,
    0x13, 0x27, 0x25, 0x01, 0x01, 0x33, 0x01, 0x23, 0x01, 0x44, 0x44, 0x01, 0x4F, 0x01, 0x5A, 0x01,
    0x34, 0x87, 0xFE, 0x7C, 0x7E, 0xFE, 0x7F, 0x01, 0xA9, 0x79, 0xB4, 0xFD, 0x79, 0x06, 0xDF, 0xF8,
    0x0C, 0x02, 0xC3, 0x00, 0x00, 0x03, 0x00, 0x55, 0x00, 0xE6, 0x05, 0x5E, 0x04, 0x1B, 0x00, 0x25,
    0x00, 0x3A, 0x00, 0x4C, 0x00, 0x3C, 0x40, 0x39, 0x4C, 0x3A, 0x14, 0x03, 0x06, 0x04, 0x01, 0x4C,
    0x00, 0x07, 0x04, 0x00, 0x07, 0x59, 0x03, 0x01, 0x00, 0x00, 0x04, 0x06, 0x00, 0x04, 0x69, 0x00,
    0x06, 0x05, 0x01, 0x06, 0x59, 0x00, 0x05, 0x01, 0x01, 0x05, 0x59, 0x00, 0x05, 0x05, 0x01, 0x61,
    0x02, 0x01, 0x01, 0x05, 0x01, 0x51, 0x28, 0x26, 0x28, 0x28, 0x28, 0x26, 0x28, 0x24, 0x08, 0x06,
    0x1E, 0x2B, 0x01, 0x3E, 0x03, 0x33, 0x32, 0x1E, 0x02, 0x15, 0x14, 0x0E, 0x02, 0x23, 0x22, 0x2E,
    0x02, 0x27, 0x06, 0x06, 0x23, 0x22, 0x2E, 0x02, 0x35, 0x34, 0x3E, 0x02, 0x33, 0x32, 0x1E, 0x02,
    0x07, 0x2E, 0x03, 0x23, 0x22, 0x0E, 0x02, 0x15, 0x14, 0x1E, 0x02, 0x33, 0x32, 0x3E, 0x02, 0x37,
    0x37, 0x16, 0x33, 0x32, 0x3E, 0x02, 0x35, 0x34, 0x2E, 0x02, 0x23, 0x22, 0x0E, 0x02, 0x07, 0x02,
    0xEA, 0x28, 0x4C, 0x4E, 0x54, 0x30, 0x44, 0x70, 0x4F, 0x2B, 0x2D, 0x54, 0x77, 0x4A, 0x2B, 0x51,
    0x51, 0x56, 0x2F, 0x50, 0x98, 0x5F, 0x45, 0x70, 0x4E, 0x2B, 0x2E, 0x54, 0x77, 0x49, 0x2A, 0x51,
    0x52, 0x56, 0x5F, 0x26, 0x3E, 0x36, 0x2F, 0x17, 0x21, 0x37, 0x26, 0x15, 0x16, 0x2A, 0x3D, 0x26,
    0x22, 0x40, 0x3B, 0x36, 0x1A, 0xE3, 0x87, 0x56, 0x21, 0x36, 0x27, 0x15, 0x16, 0x29, 0x3D, 0x27,
    0x23, 0x3F, 0x3B, 0x37, 0x19, 0x03, 0x06, 0x44, 0x67, 0x44, 0x22, 0x3D, 0x69, 0x8B, 0x4E, 0x55,
    0x9D, 0x78, 0x48, 0x25, 0x47, 0x67, 0x42, 0x88, 0x88, 0x3E, 0x69, 0x8A, 0x4D, 0x57, 0x9D, 0x77,
    0x47, 0x25, 0x47, 0x67, 0xB8, 0x33, 0x47, 0x2D, 0x14, 0x22, 0x3E, 0x59, 0x37, 0x28, 0x4C, 0x3C,
    0x24, 0x26, 0x3F, 0x50, 0x2B, 0x06, 0xB7, 0x22, 0x3F, 0x58, 0x37, 0x27, 0x4C, 0x3D, 0x25, 0x26,
    0x3F, 0x51, 0x2A, 0x00, 0x00, 0x01, 0x01, 0x69, 0x00, 0x00, 0x06, 0x5C, 0x04, 0xF3, 0x00, 0x05,
    0x00, 0x24, 0x40, 0x21, 0x00, 0x00, 0x01, 0x00, 0x85, 0x00, 0x01, 0x02, 0x02, 0x01, 0x57, 0x00,
    0x01, 0x01, 0x02, 0x5F, 0x03, 0x01, 0x02, 0x01, 0x02, 0x4F, 0x00, 0x00, 0x00, 0x05, 0x00, 0x05,
    0x11, 0x11, 0x04, 0x06, 0x18, 0x2B, 0x21, 0x11, 0x33, 0x11, 0x21, 0x15, 0x01, 0x69, 0xA0, 0x04,
    0x53, 0x04, 0xF3, 0xFB, 0xAD, 0xA0, 0x00, 0x00, 0x00, 0x01, 0x00, 0x91, 0x00, 0x00, 0x05, 0x31,
    0x05, 0xC8, 0x00, 0x17, 0x00, 0x26, 0x40, 0x23, 0x04, 0x03, 0x02, 0x01, 0x00, 0x01, 0x86, 0x00,
    0x02, 0x00, 0x00, 0x02, 0x59, 0x00, 0x02, 0x02, 0x00, 0x61, 0x00, 0x00, 0x02, 0x00, 0x51, 0x00,
    0x00, 0x00, 0x17, 0x00, 0x17, 0x24, 0x15, 0x25, 0x05, 0x06, 0x19, 0x2B, 0x21, 0x11, 0x34, 0x2E,
    0x02, 0x23, 0x22, 0x0E, 0x02, 0x15, 0x11, 0x23, 0x11, 0x34, 0x37, 0x36, 0x33, 0x32, 0x17, 0x16,
    0x15, 0x11, 0x04, 0x91, 0x44, 0x76, 0x9D, 0x59, 0x58, 0x9C, 0x76, 0x45, 0xA1, 0xAD, 0xAF, 0xF4,
    0xF6, 0xAD, 0xAD, 0x03, 0x78, 0x59, 0x9D, 0x76, 0x44, 0x44, 0x75, 0x9D, 0x5A, 0xFC, 0x88, 0x03,
    0x78, 0xF6, 0xAD, 0xAD, 0xAD, 0xAD, 0xF6, 0xFC, 0x88, 0x00, 0x00, 0x00, 0x00, 0x01, 0x00, 0x91,
    0x00, 0x00, 0x05, 0x31, 0x05, 0xC8, 0x00, 0x17, 0x00, 0x26, 0x40, 0x23, 0x04, 0x03, 0x02, 0x01,
    0x00, 0x01, 0x85, 0x00, 0x00, 0x02, 0x02, 0x00, 0x59, 0x00, 0x00, 0x00, 0x02, 0x61, 0x00, 0x02,
    0x00, 0x02, 0x51, 0x00, 0x00, 0x00, 0x17, 0x00, 0x17, 0x24, 0x15, 0x25, 0x05, 0x06, 0x19, 0x2B,
    0x01, 0x11, 0x14, 0x0E, 0x02, 0x23, 0x22, 0x2E, 0x02, 0x35, 0x11, 0x23, 0x11, 0x14, 0x17, 0x16,
    0x33, 0x32, 0x37, 0x36, 0x35, 0x11, 0x04, 0x91, 0x44, 0x76, 0x9D, 0x59, 0x58, 0x9C, 0x76, 0x45,
    0xA1, 0xAD, 0xAF, 0xF4, 0xF6, 0xAD, 0xAD, 0x05, 0xC8, 0xFC, 0x88, 0x59, 0x9D, 0x76, 0x44, 0x44,
    0x75, 0x9D, 0x5A, 0x03, 0x78, 0xFC, 0x88, 0xF6, 0xAD, 0xAD, 0xAD, 0xAD, 0xF6, 0x03, 0x78, 0x00,
    0x00, 0x01, 0x00, 0x0C, 0xFE, 0xD8, 0x02, 0x25, 0x07, 0x87, 0x00, 0x5D, 0x00, 0x41, 0x40, 0x3E,
    0x1D, 0x01, 0x01, 0x02, 0x4C, 0x42, 0x02, 0x05, 0x04, 0x02, 0x4C, 0x00, 0x01, 0x02, 0x04, 0x02,
    0x01, 0x04, 0x80, 0x00, 0x04, 0x05, 0x02, 0x04, 0x05, 0x7E, 0x00, 0x00, 0x00, 0x02, 0x01, 0x00,
    0x02, 0x69, 0x00, 0x05, 0x03, 0x03, 0x05, 0x59, 0x00, 0x05, 0x05, 0x03, 0x61, 0x00, 0x03, 0x05,
    0x03, 0x51, 0x52, 0x51, 0x48, 0x46, 0x3E, 0x3C, 0x19, 0x28, 0x2D, 0x06, 0x06, 0x19, 0x2B, 0x13,
    0x2E, 0x05, 0x35, 0x34, 0x3E, 0x04, 0x33, 0x32, 0x1E, 0x02, 0x15, 0x14, 0x0E, 0x02, 0x23, 0x22,
    0x2E, 0x02, 0x35, 0x34, 0x36, 0x37, 0x26, 0x23, 0x22, 0x0E, 0x02, 0x15, 0x14, 0x1E, 0x06, 0x17,
    0x17, 0x1E, 0x03, 0x15, 0x14, 0x0E, 0x04, 0x23, 0x22, 0x2E, 0x02, 0x35, 0x34, 0x3E, 0x02, 0x33,
    0x32, 0x1E, 0x02, 0x15, 0x14, 0x06, 0x07, 0x16, 0x33, 0x32, 0x3E, 0x02, 0x35, 0x34, 0x2E, 0x04,
    0x27, 0xC0, 0x01, 0x04, 0x04, 0x04, 0x04, 0x02, 0x08, 0x15, 0x23, 0x35, 0x4A, 0x31, 0x1B, 0x32,
    0x25, 0x16, 0x08, 0x12, 0x1B, 0x13, 0x0A, 0x14, 0x11, 0x0B, 0x06, 0x04, 0x0A, 0x08, 0x18, 0x1F,
    0x12, 0x07, 0x03, 0x05, 0x06, 0x06, 0x07, 0x06, 0x04, 0x01, 0x06, 0x02, 0x04, 0x04, 0x03, 0x08,
    0x15, 0x23, 0x35, 0x4A, 0x31, 0x1B, 0x32, 0x25, 0x16, 0x08, 0x12, 0x1B, 0x13, 0x0A, 0x14, 0x11,
    0x0B, 0x06, 0x04, 0x0A, 0x08, 0x18, 0x1F, 0x12, 0x07, 0x04, 0x07, 0x07, 0x07, 0x06, 0x01, 0x03,
    0x91, 0x1D, 0x51, 0x5F, 0x66, 0x64, 0x5D, 0x26, 0x31, 0x6C, 0x6A, 0x60, 0x4A, 0x2B, 0x11, 0x20,
    0x2F, 0x1D, 0x14, 0x24, 0x1D, 0x11, 0x05, 0x0F, 0x1A, 0x15, 0x08, 0x21, 0x08, 0x05, 0x40, 0x5E,
    0x6B, 0x2B, 0x0A, 0x3D, 0x56, 0x6A, 0x6E, 0x6C, 0x5B, 0x45, 0x0F, 0x8B, 0x2F, 0x89, 0x96, 0x93,
    0x39, 0x31, 0x6C, 0x6A, 0x60, 0x4A, 0x2B, 0x11, 0x20, 0x2F, 0x1D, 0x13, 0x25, 0x1D, 0x11, 0x05,
    0x0F, 0x1A, 0x15, 0x08, 0x21, 0x08, 0x05, 0x40, 0x5E, 0x6B, 0x2B, 0x0E, 0x5F, 0x83, 0x95, 0x89,
    0x6B, 0x17, 0x00, 0x00, 0x00, 0x02, 0x00, 0x45, 0x00, 0xCA, 0x04, 0x1F, 0x04, 0x13, 0x00, 0x1D,
    0x00, 0x36, 0x00, 0x4C, 0x40, 0x49, 0x0F, 0x0D, 0x02, 0x03, 0x00, 0x1C, 0x00, 0x02, 0x02, 0x01,
    0x29, 0x27, 0x02, 0x07, 0x04, 0x35, 0x1E, 0x02, 0x06, 0x05, 0x04, 0x4C, 0x00, 0x00, 0x00, 0x03,
    0x01, 0x00, 0x03, 0x69, 0x00, 0x01, 0x00, 0x02, 0x04, 0x01, 0x02, 0x69, 0x00, 0x04, 0x00, 0x07,
    0x05, 0x04, 0x07, 0x69, 0x00, 0x05, 0x06, 0x06, 0x05, 0x59, 0x00, 0x05, 0x05, 0x06, 0x61, 0x00,
    0x06, 0x05, 0x06, 0x51, 0x26, 0x24, 0x23, 0x24, 0x27, 0x24, 0x27, 0x21, 0x08, 0x06, 0x1E, 0x2B,
    0x13, 0x10, 0x33, 0x32, 0x16, 0x17, 0x17, 0x1E, 0x03, 0x33, 0x32, 0x35, 0x35, 0x33, 0x10, 0x23,
    0x22, 0x26, 0x27, 0x27, 0x2E, 0x03, 0x23, 0x22, 0x15, 0x15, 0x03, 0x10, 0x33, 0x32, 0x17, 0x16,
    0x16, 0x33, 0x32, 0x35, 0x35, 0x33, 0x10, 0x23, 0x22, 0x26, 0x27, 0x2E, 0x03, 0x23, 0x22, 0x15,
    0x15, 0x45, 0xE8, 0x29, 0x65, 0x3C, 0x3A, 0x37, 0x58, 0x45, 0x35, 0x14, 0x66, 0x6B, 0xE9, 0x28,
    0x66, 0x3B, 0x3A, 0x41, 0x5B, 0x40, 0x2D, 0x14, 0x66, 0x6B, 0xE8, 0x63, 0xA1, 0x6C, 0x89, 0x28,
    0x66, 0x6B, 0xE9, 0x30, 0x88, 0x4B, 0x44, 0x5A, 0x3F, 0x2B, 0x15, 0x66, 0x02, 0xC5, 0x01, 0x4E,
    0x1C, 0x1E, 0x1D, 0x1A, 0x2A, 0x20, 0x11, 0x9D, 0x09, 0xFE, 0xB2, 0x1D, 0x1D, 0x1D, 0x21, 0x2C,
    0x1C, 0x0C, 0x9D, 0x09, 0xFE, 0x2B, 0x01, 0x4F, 0x58, 0x32, 0x42, 0x9C, 0x0A, 0xFE, 0xB1, 0x2C,
    0x2C, 0x1F, 0x2C, 0x1C, 0x0D, 0x9C, 0x0A, 0x00, 0x00, 0x01, 0x00, 0x68, 0x00, 0x24, 0x04, 0x20,
    0x04, 0x7B, 0x00, 0x17, 0x00, 0x72, 0x4B, 0xB0, 0x09, 0x50, 0x58, 0x40, 0x2A, 0x00, 0x05, 0x04,
    0x04, 0x05, 0x70, 0x00, 0x00, 0x01, 0x01, 0x00, 0x71, 0x06, 0x01, 0x04, 0x07, 0x01, 0x03, 0x02,
    0x04, 0x03, 0x68, 0x08, 0x01, 0x02, 0x01, 0x01, 0x02, 0x57, 0x08, 0x01, 0x02, 0x02, 0x01, 0x5F,
    0x0A, 0x09, 0x02, 0x01, 0x02, 0x01, 0x4F, 0x1B, 0x40, 0x28, 0x00, 0x05, 0x04, 0x05, 0x85, 0x00,
    0x00, 0x01, 0x00, 0x86, 0x06, 0x01, 0x04, 0x07, 0x01, 0x03, 0x02, 0x04, 0x03, 0x68, 0x08, 0x01,
    0x02, 0x01, 0x01, 0x02, 0x57, 0x08, 0x01, 0x02, 0x02, 0x01, 0x5F, 0x0A, 0x09, 0x02, 0x01, 0x02,
    0x01, 0x4F, 0x59, 0x40, 0x12, 0x00, 0x00, 0x00, 0x17, 0x00, 0x17, 0x11, 0x11, 0x11, 0x11, 0x11,
    0x11, 0x11, 0x13, 0x13, 0x0B, 0x06, 0x1F, 0x2B, 0x01, 0x06, 0x06, 0x07, 0x23, 0x36, 0x36, 0x37,
    0x21, 0x35, 0x21, 0x37, 0x21, 0x35, 0x21, 0x13, 0x33, 0x03, 0x21, 0x15, 0x21, 0x07, 0x21, 0x15,
    0x02, 0x33, 0x18, 0x30, 0x17, 0x96, 0x19, 0x31, 0x18, 0xFE, 0xC8, 0x01, 0x6A, 0x4B, 0xFE, 0x4B,
    0x01, 0xEA, 0x5E, 0x96, 0x5F, 0x01, 0x39, 0xFE, 0x92, 0x4A, 0x01, 0xB8, 0x01, 0x41, 0x48, 0x8D,
    0x48, 0x48, 0x8D, 0x48, 0xA0, 0xDE, 0xA0, 0x01, 0x1C, 0xFE, 0xE4, 0xA0, 0xDE, 0xA0, 0x00, 0x00,
    0x00, 0x03, 0x00, 0x6D, 0x00, 0x8E, 0x04, 0x3E, 0x04, 0x1F, 0x00, 0x03, 0x00, 0x07, 0x00, 0x0B,
    0x00, 0x40, 0x40, 0x3D, 0x00, 0x04, 0x08, 0x01, 0x05, 0x02, 0x04, 0x05, 0x67, 0x00, 0x02, 0x07,
    0x01, 0x03, 0x00, 0x02, 0x03, 0x67, 0x00, 0x00, 0x01, 0x01, 0x00, 0x57, 0x00, 0x00, 0x00, 0x01,
    0x5F, 0x06, 0x01, 0x01, 0x00, 0x01, 0x4F, 0x08, 0x08, 0x04, 0x04, 0x00, 0x00, 0x08, 0x0B, 0x08,
    0x0B, 0x0A, 0x09, 0x04, 0x07, 0x04, 0x07, 0x06, 0x05, 0x00, 0x03, 0x00, 0x03, 0x11, 0x09, 0x06,
    0x17, 0x2B, 0x37, 0x35, 0x21, 0x15, 0x01, 0x35, 0x21, 0x15, 0x01, 0x35, 0x21, 0x15, 0x6D, 0x03,
    0xD1, 0xFC, 0x2F, 0x03, 0xD1, 0xFC, 0x2F, 0x03, 0xD1, 0x8E, 0xA0, 0xA0, 0x01, 0x78, 0xA0, 0xA0,
    0x01, 0x78, 0xA1, 0xA1, 0x00, 0x02, 0x00, 0x32, 0x00, 0x00, 0x04, 0x1E, 0x04, 0x58, 0x00, 0x03,
    0x00, 0x0A, 0x00, 0x27, 0x40, 0x24, 0x0A, 0x08, 0x07, 0x06, 0x05, 0x04, 0x06, 0x00, 0x4A, 0x00,
    0x00, 0x01, 0x01, 0x00, 0x57, 0x00, 0x00, 0x00, 0x01, 0x5F, 0x02, 0x01, 0x01, 0x00, 0x01, 0x4F,
    0x00, 0x00, 0x00, 0x03, 0x00, 0x03, 0x11, 0x03, 0x06, 0x17, 0x2B, 0x33, 0x35, 0x21, 0x15, 0x11,
    0x01, 0x01, 0x15, 0x05, 0x15, 0x05, 0x46, 0x03, 0xD8, 0xFC, 0x14, 0x03, 0xEC, 0xFD, 0xA5, 0x02,
    0x5B, 0x94, 0x94, 0x01, 0x35, 0x01, 0x92, 0x01, 0x91, 0x9F, 0xF1, 0x02, 0xF2, 0x00, 0x00, 0x00,
    0x00, 0x02, 0x00, 0x46, 0x00, 0x00, 0x04, 0x32, 0x04, 0x58, 0x00, 0x03, 0x00, 0x0A, 0x00, 0x27,
    0x40, 0x24, 0x0A, 0x09, 0x08, 0x07, 0x05, 0x04, 0x06, 0x00, 0x4A, 0x00, 0x00, 0x01, 0x01, 0x00,
    0x57, 0x00, 0x00, 0x00, 0x01, 0x5F, 0x02, 0x01, 0x01, 0x00, 0x01, 0x4F, 0x00, 0x00, 0x00, 0x03,
    0x00, 0x03, 0x11, 0x03, 0x06, 0x17, 0x2B, 0x33, 0x35, 0x21, 0x15, 0x01, 0x25, 0x35, 0x25, 0x35,
    0x01, 0x01, 0x46, 0x03, 0xD8, 0xFC, 0x28, 0x02, 0x5B, 0xFD, 0xA5, 0x03, 0xEC, 0xFC, 0x14, 0x94,
    0x94, 0x01, 0xD4, 0xF2, 0x02, 0xF1, 0x9F, 0xFE, 0x6F, 0xFE, 0x6E, 0x00, 0x00, 0x02, 0x00, 0x8A,
    0x00, 0x00, 0x04, 0x4C, 0x04, 0xA0, 0x00, 0x04, 0x00, 0x09, 0x00, 0x28, 0x40, 0x25, 0x08, 0x07,
    0x06, 0x04, 0x03, 0x02, 0x06, 0x01, 0x4A, 0x02, 0x01, 0x01, 0x00, 0x00, 0x01, 0x57, 0x02, 0x01,
    0x01, 0x01, 0x00, 0x5F, 0x00, 0x00, 0x01, 0x00, 0x4F, 0x05, 0x05, 0x05, 0x09, 0x05, 0x09, 0x10,
    0x03, 0x06, 0x17, 0x2B, 0x21, 0x21, 0x11, 0x01, 0x01, 0x03, 0x11, 0x01, 0x01, 0x11, 0x04, 0x4C,
    0xFC, 0x3E, 0x01, 0xE1, 0x01, 0xE1, 0xA0, 0xFE, 0xBF, 0xFE, 0xBF, 0x02, 0xBF, 0x01, 0xE1, 0xFE,
    0x1F, 0xFD, 0xE1, 0x01, 0xE3, 0x01, 0x41, 0xFE, 0xBF, 0xFE, 0x1D, 0x00, 0x00, 0x01, 0x00, 0x5E,
    0x01, 0x1E, 0x04, 0x4C, 0x03, 0x78, 0x00, 0x05, 0x00, 0x1E, 0x40, 0x1B, 0x00, 0x01, 0x00, 0x01,
    0x86, 0x00, 0x02, 0x00, 0x00, 0x02, 0x57, 0x00, 0x02, 0x02, 0x00, 0x5F, 0x00, 0x00, 0x02, 0x00,
    0x4F, 0x11, 0x11, 0x10, 0x03, 0x06, 0x19, 0x2B, 0x01, 0x21, 0x11, 0x23, 0x11, 0x21, 0x04, 0x4C,
    0xFC, 0xB2, 0xA0, 0x03, 0xEE, 0x02, 0xD8, 0xFE, 0x46, 0x02, 0x5A, 0x00, 0x00, 0x01, 0x02, 0x08,
    0xFE, 0x50, 0x04, 0x1A, 0x06, 0x50, 0x00, 0x14, 0x00, 0x53, 0xB6, 0x13, 0x00, 0x02, 0x03, 0x00,
    0x01, 0x4C, 0x4B, 0xB0, 0x15, 0x50, 0x58, 0x40, 0x1B, 0x00, 0x03, 0x00, 0x01, 0x00, 0x03, 0x72,
    0x00, 0x01, 0x01, 0x84, 0x00, 0x02, 0x00, 0x00, 0x02, 0x59, 0x00, 0x02, 0x02, 0x00, 0x61, 0x00,
    0x00, 0x02, 0x00, 0x51, 0x1B, 0x40, 0x1C, 0x00, 0x03, 0x00, 0x01, 0x00, 0x03, 0x01, 0x80, 0x00,
    0x01, 0x01, 0x84, 0x00, 0x02, 0x00, 0x00, 0x02, 0x59, 0x00, 0x02, 0x02, 0x00, 0x61, 0x00, 0x00,
    0x02, 0x00, 0x51, 0x59, 0xB6, 0x22, 0x24, 0x14, 0x21, 0x04, 0x06, 0x1A, 0x2B, 0x01, 0x26, 0x23,
    0x22, 0x07, 0x06, 0x11, 0x11, 0x23, 0x11, 0x10, 0x37, 0x36, 0x33, 0x32, 0x15, 0x14, 0x23, 0x22,
    0x35, 0x34, 0x03, 0x76, 0x12, 0x08, 0x43, 0x27, 0x25, 0xC5, 0x55, 0x63, 0xC1, 0x99, 0x5B, 0x51,
    0x05, 0xEA, 0x05, 0x5D, 0x57, 0xFD, 0xEB, 0xFB, 0x2A, 0x03, 0xD5, 0x02, 0x71, 0xCC, 0xEE, 0x77,
    0x63, 0x50, 0x0C, 0x00, 0x00, 0x01, 0x00, 0xEA, 0xFE, 0x50, 0x02, 0xC9, 0x07, 0x8F, 0x00, 0x14,
    0x00, 0x50, 0xB5, 0x0D, 0x01, 0x03, 0x02, 0x01, 0x4C, 0x4B, 0xB0, 0x17, 0x50, 0x58, 0x40, 0x1B,
    0x00, 0x00, 0x02, 0x00, 0x85, 0x00, 0x02, 0x03, 0x03, 0x02, 0x70, 0x00, 0x03, 0x01, 0x01, 0x03,
    0x59, 0x00, 0x03, 0x03, 0x01, 0x62, 0x00, 0x01, 0x03, 0x01, 0x52, 0x1B, 0x40, 0x1A, 0x00, 0x00,
    0x02, 0x00, 0x85, 0x00, 0x02, 0x03, 0x02, 0x85, 0x00, 0x03, 0x01, 0x01, 0x03, 0x59, 0x00, 0x03,
    0x03, 0x01, 0x62, 0x00, 0x01, 0x03, 0x01, 0x52, 0x59, 0xB6, 0x33, 0x24, 0x23, 0x10, 0x04, 0x06,
    0x1A, 0x2B, 0x01, 0x33, 0x11, 0x10, 0x02, 0x23, 0x22, 0x26, 0x35, 0x34, 0x36, 0x33, 0x32, 0x15,
    0x14, 0x07, 0x16, 0x33, 0x32, 0x11, 0x03, 0x02, 0x03, 0xC6, 0x98, 0xAE, 0x41, 0x58, 0x3A, 0x28,
    0x54, 0x04, 0x08, 0x04, 0x64, 0x09, 0x07, 0x8F, 0xFA, 0x1D, 0xFE, 0x33, 0xFE, 0x71, 0x48, 0x36,
    0x2B, 0x3E, 0x54, 0x08, 0x11, 0x01, 0x01, 0x6C, 0x01, 0x80, 0x00, 0x00, 0x00, 0x01, 0x00, 0x00,
    0x02, 0xA6, 0x04, 0xCD, 0x03, 0x3A, 0x00, 0x03, 0x00, 0x1E, 0x40, 0x1B, 0x00, 0x00, 0x01, 0x01,
    0x00, 0x57, 0x00, 0x00, 0x00, 0x01, 0x5F, 0x02, 0x01, 0x01, 0x00, 0x01, 0x4F, 0x00, 0x00, 0x00,
    0x03, 0x00, 0x03, 0x11, 0x03, 0x06, 0x17, 0x2B, 0x11, 0x35, 0x21, 0x15, 0x04, 0xCD, 0x02, 0xA6,
    0x94, 0x94, 0x00, 0x00, 0x00, 0x01, 0x02, 0x1D, 0xFE, 0x50, 0x02, 0xB1, 0x07, 0x8F, 0x00, 0x03,
    0x00, 0x11, 0x40, 0x0E, 0x00, 0x00, 0x01, 0x00, 0x85, 0x00, 0x01, 0x01, 0x76, 0x11, 0x10, 0x02,
    0x06, 0x18, 0x2B, 0x01, 0x33, 0x11, 0x23, 0x02, 0x1D, 0x94, 0x94, 0x07, 0x8F, 0xF6, 0xC1, 0x00,
    0x00, 0x01, 0x02, 0x1D, 0xFE, 0x50, 0x04, 0xCD, 0x03, 0x3A, 0x00, 0x05, 0x00, 0x1E, 0x40, 0x1B,
    0x00, 0x02, 0x01, 0x02, 0x86, 0x00, 0x00, 0x01, 0x01, 0x00, 0x57, 0x00, 0x00, 0x00, 0x01, 0x5F,
    0x00, 0x01, 0x00, 0x01, 0x4F, 0x11, 0x11, 0x10, 0x03, 0x06, 0x19, 0x2B, 0x01, 0x21, 0x15, 0x21,
    0x11, 0x23, 0x02, 0x1D, 0x02, 0xB0, 0xFD, 0xE4, 0x94, 0x03, 0x3A, 0x94, 0xFB, 0xAA, 0x00, 0x00,
    0x00, 0x01, 0x00, 0x00, 0xFE, 0x50, 0x02, 0xB1, 0x03, 0x3A, 0x00, 0x05, 0x00, 0x24, 0x40, 0x21,
    0x00, 0x01, 0x02, 0x01, 0x86, 0x00, 0x00, 0x02, 0x02, 0x00, 0x57, 0x00, 0x00, 0x00, 0x02, 0x5F,
    0x03, 0x01, 0x02, 0x00, 0x02, 0x4F, 0x00, 0x00, 0x00, 0x05, 0x00, 0x05, 0x11, 0x11, 0x04, 0x06,
    0x18, 0x2B, 0x11, 0x35, 0x21, 0x11, 0x23, 0x11, 0x02, 0xB1, 0x94, 0x02, 0xA6, 0x94, 0xFB, 0x16,
    0x04, 0x56, 0x00, 0x00, 0x00, 0x01, 0x02, 0x1D, 0x02, 0xA6, 0x04, 0xCD, 0x07, 0x8F, 0x00, 0x05,
    0x00, 0x1E, 0x40, 0x1B, 0x00, 0x00, 0x01, 0x00, 0x85, 0x00, 0x01, 0x02, 0x02, 0x01, 0x57, 0x00,
    0x01, 0x01, 0x02, 0x5F, 0x00, 0x02, 0x01, 0x02, 0x4F, 0x11, 0x11, 0x10, 0x03, 0x06, 0x19, 0x2B,
    0x01, 0x33, 0x11, 0x21, 0x15, 0x21, 0x02, 0x1D, 0x94, 0x02, 0x1C, 0xFD, 0x50, 0x07, 0x8F, 0xFB,
    0xAB, 0x94, 0x00, 0x00, 0x00, 0x01, 0x00, 0x00, 0x02, 0xA6, 0x02, 0xB1, 0x07, 0x8F, 0x00, 0x05,
    0x00, 0x24, 0x40, 0x21, 0x00, 0x01, 0x00, 0x01, 0x85, 0x00, 0x00, 0x02, 0x02, 0x00, 0x57, 0x00,
    0x00, 0x00, 0x02, 0x5F, 0x03, 0x01, 0x02, 0x00, 0x02, 0x4F, 0x00, 0x00, 0x00, 0x05, 0x00, 0x05,
    0x11, 0x11, 0x04, 0x06, 0x18, 0x2B, 0x11, 0x35, 0x21, 0x11, 0x33, 0x11, 0x02, 0x1D, 0x94, 0x02,
    0xA6, 0x94, 0x04, 0x55, 0xFB, 0x17, 0x00, 0x00, 0x00, 0x01, 0x02, 0x1D, 0xFE, 0x50, 0x04, 0xCD,
    0x07, 0x8F, 0x00, 0x07, 0x00, 0x24, 0x40, 0x21, 0x00, 0x00, 0x01, 0x00, 0x85, 0x00, 0x03, 0x02,
    0x03, 0x86, 0x00, 0x01, 0x02, 0x02, 0x01, 0x57, 0x00, 0x01, 0x01, 0x02, 0x5F, 0x00, 0x02, 0x01,
    0x02, 0x4F, 0x11, 0x11, 0x11, 0x10, 0x04, 0x06, 0x1A, 0x2B, 0x01, 0x33, 0x11, 0x21, 0x15, 0x21,
    0x11, 0x23, 0x02, 0x1D, 0x94, 0x02, 0x1C, 0xFD, 0xE4, 0x94, 0x07, 0x8F, 0xFB, 0xAB, 0x94, 0xFB,
    0xAA, 0x00, 0x00, 0x00, 0x00, 0x01, 0x00, 0x00, 0xFE, 0x50, 0x02, 0xB1, 0x07, 0x8F, 0x00, 0x07,
    0x00, 0x2A, 0x40, 0x27, 0x00, 0x01, 0x00, 0x01, 0x85, 0x00, 0x02, 0x03, 0x02, 0x86, 0x00, 0x00,
    0x03, 0x03, 0x00, 0x57, 0x00, 0x00, 0x00, 0x03, 0x5F, 0x04, 0x01, 0x03, 0x00, 0x03, 0x4F, 0x00,
    0x00, 0x00, 0x07, 0x00, 0x07, 0x11, 0x11, 0x11, 0x05, 0x06, 0x19, 0x2B, 0x11, 0x35, 0x21, 0x11,
    0x33, 0x11, 0x23, 0x11, 0x02, 0x1D, 0x94, 0x94, 0x02, 0xA6, 0x94, 0x04, 0x55, 0xF6, 0xC1, 0x04,
    0x56, 0x00, 0x00, 0x00, 0x00, 0x01, 0x00, 0x00, 0xFE, 0x50, 0x04, 0xCD, 0x03, 0x3A, 0x00, 0x07,
    0x00, 0x27, 0x40, 0x24, 0x00, 0x01, 0x00, 0x01, 0x86, 0x04, 0x01, 0x03, 0x00, 0x00, 0x03, 0x57,
    0x04, 0x01, 0x03, 0x03, 0x00, 0x5F, 0x02, 0x01, 0x00, 0x03, 0x00, 0x4F, 0x00, 0x00, 0x00, 0x07,
    0x00, 0x07, 0x11, 0x11, 0x11, 0x05, 0x06, 0x19, 0x2B, 0x01, 0x15, 0x21, 0x11, 0x23, 0x11, 0x21,
    0x35, 0x04, 0xCD, 0xFD, 0xE3, 0x94, 0xFD, 0xE4, 0x03, 0x3A, 0x94, 0xFB, 0xAA, 0x04, 0x56, 0x94,
    0x00, 0x01, 0x00, 0x00, 0x02, 0xA6, 0x04, 0xCD, 0x07, 0x8F, 0x00, 0x07, 0x00, 0x27, 0x40, 0x24,
    0x00, 0x01, 0x00, 0x01, 0x85, 0x02, 0x01, 0x00, 0x03, 0x03, 0x00, 0x57, 0x02, 0x01, 0x00, 0x00,
    0x03, 0x5F, 0x04, 0x01, 0x03, 0x00, 0x03, 0x4F, 0x00, 0x00, 0x00, 0x07, 0x00, 0x07, 0x11, 0x11,
    0x11, 0x05, 0x06, 0x19, 0x2B, 0x11, 0x35, 0x21, 0x11, 0x33, 0x11, 0x21, 0x15, 0x02, 0x1D, 0x94,
    0x02, 0x1C, 0x02, 0xA6, 0x94, 0x04, 0x55, 0xFB, 0xAB, 0x94, 0x00, 0x00, 0x00, 0x01, 0x00, 0x00,
    0xFE, 0x50, 0x04, 0xCD, 0x07, 0x8F, 0x00, 0x0B, 0x00, 0x2F, 0x40, 0x2C, 0x00, 0x01, 0x00, 0x01,
    0x85, 0x00, 0x04, 0x03, 0x04, 0x86, 0x02, 0x01, 0x00, 0x03, 0x03, 0x00, 0x57, 0x02, 0x01, 0x00,
    0x00, 0x03, 0x5F, 0x06, 0x05, 0x02, 0x03, 0x00, 0x03, 0x4F, 0x00, 0x00, 0x00, 0x0B, 0x00, 0x0B,
    0x11, 0x11, 0x11, 0x11, 0x11, 0x07, 0x06, 0x1B, 0x2B, 0x11, 0x35, 0x21, 0x11, 0x33, 0x11, 0x21,
    0x15, 0x21, 0x11, 0x23, 0x11, 0x02, 0x1D, 0x94, 0x02, 0x1C, 0xFD, 0xE4, 0x94, 0x02, 0xA6, 0x94,
    0x04, 0x55, 0xFB, 0xAB, 0x94, 0xFB, 0xAA, 0x04, 0x56, 0x00, 0x00, 0x00, 0x00, 0x02, 0x00, 0x00,
    0x02, 0x12, 0x04, 0xCD, 0x03, 0xCE, 0x00, 0x03, 0x00, 0x07, 0x00, 0x2F, 0x40, 0x2C, 0x00, 0x00,
    0x04, 0x01, 0x01, 0x02, 0x00, 0x01, 0x67, 0x00, 0x02, 0x03, 0x03, 0x02, 0x57, 0x00, 0x02, 0x02,
    0x03, 0x5F, 0x05, 0x01, 0x03, 0x02, 0x03, 0x4F, 0x04, 0x04, 0x00, 0x00, 0x04, 0x07, 0x04, 0x07,
    0x06, 0x05, 0x00, 0x03, 0x00, 0x03, 0x11, 0x06, 0x06, 0x17, 0x2B, 0x11, 0x35, 0x21, 0x15, 0x01,
    0x35, 0x21, 0x15, 0x04, 0xCD, 0xFB, 0x33, 0x04, 0xCD, 0x03, 0x3A, 0x94, 0x94, 0xFE, 0xD8, 0x94,
    0x94, 0x00, 0x00, 0x00, 0x00, 0x02, 0x01, 0x89, 0xFE, 0x50, 0x03, 0x45, 0x07, 0x8F, 0x00, 0x03,
    0x00, 0x07, 0x00, 0x22, 0x40, 0x1F, 0x02, 0x01, 0x00, 0x01, 0x00, 0x85, 0x05, 0x03, 0x04, 0x03,
    0x01, 0x01, 0x76, 0x04, 0x04, 0x00, 0x00, 0x04, 0x07, 0x04, 0x07, 0x06, 0x05, 0x00, 0x03, 0x00,
    0x03, 0x11, 0x06, 0x06, 0x17, 0x2B, 0x01, 0x11, 0x33, 0x11, 0x33, 0x11, 0x33, 0x11, 0x01, 0x89,
    0x94, 0x94, 0x94, 0xFE, 0x50, 0x09, 0x3F, 0xF6, 0xC1, 0x09, 0x3F, 0xF6, 0xC1, 0x00, 0x00, 0x00,
    0x00, 0x01, 0x02, 0x1D, 0xFE, 0x50, 0x04, 0xCD, 0x03, 0xCE, 0x00, 0x09, 0x00, 0x2E, 0x40, 0x2B,
    0x05, 0x01, 0x04, 0x03, 0x04, 0x86, 0x00, 0x00, 0x00, 0x01, 0x02, 0x00, 0x01, 0x67, 0x00, 0x02,
    0x03, 0x03, 0x02, 0x57, 0x00, 0x02, 0x02, 0x03, 0x5F, 0x00, 0x03, 0x02, 0x03, 0x4F, 0x00, 0x00,
    0x00, 0x09, 0x00, 0x09, 0x11, 0x11, 0x11, 0x11, 0x06, 0x06, 0x1A, 0x2B, 0x01, 0x11, 0x21, 0x15,
    0x21, 0x15, 0x21, 0x15, 0x21, 0x11, 0x02, 0x1D, 0x02, 0xB0, 0xFD, 0xE4, 0x02, 0x1C, 0xFD, 0xE4,
    0xFE, 0x50, 0x05, 0x7E, 0x94, 0x94, 0x94, 0xFC, 0x3E, 0x00, 0x00, 0x00, 0x00, 0x01, 0x01, 0x89,
    0xFE, 0x50, 0x04, 0xCD, 0x03, 0x3A, 0x00, 0x09, 0x00, 0x28, 0x40, 0x25, 0x05, 0x04, 0x02, 0x02,
    0x01, 0x02, 0x86, 0x00, 0x00, 0x01, 0x01, 0x00, 0x57, 0x00, 0x00, 0x00, 0x01, 0x5F, 0x03, 0x01,
    0x01, 0x00, 0x01, 0x4F, 0x00, 0x00, 0x00, 0x09, 0x00, 0x09, 0x11, 0x11, 0x11, 0x11, 0x06, 0x06,
    0x1A, 0x2B, 0x01, 0x11, 0x21, 0x15, 0x21, 0x11, 0x23, 0x11, 0x23, 0x11, 0x01, 0x89, 0x03, 0x44,
    0xFE, 0x78, 0x94, 0x94, 0xFE, 0x50, 0x04, 0xEA, 0x94, 0xFB, 0xAA, 0x04, 0x56, 0xFB, 0xAA, 0x00,
    0x00, 0x02, 0x01, 0x89, 0xFE, 0x50, 0x04, 0xCD, 0x03, 0xCE, 0x00, 0x05, 0x00, 0x0B, 0x00, 0x33,
    0x40, 0x30, 0x04, 0x01, 0x01, 0x03, 0x01, 0x86, 0x06, 0x01, 0x02, 0x00, 0x00, 0x05, 0x02, 0x00,
    0x67, 0x00, 0x05, 0x03, 0x03, 0x05, 0x57, 0x00, 0x05, 0x05, 0x03, 0x5F, 0x00, 0x03, 0x05, 0x03,
    0x4F, 0x00, 0x00, 0x0B, 0x0A, 0x09, 0x08, 0x07, 0x06, 0x00, 0x05, 0x00, 0x05, 0x11, 0x11, 0x07,
    0x06, 0x18, 0x2B, 0x01, 0x15, 0x21, 0x11, 0x23, 0x11, 0x01, 0x21, 0x11, 0x23, 0x11, 0x21, 0x04,
    0xCD, 0xFD, 0x50, 0x94, 0x03, 0x44, 0xFE, 0x78, 0x94, 0x02, 0x1C, 0x03, 0xCE, 0x94, 0xFB, 0x16,
    0x05, 0x7E, 0xFE, 0x44, 0xFC, 0x3E, 0x04, 0x56, 0x00, 0x01, 0x00, 0x00, 0xFE, 0x50, 0x02, 0xB1,
    0x03, 0xCE, 0x00, 0x09, 0x00, 0x2E, 0x40, 0x2B, 0x00, 0x01, 0x02, 0x01, 0x86, 0x00, 0x00, 0x05,
    0x01, 0x04, 0x03, 0x00, 0x04, 0x67, 0x00, 0x03, 0x02, 0x02, 0x03, 0x57, 0x00, 0x03, 0x03, 0x02,
    0x5F, 0x00, 0x02, 0x03, 0x02, 0x4F, 0x00, 0x00, 0x00, 0x09, 0x00, 0x09, 0x11, 0x11, 0x11, 0x11,
    0x06, 0x06, 0x1A, 0x2B, 0x11, 0x35, 0x21, 0x11, 0x23, 0x11, 0x21, 0x35, 0x21, 0x35, 0x02, 0xB1,
    0x94, 0xFD, 0xE3, 0x02, 0x1D, 0x03, 0x3A, 0x94, 0xFA, 0x82, 0x03, 0xC2, 0x94, 0x94, 0x00, 0x00,
    0x00, 0x01, 0x00, 0x00, 0xFE, 0x50, 0x03, 0x45, 0x03, 0x3A, 0x00, 0x09, 0x00, 0x28, 0x40, 0x25,
    0x05, 0x04, 0x02, 0x02, 0x00, 0x02, 0x86, 0x00, 0x01, 0x00, 0x00, 0x01, 0x57, 0x00, 0x01, 0x01,
    0x00, 0x5F, 0x03, 0x01, 0x00, 0x01, 0x00, 0x4F, 0x00, 0x00, 0x00, 0x09, 0x00, 0x09, 0x11, 0x11,
    0x11, 0x11, 0x06, 0x06, 0x1A, 0x2B, 0x01, 0x11, 0x21, 0x35, 0x21, 0x11, 0x23, 0x11, 0x23, 0x11,
    0x01, 0x89, 0xFE, 0x77, 0x03, 0x45, 0x94, 0x94, 0xFE, 0x50, 0x04, 0x56, 0x94, 0xFB, 0x16, 0x04,
    0x56, 0xFB, 0xAA, 0x00, 0x00, 0x02, 0x00, 0x00, 0xFE, 0x50, 0x03, 0x45, 0x03, 0xCE, 0x00, 0x05,
    0x00, 0x0B, 0x00, 0x38, 0x40, 0x35, 0x04, 0x01, 0x01, 0x02, 0x01, 0x86, 0x00, 0x03, 0x07, 0x01,
    0x05, 0x00, 0x03, 0x05, 0x67, 0x00, 0x00, 0x02, 0x02, 0x00, 0x57, 0x00, 0x00, 0x00, 0x02, 0x5F,
    0x06, 0x01, 0x02, 0x00, 0x02, 0x4F, 0x06, 0x06, 0x00, 0x00, 0x06, 0x0B, 0x06, 0x0B, 0x0A, 0x09,
    0x08, 0x07, 0x00, 0x05, 0x00, 0x05, 0x11, 0x11, 0x08, 0x06, 0x18, 0x2B, 0x11, 0x35, 0x21, 0x11,
    0x23, 0x11, 0x01, 0x35, 0x21, 0x11, 0x23, 0x11, 0x02, 0x1D, 0x94, 0xFE, 0x77, 0x03, 0x45, 0x94,
    0x02, 0x12, 0x94, 0xFB, 0xAA, 0x03, 0xC2, 0x01, 0x28, 0x94, 0xFA, 0x82, 0x04, 0xEA, 0x00, 0x00,
    0x00, 0x01, 0x02, 0x1D, 0x02, 0x12, 0x04, 0xCD, 0x07, 0x8F, 0x00, 0x09, 0x00, 0x28, 0x40, 0x25,
    0x00, 0x00, 0x01, 0x00, 0x85, 0x00, 0x01, 0x00, 0x02, 0x03, 0x01, 0x02, 0x67, 0x00, 0x03, 0x04,
    0x04, 0x03, 0x57, 0x00, 0x03, 0x03, 0x04, 0x5F, 0x00, 0x04, 0x03, 0x04, 0x4F, 0x11, 0x11, 0x11,
    0x11, 0x10, 0x05, 0x06, 0x1B, 0x2B, 0x01, 0x33, 0x11, 0x21, 0x15, 0x21, 0x15, 0x21, 0x15, 0x21,
    0x02, 0x1D, 0x94, 0x02, 0x1C, 0xFD, 0xE4, 0x02, 0x1C, 0xFD, 0x50, 0x07, 0x8F, 0xFC, 0x3F, 0x94,
    0x94, 0x94, 0x00, 0x00, 0x00, 0x01, 0x01, 0x89, 0x02, 0xA6, 0x04, 0xCD, 0x07, 0x8F, 0x00, 0x09,
    0x00, 0x23, 0x40, 0x20, 0x02, 0x01, 0x00, 0x01, 0x00, 0x85, 0x03, 0x01, 0x01, 0x04, 0x04, 0x01,
    0x57, 0x03, 0x01, 0x01, 0x01, 0x04, 0x5F, 0x00, 0x04, 0x01, 0x04, 0x4F, 0x11, 0x11, 0x11, 0x11,
    0x10, 0x05, 0x06, 0x1B, 0x2B, 0x01, 0x33, 0x11, 0x33, 0x11, 0x33, 0x11, 0x21, 0x15, 0x21, 0x01,
    0x89, 0x94, 0x94, 0x94, 0x01, 0x88, 0xFC, 0xBC, 0x07, 0x8F, 0xFB, 0xAB, 0x04, 0x55, 0xFB, 0xAB,
    0x94, 0x00, 0x00, 0x00, 0x00, 0x02, 0x01, 0x89, 0x02, 0x12, 0x04, 0xCD, 0x07, 0x8F, 0x00, 0x05,
    0x00, 0x0B, 0x00, 0x2A, 0x40, 0x27, 0x04, 0x01, 0x01, 0x02, 0x01, 0x85, 0x00, 0x02, 0x00, 0x00,
    0x05, 0x02, 0x00, 0x67, 0x00, 0x05, 0x03, 0x03, 0x05, 0x57, 0x00, 0x05, 0x05, 0x03, 0x5F, 0x00,
    0x03, 0x05, 0x03, 0x4F, 0x11, 0x11, 0x11, 0x11, 0x11, 0x10, 0x06, 0x06, 0x1C, 0x2B, 0x01, 0x21,
    0x11, 0x33, 0x11, 0x21, 0x11, 0x21, 0x11, 0x33, 0x11, 0x21, 0x04, 0xCD, 0xFD, 0xE4, 0x94, 0x01,
    0x88, 0xFC, 0xBC, 0x94, 0x02, 0xB0, 0x03, 0x3A, 0x04, 0x55, 0xFC, 0x3F, 0xFE, 0x44, 0x05, 0x7D,
    0xFB, 0x17, 0x00, 0x00, 0x00, 0x01, 0x00, 0x00, 0x02, 0x12, 0x02, 0xB1, 0x07, 0x8F, 0x00, 0x09,
    0x00, 0x2E, 0x40, 0x2B, 0x00, 0x01, 0x00, 0x01, 0x85, 0x00, 0x00, 0x05, 0x01, 0x04, 0x03, 0x00,
    0x04, 0x67, 0x00, 0x03, 0x02, 0x02, 0x03, 0x57, 0x00, 0x03, 0x03, 0x02, 0x5F, 0x00, 0x02, 0x03,
    0x02, 0x4F, 0x00, 0x00, 0x00, 0x09, 0x00, 0x09, 0x11, 0x11, 0x11, 0x11, 0x06, 0x06, 0x1A, 0x2B,
    0x11, 0x35, 0x21, 0x11, 0x33, 0x11, 0x21, 0x35, 0x21, 0x35, 0x02, 0x1D, 0x94, 0xFD, 0x4F, 0x02,
    0x1D, 0x03, 0x3A, 0x94, 0x03, 0xC1, 0xFA, 0x83, 0x94, 0x94, 0x00, 0x00, 0x00, 0x01, 0x00, 0x00,
    0x02, 0xA6, 0x03, 0x45, 0x07, 0x8F, 0x00, 0x09, 0x00, 0x23, 0x40, 0x20, 0x02, 0x01, 0x00, 0x01,
    0x00, 0x85, 0x04, 0x01, 0x01, 0x03, 0x03, 0x01, 0x57, 0x04, 0x01, 0x01, 0x01, 0x03, 0x5F, 0x00,
    0x03, 0x01, 0x03, 0x4F, 0x11, 0x11, 0x11, 0x11, 0x10, 0x05, 0x06, 0x1B, 0x2B, 0x01, 0x33, 0x11,
    0x33, 0x11, 0x33, 0x11, 0x21, 0x35, 0x21, 0x01, 0x89, 0x94, 0x94, 0x94, 0xFC, 0xBB, 0x01, 0x89,
    0x07, 0x8F, 0xFB, 0xAB, 0x04, 0x55, 0xFB, 0x17, 0x94, 0x00, 0x00, 0x00, 0x00, 0x02, 0x00, 0x00,
    0x02, 0x12, 0x03, 0x45, 0x07, 0x8F, 0x00, 0x05, 0x00, 0x0B, 0x00, 0x38, 0x40, 0x35, 0x04, 0x01,
    0x01, 0x00, 0x01, 0x85, 0x00, 0x00, 0x06, 0x01, 0x02, 0x03, 0x00, 0x02, 0x67, 0x00, 0x03, 0x05,
    0x05, 0x03, 0x57, 0x00, 0x03, 0x03, 0x05, 0x5F, 0x07, 0x01, 0x05, 0x03, 0x05, 0x4F, 0x06, 0x06,
    0x00, 0x00, 0x06, 0x0B, 0x06, 0x0B, 0x0A, 0x09, 0x08, 0x07, 0x00, 0x05, 0x00, 0x05, 0x11, 0x11,
    0x08, 0x06, 0x18, 0x2B, 0x11, 0x35, 0x21, 0x11, 0x33, 0x11, 0x01, 0x35, 0x21, 0x11, 0x33, 0x11,
    0x01, 0x89, 0x94, 0xFD, 0xE3, 0x02, 0xB1, 0x94, 0x03, 0x3A, 0x94, 0x03, 0xC1, 0xFB, 0xAB, 0xFE,
    0xD8, 0x94, 0x04, 0xE9, 0xFA, 0x83, 0x00, 0x00, 0x00, 0x01, 0x02, 0x1D, 0xFE, 0x50, 0x04, 0xCD,
    0x07, 0x8F, 0x00, 0x0B, 0x00, 0x2E, 0x40, 0x2B, 0x00, 0x00, 0x01, 0x00, 0x85, 0x00, 0x05, 0x04,
    0x05, 0x86, 0x00, 0x01, 0x00, 0x02, 0x03, 0x01, 0x02, 0x67, 0x00, 0x03, 0x04, 0x04, 0x03, 0x57,
    0x00, 0x03, 0x03, 0x04, 0x5F, 0x00, 0x04, 0x03, 0x04, 0x4F, 0x11, 0x11, 0x11, 0x11, 0x11, 0x10,
    0x06, 0x06, 0x1C, 0x2B, 0x01, 0x33, 0x11, 0x21, 0x15, 0x21, 0x15, 0x21, 0x15, 0x21, 0x11, 0x23,
    0x02, 0x1D, 0x94, 0x02, 0x1C, 0xFD, 0xE4, 0x02, 0x1C, 0xFD, 0xE4, 0x94, 0x07, 0x8F, 0xFC, 0x3F,
    0x94, 0x94, 0x94, 0xFC, 0x3E, 0x00, 0x00, 0x00, 0x00, 0x02, 0x01, 0x89, 0xFE, 0x50, 0x04, 0xCD,
    0x07, 0x8F, 0x00, 0x03, 0x00, 0x0B, 0x00, 0x37, 0x40, 0x34, 0x02, 0x01, 0x00, 0x03, 0x00, 0x85,
    0x07, 0x05, 0x06, 0x03, 0x01, 0x04, 0x01, 0x86, 0x00, 0x03, 0x04, 0x04, 0x03, 0x57, 0x00, 0x03,
    0x03, 0x04, 0x5F, 0x00, 0x04, 0x03, 0x04, 0x4F, 0x04, 0x04, 0x00, 0x00, 0x04, 0x0B, 0x04, 0x0B,
    0x0A, 0x09, 0x08, 0x07, 0x06, 0x05, 0x00, 0x03, 0x00, 0x03, 0x11, 0x08, 0x06, 0x17, 0x2B, 0x01,
    0x11, 0x33, 0x11, 0x33, 0x11, 0x33, 0x11, 0x21, 0x15, 0x21, 0x11, 0x01, 0x89, 0x94, 0x94, 0x94,
    0x01, 0x88, 0xFE, 0x78, 0xFE, 0x50, 0x09, 0x3F, 0xF6, 0xC1, 0x09, 0x3F, 0xFB, 0xAB, 0x94, 0xFB,
    0xAA, 0x00, 0x00, 0x00, 0x00, 0x03, 0x01, 0x89, 0xFE, 0x50, 0x04, 0xCD, 0x07, 0x8F, 0x00, 0x03,
    0x00, 0x09, 0x00, 0x0F, 0x00, 0x32, 0x40, 0x2F, 0x03, 0x01, 0x00, 0x04, 0x00, 0x85, 0x06, 0x01,
    0x01, 0x05, 0x01, 0x86, 0x00, 0x04, 0x00, 0x02, 0x07, 0x04, 0x02, 0x67, 0x00, 0x07, 0x05, 0x05,
    0x07, 0x57, 0x00, 0x07, 0x07, 0x05, 0x5F, 0x00, 0x05, 0x07, 0x05, 0x4F, 0x11, 0x11, 0x11, 0x11,
    0x11, 0x11, 0x11, 0x10, 0x08, 0x06, 0x1E, 0x2B, 0x01, 0x33, 0x11, 0x23, 0x01, 0x21, 0x11, 0x33,
    0x11, 0x21, 0x11, 0x21, 0x11, 0x23, 0x11, 0x21, 0x01, 0x89, 0x94, 0x94, 0x03, 0x44, 0xFD, 0xE4,
    0x94, 0x01, 0x88, 0xFE, 0x78, 0x94, 0x02, 0x1C, 0x07, 0x8F, 0xF6, 0xC1, 0x04, 0xEA, 0x04, 0x55,
    0xFC, 0x3F, 0xFE, 0x44, 0xFC, 0x3E, 0x04, 0x56, 0x00, 0x01, 0x00, 0x00, 0xFE, 0x50, 0x02, 0xB1,
    0x07, 0x8F, 0x00, 0x0B, 0x00, 0x34, 0x40, 0x31, 0x00, 0x01, 0x00, 0x01, 0x85, 0x00, 0x02, 0x03,
    0x02, 0x86, 0x00, 0x00, 0x06, 0x01, 0x05, 0x04, 0x00, 0x05, 0x67, 0x00, 0x04, 0x03, 0x03, 0x04,
    0x57, 0x00, 0x04, 0x04, 0x03, 0x5F, 0x00, 0x03, 0x04, 0x03, 0x4F, 0x00, 0x00, 0x00, 0x0B, 0x00,
    0x0B, 0x11, 0x11, 0x11, 0x11, 0x11, 0x07, 0x06, 0x1B, 0x2B, 0x11, 0x35, 0x21, 0x11, 0x33, 0x11,
    0x23, 0x11, 0x21, 0x35, 0x21, 0x35, 0x02, 0x1D, 0x94, 0x94, 0xFD, 0xE3, 0x02, 0x1D, 0x03, 0x3A,
    0x94, 0x03, 0xC1, 0xF6, 0xC1, 0x03, 0xC2, 0x94, 0x94, 0x00, 0x00, 0x00, 0x00, 0x02, 0x00, 0x00,
    0xFE, 0x50, 0x03, 0x45, 0x07, 0x8F, 0x00, 0x07, 0x00, 0x0B, 0x00, 0x35, 0x40, 0x32, 0x04, 0x01,
    0x02, 0x01, 0x02, 0x85, 0x07, 0x05, 0x06, 0x03, 0x03, 0x00, 0x03, 0x86, 0x00, 0x01, 0x00, 0x00,
    0x01, 0x57, 0x00, 0x01, 0x01, 0x00, 0x5F, 0x00, 0x00, 0x01, 0x00, 0x4F, 0x08, 0x08, 0x00, 0x00,
    0x08, 0x0B, 0x08, 0x0B, 0x0A, 0x09, 0x00, 0x07, 0x00, 0x07, 0x11, 0x11, 0x11, 0x08, 0x06, 0x19,
    0x2B, 0x01, 0x11, 0x21, 0x35, 0x21, 0x11, 0x33, 0x11, 0x33, 0x11, 0x33, 0x11, 0x01, 0x89, 0xFE,
    0x77, 0x01, 0x89, 0x94, 0x94, 0x94, 0xFE, 0x50, 0x04, 0x56, 0x94, 0x04, 0x55, 0xF6, 0xC1, 0x09,
    0x3F, 0xF6, 0xC1, 0x00, 0x00, 0x03, 0x00, 0x00, 0xFE, 0x50, 0x03, 0x45, 0x07, 0x8F, 0x00, 0x05,
    0x00, 0x0B, 0x00, 0x0F, 0x00, 0x42, 0x40, 0x3F, 0x06, 0x01, 0x04, 0x03, 0x04, 0x85, 0x07, 0x01,
    0x01, 0x02, 0x01, 0x86, 0x00, 0x03, 0x09, 0x01, 0x05, 0x00, 0x03, 0x05, 0x67, 0x00, 0x00, 0x02,
    0x02, 0x00, 0x57, 0x00, 0x00, 0x00, 0x02, 0x5F, 0x08, 0x01, 0x02, 0x00, 0x02, 0x4F, 0x06, 0x06,
    0x00, 0x00, 0x0F, 0x0E, 0x0D, 0x0C, 0x06, 0x0B, 0x06, 0x0B, 0x0A, 0x09, 0x08, 0x07, 0x00, 0x05,
    0x00, 0x05, 0x11, 0x11, 0x0A, 0x06, 0x18, 0x2B, 0x11, 0x35, 0x21, 0x11, 0x23, 0x11, 0x01, 0x35,
    0x21, 0x11, 0x33, 0x11, 0x13, 0x33, 0x11, 0x23, 0x02, 0x1D, 0x94, 0xFE, 0x77, 0x01, 0x89, 0x94,
    0x94, 0x94, 0x94, 0x02, 0x12, 0x94, 0xFB, 0xAA, 0x03, 0xC2, 0x01, 0x28, 0x94, 0x03, 0xC1, 0xFB,
    0xAB, 0x04, 0x55, 0xF6, 0xC1, 0x00, 0x00, 0x00, 0x00, 0x02, 0x00, 0x00, 0xFE, 0x50, 0x04, 0xCD,
    0x03, 0xCE, 0x00, 0x03, 0x00, 0x0B, 0x00, 0x39, 0x40, 0x36, 0x00, 0x04, 0x03, 0x04, 0x86, 0x00,
    0x00, 0x06, 0x01, 0x01, 0x02, 0x00, 0x01, 0x67, 0x00, 0x02, 0x03, 0x03, 0x02, 0x57, 0x00, 0x02,
    0x02, 0x03, 0x5F, 0x07, 0x05, 0x02, 0x03, 0x02, 0x03, 0x4F, 0x04, 0x04, 0x00, 0x00, 0x04, 0x0B,
    0x04, 0x0B, 0x0A, 0x09, 0x08, 0x07, 0x06, 0x05, 0x00, 0x03, 0x00, 0x03, 0x11, 0x08, 0x06, 0x17,
    0x2B, 0x11, 0x35, 0x21, 0x15, 0x01, 0x35, 0x21, 0x15, 0x21, 0x11, 0x23, 0x11, 0x04, 0xCD, 0xFB,
    0x33, 0x04, 0xCD, 0xFD, 0xE4, 0x94, 0x03, 0x3A, 0x94, 0x94, 0xFE, 0xD8, 0x94, 0x94, 0xFC, 0x3E,
    0x03, 0xC2, 0x00, 0x00, 0x00, 0x01, 0x00, 0x00, 0xFE, 0x50, 0x04, 0xCD, 0x03, 0x3A, 0x00, 0x0B,
    0x00, 0x2A, 0x40, 0x27, 0x04, 0x01, 0x02, 0x01, 0x02, 0x86, 0x00, 0x00, 0x01, 0x01, 0x00, 0x57,
    0x00, 0x00, 0x00, 0x01, 0x5F, 0x06, 0x05, 0x03, 0x03, 0x01, 0x00, 0x01, 0x4F, 0x00, 0x00, 0x00,
    0x0B, 0x00, 0x0B, 0x11, 0x11, 0x11, 0x11, 0x11, 0x07, 0x06, 0x1B, 0x2B, 0x11, 0x35, 0x21, 0x15,
    0x21, 0x11, 0x23, 0x11, 0x23, 0x11, 0x23, 0x11, 0x04, 0xCD, 0xFE, 0x78, 0x94, 0x94, 0x94, 0x02,
    0xA6, 0x94, 0x94, 0xFB, 0xAA, 0x04, 0x56, 0xFB, 0xAA, 0x04, 0x56, 0x00, 0x00, 0x03, 0x00, 0x00,
    0xFE, 0x50, 0x04, 0xCD, 0x03, 0xCE, 0x00, 0x03, 0x00, 0x09, 0x00, 0x0F, 0x00, 0x40, 0x40, 0x3D,
    0x06, 0x01, 0x03, 0x04, 0x03, 0x86, 0x00, 0x00, 0x08, 0x01, 0x01, 0x02, 0x00, 0x01, 0x67, 0x07,
    0x01, 0x02, 0x04, 0x04, 0x02, 0x57, 0x07, 0x01, 0x02, 0x02, 0x04, 0x5F, 0x05, 0x09, 0x02, 0x04,
    0x02, 0x04, 0x4F, 0x04, 0x04, 0x00, 0x00, 0x0F, 0x0E, 0x0D, 0x0C, 0x0B, 0x0A, 0x04, 0x09, 0x04,
    0x09, 0x08, 0x07, 0x06, 0x05, 0x00, 0x03, 0x00, 0x03, 0x11, 0x0A, 0x06, 0x17, 0x2B, 0x11, 0x35,
    0x21, 0x15, 0x01, 0x35, 0x21, 0x11, 0x23, 0x11, 0x21, 0x21, 0x11, 0x23, 0x11, 0x21, 0x04, 0xCD,
    0xFB, 0x33, 0x02, 0x1D, 0x94, 0x03, 0x44, 0xFE, 0x78, 0x94, 0x02, 0x1C, 0x03, 0x3A, 0x94, 0x94,
    0xFE, 0xD8, 0x94, 0xFB, 0xAA, 0x03, 0xC2, 0xFC, 0x3E, 0x04, 0x56, 0x00, 0x00, 0x02, 0x00, 0x00,
    0x02, 0x12, 0x04, 0xCD, 0x07, 0x8F, 0x00, 0x07, 0x00, 0x0B, 0x00, 0x37, 0x40, 0x34, 0x00, 0x01,
    0x00, 0x01, 0x85, 0x02, 0x01, 0x00, 0x06, 0x01, 0x03, 0x04, 0x00, 0x03, 0x67, 0x00, 0x04, 0x05,
    0x05, 0x04, 0x57, 0x00, 0x04, 0x04, 0x05, 0x5F, 0x07, 0x01, 0x05, 0x04, 0x05, 0x4F, 0x08, 0x08,
    0x00, 0x00, 0x08, 0x0B, 0x08, 0x0B, 0x0A, 0x09, 0x00, 0x07, 0x00, 0x07, 0x11, 0x11, 0x11, 0x08,
    0x06, 0x19, 0x2B, 0x11, 0x35, 0x21, 0x11, 0x33, 0x11, 0x21, 0x15, 0x01, 0x35, 0x21, 0x15, 0x02,
    0x1D, 0x94, 0x02, 0x1C, 0xFB, 0x33, 0x04, 0xCD, 0x03, 0x3A, 0x94, 0x03, 0xC1, 0xFC, 0x3F, 0x94,
    0xFE, 0xD8, 0x94, 0x94, 0x00, 0x01, 0x00, 0x00, 0x02, 0xA6, 0x04, 0xCD, 0x07, 0x8F, 0x00, 0x0B,
    0x00, 0x2C, 0x40, 0x29, 0x03, 0x01, 0x01, 0x00, 0x01, 0x85, 0x04, 0x02, 0x02, 0x00, 0x05, 0x05,
    0x00, 0x57, 0x04, 0x02, 0x02, 0x00, 0x00, 0x05, 0x5F, 0x06, 0x01, 0x05, 0x00, 0x05, 0x4F, 0x00,
    0x00, 0x00, 0x0B, 0x00, 0x0B, 0x11, 0x11, 0x11, 0x11, 0x11, 0x07, 0x06, 0x1B, 0x2B, 0x11, 0x35,
    0x21, 0x11, 0x33, 0x11, 0x33, 0x11, 0x33, 0x11, 0x21, 0x15, 0x01, 0x89, 0x94, 0x94, 0x94, 0x01,
    0x88, 0x02, 0xA6, 0x94, 0x04, 0x55, 0xFB, 0xAB, 0x04, 0x55, 0xFB, 0xAB, 0x94, 0x00, 0x00, 0x00,
    0x00, 0x03, 0x00, 0x00, 0x02, 0x12, 0x04, 0xCD, 0x07, 0x8F, 0x00, 0x05, 0x00, 0x0B, 0x00, 0x0F,
    0x00, 0x3E, 0x40, 0x3B, 0x04, 0x01, 0x01, 0x00, 0x01, 0x85, 0x05, 0x01, 0x00, 0x03, 0x08, 0x02,
    0x02, 0x06, 0x00, 0x02, 0x67, 0x00, 0x06, 0x07, 0x07, 0x06, 0x57, 0x00, 0x06, 0x06, 0x07, 0x5F,
    0x09, 0x01, 0x07, 0x06, 0x07, 0x4F, 0x0C, 0x0C, 0x00, 0x00, 0x0C, 0x0F, 0x0C, 0x0F, 0x0E, 0x0D,
    0x0B, 0x0A, 0x09, 0x08, 0x07, 0x06, 0x00, 0x05, 0x00, 0x05, 0x11, 0x11, 0x0A, 0x06, 0x18, 0x2B,
    0x11, 0x35, 0x21, 0x11, 0x33, 0x11, 0x21, 0x21, 0x11, 0x33, 0x11, 0x21, 0x01, 0x35, 0x21, 0x15,
    0x01, 0x89, 0x94, 0x02, 0xB0, 0xFD, 0xE4, 0x94, 0x01, 0x88, 0xFB, 0x33, 0x04, 0xCD, 0x03, 0x3A,
    0x94, 0x03, 0xC1, 0xFB, 0xAB, 0x04, 0x55, 0xFC, 0x3F, 0xFE, 0x44, 0x94, 0x94, 0x00, 0x00, 0x00,
    0x00, 0x01, 0x00, 0x00, 0xFE, 0x50, 0x04, 0xCD, 0x07, 0x8F, 0x00, 0x13, 0x00, 0x3D, 0x40, 0x3A,
    0x00, 0x01, 0x00, 0x01, 0x85, 0x00, 0x06, 0x05, 0x06, 0x86, 0x02, 0x01, 0x00, 0x0A, 0x09, 0x02,
    0x03, 0x04, 0x00, 0x03, 0x67, 0x08, 0x01, 0x04, 0x05, 0x05, 0x04, 0x57, 0x08, 0x01, 0x04, 0x04,
    0x05, 0x5F, 0x07, 0x01, 0x05, 0x04, 0x05, 0x4F, 0x00, 0x00, 0x00, 0x13, 0x00, 0x13, 0x11, 0x11,
    0x11, 0x11, 0x11, 0x11, 0x11, 0x11, 0x11, 0x0B, 0x06, 0x1F, 0x2B, 0x11, 0x35, 0x21, 0x11, 0x33,
    0x11, 0x21, 0x15, 0x21, 0x15, 0x21, 0x15, 0x21, 0x11, 0x23, 0x11, 0x21, 0x35, 0x21, 0x35, 0x02,
    0x1D, 0x94, 0x02, 0x1C, 0xFD, 0xE4, 0x02, 0x1C, 0xFD, 0xE4, 0x94, 0xFD, 0xE3, 0x02, 0x1D, 0x03,
    0x3A, 0x94, 0x03, 0xC1, 0xFC, 0x3F, 0x94, 0x94, 0x94, 0xFC, 0x3E, 0x03, 0xC2, 0x94, 0x94, 0x00,
    0x00, 0x01, 0x00, 0x00, 0xFE, 0x50, 0x04, 0xCD, 0x07, 0x8F, 0x00, 0x13, 0x00, 0x38, 0x40, 0x35,
    0x04, 0x01, 0x02, 0x01, 0x02, 0x85, 0x0A, 0x09, 0x02, 0x07, 0x00, 0x07, 0x86, 0x05, 0x03, 0x02,
    0x01, 0x00, 0x00, 0x01, 0x57, 0x05, 0x03, 0x02, 0x01, 0x01, 0x00, 0x5F, 0x08, 0x06, 0x02, 0x00,
    0x01, 0x00, 0x4F, 0x00, 0x00, 0x00, 0x13, 0x00, 0x13, 0x11, 0x11, 0x11, 0x11, 0x11, 0x11, 0x11,
    0x11, 0x11, 0x0B, 0x06, 0x1F, 0x2B, 0x01, 0x11, 0x21, 0x35, 0x21, 0x11, 0x33, 0x11, 0x33, 0x11,
    0x33, 0x11, 0x21, 0x15, 0x21, 0x11, 0x23, 0x11, 0x23, 0x11, 0x01, 0x89, 0xFE, 0x77, 0x01, 0x89,
    0x94, 0x94, 0x94, 0x01, 0x88, 0xFE, 0x78, 0x94, 0x94, 0xFE, 0x50, 0x04, 0x56, 0x94, 0x04, 0x55,
    0xFB, 0xAB, 0x04, 0x55, 0xFB, 0xAB, 0x94, 0xFB, 0xAA, 0x04, 0x56, 0xFB, 0xAA, 0x00, 0x00, 0x00,
    0x00, 0x04, 0x00, 0x00, 0xFE, 0x50, 0x04, 0xCD, 0x07, 0x8F, 0x00, 0x05, 0x00, 0x0B, 0x00, 0x11,
    0x00, 0x17, 0x00, 0x4F, 0x40, 0x4C, 0x07, 0x01, 0x04, 0x03, 0x04, 0x85, 0x0A, 0x01, 0x01, 0x02,
    0x01, 0x86, 0x08, 0x01, 0x03, 0x06, 0x0D, 0x02, 0x05, 0x00, 0x03, 0x05, 0x67, 0x0B, 0x01, 0x00,
    0x02, 0x02, 0x00, 0x57, 0x0B, 0x01, 0x00, 0x00, 0x02, 0x5F, 0x09, 0x0C, 0x02, 0x02, 0x00, 0x02,
    0x4F, 0x06, 0x06, 0x00, 0x00, 0x17, 0x16, 0x15, 0x14, 0x13, 0x12, 0x11, 0x10, 0x0F, 0x0E, 0x0D,
    0x0C, 0x06, 0x0B, 0x06, 0x0B, 0x0A, 0x09, 0x08, 0x07, 0x00, 0x05, 0x00, 0x05, 0x11, 0x11, 0x0E,
    0x06, 0x18, 0x2B, 0x11, 0x35, 0x21, 0x11, 0x23, 0x11, 0x01, 0x35, 0x21, 0x11, 0x33, 0x11, 0x21,
    0x21, 0x11, 0x33, 0x11, 0x21, 0x11, 0x21, 0x11, 0x23, 0x11, 0x21, 0x02, 0x1D, 0x94, 0xFE, 0x77,
    0x01, 0x89, 0x94, 0x02, 0xB0, 0xFD, 0xE4, 0x94, 0x01, 0x88, 0xFE, 0x78, 0x94, 0x02, 0x1C, 0x02,
    0x12, 0x94, 0xFB, 0xAA, 0x03, 0xC2, 0x01, 0x28, 0x94, 0x03, 0xC1, 0xFB, 0xAB, 0x04, 0x55, 0xFC,
    0x3F, 0xFE, 0x44, 0xFC, 0x3E, 0x04, 0x56, 0x00, 0x00, 0x01, 0x00, 0x00, 0x02, 0xF0, 0x04, 0xCD,
    0x07, 0x8F, 0x00, 0x03, 0x00, 0x17, 0x40, 0x14, 0x00, 0x00, 0x01, 0x00, 0x85, 0x02, 0x01, 0x01,
    0x01, 0x76, 0x00, 0x00, 0x00, 0x03, 0x00, 0x03, 0x11, 0x03, 0x06, 0x17, 0x2B, 0x11, 0x11, 0x21,
    0x11, 0x04, 0xCD, 0x02, 0xF0, 0x04, 0x9F, 0xFB, 0x61, 0x00, 0x00, 0x00, 0x00, 0x01, 0x00, 0x00,
    0xFE, 0x50, 0x04, 0xCD, 0x02, 0xF0, 0x00, 0x03, 0x00, 0x11, 0x40, 0x0E, 0x00, 0x00, 0x01, 0x00,
    0x85, 0x00, 0x01, 0x01, 0x76, 0x11, 0x10, 0x02, 0x06, 0x18, 0x2B, 0x11, 0x21, 0x11, 0x21, 0x04,
    0xCD, 0xFB, 0x33, 0x02, 0xF0, 0xFB, 0x60, 0x00, 0x00, 0x01, 0x00, 0x00, 0xFE, 0x50, 0x04, 0xCD,
    0x07, 0x8F, 0x00, 0x03, 0x00, 0x11, 0x40, 0x0E, 0x00, 0x00, 0x01, 0x00, 0x85, 0x00, 0x01, 0x01,
    0x76, 0x11, 0x10, 0x02, 0x06, 0x18, 0x2B, 0x11, 0x21, 0x11, 0x21, 0x04, 0xCD, 0xFB, 0x33, 0x07,
    0x8F, 0xF6, 0xC1, 0x00, 0x00, 0x01, 0x00, 0x00, 0xFE, 0x50, 0x02, 0x67, 0x07, 0x8F, 0x00, 0x03,
    0x00, 0x11, 0x40, 0x0E, 0x00, 0x00, 0x01, 0x00, 0x85, 0x00, 0x01, 0x01, 0x76, 0x11, 0x10, 0x02,
    0x06, 0x18, 0x2B, 0x11, 0x21, 0x11, 0x21, 0x02, 0x67, 0xFD, 0x99, 0x07, 0x8F, 0xF6, 0xC1, 0x00,
    0x00, 0x01, 0x02, 0x66, 0xFE, 0x50, 0x04, 0xCD, 0x07, 0x8F, 0x00, 0x03, 0x00, 0x11, 0x40, 0x0E,
    0x00, 0x00, 0x01, 0x00, 0x85, 0x00, 0x01, 0x01, 0x76, 0x11, 0x10, 0x02, 0x06, 0x18, 0x2B, 0x01,
    0x21, 0x11, 0x21, 0x02, 0x66, 0x02, 0x67, 0xFD, 0x99, 0x07, 0x8F, 0xF6, 0xC1, 0x00, 0x00, 0x00,
    0x00, 0x12, 0x00, 0x00, 0xFE, 0x50, 0x04, 0xCD, 0x06, 0xCB, 0x00, 0x03, 0x00, 0x07, 0x00, 0x0B,
    0x00, 0x0F, 0x00, 0x13, 0x00, 0x17, 0x00, 0x1B, 0x00, 0x1F, 0x00, 0x23, 0x00, 0x27, 0x00, 0x2B,
    0x00, 0x2F, 0x00, 0x33, 0x00, 0x37, 0x00, 0x3B, 0x00, 0x3F, 0x00, 0x43, 0x00, 0x47, 0x00, 0xF9,
    0x40, 0xF6, 0x14, 0x0A, 0x02, 0x00, 0x2E, 0x15, 0x29, 0x0B, 0x24, 0x05, 0x01, 0x02, 0x00, 0x01,
    0x67, 0x16, 0x0C, 0x02, 0x02, 0x2F, 0x17, 0x2A, 0x0D, 0x25, 0x05, 0x03, 0x04, 0x02, 0x03, 0x67,
    0x18, 0x0E, 0x02, 0x04, 0x30, 0x19, 0x2B, 0x0F, 0x26, 0x05, 0x05, 0x06, 0x04, 0x05, 0x67, 0x1A,
    0x10, 0x02, 0x06, 0x31, 0x1B, 0x2C, 0x11, 0x27, 0x05, 0x07, 0x08, 0x06, 0x07, 0x67, 0x1C, 0x12,
    0x02, 0x08, 0x32, 0x1D, 0x2D, 0x13, 0x28, 0x05, 0x09, 0x1E, 0x08, 0x09, 0x67, 0x22, 0x20, 0x02,
    0x1E, 0x1F, 0x1F, 0x1E, 0x57, 0x22, 0x20, 0x02, 0x1E, 0x1E, 0x1F, 0x5F, 0x35, 0x23, 0x34, 0x21,
    0x33, 0x05, 0x1F, 0x1E, 0x1F, 0x4F, 0x44, 0x44, 0x40, 0x40, 0x3C, 0x3C, 0x38, 0x38, 0x34, 0x34,
    0x30, 0x30, 0x2C, 0x2C, 0x28, 0x28, 0x24, 0x24, 0x20, 0x20, 0x1C, 0x1C, 0x18, 0x18, 0x14, 0x14,
    0x10, 0x10, 0x0C, 0x0C, 0x08, 0x08, 0x04, 0x04, 0x00, 0x00, 0x44, 0x47, 0x44, 0x47, 0x46, 0x45,
    0x40, 0x43, 0x40, 0x43, 0x42, 0x41, 0x3C, 0x3F, 0x3C, 0x3F, 0x3E, 0x3D, 0x38, 0x3B, 0x38, 0x3B,
    0x3A, 0x39, 0x34, 0x37, 0x34, 0x37, 0x36, 0x35, 0x30, 0x33, 0x30, 0x33, 0x32, 0x31, 0x2C, 0x2F,
    0x2C, 0x2F, 0x2E, 0x2D, 0x28, 0x2B, 0x28, 0x2B, 0x2A, 0x29, 0x24, 0x27, 0x24, 0x27, 0x26, 0x25,
    0x20, 0x23, 0x20, 0x23, 0x22, 0x21, 0x1C, 0x1F, 0x1C, 0x1F, 0x1E, 0x1D, 0x18, 0x1B, 0x18, 0x1B,
    0x1A, 0x19, 0x14, 0x17, 0x14, 0x17, 0x16, 0x15, 0x10, 0x13, 0x10, 0x13, 0x12, 0x11, 0x0C, 0x0F,
    0x0C, 0x0F, 0x0E, 0x0D, 0x08, 0x0B, 0x08, 0x0B, 0x0A, 0x09, 0x04, 0x07, 0x04, 0x07, 0x06, 0x05,
    0x00, 0x03, 0x00, 0x03, 0x11, 0x36, 0x06, 0x17, 0x2B, 0x11, 0x35, 0x33, 0x15, 0x03, 0x35, 0x33,
    0x15, 0x01, 0x35, 0x33, 0x15, 0x03, 0x35, 0x33, 0x15, 0x01, 0x35, 0x33, 0x15, 0x13, 0x35, 0x33,
    0x15, 0x03, 0x35, 0x33, 0x15, 0x01, 0x35, 0x33, 0x15, 0x03, 0x35, 0x33, 0x15, 0x01, 0x35, 0x33,
    0x15, 0x13, 0x35, 0x33, 0x15, 0x03, 0x35, 0x33, 0x15, 0x01, 0x35, 0x33, 0x15, 0x03, 0x35, 0x33,
    0x15, 0x01, 0x35, 0x33, 0x15, 0x01, 0x35, 0x33, 0x15, 0x33, 0x35, 0x33, 0x15, 0x33, 0x35, 0x33,
    0x15, 0xCE, 0x01, 0xCE, 0xFE, 0x65, 0xCE, 0x01, 0xCE, 0xFE, 0x65, 0xCE, 0xCB, 0xCE, 0x01, 0xCE,
    0xFE, 0x65, 0xCE, 0x01, 0xCE, 0xFE, 0x65, 0xCE, 0xCB, 0xCE, 0x01, 0xCE, 0xFE, 0x65, 0xCE, 0x01,
    0xCE, 0xFE, 0x65, 0xCE, 0xFC, 0xCE, 0xCD, 0xCB, 0xCE, 0xCB, 0xCE, 0x06, 0x06, 0xC5, 0xC5, 0xFE,
    0x75, 0xC5, 0xC5, 0xFE, 0x76, 0xC5, 0xC5, 0xFE, 0x74, 0xC5, 0xC5, 0xFE, 0x76, 0xC5, 0xC5, 0x06,
    0x2B, 0xC5, 0xC5, 0xFE, 0x75, 0xC5, 0xC5, 0xFE, 0x76, 0xC5, 0xC5, 0xFE, 0x74, 0xC5, 0xC5, 0xFE,
    0x76, 0xC5, 0xC5, 0x06, 0x2B, 0xC5, 0xC5, 0xFE, 0x75, 0xC5, 0xC5, 0xFE, 0x76, 0xC5, 0xC5, 0xFE,
    0x74, 0xC5, 0xC5, 0xFE, 0x76, 0xC5, 0xC5, 0xFE, 0x75, 0xC4, 0xC4, 0xC4, 0xC4, 0xC4, 0xC4, 0x00,
    0x00, 0x24, 0x00, 0x00, 0xFE, 0x50, 0x04, 0xCD, 0x07, 0x8F, 0x00, 0x03, 0x00, 0x07, 0x00, 0x0B,
    0x00, 0x0F, 0x00, 0x13, 0x00, 0x17, 0x00, 0x1B, 0x00, 0x1F, 0x00, 0x23, 0x00, 0x27, 0x00, 0x2B,
    0x00, 0x2F, 0x00, 0x33, 0x00, 0x37, 0x00, 0x3B, 0x00, 0x3F, 0x00, 0x43, 0x00, 0x47, 0x00, 0x4B,
    0x00, 0x4F, 0x00, 0x53, 0x00, 0x57, 0x00, 0x5B, 0x00, 0x5F, 0x00, 0x63, 0x00, 0x67, 0x00, 0x6B,
    0x00, 0x6F, 0x00, 0x73, 0x00, 0x77, 0x00, 0x7B, 0x00, 0x7F, 0x00, 0x83, 0x00, 0x87, 0x00, 0x8B,
    0x00, 0x8F, 0x00, 0x00, 0x11, 0x35, 0x33, 0x15, 0x03, 0x35, 0x33, 0x15, 0x03, 0x35, 0x33, 0x15,
    0x03, 0x35, 0x33, 0x15, 0x03, 0x35, 0x33, 0x15, 0x13, 0x35, 0x33, 0x15, 0x03, 0x35, 0x33, 0x15,
    0x03, 0x35, 0x33, 0x15, 0x03, 0x35, 0x33, 0x15, 0x03, 0x35, 0x33, 0x15, 0x13, 0x35, 0x33, 0x15,
    0x03, 0x35, 0x33, 0x15, 0x03, 0x35, 0x33, 0x15, 0x03, 0x35, 0x33, 0x15, 0x03, 0x35, 0x33, 0x15,
    0x13, 0x35, 0x33, 0x15, 0x03, 0x35, 0x33, 0x15, 0x03, 0x35, 0x33, 0x15, 0x03, 0x35, 0x33, 0x15,
    0x03, 0x35, 0x33, 0x15, 0x13, 0x35, 0x33, 0x15, 0x03, 0x35, 0x33, 0x15, 0x03, 0x35, 0x33, 0x15,
    0x03, 0x35, 0x33, 0x15, 0x03, 0x35, 0x33, 0x15, 0x13, 0x35, 0x33, 0x15, 0x03, 0x35, 0x33, 0x15,
    0x03, 0x35, 0x33, 0x15, 0x03, 0x35, 0x33, 0x15, 0x03, 0x35, 0x33, 0x15, 0x01, 0x35, 0x33, 0x15,
    0x33, 0x35, 0x33, 0x15, 0x33, 0x35, 0x33, 0x15, 0x01, 0x35, 0x33, 0x15, 0x33, 0x35, 0x33, 0x15,
    0x33, 0x35, 0x33, 0x15, 0xCC, 0xCC, 0xCC, 0xCC, 0xCC, 0xCC, 0xCC, 0xCC, 0xCC, 0x02, 0xCC, 0xCC,
    0xCC, 0xCC, 0xCC, 0xCC, 0xCC, 0xCC, 0xCC, 0x02, 0xCC, 0xCC, 0xCC, 0xCC, 0xCC, 0xCC, 0xCC, 0xCC,
    0xCC, 0x02, 0xCC, 0xCC, 0xCC, 0xCC, 0xCC, 0xCC, 0xCC, 0xCC, 0xCC, 0x02, 0xCC, 0xCC, 0xCC, 0xCC,
    0xCC, 0xCC, 0xCC, 0xCC, 0xCC, 0x02, 0xC7, 0xC7, 0xC7, 0xC7, 0xC7, 0xC7, 0xC7, 0xC7, 0xC7, 0xFB,
    0x33, 0xCC, 0xD0, 0xCC, 0xD0, 0xCC, 0xFC, 0xCA, 0xCC, 0xD0, 0xCC, 0xD0, 0xC7, 0x05, 0x41, 0xC3,
    0xC3, 0xFE, 0x75, 0xC4, 0xC4, 0xFE, 0x75, 0xC3, 0xC3, 0xFE, 0x75, 0xC3, 0xC3, 0xFE, 0x74, 0xC4,
    0xC4, 0x06, 0xF3, 0xC3, 0xC3, 0xFE, 0x75, 0xC3, 0xC3, 0xFE, 0x74, 0xC4, 0xC4, 0xFE, 0x75, 0xC4,
    0xC4, 0xFE, 0x75, 0xC4, 0xC4, 0x05, 0x67, 0xC3, 0xC3, 0xFE, 0x75, 0xC4, 0xC4, 0xFE, 0x75, 0xC3,
    0xC3, 0xFE, 0x75, 0xC3, 0xC3, 0xFE, 0x74, 0xC4, 0xC4, 0x06, 0xF3, 0xC3, 0xC3, 0xFE, 0x75, 0xC3,
    0xC3, 0xFE, 0x74, 0xC4, 0xC4, 0xFE, 0x75, 0xC4, 0xC4, 0xFE, 0x75, 0xC4, 0xC4, 0x05, 0x67, 0xC3,
    0xC3, 0xFE, 0x75, 0xC4, 0xC4, 0xFE, 0x75, 0xC3, 0xC3, 0xFE, 0x75, 0xC3, 0xC3, 0xFE, 0x74, 0xC4,
    0xC4, 0x06, 0xF3, 0xC3, 0xC3, 0xFE, 0x75, 0xC3, 0xC3, 0xFE, 0x74, 0xC4, 0xC4, 0xFE, 0x75, 0xC4,
    0xC4, 0xFE, 0x75, 0xC4, 0xC4, 0x06, 0xF1, 0xC4, 0xC4, 0xC4, 0xC4, 0xC4, 0xC4, 0xF7, 0x85, 0xC3,
    0xC3, 0xC3, 0xC3, 0xC3, 0xC3, 0x00, 0x00, 0x00, 0x00, 0x13, 0x00, 0x00, 0xFE, 0x50, 0x04, 0xCD,
    0x07, 0x8F, 0x00, 0x03, 0x00, 0x07, 0x00, 0x0B, 0x00, 0x0F, 0x00, 0x13, 0x00, 0x17, 0x00, 0x1B,
    0x00, 0x1F, 0x00, 0x23, 0x00, 0x27, 0x00, 0x2B, 0x00, 0x2F, 0x00, 0x33, 0x00, 0x37, 0x00, 0x3B,
    0x00, 0x3F, 0x00, 0x43, 0x00, 0x47, 0x00, 0x4B, 0x00, 0x00, 0x13, 0x35, 0x23, 0x15, 0x01, 0x35,
    0x23, 0x15, 0x13, 0x35, 0x23, 0x15, 0x01, 0x35, 0x23, 0x15, 0x13, 0x35, 0x23, 0x15, 0x01, 0x35,
    0x23, 0x15, 0x01, 0x35, 0x23, 0x15, 0x13, 0x35, 0x23, 0x15, 0x01, 0x35, 0x23, 0x15, 0x13, 0x35,
    0x23, 0x15, 0x01, 0x35, 0x23, 0x15, 0x01, 0x35, 0x23, 0x15, 0x13, 0x35, 0x23, 0x15, 0x01, 0x35,
    0x23, 0x15, 0x13, 0x35, 0x23, 0x15, 0x01, 0x35, 0x23, 0x15, 0x21, 0x35, 0x23, 0x15, 0x21, 0x35,
    0x23, 0x15, 0x01, 0x21, 0x11, 0x21, 0xCE, 0xCE, 0x01, 0x9B, 0xCE, 0x01, 0xCE, 0x01, 0x9B, 0xCE,
    0x01, 0xCE, 0x02, 0x67, 0xCE, 0x01, 0x9B, 0xCE, 0x01, 0xCE, 0x01, 0x9B, 0xCE, 0x01, 0xCE, 0x02,
    0x67, 0xCE, 0x01, 0x9B, 0xCE, 0x01, 0xCE, 0x01, 0x9B, 0xCE, 0x01, 0xCE, 0xFE, 0x69, 0xCD, 0x02,
    0x66, 0xCE, 0x02, 0x67, 0xCE, 0xFC, 0x01, 0x04, 0xCD, 0xFB, 0x33, 0x06, 0x06, 0xC5, 0xC5, 0xFE,
    0x75, 0xC5, 0xC5, 0xFE, 0x76, 0xC5, 0xC5, 0xFE, 0x74, 0xC5, 0xC5, 0xFE, 0x76, 0xC5, 0xC5, 0x06,
    0x2B, 0xC5, 0xC5, 0xFE, 0x75, 0xC5, 0xC5, 0xFE, 0x76, 0xC5, 0xC5, 0xFE, 0x74, 0xC5, 0xC5, 0xFE,
    0x76, 0xC5, 0xC5, 0x06, 0x2B, 0xC5, 0xC5, 0xFE, 0x75, 0xC5, 0xC5, 0xFE, 0x76, 0xC5, 0xC5, 0xFE,
    0x74, 0xC5, 0xC5, 0xFE, 0x76, 0xC5, 0xC5, 0xFE, 0x75, 0xC4, 0xC4, 0xC4, 0xC4, 0xC4, 0xC4, 0x09,
    0x3F, 0xF6, 0xC1, 0x00, 0x00, 0x01, 0x00, 0x64, 0x00, 0x00, 0x04, 0x71, 0x04, 0x0D, 0x00, 0x03,
    0x00, 0x17, 0x40, 0x14, 0x00, 0x00, 0x01, 0x00, 0x85, 0x02, 0x01, 0x01, 0x01, 0x76, 0x00, 0x00,
    0x00, 0x03, 0x00, 0x03, 0x11, 0x03, 0x06, 0x17, 0x2B, 0x33, 0x11, 0x21, 0x11, 0x64, 0x04, 0x0D,
    0x04, 0x0D, 0xFB, 0xF3, 0x00, 0x02, 0x00, 0x64, 0x00, 0x00, 0x04, 0x71, 0x04, 0x0D, 0x00, 0x03,
    0x00, 0x07, 0x00, 0x2A, 0x40, 0x27, 0x00, 0x00, 0x00, 0x03, 0x02, 0x00, 0x03, 0x67, 0x00, 0x02,
    0x01, 0x01, 0x02, 0x57, 0x00, 0x02, 0x02, 0x01, 0x5F, 0x04, 0x01, 0x01, 0x02, 0x01, 0x4F, 0x00,
    0x00, 0x07, 0x06, 0x05, 0x04, 0x00, 0x03, 0x00, 0x03, 0x11, 0x05, 0x06, 0x17, 0x2B, 0x33, 0x11,
    0x21, 0x11, 0x25, 0x21, 0x11, 0x21, 0x64, 0x04, 0x0D, 0xFC, 0x56, 0x03, 0x48, 0xFC, 0xB8, 0x04,
    0x0D, 0xFB, 0xF3, 0x63, 0x03, 0x48, 0x00, 0x00, 0x00, 0x01, 0x00, 0x64, 0x01, 0x95, 0x02, 0x72,
    0x03, 0xA3, 0x00, 0x03, 0x00, 0x1E, 0x40, 0x1B, 0x00, 0x00, 0x01, 0x01, 0x00, 0x57, 0x00, 0x00,
    0x00, 0x01, 0x5F, 0x02, 0x01, 0x01, 0x00, 0x01, 0x4F, 0x00, 0x00, 0x00, 0x03, 0x00, 0x03, 0x11,
    0x03, 0x06, 0x17, 0x2B, 0x13, 0x11, 0x21, 0x11, 0x64, 0x02, 0x0E, 0x01, 0x95, 0x02, 0x0E, 0xFD,
    0xF2, 0x00, 0x00, 0x00, 0x00, 0x02, 0x00, 0x64, 0x01, 0x9F, 0x02, 0x72, 0x03, 0xAD, 0x00, 0x03,
    0x00, 0x07, 0x00, 0x2A, 0x40, 0x27, 0x00, 0x00, 0x00, 0x03, 0x02, 0x00, 0x03, 0x67, 0x00, 0x02,
    0x01, 0x01, 0x02, 0x57, 0x00, 0x02, 0x02, 0x01, 0x5F, 0x04, 0x01, 0x01, 0x02, 0x01, 0x4F, 0x00,
    0x00, 0x07, 0x06, 0x05, 0x04, 0x00, 0x03, 0x00, 0x03, 0x11, 0x05, 0x06, 0x17, 0x2B, 0x13, 0x11,
    0x21, 0x11, 0x25, 0x21, 0x11, 0x21, 0x64, 0x02, 0x0E, 0xFE, 0x55, 0x01, 0x49, 0xFE, 0xB7, 0x01,
    0x9F, 0x02, 0x0E, 0xFD, 0xF2, 0x63, 0x01, 0x48, 0x00, 0x01, 0x00, 0x00, 0x02, 0x00, 0x08, 0x00,
    0x04, 0x00, 0x00, 0x03, 0x00, 0x1E, 0x40, 0x1B, 0x00, 0x00, 0x01, 0x01, 0x00, 0x57, 0x00, 0x00,
    0x00, 0x01, 0x5F, 0x02, 0x01, 0x01, 0x00, 0x01, 0x4F, 0x00, 0x00, 0x00, 0x03, 0x00, 0x03, 0x11,
    0x03, 0x06, 0x17, 0x2B, 0x11, 0x11, 0x21, 0x11, 0x08, 0x00, 0x02, 0x00, 0x02, 0x00, 0xFE, 0x00,
    0x00, 0x01, 0x00, 0xFA, 0x00, 0x00, 0x06, 0xF1, 0x05, 0xF7, 0x00, 0x02, 0x00, 0x15, 0x40, 0x12,
    0x01, 0x01, 0x00, 0x4A, 0x01, 0x01, 0x00, 0x00, 0x76, 0x00, 0x00, 0x00, 0x02, 0x00, 0x02, 0x02,
    0x06, 0x16, 0x2B, 0x33, 0x01, 0x01, 0xFA, 0x02, 0xFC, 0x02, 0xFB, 0x05, 0xF7, 0xFA, 0x09, 0x00,
    0x00, 0x01, 0x00, 0xFA, 0x00, 0x00, 0x06, 0xF1, 0x05, 0xF7, 0x00, 0x02, 0x00, 0x06, 0xB3, 0x02,
    0x00, 0x01, 0x32, 0x2B, 0x13, 0x01, 0x01, 0xFA, 0x05, 0xF7, 0xFA, 0x09, 0x05, 0xF7, 0xFD, 0x04,
    0xFD, 0x05, 0x00, 0x00, 0x00, 0x01, 0x00, 0xFA, 0x00, 0x00, 0x06, 0xF1, 0x05, 0xF7, 0x00, 0x02,
    0x00, 0x15, 0x40, 0x12, 0x01, 0x01, 0x00, 0x49, 0x01, 0x01, 0x00, 0x00, 0x76, 0x00, 0x00, 0x00,
    0x02, 0x00, 0x02, 0x02, 0x06, 0x16, 0x2B, 0x09, 0x02, 0x06, 0xF1, 0xFD, 0x04, 0xFD, 0x05, 0x05,
    0xF7, 0xFA, 0x09, 0x05, 0xF7, 0x00, 0x00, 0x00, 0x00, 0x01, 0x00, 0xFA, 0x00, 0x00, 0x06, 0xF1,
    0x05, 0xF7, 0x00, 0x02, 0x00, 0x06, 0xB3, 0x02, 0x00, 0x01, 0x32, 0x2B, 0x21, 0x01, 0x01, 0x06,
    0xF1, 0xFA, 0x09, 0x05, 0xF7, 0x02, 0xFC, 0x02, 0xFB, 0x00, 0x00, 0x00, 0x00, 0x02, 0x00, 0x20,
    0x01, 0x22, 0x03, 0xD3, 0x04, 0xD5, 0x00, 0x03, 0x00, 0x07, 0x00, 0x08, 0xB5, 0x07, 0x05, 0x03,
    0x01, 0x02, 0x32, 0x2B, 0x09, 0x07, 0x03, 0xD3, 0xFE, 0x26, 0xFE, 0x27, 0x01, 0xD9, 0x01, 0x33,
    0xFE, 0xCD, 0xFE, 0xCE, 0x01, 0x32, 0x02, 0xFC, 0xFE, 0x26, 0x01, 0xDA, 0x01, 0xD9, 0xFE, 0x27,
    0x01, 0x32, 0xFE, 0xCE, 0xFE, 0xCD, 0x00, 0x00, 0x00, 0x02, 0x00, 0xAE, 0x00, 0xDE, 0x04, 0x26,
    0x04, 0x56, 0x00, 0x0F, 0x00, 0x1F, 0x00, 0x31, 0x40, 0x2E, 0x00, 0x01, 0x00, 0x03, 0x02, 0x01,
    0x03, 0x69, 0x05, 0x01, 0x02, 0x00, 0x00, 0x02, 0x59, 0x05, 0x01, 0x02, 0x02, 0x00, 0x61, 0x04,
    0x01, 0x00, 0x02, 0x00, 0x51, 0x11, 0x10, 0x01, 0x00, 0x19, 0x17, 0x10, 0x1F, 0x11, 0x1F, 0x09,
    0x07, 0x00, 0x0F, 0x01, 0x0F, 0x06, 0x06, 0x16, 0x2B, 0x25, 0x22, 0x27, 0x26, 0x35, 0x34, 0x37,
    0x36, 0x33, 0x32, 0x17, 0x16, 0x15, 0x14, 0x07, 0x06, 0x27, 0x32, 0x37, 0x36, 0x35, 0x34, 0x27,
    0x26, 0x23, 0x22, 0x07, 0x06, 0x15, 0x14, 0x17, 0x16, 0x02, 0x63, 0xB1, 0x83, 0x81, 0x82, 0x82,
    0xB8, 0xB9, 0x81, 0x82, 0x84, 0x83, 0xBA, 0x93, 0x65, 0x67, 0x65, 0x65, 0x90, 0x90, 0x64, 0x65,
    0x64, 0x64, 0xDE, 0x83, 0x84, 0xB5, 0xB8, 0x82, 0x82, 0x83, 0x82, 0xBA, 0xB8, 0x81, 0x80, 0x63,
    0x64, 0x64, 0x8E, 0x92, 0x65, 0x66, 0x66, 0x65, 0x8F, 0x8E, 0x65, 0x66, 0x00, 0x01, 0x00, 0xAE,
    0x00, 0xDE, 0x04, 0x26, 0x04, 0x56, 0x00, 0x0B, 0x00, 0x18, 0x40, 0x15, 0x00, 0x01, 0x00, 0x01,
    0x85, 0x02, 0x01, 0x00, 0x00, 0x76, 0x01, 0x00, 0x07, 0x05, 0x00, 0x0B, 0x01, 0x0B, 0x03, 0x06,
    0x16, 0x2B, 0x25, 0x22, 0x00, 0x35, 0x34, 0x00, 0x33, 0x32, 0x00, 0x15, 0x14, 0x00, 0x02, 0x63,
    0xB2, 0xFE, 0xFD, 0x01, 0x04, 0xB8, 0xB9, 0x01, 0x03, 0xFE, 0xF9, 0xDE, 0x01, 0x07, 0xB5, 0xB8,
    0x01, 0x04, 0xFE, 0xFB, 0xBA, 0xB8, 0xFE, 0xFF, 0x00, 0x02, 0x00, 0x00, 0xFE, 0x50, 0x04, 0xCD,
    0x07, 0x8F, 0x00, 0x03, 0x00, 0x0F, 0x00, 0x24, 0x40, 0x21, 0x00, 0x01, 0x03, 0x01, 0x85, 0x00,
    0x03, 0x02, 0x03, 0x85, 0x04, 0x01, 0x02, 0x00, 0x02, 0x85, 0x00, 0x00, 0x00, 0x76, 0x05, 0x04,
    0x0B, 0x09, 0x04, 0x0F, 0x05, 0x0F, 0x11, 0x10, 0x05, 0x06, 0x18, 0x2B, 0x01, 0x21, 0x11, 0x21,
    0x01, 0x32, 0x00, 0x35, 0x34, 0x00, 0x23, 0x22, 0x00, 0x15, 0x14, 0x00, 0x04, 0xCD, 0xFB, 0x33,
    0x04, 0xCD, 0xFD, 0x93, 0xBC, 0x01, 0x07, 0xFE, 0xFD, 0xB9, 0xB8, 0xFE, 0xFC, 0x01, 0x02, 0xFE,
    0x50, 0x09, 0x3F, 0xF9, 0xA5, 0x01, 0x01, 0xB8, 0xBA, 0x01, 0x05, 0xFE, 0xFC, 0xB8, 0xB5, 0xFE,
    0xF9, 0x00, 0x00, 0x00, 0x00, 0x03, 0x00, 0x00, 0xFE, 0x50, 0x04, 0xCD, 0x07, 0x8F, 0x00, 0x03,
    0x00, 0x0F, 0x00, 0x1B, 0x00, 0x37, 0x40, 0x34, 0x00, 0x00, 0x03, 0x00, 0x85, 0x00, 0x03, 0x05,
    0x03, 0x85, 0x00, 0x05, 0x04, 0x05, 0x85, 0x07, 0x01, 0x04, 0x02, 0x04, 0x85, 0x06, 0x01, 0x02,
    0x01, 0x02, 0x85, 0x00, 0x01, 0x01, 0x76, 0x11, 0x10, 0x05, 0x04, 0x17, 0x15, 0x10, 0x1B, 0x11,
    0x1B, 0x0B, 0x09, 0x04, 0x0F, 0x05, 0x0F, 0x11, 0x10, 0x08, 0x06, 0x18, 0x2B, 0x11, 0x21, 0x11,
    0x21, 0x01, 0x32, 0x00, 0x35, 0x34, 0x00, 0x23, 0x22, 0x00, 0x15, 0x14, 0x00, 0x37, 0x22, 0x26,
    0x35, 0x34, 0x36, 0x33, 0x32, 0x16, 0x15, 0x14, 0x06, 0x04, 0xCD, 0xFB, 0x33, 0x02, 0x60, 0xEC,
    0x01, 0x46, 0xFE, 0xBA, 0xE5, 0xE6, 0xFE, 0xBB, 0x01, 0x43, 0xE2, 0xAE, 0xFC, 0xFD, 0xB3, 0xB2,
    0xFE, 0xFE, 0x07, 0x8F, 0xF6, 0xC1, 0x02, 0x75, 0x01, 0x42, 0xEA, 0xE5, 0x01, 0x45, 0xFE, 0xBB,
    0xE6, 0xE4, 0xFE, 0xB9, 0x7B, 0xFF, 0xB1, 0xB3, 0xFD, 0xFD, 0xB2, 0xB6, 0xFB, 0x00, 0x00, 0x00,
    0x00, 0x02, 0x00, 0x42, 0x01, 0x71, 0x02, 0x94, 0x03, 0xC3, 0x00, 0x0F, 0x00, 0x1F, 0x00, 0x31,
    0x40, 0x2E, 0x00, 0x03, 0x00, 0x01, 0x00, 0x03, 0x01, 0x69, 0x04, 0x01, 0x00, 0x02, 0x02, 0x00,
    0x59, 0x04, 0x01, 0x00, 0x00, 0x02, 0x61, 0x05, 0x01, 0x02, 0x00, 0x02, 0x51, 0x11, 0x10, 0x01,
    0x00, 0x19, 0x17, 0x10, 0x1F, 0x11, 0x1F, 0x09, 0x07, 0x00, 0x0F, 0x01, 0x0F, 0x06, 0x06, 0x16,
    0x2B, 0x01, 0x32, 0x37, 0x36, 0x35, 0x34, 0x27, 0x26, 0x23, 0x22, 0x07, 0x06, 0x15, 0x14, 0x17,
    0x16, 0x17, 0x22, 0x27, 0x26, 0x35, 0x34, 0x37, 0x36, 0x33, 0x32, 0x17, 0x16, 0x15, 0x14, 0x07,
    0x06, 0x01, 0x69, 0x51, 0x3B, 0x3B, 0x3A, 0x39, 0x52, 0x52, 0x39, 0x39, 0x39, 0x39, 0x4D, 0x77,
    0x57, 0x56, 0x57, 0x57, 0x7B, 0x7C, 0x56, 0x57, 0x58, 0x59, 0x01, 0xD6, 0x39, 0x39, 0x50, 0x54,
    0x39, 0x3A, 0x3A, 0x39, 0x52, 0x50, 0x3A, 0x3A, 0x65, 0x58, 0x59, 0x78, 0x7B, 0x57, 0x57, 0x57,
    0x57, 0x7D, 0x7C, 0x55, 0x56, 0x00, 0x00, 0x00, 0x00, 0x05, 0x01, 0x0C, 0xFF, 0xDB, 0x07, 0x1E,
    0x05, 0xED, 0x00, 0x0F, 0x00, 0x1F, 0x00, 0x2D, 0x00, 0x3D, 0x00, 0x4D, 0x00, 0x6B, 0x40, 0x68,
    0x0E, 0x07, 0x02, 0x05, 0x08, 0x04, 0x08, 0x05, 0x04, 0x80, 0x00, 0x01, 0x00, 0x03, 0x09, 0x01,
    0x03, 0x69, 0x0B, 0x01, 0x09, 0x10, 0x0A, 0x0F, 0x03, 0x08, 0x05, 0x09, 0x08, 0x69, 0x00, 0x04,
    0x00, 0x06, 0x02, 0x04, 0x06, 0x69, 0x0D, 0x01, 0x02, 0x00, 0x00, 0x02, 0x59, 0x0D, 0x01, 0x02,
    0x02, 0x00, 0x61, 0x0C, 0x01, 0x00, 0x02, 0x00, 0x51, 0x3F, 0x3E, 0x2F, 0x2E, 0x20, 0x20, 0x11,
    0x10, 0x01, 0x00, 0x47, 0x45, 0x3E, 0x4D, 0x3F, 0x4D, 0x37, 0x35, 0x2E, 0x3D, 0x2F, 0x3D, 0x20,
    0x2D, 0x20, 0x2D, 0x2A, 0x28, 0x25, 0x24, 0x23, 0x21, 0x19, 0x17, 0x10, 0x1F, 0x11, 0x1F, 0x09,
    0x07, 0x00, 0x0F, 0x01, 0x0F, 0x11, 0x06, 0x16, 0x2B, 0x05, 0x20, 0x27, 0x26, 0x11, 0x10, 0x37,
    0x36, 0x21, 0x20, 0x17, 0x16, 0x11, 0x10, 0x07, 0x06, 0x25, 0x20, 0x37, 0x36, 0x11, 0x10, 0x27,
    0x26, 0x21, 0x20, 0x07, 0x06, 0x11, 0x10, 0x17, 0x16, 0x03, 0x12, 0x21, 0x20, 0x13, 0x33, 0x06,
    0x07, 0x06, 0x23, 0x22, 0x27, 0x26, 0x27, 0x37, 0x22, 0x27, 0x26, 0x35, 0x34, 0x37, 0x36, 0x33,
    0x32, 0x17, 0x16, 0x15, 0x14, 0x07, 0x06, 0x21, 0x22, 0x27, 0x26, 0x35, 0x34, 0x37, 0x36, 0x33,
    0x32, 0x17, 0x16, 0x15, 0x14, 0x07, 0x06, 0x04, 0x0C, 0xFE, 0xC4, 0xE2, 0xE2, 0xE3, 0xE4, 0x01,
    0x42, 0x01, 0x42, 0xE3, 0xE4, 0xE5, 0xE3, 0xFE, 0xB7, 0x01, 0x0B, 0xB9, 0xB9, 0xB8, 0xB8, 0xFE,
    0xFB, 0xFE, 0xFB, 0xB8, 0xB8, 0xB7, 0xB7, 0x6B, 0x4A, 0x01, 0x28, 0x01, 0x28, 0x4A, 0x6F, 0x20,
    0x81, 0x83, 0xBD, 0xBD, 0x83, 0x81, 0x20, 0xE9, 0x32, 0x24, 0x24, 0x24, 0x24, 0x33, 0x33, 0x24,
    0x25, 0x25, 0x25, 0x01, 0xBA, 0x32, 0x24, 0x24, 0x24, 0x25, 0x33, 0x33, 0x24, 0x24, 0x24, 0x25,
    0x25, 0xE5, 0xE5, 0x01, 0x3F, 0x01, 0x42, 0xE3, 0xE4, 0xE3, 0xE3, 0xFE, 0xBF, 0xFE, 0xB9, 0xE2,
    0xE2, 0x94, 0xB7, 0xB7, 0x01, 0x08, 0x01, 0x04, 0xB8, 0xB8, 0xB8, 0xB8, 0xFE, 0xFB, 0xFE, 0xFE,
    0xBA, 0xB9, 0x02, 0x4A, 0xFE, 0xD2, 0x01, 0x2E, 0xD5, 0x7D, 0x7D, 0x7D, 0x7D, 0xD5, 0xA7, 0x24,
    0x24, 0x33, 0x33, 0x24, 0x24, 0x24, 0x24, 0x33, 0x34, 0x24, 0x23, 0x24, 0x24, 0x33, 0x33, 0x24,
    0x24, 0x24, 0x24, 0x33, 0x34, 0x24, 0x23, 0x00, 0x00, 0x04, 0x01, 0x2D, 0xFF, 0xDB, 0x07, 0x3F,
    0x05, 0xED, 0x00, 0x0F, 0x00, 0x1D, 0x00, 0x2D, 0x00, 0x3D, 0x00, 0x59, 0x40, 0x56, 0x0B, 0x05,
    0x02, 0x03, 0x06, 0x04, 0x06, 0x03, 0x04, 0x80, 0x00, 0x01, 0x09, 0x01, 0x07, 0x06, 0x01, 0x07,
    0x69, 0x0D, 0x08, 0x0C, 0x03, 0x06, 0x00, 0x04, 0x02, 0x06, 0x04, 0x69, 0x00, 0x02, 0x00, 0x00,
    0x02, 0x59, 0x00, 0x02, 0x02, 0x00, 0x61, 0x0A, 0x01, 0x00, 0x02, 0x00, 0x51, 0x2F, 0x2E, 0x1F,
    0x1E, 0x10, 0x10, 0x01, 0x00, 0x37, 0x35, 0x2E, 0x3D, 0x2F, 0x3D, 0x27, 0x25, 0x1E, 0x2D, 0x1F,
    0x2D, 0x10, 0x1D, 0x10, 0x1D, 0x1C, 0x1A, 0x19, 0x18, 0x15, 0x13, 0x09, 0x07, 0x00, 0x0F, 0x01,
    0x0F, 0x0E, 0x06, 0x16, 0x2B, 0x05, 0x20, 0x27, 0x26, 0x11, 0x10, 0x37, 0x36, 0x21, 0x20, 0x17,
    0x16, 0x11, 0x10, 0x07, 0x06, 0x01, 0x16, 0x17, 0x16, 0x33, 0x32, 0x37, 0x36, 0x37, 0x23, 0x02,
    0x21, 0x20, 0x03, 0x37, 0x32, 0x37, 0x36, 0x35, 0x34, 0x27, 0x26, 0x23, 0x22, 0x07, 0x06, 0x15,
    0x14, 0x17, 0x16, 0x21, 0x32, 0x37, 0x36, 0x35, 0x34, 0x27, 0x26, 0x23, 0x22, 0x07, 0x06, 0x15,
    0x14, 0x17, 0x16, 0x04, 0x2D, 0xFE, 0xC4, 0xE2, 0xE2, 0xE3, 0xE4, 0x01, 0x42, 0x01, 0x42, 0xE3,
    0xE4, 0xE5, 0xE3, 0xFC, 0xDE, 0x20, 0x81, 0x83, 0xBD, 0xBD, 0x83, 0x81, 0x20, 0x6F, 0x4A, 0xFE,
    0xD8, 0xFE, 0xD8, 0x4A, 0x7A, 0x33, 0x25, 0x25, 0x25, 0x24, 0x33, 0x33, 0x24, 0x24, 0x24, 0x24,
    0x02, 0x1F, 0x34, 0x25, 0x24, 0x24, 0x24, 0x33, 0x33, 0x25, 0x24, 0x24, 0x24, 0x25, 0xE5, 0xE5,
    0x01, 0x3F, 0x01, 0x42, 0xE3, 0xE4, 0xE3, 0xE3, 0xFE, 0xBF, 0xFE, 0xB9, 0xE2, 0xE2, 0x02, 0xDE,
    0xD5, 0x7D, 0x7D, 0x7D, 0x7D, 0xD5, 0xFE, 0xD2, 0x01, 0x2E, 0xA7, 0x23, 0x24, 0x34, 0x33, 0x24,
    0x24, 0x24, 0x24, 0x33, 0x33, 0x24, 0x24, 0x23, 0x24, 0x34, 0x33, 0x24, 0x24, 0x24, 0x24, 0x33,
    0x33, 0x24, 0x24, 0x00, 0x00, 0x02, 0x00, 0xAD, 0xFF, 0xE7, 0x06, 0xA7, 0x05, 0xE1, 0x00, 0x27,
    0x00, 0x37, 0x00, 0x60, 0x40, 0x5D, 0x19, 0x18, 0x17, 0x15, 0x12, 0x10, 0x0F, 0x0E, 0x08, 0x07,
    0x02, 0x1A, 0x0D, 0x02, 0x01, 0x07, 0x21, 0x06, 0x02, 0x06, 0x00, 0x26, 0x24, 0x23, 0x22, 0x05,
    0x04, 0x03, 0x01, 0x08, 0x05, 0x06, 0x04, 0x4C, 0x00, 0x02, 0x00, 0x07, 0x01, 0x02, 0x07, 0x69,
    0x03, 0x01, 0x01, 0x04, 0x01, 0x00, 0x06, 0x01, 0x00, 0x67, 0x09, 0x01, 0x06, 0x05, 0x05, 0x06,
    0x59, 0x09, 0x01, 0x06, 0x06, 0x05, 0x5F, 0x08, 0x01, 0x05, 0x06, 0x05, 0x4F, 0x29, 0x28, 0x00,
    0x00, 0x31, 0x2F, 0x28, 0x37, 0x29, 0x37, 0x00, 0x27, 0x00, 0x27, 0x11, 0x18, 0x18, 0x11, 0x18,
    0x0A, 0x06, 0x1B, 0x2B, 0x05, 0x35, 0x26, 0x27, 0x07, 0x27, 0x37, 0x26, 0x27, 0x23, 0x35, 0x33,
    0x36, 0x37, 0x27, 0x37, 0x17, 0x36, 0x37, 0x35, 0x33, 0x15, 0x16, 0x17, 0x37, 0x17, 0x07, 0x16,
    0x17, 0x33, 0x15, 0x23, 0x06, 0x07, 0x17, 0x07, 0x27, 0x06, 0x07, 0x15, 0x03, 0x32, 0x37, 0x36,
    0x35, 0x34, 0x27, 0x26, 0x23, 0x22, 0x07, 0x06, 0x15, 0x14, 0x17, 0x16, 0x03, 0x60, 0x7B, 0x71,
    0xB1, 0x69, 0xB1, 0x4A, 0x18, 0xFC, 0xFC, 0x18, 0x4A, 0xB1, 0x69, 0xB1, 0x71, 0x7B, 0x94, 0x7B,
    0x71, 0xB1, 0x68, 0xB0, 0x4A, 0x18, 0xFC, 0xFC, 0x18, 0x4A, 0xB0, 0x68, 0xB1, 0x71, 0x7B, 0x4F,
    0x9D, 0x6D, 0x6D, 0x6D, 0x6C, 0x99, 0x9A, 0x6C, 0x6C, 0x6B, 0x6C, 0x19, 0xFC, 0x15, 0x4D, 0xB1,
    0x69, 0xB0, 0x6A, 0x83, 0x94, 0x83, 0x6A, 0xB0, 0x69, 0xB1, 0x4D, 0x15, 0xFC, 0xFC, 0x15, 0x4D,
    0xB1, 0x69, 0xB0, 0x6A, 0x83, 0x94, 0x83, 0x6A, 0xB0, 0x69, 0xB1, 0x4D, 0x15, 0xFC, 0x01, 0x8B,
    0x6B, 0x6C, 0x9C, 0x99, 0x6C, 0x6C, 0x6C, 0x6C, 0x9A, 0x97, 0x6E, 0x6D, 0x00, 0x02, 0x00, 0x66,
    0xFE, 0x75, 0x05, 0x9A, 0x06, 0x44, 0x00, 0x1A, 0x00, 0x2A, 0x00, 0x4A, 0x40, 0x47, 0x15, 0x05,
    0x02, 0x01, 0x06, 0x01, 0x4C, 0x09, 0x01, 0x06, 0x07, 0x01, 0x07, 0x06, 0x01, 0x80, 0x08, 0x01,
    0x05, 0x00, 0x05, 0x86, 0x00, 0x02, 0x00, 0x07, 0x06, 0x02, 0x07, 0x69, 0x03, 0x01, 0x01, 0x00,
    0x00, 0x01, 0x57, 0x03, 0x01, 0x01, 0x01, 0x00, 0x5F, 0x04, 0x01, 0x00, 0x01, 0x00, 0x4F, 0x1C,
    0x1B, 0x00, 0x00, 0x24, 0x22, 0x1B, 0x2A, 0x1C, 0x2A, 0x00, 0x1A, 0x00, 0x1A, 0x11, 0x18, 0x28,
    0x11, 0x11, 0x0A, 0x06, 0x1B, 0x2B, 0x01, 0x35, 0x21, 0x35, 0x21, 0x11, 0x24, 0x27, 0x26, 0x11,
    0x10, 0x37, 0x36, 0x21, 0x20, 0x17, 0x16, 0x11, 0x10, 0x07, 0x06, 0x05, 0x11, 0x21, 0x15, 0x21,
    0x15, 0x03, 0x32, 0x37, 0x36, 0x35, 0x34, 0x27, 0x26, 0x23, 0x22, 0x07, 0x06, 0x15, 0x14, 0x17,
    0x16, 0x02, 0xB6, 0xFE, 0x3E, 0x01, 0xC2, 0xFE, 0xF9, 0xA4, 0xA5, 0xC3, 0xC3, 0x01, 0x14, 0x01,
    0x14, 0xC3, 0xC3, 0xA5, 0xA4, 0xFE, 0xF9, 0x01, 0xC2, 0xFE, 0x3E, 0x50, 0xDC, 0x98, 0x98, 0x98,
    0x98, 0xD6, 0xD7, 0x98, 0x97, 0x97, 0x97, 0xFE, 0x75, 0xF7, 0x94, 0x01, 0x14, 0x26, 0xB7, 0xB8,
    0x01, 0x01, 0x01, 0x14, 0xC3, 0xC3, 0xC3, 0xC3, 0xFE, 0xEC, 0xFE, 0xFF, 0xB8, 0xB7, 0x26, 0xFE,
    0xEC, 0x94, 0xF7, 0x03, 0x2F, 0x96, 0x98, 0xD9, 0xD5, 0x98, 0x98, 0x98, 0x97, 0xD7, 0xD5, 0x98,
    0x99, 0x00, 0x00, 0x00, 0x00, 0x02, 0x00, 0x2B, 0xFF, 0xB5, 0x06, 0x57, 0x07, 0x2E, 0x00, 0x17,
    0x00, 0x27, 0x00, 0x08, 0xB5, 0x23, 0x1B, 0x0E, 0x03, 0x02, 0x32, 0x2B, 0x01, 0x05, 0x27, 0x25,
    0x13, 0x07, 0x03, 0x03, 0x16, 0x17, 0x12, 0x07, 0x06, 0x05, 0x04, 0x27, 0x26, 0x03, 0x02, 0x37,
    0x36, 0x25, 0x36, 0x17, 0x01, 0x16, 0x17, 0x16, 0x37, 0x36, 0x37, 0x36, 0x27, 0x26, 0x27, 0x26,
    0x07, 0x06, 0x07, 0x06, 0x04, 0xE7, 0xFE, 0x95, 0x26, 0x02, 0x5E, 0xA3, 0x8F, 0x61, 0xDB, 0xB6,
    0x36, 0x48, 0x8B, 0x8A, 0xFE, 0xF5, 0xFE, 0xF6, 0xEE, 0xEE, 0x48, 0x47, 0x8A, 0x8C, 0x01, 0x0B,
    0xDB, 0xE5, 0xFC, 0xF5, 0x39, 0xB8, 0xB8, 0xD4, 0xCF, 0x6A, 0x6B, 0x37, 0x38, 0xBA, 0xB8, 0xD1,
    0xCC, 0x6E, 0x6C, 0x06, 0x5E, 0x61, 0x8F, 0xA2, 0xFD, 0xA1, 0x26, 0x01, 0x6A, 0xFE, 0x85, 0x9A,
    0xCC, 0xFE, 0xF4, 0xF1, 0xF2, 0x46, 0x48, 0x8B, 0x8B, 0x01, 0x0D, 0x01, 0x0C, 0xEB, 0xED, 0x48,
    0x3B, 0x5D, 0xFD, 0x1E, 0xD4, 0x6C, 0x6C, 0x39, 0x37, 0xBA, 0xBB, 0xCE, 0xCF, 0x6B, 0x6C, 0x38,
    0x37, 0xB9, 0xB9, 0x00, 0x00, 0x01, 0x00, 0x32, 0x00, 0x00, 0x04, 0x0D, 0x05, 0x36, 0x00, 0x1C,
    0x00, 0x20, 0x40, 0x1D, 0x1B, 0x0E, 0x01, 0x03, 0x00, 0x4A, 0x01, 0x01, 0x00, 0x02, 0x00, 0x85,
    0x03, 0x01, 0x02, 0x02, 0x76, 0x00, 0x00, 0x00, 0x1C, 0x00, 0x1C, 0x1A, 0x18, 0x22, 0x04, 0x06,
    0x17, 0x2B, 0x21, 0x13, 0x06, 0x23, 0x22, 0x27, 0x26, 0x35, 0x34, 0x37, 0x36, 0x37, 0x37, 0x36,
    0x37, 0x16, 0x17, 0x17, 0x16, 0x17, 0x16, 0x15, 0x14, 0x07, 0x06, 0x23, 0x22, 0x27, 0x13, 0x01,
    0xA4, 0x5B, 0x68, 0x90, 0x5D, 0x3C, 0x3C, 0x24, 0x24, 0x6C, 0x71, 0x72, 0x56, 0x55, 0x74, 0x71,
    0x6C, 0x24, 0x24, 0x3C, 0x3C, 0x5E, 0x8F, 0x68, 0x5B, 0x01, 0x64, 0x4A, 0x44, 0x45, 0x83, 0x6E,
    0x4A, 0x4A, 0x74, 0x79, 0x79, 0xA8, 0xA5, 0x7C, 0x79, 0x74, 0x4A, 0x4A, 0x6F, 0x82, 0x45, 0x44,
    0x4A, 0xFE, 0x9C, 0x00, 0x00, 0x01, 0x00, 0x32, 0x00, 0x00, 0x05, 0x0D, 0x04, 0xFB, 0x00, 0x26,
    0x00, 0x30, 0x40, 0x2D, 0x25, 0x19, 0x0D, 0x01, 0x04, 0x00, 0x01, 0x01, 0x4C, 0x00, 0x02, 0x01,
    0x02, 0x85, 0x03, 0x01, 0x01, 0x00, 0x01, 0x85, 0x04, 0x01, 0x00, 0x05, 0x00, 0x85, 0x06, 0x01,
    0x05, 0x05, 0x76, 0x00, 0x00, 0x00, 0x26, 0x00, 0x26, 0x26, 0x26, 0x26, 0x26, 0x22, 0x07, 0x06,
    0x1B, 0x2B, 0x21, 0x13, 0x02, 0x23, 0x22, 0x27, 0x26, 0x35, 0x34, 0x37, 0x36, 0x33, 0x32, 0x17,
    0x26, 0x35, 0x34, 0x37, 0x36, 0x33, 0x32, 0x17, 0x16, 0x15, 0x14, 0x07, 0x36, 0x33, 0x32, 0x17,
    0x16, 0x15, 0x14, 0x07, 0x06, 0x23, 0x22, 0x03, 0x13, 0x02, 0x19, 0x59, 0x71, 0xC6, 0x70, 0x4D,
    0x4C, 0x51, 0x50, 0x86, 0x30, 0x3C, 0x34, 0x4E, 0x4E, 0x73, 0x73, 0x4C, 0x4E, 0x33, 0x3B, 0x30,
    0x87, 0x50, 0x51, 0x4C, 0x4D, 0x6F, 0xC7, 0x72, 0x5A, 0x02, 0x02, 0xFE, 0xEF, 0x50, 0x4F, 0x76,
    0x82, 0x50, 0x4F, 0x11, 0x65, 0x5A, 0x7D, 0x54, 0x55, 0x55, 0x54, 0x7D, 0x59, 0x66, 0x11, 0x4F,
    0x50, 0x82, 0x76, 0x4F, 0x50, 0x01, 0x11, 0xFD, 0xFE, 0x00, 0x00, 0x00, 0x00, 0x01, 0x00, 0x4A,
    0xFF, 0xE2, 0x04, 0x75, 0x04, 0xBE, 0x00, 0x1C, 0x00, 0x11, 0x40, 0x0E, 0x0F, 0x01, 0x00, 0x49,
    0x01, 0x01, 0x00, 0x00, 0x76, 0x22, 0x2C, 0x02, 0x06, 0x18, 0x2B, 0x05, 0x26, 0x26, 0x2F, 0x04,
    0x26, 0x35, 0x34, 0x37, 0x36, 0x33, 0x32, 0x13, 0x12, 0x33, 0x32, 0x17, 0x16, 0x15, 0x14, 0x0F,
    0x04, 0x06, 0x02, 0x5F, 0x1A, 0x23, 0x0A, 0x5A, 0x42, 0x37, 0x43, 0xB8, 0x4A, 0x4B, 0x73, 0xD7,
    0x36, 0x36, 0xD8, 0x74, 0x49, 0x4B, 0xB8, 0x42, 0x38, 0x42, 0x5A, 0x15, 0x1E, 0x2C, 0x37, 0x0D,
    0x7F, 0x5F, 0x47, 0x54, 0xE8, 0xBF, 0x90, 0x5E, 0x5E, 0xFE, 0xB4, 0x01, 0x4C, 0x5E, 0x5D, 0x91,
    0xBF, 0xE8, 0x54, 0x47, 0x5F, 0x7F, 0x1B, 0x00, 0x00, 0x01, 0x00, 0x28, 0xFF, 0xDE, 0x03, 0xED,
    0x05, 0x3B, 0x00, 0x08, 0x00, 0x06, 0xB3, 0x04, 0x00, 0x01, 0x32, 0x2B, 0x05, 0x02, 0x01, 0x00,
    0x13, 0x16, 0x12, 0x17, 0x00, 0x02, 0x0B, 0xC3, 0xFE, 0xE0, 0x01, 0x20, 0xC3, 0x63, 0xF0, 0x8F,
    0xFE, 0xE2, 0x22, 0x01, 0x99, 0x01, 0x16, 0x01, 0x14, 0x01, 0x9A, 0xCE, 0xFE, 0xAC, 0x8C, 0xFE,
    0xEA, 0x00, 0x00, 0x00, 0x00, 0x01, 0x00, 0x31, 0xFF, 0xDB, 0x03, 0xCF, 0x05, 0xC8, 0x00, 0x22,
    0x00, 0x2C, 0x40, 0x29, 0x15, 0x0B, 0x0A, 0x03, 0x02, 0x00, 0x00, 0x01, 0x01, 0x02, 0x02, 0x4C,
    0x00, 0x00, 0x02, 0x00, 0x85, 0x00, 0x02, 0x01, 0x01, 0x02, 0x59, 0x00, 0x02, 0x02, 0x01, 0x61,
    0x00, 0x01, 0x02, 0x01, 0x51, 0x22, 0x20, 0x19, 0x17, 0x11, 0x03, 0x06, 0x17, 0x2B, 0x01, 0x11,
    0x33, 0x15, 0x14, 0x17, 0x17, 0x16, 0x15, 0x14, 0x07, 0x27, 0x36, 0x35, 0x34, 0x27, 0x27, 0x26,
    0x27, 0x26, 0x26, 0x27, 0x11, 0x10, 0x21, 0x22, 0x2E, 0x02, 0x35, 0x34, 0x37, 0x36, 0x33, 0x32,
    0x01, 0xCA, 0x63, 0x83, 0x46, 0xD9, 0x6B, 0x45, 0x3E, 0x58, 0x4A, 0x15, 0x35, 0x0E, 0x22, 0x14,
    0xFE, 0xAB, 0x24, 0x3E, 0x2C, 0x19, 0x57, 0x58, 0x74, 0x3A, 0x01, 0x2D, 0x04, 0x9B, 0x1A, 0x82,
    0x65, 0x35, 0xA5, 0x8C, 0x67, 0x88, 0x34, 0x55, 0x3C, 0x3D, 0x4E, 0x43, 0x12, 0x26, 0x0A, 0x1F,
    0x17, 0xFD, 0x2D, 0xFE, 0x31, 0x14, 0x24, 0x32, 0x1E, 0x59, 0x44, 0x44, 0x00, 0x01, 0x00, 0x64,
    0xFE, 0xEB, 0x05, 0x29, 0x05, 0xED, 0x00, 0x1C, 0x00, 0x33, 0x40, 0x30, 0x1B, 0x01, 0x01, 0x03,
    0x0C, 0x01, 0x02, 0x01, 0x02, 0x4C, 0x1C, 0x0E, 0x0D, 0x00, 0x04, 0x03, 0x4A, 0x00, 0x01, 0x02,
    0x00, 0x01, 0x59, 0x00, 0x03, 0x00, 0x02, 0x00, 0x03, 0x02, 0x69, 0x00, 0x01, 0x01, 0x00, 0x61,
    0x00, 0x00, 0x01, 0x00, 0x51, 0x24, 0x27, 0x24, 0x23, 0x04, 0x06, 0x1A, 0x2B, 0x01, 0x11, 0x14,
    0x06, 0x23, 0x22, 0x35, 0x34, 0x37, 0x36, 0x33, 0x32, 0x17, 0x11, 0x01, 0x11, 0x10, 0x07, 0x06,
    0x23, 0x22, 0x35, 0x34, 0x37, 0x36, 0x33, 0x32, 0x17, 0x11, 0x02, 0x5C, 0xA8, 0xA4, 0xAC, 0x56,
    0x55, 0x77, 0x40, 0x33, 0x03, 0x30, 0x5E, 0x62, 0x8B, 0xAA, 0x56, 0x56, 0x7B, 0x35, 0x36, 0x03,
    0xF7, 0xFC, 0xC6, 0xE6, 0xEC, 0x8C, 0x5C, 0x42, 0x43, 0x18, 0x04, 0x67, 0x01, 0x46, 0xFC, 0x0F,
    0xFF, 0x00, 0x62, 0x69, 0x87, 0x5B, 0x41, 0x41, 0x16, 0x03, 0x6F, 0x00, 0x00, 0x0D, 0x00, 0xFD,
    0xFF, 0x33, 0x07, 0x03, 0x06, 0x44, 0x00, 0x1A, 0x00, 0x26, 0x00, 0x32, 0x00, 0x4B, 0x00, 0x64,
    0x00, 0x72, 0x00, 0x7E, 0x00, 0x8A, 0x00, 0xA4, 0x00, 0xFE, 0x01, 0x20, 0x01, 0x2E, 0x01, 0x3C,
    0x08, 0xA4, 0x41, 0x22, 0x00, 0xFC, 0x00, 0xA8, 0x00, 0x02, 0x00, 0x01, 0x00, 0x10, 0x00, 0xEF,
    0x00, 0xB5, 0x00, 0x02, 0x00, 0x02, 0x00, 0x01, 0x00, 0x6E, 0x00, 0x01, 0x00, 0x08, 0x00, 0x09,
    0x01, 0x05, 0x00, 0x01, 0x00, 0x04, 0x00, 0x08, 0x01, 0x2F, 0x01, 0x24, 0x00, 0x02, 0x00, 0x1A,
    0x00, 0x16, 0x00, 0x56, 0x00, 0x01, 0x00, 0x0C, 0x00, 0x0E, 0x00, 0xE5, 0x00, 0xBF, 0x00, 0x02,
    0x00, 0x12, 0x00, 0x07, 0x00, 0x07, 0x00, 0x4C, 0x4B, 0xB0, 0x0A, 0x50, 0x58, 0x40, 0x97, 0x24,
    0x01, 0x0F, 0x10, 0x0F, 0x85, 0x15, 0x01, 0x10, 0x01, 0x10, 0x85, 0x05, 0x01, 0x01, 0x02, 0x01,
    0x85, 0x00, 0x09, 0x03, 0x08, 0x03, 0x09, 0x08, 0x80, 0x20, 0x01, 0x04, 0x08, 0x17, 0x08, 0x04,
    0x17, 0x80, 0x1E, 0x01, 0x00, 0x17, 0x19, 0x17, 0x00, 0x19, 0x80, 0x00, 0x19, 0x16, 0x17, 0x19,
    0x16, 0x7E, 0x1D, 0x01, 0x1B, 0x1A, 0x06, 0x1A, 0x1B, 0x06, 0x80, 0x0D, 0x01, 0x06, 0x0E, 0x1A,
    0x06, 0x0E, 0x7E, 0x00, 0x0E, 0x0C, 0x1A, 0x0E, 0x0C, 0x7E, 0x23, 0x01, 0x0C, 0x07, 0x1A, 0x0C,
    0x07, 0x7E, 0x00, 0x07, 0x12, 0x1A, 0x07, 0x12, 0x7E, 0x00, 0x12, 0x13, 0x1A, 0x12, 0x13, 0x7E,
    0x00, 0x13, 0x11, 0x1A, 0x13, 0x11, 0x7E, 0x14, 0x01, 0x11, 0x11, 0x84, 0x22, 0x0A, 0x1F, 0x03,
    0x02, 0x0B, 0x01, 0x03, 0x09, 0x02, 0x03, 0x69, 0x21, 0x01, 0x08, 0x00, 0x17, 0x00, 0x08, 0x17,
    0x69, 0x18, 0x25, 0x02, 0x16, 0x1A, 0x1A, 0x16, 0x59, 0x18, 0x25, 0x02, 0x16, 0x16, 0x1A, 0x61,
    0x1C, 0x01, 0x1A, 0x16, 0x1A, 0x51, 0x1B, 0x4B, 0xB0, 0x0C, 0x50, 0x58, 0x40, 0x9D, 0x24, 0x01,
    0x0F, 0x10, 0x0F, 0x85, 0x15, 0x01, 0x10, 0x01, 0x10, 0x85, 0x05, 0x01, 0x01, 0x02, 0x01, 0x85,
    0x00, 0x09, 0x03, 0x08, 0x03, 0x09, 0x08, 0x80, 0x20, 0x01, 0x04, 0x08, 0x17, 0x08, 0x04, 0x17,
    0x80, 0x1E, 0x01, 0x00, 0x17, 0x19, 0x17, 0x00, 0x19, 0x80, 0x00, 0x19, 0x16, 0x17, 0x19, 0x16,
    0x7E, 0x1D, 0x01, 0x1B, 0x1A, 0x0D, 0x1A, 0x1B, 0x0D, 0x80, 0x00, 0x0D, 0x06, 0x1A, 0x0D, 0x06,
    0x7E, 0x00, 0x06, 0x0E, 0x1A, 0x06, 0x0E, 0x7E, 0x00, 0x0E, 0x0C, 0x1A, 0x0E, 0x0C, 0x7E, 0x23,
    0x01, 0x0C, 0x07, 0x1A, 0x0C, 0x07, 0x7E, 0x00, 0x07, 0x12, 0x1A, 0x07, 0x12, 0x7E, 0x00, 0x12,
    0x13, 0x1A, 0x12, 0x13, 0x7E, 0x00, 0x13, 0x11, 0x1A, 0x13, 0x11, 0x7E, 0x14, 0x01, 0x11, 0x11,
    0x84, 0x22, 0x0A, 0x1F, 0x03, 0x02, 0x0B, 0x01, 0x03, 0x09, 0x02, 0x03, 0x69, 0x21, 0x01, 0x08,
    0x00, 0x17, 0x00, 0x08, 0x17, 0x69, 0x18, 0x25, 0x02, 0x16, 0x1A, 0x1A, 0x16, 0x59, 0x18, 0x25,
    0x02, 0x16, 0x16, 0x1A, 0x61, 0x1C, 0x01, 0x1A, 0x16, 0x1A, 0x51, 0x1B, 0x4B, 0xB0, 0x0D, 0x50,
    0x58, 0x40, 0x97, 0x24, 0x01, 0x0F, 0x10, 0x0F, 0x85, 0x15, 0x01, 0x10, 0x01, 0x10, 0x85, 0x05,
    0x01, 0x01, 0x02, 0x01, 0x85, 0x00, 0x09, 0x03, 0x08, 0x03, 0x09, 0x08, 0x80, 0x20, 0x01, 0x04,
    0x08, 0x17, 0x08, 0x04, 0x17, 0x80, 0x1E, 0x01, 0x00, 0x17, 0x19, 0x17, 0x00, 0x19, 0x80, 0x00,
    0x19, 0x16, 0x17, 0x19, 0x16, 0x7E, 0x1D, 0x01, 0x1B, 0x1A, 0x06, 0x1A, 0x1B, 0x06, 0x80, 0x0D,
    0x01, 0x06, 0x0E, 0x1A, 0x06, 0x0E, 0x7E, 0x00, 0x0E, 0x0C, 0x1A, 0x0E, 0x0C, 0x7E, 0x23, 0x01,
    0x0C, 0x07, 0x1A, 0x0C, 0x07, 0x7E, 0x00, 0x07, 0x12, 0x1A, 0x07, 0x12, 0x7E, 0x00, 0x12, 0x13,
    0x1A, 0x12, 0x13, 0x7E, 0x00, 0x13, 0x11, 0x1A, 0x13, 0x11, 0x7E, 0x14, 0x01, 0x11, 0x11, 0x84,
    0x22, 0x0A, 0x1F, 0x03, 0x02, 0x0B, 0x01, 0x03, 0x09, 0x02, 0x03, 0x69, 0x21, 0x01, 0x08, 0x00,
    0x17, 0x00, 0x08, 0x17, 0x69, 0x18, 0x25, 0x02, 0x16, 0x1A, 0x1A, 0x16, 0x59, 0x18, 0x25, 0x02,
    0x16, 0x16, 0x1A, 0x61, 0x1C, 0x01, 0x1A, 0x16, 0x1A, 0x51, 0x1B, 0x4B, 0xB0, 0x0F, 0x50, 0x58,
    0x40, 0x9D, 0x24, 0x01, 0x0F, 0x10, 0x0F, 0x85, 0x15, 0x01, 0x10, 0x01, 0x10, 0x85, 0x05, 0x01,
    0x01, 0x02, 0x01, 0x85, 0x00, 0x09, 0x03, 0x08, 0x03, 0x09, 0x08, 0x80, 0x20, 0x01, 0x04, 0x08,
    0x17, 0x08, 0x04, 0x17, 0x80, 0x1E, 0x01, 0x00, 0x17, 0x19, 0x17, 0x00, 0x19, 0x80, 0x00, 0x19,
    0x16, 0x17, 0x19, 0x16, 0x7E, 0x1D, 0x01, 0x1B, 0x1A, 0x0D, 0x1A, 0x1B, 0x0D, 0x80, 0x00, 0x0D,
    0x06, 0x1A, 0x0D, 0x06, 0x7E, 0x00, 0x06, 0x0E, 0x1A, 0x06, 0x0E, 0x7E, 0x00, 0x0E, 0x0C, 0x1A,
    0x0E, 0x0C, 0x7E, 0x23, 0x01, 0x0C, 0x07, 0x1A, 0x0C, 0x07, 0x7E, 0x00, 0x07, 0x12, 0x1A, 0x07,
    0x12, 0x7E, 0x00, 0x12, 0x13, 0x1A, 0x12, 0x13, 0x7E, 0x00, 0x13, 0x11, 0x1A, 0x13, 0x11, 0x7E,
    0x14, 0x01, 0x11, 0x11, 0x84, 0x22, 0x0A, 0x1F, 0x03, 0x02, 0x0B, 0x01, 0x03, 0x09, 0x02, 0x03,
    0x69, 0x21, 0x01, 0x08, 0x00, 0x17, 0x00, 0x08, 0x17, 0x69, 0x18, 0x25, 0x02, 0x16, 0x1A, 0x1A,
    0x16, 0x59, 0x18, 0x25, 0x02, 0x16, 0x16, 0x1A, 0x61, 0x1C, 0x01, 0x1A, 0x16, 0x1A, 0x51, 0x1B,
    0x4B, 0xB0, 0x10, 0x50, 0x58, 0x40, 0x97, 0x24, 0x01, 0x0F, 0x10, 0x0F, 0x85, 0x15, 0x01, 0x10,
    0x01, 0x10, 0x85, 0x05, 0x01, 0x01, 0x02, 0x01, 0x85, 0x00, 0x09, 0x03, 0x08, 0x03, 0x09, 0x08,
    0x80, 0x20, 0x01, 0x04, 0x08, 0x17, 0x08, 0x04, 0x17, 0x80, 0x1E, 0x01, 0x00, 0x17, 0x19, 0x17,
    0x00, 0x19, 0x80, 0x00, 0x19, 0x16, 0x17, 0x19, 0x16, 0x7E, 0x1D, 0x01, 0x1B, 0x1A, 0x06, 0x1A,
    0x1B, 0x06, 0x80, 0x0D, 0x01, 0x06, 0x0E, 0x1A, 0x06, 0x0E, 0x7E, 0x00, 0x0E, 0x0C, 0x1A, 0x0E,
    0x0C, 0x7E, 0x23, 0x01, 0x0C, 0x07, 0x1A, 0x0C, 0x07, 0x7E, 0x00, 0x07, 0x12, 0x1A, 0x07, 0x12,
    0x7E, 0x00, 0x12, 0x13, 0x1A, 0x12, 0x13, 0x7E, 0x00, 0x13, 0x11, 0x1A, 0x13, 0x11, 0x7E, 0x14,
    0x01, 0x11, 0x11, 0x84, 0x22, 0x0A, 0x1F, 0x03, 0x02, 0x0B, 0x01, 0x03, 0x09, 0x02, 0x03, 0x69,
    0x21, 0x01, 0x08, 0x00, 0x17, 0x00, 0x08, 0x17, 0x69, 0x18, 0x25, 0x02, 0x16, 0x1A, 0x1A, 0x16,
    0x59, 0x18, 0x25, 0x02, 0x16, 0x16, 0x1A, 0x61, 0x1C, 0x01, 0x1A, 0x16, 0x1A, 0x51, 0x1B, 0x4B,
    0xB0, 0x12, 0x50, 0x58, 0x40, 0x9D, 0x24, 0x01, 0x0F, 0x10, 0x0F, 0x85, 0x15, 0x01, 0x10, 0x01,
    0x10, 0x85, 0x05, 0x01, 0x01, 0x02, 0x01, 0x85, 0x00, 0x09, 0x03, 0x08, 0x03, 0x09, 0x08, 0x80,
    0x20, 0x01, 0x04, 0x08, 0x17, 0x08, 0x04, 0x17, 0x80, 0x1E, 0x01, 0x00, 0x17, 0x19, 0x17, 0x00,
    0x19, 0x80, 0x00, 0x19, 0x16, 0x17, 0x19, 0x16, 0x7E, 0x1D, 0x01, 0x1B, 0x1A, 0x0D, 0x1A, 0x1B,
    0x0D, 0x80, 0x00, 0x0D, 0x06, 0x1A, 0x0D, 0x06, 0x7E, 0x00, 0x06, 0x0E, 0x1A, 0x06, 0x0E, 0x7E,
    0x00, 0x0E, 0x0C, 0x1A, 0x0E, 0x0C, 0x7E, 0x23, 0x01, 0x0C, 0x07, 0x1A, 0x0C, 0x07, 0x7E, 0x00,
    0x07, 0x12, 0x1A, 0x07, 0x12, 0x7E, 0x00, 0x12, 0x13, 0x1A, 0x12, 0x13, 0x7E, 0x00, 0x13, 0x11,
    0x1A, 0x13, 0x11, 0x7E, 0x14, 0x01, 0x11, 0x11, 0x84, 0x22, 0x0A, 0x1F, 0x03, 0x02, 0x0B, 0x01,
    0x03, 0x09, 0x02, 0x03, 0x69, 0x21, 0x01, 0x08, 0x00, 0x17, 0x00, 0x08, 0x17, 0x69, 0x18, 0x25,
    0x02, 0x16, 0x1A, 0x1A, 0x16, 0x59, 0x18, 0x25, 0x02, 0x16, 0x16, 0x1A, 0x61, 0x1C, 0x01, 0x1A,
    0x16, 0x1A, 0x51, 0x1B, 0x4B, 0xB0, 0x13, 0x50, 0x58, 0x40, 0x97, 0x24, 0x01, 0x0F, 0x10, 0x0F,
    0x85, 0x15, 0x01, 0x10, 0x01, 0x10, 0x85, 0x05, 0x01, 0x01, 0x02, 0x01, 0x85, 0x00, 0x09, 0x03,
    0x08, 0x03, 0x09, 0x08, 0x80, 0x20, 0x01, 0x04, 0x08, 0x17, 0x08, 0x04, 0x17, 0x80, 0x1E, 0x01,
    0x00, 0x17, 0x19, 0x17, 0x00, 0x19, 0x80, 0x00, 0x19, 0x16, 0x17, 0x19, 0x16, 0x7E, 0x1D, 0x01,
    0x1B, 0x1A, 0x06, 0x1A, 0x1B, 0x06, 0x80, 0x0D, 0x01, 0x06, 0x0E, 0x1A, 0x06, 0x0E, 0x7E, 0x00,
    0x0E, 0x0C, 0x1A, 0x0E, 0x0C, 0x7E, 0x23, 0x01, 0x0C, 0x07, 0x1A, 0x0C, 0x07, 0x7E, 0x00, 0x07,
    0x12, 0x1A, 0x07, 0x12, 0x7E, 0x00, 0x12, 0x13, 0x1A, 0x12, 0x13, 0x7E, 0x00, 0x13, 0x11, 0x1A,
    0x13, 0x11, 0x7E, 0x14, 0x01, 0x11, 0x11, 0x84, 0x22, 0x0A, 0x1F, 0x03, 0x02, 0x0B, 0x01, 0x03,
    0x09, 0x02, 0x03, 0x69, 0x21, 0x01, 0x08, 0x00, 0x17, 0x00, 0x08, 0x17, 0x69, 0x18, 0x25, 0x02,
    0x16, 0x1A, 0x1A, 0x16, 0x59, 0x18, 0x25, 0x02, 0x16, 0x16, 0x1A, 0x61, 0x1C, 0x01, 0x1A, 0x16,
    0x1A, 0x51, 0x1B, 0x4B, 0xB0, 0x15, 0x50, 0x58, 0x40, 0x9D, 0x24, 0x01, 0x0F, 0x10, 0x0F, 0x85,
    0x15, 0x01, 0x10, 0x01, 0x10, 0x85, 0x05, 0x01, 0x01, 0x02, 0x01, 0x85, 0x00, 0x09, 0x03, 0x08,
    0x03, 0x09, 0x08, 0x80, 0x20, 0x01, 0x04, 0x08, 0x17, 0x08, 0x04, 0x17, 0x80, 0x1E, 0x01, 0x00,
    0x17, 0x19, 0x17, 0x00, 0x19, 0x80, 0x00, 0x19, 0x16, 0x17, 0x19, 0x16, 0x7E, 0x1D, 0x01, 0x1B,
    0x1A, 0x0D, 0x1A, 0x1B, 0x0D, 0x80, 0x00, 0x0D, 0x06, 0x1A, 0x0D, 0x06, 0x7E, 0x00, 0x06, 0x0E,
    0x1A, 0x06, 0x0E, 0x7E, 0x00, 0x0E, 0x0C, 0x1A, 0x0E, 0x0C, 0x7E, 0x23, 0x01, 0x0C, 0x07, 0x1A,
    0x0C, 0x07, 0x7E, 0x00, 0x07, 0x12, 0x1A, 0x07, 0x12, 0x7E, 0x00, 0x12, 0x13, 0x1A, 0x12, 0x13,
    0x7E, 0x00, 0x13, 0x11, 0x1A, 0x13, 0x11, 0x7E, 0x14, 0x01, 0x11, 0x11, 0x84, 0x22, 0x0A, 0x1F,
    0x03, 0x02, 0x0B, 0x01, 0x03, 0x09, 0x02, 0x03, 0x69, 0x21, 0x01, 0x08, 0x00, 0x17, 0x00, 0x08,
    0x17, 0x69, 0x18, 0x25, 0x02, 0x16, 0x1A, 0x1A, 0x16, 0x59, 0x18, 0x25, 0x02, 0x16, 0x16, 0x1A,
    0x61, 0x1C, 0x01, 0x1A, 0x16, 0x1A, 0x51, 0x1B, 0x4B, 0xB0, 0x16, 0x50, 0x58, 0x40, 0x97, 0x24,
    0x01, 0x0F, 0x10, 0x0F, 0x85, 0x15, 0x01, 0x10, 0x01, 0x10, 0x85, 0x05, 0x01, 0x01, 0x02, 0x01,
    0x85, 0x00, 0x09, 0x03, 0x08, 0x03, 0x09, 0x08, 0x80, 0x20, 0x01, 0x04, 0x08, 0x17, 0x08, 0x04,
    0x17, 0x80, 0x1E, 0x01, 0x00, 0x17, 0x19, 0x17, 0x00, 0x19, 0x80, 0x00, 0x19, 0x16, 0x17, 0x19,
    0x16, 0x7E, 0x1D, 0x01, 0x1B, 0x1A, 0x06, 0x1A, 0x1B, 0x06, 0x80, 0x0D, 0x01, 0x06, 0x0E, 0x1A,
    0x06, 0x0E, 0x7E, 0x00, 0x0E, 0x0C, 0x1A, 0x0E, 0x0C, 0x7E, 0x23, 0x01, 0x0C, 0x07, 0x1A, 0x0C,
    0x07, 0x7E, 0x00, 0x07, 0x12, 0x1A, 0x07, 0x12, 0x7E, 0x00, 0x12, 0x13, 0x1A, 0x12, 0x13, 0x7E,
    0x00, 0x13, 0x11, 0x1A, 0x13, 0x11, 0x7E, 0x14, 0x01, 0x11, 0x11, 0x84, 0x22, 0x0A, 0x1F, 0x03,
    0x02, 0x0B, 0x01, 0x03, 0x09, 0x02, 0x03, 0x69, 0x21, 0x01, 0x08, 0x00, 0x17, 0x00, 0x08, 0x17,
    0x69, 0x18, 0x25, 0x02, 0x16, 0x1A, 0x1A, 0x16, 0x59, 0x18, 0x25, 0x02, 0x16, 0x16, 0x1A, 0x61,
    0x1C, 0x01, 0x1A, 0x16, 0x1A, 0x51, 0x1B, 0x4B, 0xB0, 0x18, 0x50, 0x58, 0x40, 0x9D, 0x24, 0x01,
    0x0F, 0x10, 0x0F, 0x85, 0x15, 0x01, 0x10, 0x01, 0x10, 0x85, 0x05, 0x01, 0x01, 0x02, 0x01, 0x85,
    0x00, 0x09, 0x03, 0x08, 0x03, 0x09, 0x08, 0x80, 0x20, 0x01, 0x04, 0x08, 0x17, 0x08, 0x04, 0x17,
    0x80, 0x1E, 0x01, 0x00, 0x17, 0x19, 0x17, 0x00, 0x19, 0x80, 0x00, 0x19, 0x16, 0x17, 0x19, 0x16,
    0x7E, 0x1D, 0x01, 0x1B, 0x1A, 0x0D, 0x1A, 0x1B, 0x0D, 0x80, 0x00, 0x0D, 0x06, 0x1A, 0x0D, 0x06,
    0x7E, 0x00, 0x06, 0x0E, 0x1A, 0x06, 0x0E, 0x7E, 0x00, 0x0E, 0x0C, 0x1A, 0x0E, 0x0C, 0x7E, 0x23,
    0x01, 0x0C, 0x07, 0x1A, 0x0C, 0x07, 0x7E, 0x00, 0x07, 0x12, 0x1A, 0x07, 0x12, 0x7E, 0x00, 0x12,
    0x13, 0x1A, 0x12, 0x13, 0x7E, 0x00, 0x13, 0x11, 0x1A, 0x13, 0x11, 0x7E, 0x14, 0x01, 0x11, 0x11,
    0x84, 0x22, 0x0A, 0x1F, 0x03, 0x02, 0x0B, 0x01, 0x03, 0x09, 0x02, 0x03, 0x69, 0x21, 0x01, 0x08,
    0x00, 0x17, 0x00, 0x08, 0x17, 0x69, 0x18, 0x25, 0x02, 0x16, 0x1A, 0x1A, 0x16, 0x59, 0x18, 0x25,
    0x02, 0x16, 0x16, 0x1A, 0x61, 0x1C, 0x01, 0x1A, 0x16, 0x1A, 0x51, 0x1B, 0x4B, 0xB0, 0x19, 0x50,
    0x58, 0x40, 0x97, 0x24, 0x01, 0x0F, 0x10, 0x0F, 0x85, 0x15, 0x01, 0x10, 0x01, 0x10, 0x85, 0x05,
    0x01, 0x01, 0x02, 0x01, 0x85, 0x00, 0x09, 0x03, 0x08, 0x03, 0x09, 0x08, 0x80, 0x20, 0x01, 0x04,
    0x08, 0x17, 0x08, 0x04, 0x17, 0x80, 0x1E, 0x01, 0x00, 0x17, 0x19, 0x17, 0x00, 0x19, 0x80, 0x00,
    0x19, 0x16, 0x17, 0x19, 0x16, 0x7E, 0x1D, 0x01, 0x1B, 0x1A, 0x06, 0x1A, 0x1B, 0x06, 0x80, 0x0D,
    0x01, 0x06, 0x0E, 0x1A, 0x06, 0x0E, 0x7E, 0x00, 0x0E, 0x0C, 0x1A, 0x0E, 0x0C, 0x7E, 0x23, 0x01,
    0x0C, 0x07, 0x1A, 0x0C, 0x07, 0x7E, 0x00, 0x07, 0x12, 0x1A, 0x07, 0x12, 0x7E, 0x00, 0x12, 0x13,
    0x1A, 0x12, 0x13, 0x7E, 0x00, 0x13, 0x11, 0x1A, 0x13, 0x11, 0x7E, 0x14, 0x01, 0x11, 0x11, 0x84,
    0x22, 0x0A, 0x1F, 0x03, 0x02, 0x0B, 0x01, 0x03, 0x09, 0x02, 0x03, 0x69, 0x21, 0x01, 0x08, 0x00,
    0x17, 0x00, 0x08, 0x17, 0x69, 0x18, 0x25, 0x02, 0x16, 0x1A, 0x1A, 0x16, 0x59, 0x18, 0x25, 0x02,
    0x16, 0x16, 0x1A, 0x61, 0x1C, 0x01, 0x1A, 0x16, 0x1A, 0x51, 0x1B, 0x40, 0x9D, 0x24, 0x01, 0x0F,
    0x10, 0x0F, 0x85, 0x15, 0x01, 0x10, 0x01, 0x10, 0x85, 0x05, 0x01, 0x01, 0x02, 0x01, 0x85, 0x00,
    0x09, 0x03, 0x08, 0x03, 0x09, 0x08, 0x80, 0x20, 0x01, 0x04, 0x08, 0x17, 0x08, 0x04, 0x17, 0x80,
    0x1E, 0x01, 0x00, 0x17, 0x19, 0x17, 0x00, 0x19, 0x80, 0x00, 0x19, 0x16, 0x17, 0x19, 0x16, 0x7E,
    0x1D, 0x01, 0x1B, 0x1A, 0x0D, 0x1A, 0x1B, 0x0D, 0x80, 0x00, 0x0D, 0x06, 0x1A, 0x0D, 0x06, 0x7E,
    0x00, 0x06, 0x0E, 0x1A, 0x06, 0x0E, 0x7E, 0x00, 0x0E, 0x0C, 0x1A, 0x0E, 0x0C, 0x7E, 0x23, 0x01,
    0x0C, 0x07, 0x1A, 0x0C, 0x07, 0x7E, 0x00, 0x07, 0x12, 0x1A, 0x07, 0x12, 0x7E, 0x00, 0x12, 0x13,
    0x1A, 0x12, 0x13, 0x7E, 0x00, 0x13, 0x11, 0x1A, 0x13, 0x11, 0x7E, 0x14, 0x01, 0x11, 0x11, 0x84,
    0x22, 0x0A, 0x1F, 0x03, 0x02, 0x0B, 0x01, 0x03, 0x09, 0x02, 0x03, 0x69, 0x21, 0x01, 0x08, 0x00,
    0x17, 0x00, 0x08, 0x17, 0x69, 0x18, 0x25, 0x02, 0x16, 0x1A, 0x1A, 0x16, 0x59, 0x18, 0x25, 0x02,
    0x16, 0x16, 0x1A, 0x61, 0x1C, 0x01, 0x1A, 0x16, 0x1A, 0x51, 0x59, 0x59, 0x59, 0x59, 0x59, 0x59,
    0x59, 0x59, 0x59, 0x59, 0x59, 0x41, 0x5F, 0x01, 0x00, 0x00, 0xFF, 0x00, 0xA6, 0x00, 0xA5, 0x00,
    0x8C, 0x00, 0x8B, 0x00, 0x74, 0x00, 0x73, 0x00, 0x66, 0x00, 0x65, 0x00, 0x34, 0x00, 0x33, 0x00,
    0x1C, 0x00, 0x1B, 0x00, 0x01, 0x00, 0x00, 0x01, 0x38, 0x01, 0x36, 0x01, 0x32, 0x01, 0x31, 0x01,
    0x2A, 0x01, 0x28, 0x01, 0x23, 0x01, 0x21, 0x01, 0x1D, 0x01, 0x1B, 0x01, 0x18, 0x01, 0x16, 0x01,
    0x0B, 0x01, 0x09, 0x00, 0xFF, 0x01, 0x20, 0x01, 0x00, 0x01, 0x20, 0x00, 0xF8, 0x00, 0xF6, 0x00,
    0xE0, 0x00, 0xDE, 0x00, 0xD9, 0x00, 0xD6, 0x00, 0xD3, 0x00, 0xCE, 0x00, 0xC8, 0x00, 0xC6, 0x00,
    0xAE, 0x00, 0xAC, 0x00, 0xA5, 0x00, 0xFE, 0x00, 0xA6, 0x00, 0xFE, 0x00, 0xA1, 0x00, 0x9F, 0x00,
    0x99, 0x00, 0x97, 0x00, 0x8B, 0x00, 0xA4, 0x00, 0x8C, 0x00, 0xA4, 0x00, 0x7A, 0x00, 0x78, 0x00,
    0x73, 0x00, 0x7E, 0x00, 0x74, 0x00, 0x7E, 0x00, 0x6C, 0x00, 0x6A, 0x00, 0x65, 0x00, 0x72, 0x00,
    0x66, 0x00, 0x72, 0x00, 0x5C, 0x00, 0x5A, 0x00, 0x52, 0x00, 0x50, 0x00, 0x40, 0x00, 0x3E, 0x00,
    0x33, 0x00, 0x4B, 0x00, 0x34, 0x00, 0x4B, 0x00, 0x22, 0x00, 0x20, 0x00, 0x1B, 0x00, 0x26, 0x00,
    0x1C, 0x00, 0x26, 0x00, 0x0D, 0x00, 0x0B, 0x00, 0x00, 0x00, 0x1A, 0x00, 0x01, 0x00, 0x1A, 0x00,
    0x26, 0x00, 0x06, 0x00, 0x16, 0x2B, 0x01, 0x32, 0x36, 0x37, 0x36, 0x36, 0x35, 0x34, 0x26, 0x27,
    0x26, 0x26, 0x23, 0x22, 0x06, 0x07, 0x06, 0x06, 0x15, 0x14, 0x1E, 0x02, 0x17, 0x16, 0x17, 0x16,
    0x03, 0x32, 0x16, 0x15, 0x14, 0x06, 0x23, 0x22, 0x26, 0x35, 0x34, 0x36, 0x17, 0x14, 0x16, 0x33,
    0x32, 0x36, 0x35, 0x34, 0x26, 0x23, 0x22, 0x06, 0x05, 0x32, 0x36, 0x37, 0x36, 0x36, 0x35, 0x34,
    0x26, 0x27, 0x26, 0x26, 0x23, 0x22, 0x06, 0x07, 0x06, 0x06, 0x15, 0x14, 0x17, 0x1E, 0x03, 0x01,
    0x34, 0x2E, 0x02, 0x23, 0x22, 0x0E, 0x02, 0x15, 0x14, 0x1E, 0x02, 0x33, 0x32, 0x3E, 0x02, 0x37,
    0x3E, 0x03, 0x01, 0x32, 0x36, 0x35, 0x34, 0x26, 0x23, 0x22, 0x06, 0x15, 0x14, 0x1E, 0x02, 0x01,
    0x32, 0x16, 0x15, 0x14, 0x06, 0x23, 0x22, 0x26, 0x35, 0x34, 0x36, 0x17, 0x14, 0x16, 0x33, 0x32,
    0x36, 0x35, 0x34, 0x26, 0x23, 0x22, 0x06, 0x01, 0x32, 0x36, 0x35, 0x34, 0x2E, 0x02, 0x27, 0x2E,
    0x03, 0x23, 0x22, 0x06, 0x15, 0x14, 0x1E, 0x02, 0x33, 0x32, 0x1E, 0x02, 0x01, 0x32, 0x16, 0x17,
    0x3E, 0x03, 0x33, 0x32, 0x16, 0x15, 0x14, 0x0E, 0x02, 0x07, 0x1E, 0x03, 0x15, 0x14, 0x0E, 0x02,
    0x07, 0x1E, 0x03, 0x15, 0x14, 0x06, 0x23, 0x22, 0x26, 0x27, 0x2E, 0x03, 0x27, 0x06, 0x06, 0x23,
    0x22, 0x0E, 0x02, 0x23, 0x22, 0x26, 0x27, 0x0E, 0x03, 0x23, 0x22, 0x26, 0x35, 0x34, 0x36, 0x37,
    0x2E, 0x03, 0x35, 0x34, 0x3E, 0x02, 0x37, 0x2E, 0x03, 0x35, 0x34, 0x36, 0x33, 0x32, 0x1E, 0x02,
    0x17, 0x36, 0x36, 0x01, 0x32, 0x36, 0x35, 0x34, 0x26, 0x27, 0x0E, 0x03, 0x23, 0x22, 0x2E, 0x02,
    0x27, 0x0E, 0x03, 0x15, 0x14, 0x16, 0x33, 0x32, 0x3E, 0x02, 0x33, 0x32, 0x1E, 0x02, 0x17, 0x06,
    0x26, 0x27, 0x14, 0x1E, 0x02, 0x33, 0x33, 0x32, 0x3E, 0x02, 0x27, 0x06, 0x06, 0x07, 0x14, 0x1E,
    0x02, 0x33, 0x37, 0x32, 0x3E, 0x02, 0x02, 0xAD, 0x29, 0x56, 0x22, 0x26, 0x26, 0x29, 0x2A, 0x26,
    0x56, 0x21, 0x2F, 0x55, 0x22, 0x22, 0x26, 0x03, 0x0A, 0x13, 0x0F, 0x1D, 0x2F, 0x34, 0x22, 0x21,
    0x27, 0x2A, 0x1E, 0x23, 0x29, 0x27, 0x13, 0x0C, 0x08, 0x08, 0x0E, 0x07, 0x0C, 0x06, 0x11, 0x03,
    0x1C, 0x30, 0x56, 0x20, 0x20, 0x22, 0x2B, 0x29, 0x20, 0x4E, 0x2A, 0x3D, 0x4E, 0x17, 0x1D, 0x24,
    0x34, 0x0B, 0x22, 0x2D, 0x38, 0x01, 0x1A, 0x03, 0x0C, 0x17, 0x14, 0x1C, 0x47, 0x3E, 0x2A, 0x0B,
    0x11, 0x12, 0x07, 0x14, 0x0F, 0x09, 0x0A, 0x0F, 0x23, 0x34, 0x23, 0x11, 0xFD, 0xBE, 0x25, 0x24,
    0x21, 0x28, 0x28, 0x28, 0x05, 0x10, 0x20, 0x01, 0xC9, 0x21, 0x26, 0x2A, 0x1D, 0x24, 0x27, 0x25,
    0x15, 0x0B, 0x08, 0x08, 0x0D, 0x06, 0x0D, 0x06, 0x0F, 0xFC, 0xE2, 0x14, 0x1B, 0x1C, 0x30, 0x3F,
    0x22, 0x04, 0x0B, 0x0F, 0x13, 0x0B, 0x17, 0x26, 0x23, 0x2F, 0x30, 0x0D, 0x11, 0x15, 0x13, 0x19,
    0x01, 0x93, 0x9F, 0xF0, 0x52, 0x30, 0x3C, 0x2C, 0x28, 0x1D, 0x20, 0x1F, 0x0F, 0x27, 0x41, 0x33,
    0x1A, 0x1C, 0x0E, 0x02, 0x0F, 0x28, 0x46, 0x36, 0x0C, 0x16, 0x12, 0x0B, 0x19, 0x22, 0x31, 0x4C,
    0x0F, 0x02, 0x05, 0x07, 0x07, 0x02, 0x2F, 0x6B, 0x3F, 0x34, 0x42, 0x39, 0x3F, 0x32, 0x15, 0x27,
    0x13, 0x0C, 0x21, 0x28, 0x2C, 0x18, 0x23, 0x28, 0x1A, 0x09, 0x5D, 0x6A, 0x35, 0x0D, 0x08, 0x15,
    0x22, 0x1B, 0x1B, 0x36, 0x2B, 0x1C, 0x21, 0x27, 0x17, 0x20, 0x27, 0x36, 0x2E, 0x52, 0xFB, 0x01,
    0x16, 0x17, 0x16, 0x1C, 0x1A, 0x04, 0x15, 0x1A, 0x1E, 0x0D, 0x0B, 0x19, 0x18, 0x13, 0x04, 0x09,
    0x14, 0x11, 0x0B, 0x1C, 0x13, 0x0D, 0x16, 0x17, 0x16, 0x0D, 0x0C, 0x1B, 0x1B, 0x1A, 0x1C, 0x0E,
    0x34, 0x23, 0x01, 0x07, 0x0E, 0x0E, 0x26, 0x0A, 0x0B, 0x05, 0x01, 0x7C, 0x14, 0x32, 0x1D, 0x02,
    0x07, 0x0C, 0x0B, 0x2F, 0x07, 0x08, 0x04, 0x01, 0x03, 0x8C, 0x20, 0x1D, 0x22, 0x5B, 0x38, 0x39,
    0x5F, 0x1F, 0x1D, 0x11, 0x24, 0x24, 0x24, 0x5C, 0x2E, 0x0C, 0x21, 0x26, 0x2A, 0x13, 0x26, 0x14,
    0x17, 0x01, 0x33, 0x2A, 0x19, 0x1D, 0x27, 0x25, 0x1B, 0x1C, 0x2B, 0x2E, 0x0A, 0x0B, 0x0D, 0x08,
    0x05, 0x0E, 0x0A, 0xF8, 0x24, 0x20, 0x20, 0x52, 0x2D, 0x32, 0x55, 0x20, 0x1A, 0x1D, 0x29, 0x1A,
    0x1D, 0x56, 0x31, 0x49, 0x42, 0x0E, 0x1D, 0x16, 0x0E, 0xFE, 0xB0, 0x09, 0x11, 0x0D, 0x08, 0x23,
    0x33, 0x3C, 0x18, 0x0E, 0x15, 0x0F, 0x08, 0x0F, 0x16, 0x19, 0x0B, 0x1A, 0x1C, 0x13, 0x13, 0x01,
    0x6D, 0x1A, 0x14, 0x17, 0x19, 0x16, 0x1B, 0x07, 0x10, 0x0D, 0x09, 0x01, 0x10, 0x2A, 0x17, 0x1D,
    0x28, 0x25, 0x1B, 0x1B, 0x2B, 0x2D, 0x0A, 0x0C, 0x0E, 0x08, 0x05, 0x0E, 0x0A, 0xFD, 0x0E, 0x1C,
    0x19, 0x1A, 0x1B, 0x16, 0x1B, 0x1B, 0x03, 0x0E, 0x0F, 0x0C, 0x22, 0x20, 0x18, 0x28, 0x1D, 0x10,
    0x10, 0x13, 0x10, 0x04, 0x9B, 0x42, 0x50, 0x15, 0x29, 0x21, 0x14, 0x1F, 0x19, 0x1A, 0x37, 0x37,
    0x35, 0x19, 0x35, 0x76, 0x81, 0x8B, 0x4B, 0xA3, 0xF5, 0xB1, 0x75, 0x24, 0x15, 0x2F, 0x30, 0x30,
    0x16, 0x20, 0x1F, 0x35, 0x35, 0x04, 0x14, 0x1A, 0x1A, 0x0A, 0x08, 0x07, 0x05, 0x06, 0x05, 0x02,
    0x02, 0x1C, 0x3C, 0x33, 0x21, 0x26, 0x26, 0x26, 0x48, 0x26, 0x2F, 0x9B, 0xBB, 0xCB, 0x5E, 0x4C,
    0x97, 0x8D, 0x83, 0x39, 0x1B, 0x3A, 0x3A, 0x3C, 0x1D, 0x23, 0x2D, 0x1B, 0x26, 0x28, 0x0C, 0x4D,
    0x47, 0xFC, 0xE6, 0x15, 0x10, 0x1A, 0x28, 0x18, 0x03, 0x06, 0x06, 0x04, 0x04, 0x06, 0x07, 0x04,
    0x07, 0x14, 0x18, 0x1B, 0x0E, 0x14, 0x13, 0x08, 0x09, 0x08, 0x07, 0x09, 0x07, 0x1C, 0x03, 0x07,
    0x0F, 0x1A, 0x33, 0x28, 0x1A, 0x16, 0x24, 0x2C, 0x2E, 0x0C, 0x0C, 0x02, 0x1A, 0x2C, 0x21, 0x12,
    0x01, 0x1D, 0x2C, 0x33, 0x00, 0x02, 0x00, 0x29, 0x00, 0x00, 0x03, 0xED, 0x06, 0x44, 0x00, 0x17,
    0x00, 0x1B, 0x00, 0xB2, 0x40, 0x0A, 0x0A, 0x01, 0x08, 0x02, 0x0B, 0x01, 0x09, 0x03, 0x02, 0x4C,
    0x4B, 0xB0, 0x28, 0x50, 0x58, 0x40, 0x29, 0x00, 0x03, 0x03, 0x02, 0x61, 0x00, 0x02, 0x02, 0x40,
    0x4D, 0x0B, 0x01, 0x09, 0x09, 0x08, 0x5F, 0x00, 0x08, 0x08, 0x38, 0x4D, 0x06, 0x01, 0x00, 0x00,
    0x01, 0x5F, 0x04, 0x01, 0x01, 0x01, 0x3B, 0x4D, 0x0A, 0x07, 0x02, 0x05, 0x05, 0x39, 0x05, 0x4E,
    0x1B, 0x4B, 0xB0, 0x2A, 0x50, 0x58, 0x40, 0x27, 0x00, 0x08, 0x0B, 0x01, 0x09, 0x01, 0x08, 0x09,
    0x67, 0x00, 0x03, 0x03, 0x02, 0x61, 0x00, 0x02, 0x02, 0x40, 0x4D, 0x06, 0x01, 0x00, 0x00, 0x01,
    0x5F, 0x04, 0x01, 0x01, 0x01, 0x3B, 0x4D, 0x0A, 0x07, 0x02, 0x05, 0x05, 0x39, 0x05, 0x4E, 0x1B,
    0x40, 0x27, 0x00, 0x08, 0x0B, 0x01, 0x09, 0x01, 0x08, 0x09, 0x67, 0x00, 0x03, 0x03, 0x02, 0x61,
    0x00, 0x02, 0x02, 0x40, 0x4D, 0x06, 0x01, 0x00, 0x00, 0x01, 0x5F, 0x04, 0x01, 0x01, 0x01, 0x3B,
    0x4D, 0x0A, 0x07, 0x02, 0x05, 0x05, 0x3C, 0x05, 0x4E, 0x59, 0x59, 0x40, 0x18, 0x18, 0x18, 0x00,
    0x00, 0x18, 0x1B, 0x18, 0x1B, 0x1A, 0x19, 0x00, 0x17, 0x00, 0x17, 0x11, 0x11, 0x13, 0x23, 0x23,
    0x11, 0x11, 0x0C, 0x09, 0x1D, 0x2B, 0x33, 0x11, 0x23, 0x35, 0x33, 0x35, 0x34, 0x36, 0x33, 0x32,
    0x17, 0x15, 0x26, 0x23, 0x22, 0x06, 0x15, 0x15, 0x21, 0x11, 0x23, 0x11, 0x21, 0x11, 0x01, 0x35,
    0x33, 0x15, 0xAA, 0x81, 0x81, 0xAF, 0xAA, 0x57, 0x63, 0x5F, 0x36, 0x44, 0x43, 0x02, 0x4C, 0xF7,
    0xFE, 0xAB, 0x01, 0x6E, 0xDE, 0x03, 0x9D, 0xA7, 0x67, 0xC9, 0xD0, 0x1D, 0xA2, 0x17, 0x6E, 0x7D,
    0x6D, 0xFB, 0xBC, 0x03, 0x9D, 0xFC, 0x63, 0x05, 0x03, 0xDE, 0xDE, 0x00, 0x00, 0x01, 0x00, 0x29,
    0xFF, 0xE7, 0x04, 0x93, 0x06, 0x44, 0x00, 0x29, 0x00, 0xD4, 0x4B, 0xB0, 0x14, 0x50, 0x58, 0x40,
    0x0A, 0x11, 0x01, 0x04, 0x03, 0x0B, 0x01, 0x02, 0x01, 0x02, 0x4C, 0x1B, 0x40, 0x0A, 0x11, 0x01,
    0x04, 0x03, 0x0B, 0x01, 0x02, 0x06, 0x02, 0x4C, 0x59, 0x4B, 0xB0, 0x14, 0x50, 0x58, 0x40, 0x2A,
    0x00, 0x00, 0x05, 0x01, 0x01, 0x00, 0x72, 0x00, 0x03, 0x03, 0x09, 0x61, 0x0A, 0x01, 0x09, 0x09,
    0x40, 0x4D, 0x07, 0x01, 0x05, 0x05, 0x04, 0x5F, 0x08, 0x01, 0x04, 0x04, 0x3B, 0x4D, 0x00, 0x01,
    0x01, 0x02, 0x62, 0x06, 0x01, 0x02, 0x02, 0x42, 0x02, 0x4E, 0x1B, 0x4B, 0xB0, 0x2A, 0x50, 0x58,
    0x40, 0x32, 0x00, 0x00, 0x05, 0x01, 0x01, 0x00, 0x72, 0x00, 0x0A, 0x0A, 0x3A, 0x4D, 0x00, 0x03,
    0x03, 0x09, 0x61, 0x00, 0x09, 0x09, 0x40, 0x4D, 0x07, 0x01, 0x05, 0x05, 0x04, 0x5F, 0x08, 0x01,
    0x04, 0x04, 0x3B, 0x4D, 0x00, 0x06, 0x06, 0x39, 0x4D, 0x00, 0x01, 0x01, 0x02, 0x62, 0x00, 0x02,
    0x02, 0x42, 0x02, 0x4E, 0x1B, 0x40, 0x32, 0x00, 0x00, 0x05, 0x01, 0x01, 0x00, 0x72, 0x00, 0x0A,
    0x0A, 0x3A, 0x4D, 0x00, 0x03, 0x03, 0x09, 0x61, 0x00, 0x09, 0x09, 0x40, 0x4D, 0x07, 0x01, 0x05,
    0x05, 0x04, 0x5F, 0x08, 0x01, 0x04, 0x04, 0x3B, 0x4D, 0x00, 0x06, 0x06, 0x3C, 0x4D, 0x00, 0x01,
    0x01, 0x02, 0x62, 0x00, 0x02, 0x02, 0x42, 0x02, 0x4E, 0x59, 0x59, 0x40, 0x10, 0x29, 0x28, 0x26,
    0x24, 0x11, 0x11, 0x11, 0x11, 0x13, 0x25, 0x25, 0x11, 0x14, 0x0B, 0x09, 0x1F, 0x2B, 0x01, 0x14,
    0x1E, 0x02, 0x33, 0x16, 0x33, 0x32, 0x32, 0x37, 0x15, 0x06, 0x23, 0x22, 0x26, 0x35, 0x11, 0x26,
    0x26, 0x23, 0x22, 0x06, 0x15, 0x15, 0x33, 0x15, 0x23, 0x11, 0x23, 0x11, 0x23, 0x35, 0x33, 0x35,
    0x34, 0x36, 0x33, 0x32, 0x16, 0x17, 0x33, 0x03, 0xED, 0x02, 0x0C, 0x1A, 0x17, 0x1C, 0x3A, 0x05,
    0x07, 0x05, 0x2C, 0x3A, 0x93, 0xA4, 0x34, 0x58, 0x1F, 0x5C, 0x4E, 0xC4, 0xC4, 0xF7, 0x81, 0x81,
    0xB5, 0xAD, 0x22, 0x72, 0x51, 0xFC, 0x01, 0x57, 0x1C, 0x36, 0x2A, 0x1A, 0x29, 0x01, 0xA2, 0x10,
    0xAE, 0xA8, 0x04, 0x44, 0x11, 0x0C, 0x6A, 0x76, 0x7A, 0xA7, 0xFC, 0x63, 0x03, 0x9D, 0xA7, 0x63,
    0xCE, 0xCF, 0x0C, 0x0D, 0x00, 0x03, 0x00, 0x00, 0xFF, 0x00, 0x08, 0x00, 0x07, 0x00, 0x00, 0x03,
    0x00, 0x07, 0x00, 0x27, 0x00, 0x46, 0x40, 0x43, 0x1A, 0x01, 0x04, 0x03, 0x1B, 0x02, 0x02, 0x02,
    0x04, 0x02, 0x4C, 0x01, 0x01, 0x03, 0x4A, 0x03, 0x01, 0x00, 0x49, 0x00, 0x03, 0x04, 0x03, 0x85,
    0x00, 0x04, 0x02, 0x04, 0x85, 0x00, 0x00, 0x01, 0x00, 0x86, 0x05, 0x01, 0x02, 0x01, 0x01, 0x02,
    0x57, 0x05, 0x01, 0x02, 0x02, 0x01, 0x5F, 0x00, 0x01, 0x02, 0x01, 0x4F, 0x09, 0x08, 0x1F, 0x1D,
    0x18, 0x16, 0x08, 0x27, 0x09, 0x27, 0x11, 0x14, 0x06, 0x06, 0x18, 0x2B, 0x11, 0x09, 0x02, 0x03,
    0x21, 0x35, 0x21, 0x35, 0x21, 0x35, 0x34, 0x3E, 0x02, 0x37, 0x37, 0x36, 0x35, 0x34, 0x2E, 0x02,
    0x23, 0x22, 0x06, 0x07, 0x15, 0x36, 0x36, 0x33, 0x32, 0x15, 0x14, 0x06, 0x07, 0x07, 0x06, 0x06,
    0x17, 0x04, 0x00, 0x04, 0x00, 0xFC, 0x00, 0xA7, 0x01, 0x3D, 0xFE, 0xC3, 0x01, 0x3D, 0x06, 0x19,
    0x32, 0x2C, 0x41, 0x95, 0x46, 0x84, 0xBD, 0x76, 0x5B, 0xB6, 0x5E, 0x60, 0xA2, 0x44, 0xCD, 0x4A,
    0x44, 0x22, 0x43, 0x45, 0x01, 0x03, 0x00, 0x04, 0x00, 0xFC, 0x00, 0xFC, 0x00, 0x01, 0x00, 0xF8,
    0x93, 0x42, 0x2E, 0x46, 0x3F, 0x41, 0x2A, 0x3D, 0x8C, 0x84, 0x48, 0x74, 0x50, 0x2B, 0x1D, 0x1D,
    0xEB, 0x2D, 0x2C, 0xA9, 0x3C, 0x89, 0x4A, 0x25, 0x49, 0x92, 0x4D, 0x00, 0x00, 0x03, 0x00, 0x50,
    0xFF, 0xDB, 0x04, 0x23, 0x05, 0xED, 0x00, 0x13, 0x00, 0x1C, 0x00, 0x20, 0x00, 0x42, 0x40, 0x3F,
    0x00, 0x01, 0x00, 0x03, 0x04, 0x01, 0x03, 0x69, 0x00, 0x04, 0x08, 0x01, 0x05, 0x02, 0x04, 0x05,
    0x67, 0x07, 0x01, 0x02, 0x00, 0x00, 0x02, 0x59, 0x07, 0x01, 0x02, 0x02, 0x00, 0x61, 0x06, 0x01,
    0x00, 0x02, 0x00, 0x51, 0x1D, 0x1D, 0x15, 0x14, 0x01, 0x00, 0x1D, 0x20, 0x1D, 0x20, 0x1F, 0x1E,
    0x1A, 0x18, 0x14, 0x1C, 0x15, 0x1C, 0x0B, 0x09, 0x00, 0x13, 0x01, 0x13, 0x09, 0x06, 0x16, 0x2B,
    0x05, 0x22, 0x26, 0x26, 0x02, 0x35, 0x34, 0x12, 0x36, 0x36, 0x33, 0x32, 0x16, 0x16, 0x12, 0x17,
    0x14, 0x02, 0x06, 0x06, 0x27, 0x32, 0x11, 0x10, 0x02, 0x23, 0x22, 0x11, 0x10, 0x13, 0x35, 0x33,
    0x15, 0x02, 0x39, 0x75, 0xB7, 0x7C, 0x41, 0x41, 0x7D, 0xB6, 0x75, 0x74, 0xB5, 0x7E, 0x42, 0x01,
    0x41, 0x7D, 0xB7, 0x75, 0xF3, 0x7A, 0x79, 0xF2, 0x8F, 0xC7, 0x25, 0x69, 0xC7, 0x01, 0x21, 0xB9,
    0xB7, 0x01, 0x21, 0xC7, 0x69, 0x69, 0xC7, 0xFE, 0xE0, 0xB8, 0xB9, 0xFE, 0xDE, 0xC7, 0x68, 0xA6,
    0x02, 0x64, 0x01, 0x32, 0x01, 0x2F, 0xFD, 0x9F, 0xFD, 0x9C, 0x02, 0x18, 0xC7, 0xC7, 0x00, 0x00,
    0x00, 0x02, 0x00, 0x50, 0xFF, 0xDB, 0x04, 0x22, 0x05, 0xED, 0x00, 0x13, 0x00, 0x1B, 0x00, 0x31,
    0x40, 0x2E, 0x00, 0x01, 0x00, 0x03, 0x02, 0x01, 0x03, 0x69, 0x05, 0x01, 0x02, 0x00, 0x00, 0x02,
    0x59, 0x05, 0x01, 0x02, 0x02, 0x00, 0x61, 0x04, 0x01, 0x00, 0x02, 0x00, 0x51, 0x15, 0x14, 0x01,
    0x00, 0x19, 0x17, 0x14, 0x1B, 0x15, 0x1B, 0x0B, 0x09, 0x00, 0x13, 0x01, 0x13, 0x06, 0x06, 0x16,
    0x2B, 0x05, 0x22, 0x26, 0x26, 0x02, 0x35, 0x34, 0x12, 0x36, 0x36, 0x33, 0x32, 0x16, 0x16, 0x12,
    0x17, 0x14, 0x02, 0x06, 0x06, 0x27, 0x32, 0x11, 0x10, 0x23, 0x22, 0x11, 0x10, 0x02, 0x39, 0x75,
    0xB7, 0x7C, 0x41, 0x41, 0x7D, 0xB6, 0x75, 0x74, 0xB4, 0x7E, 0x42, 0x01, 0x41, 0x7D, 0xB6, 0x75,
    0xF2, 0xF2, 0xF2, 0x25, 0x69, 0xC7, 0x01, 0x21, 0xB9, 0xB7, 0x01, 0x21, 0xC7, 0x69, 0x69, 0xC7,
    0xFE, 0xE0, 0xB8, 0xB9, 0xFE, 0xDE, 0xC7, 0x68, 0xA6, 0x02, 0x64, 0x02, 0x61, 0xFD, 0x9F, 0xFD,
    0x9C, 0x00, 0x00, 0x00, 0x00, 0x01, 0x00, 0x00, 0x00, 0x02, 0x02, 0x8F, 0x12, 0x60, 0xE0, 0x92,
    0x5F, 0x0F, 0x3C, 0xF5, 0x00, 0x0F, 0x08, 0x00, 0x00, 0x00, 0x00, 0x00, 0xD4, 0x49, 0x69, 0x00,
    0x00, 0x00, 0x00, 0x00, 0xDE, 0xCC, 0x9B, 0x6A, 0xFE, 0x42, 0xFE, 0x17, 0x08, 0x7F, 0x08, 0xF3,
    0x00, 0x00, 0x00, 0x09, 0x00, 0x02, 0x00, 0x01, 0x00, 0x00, 0x00, 0x00, 0x00, 0x01, 0x00, 0x00,
    0x07, 0x8F, 0xFE, 0x50, 0x00, 0x00, 0x08, 0xC0, 0xFE, 0x42, 0xFE, 0x41, 0x08, 0x7F, 0x00, 0x01,
    0x00, 0x00, 0x00, 0x00, 0x00, 0x00, 0x00, 0x00, 0x00, 0x00, 0x00, 0x00, 0x00, 0x00, 0x02, 0xC7,
    0x06, 0x00, 0x01, 0x00, 0x00, 0x00, 0x00, 0x00, 0x02, 0x39, 0x00, 0x00, 0x02, 0x39, 0x00, 0x00,
    0x02, 0x71, 0x00, 0xC9, 0x03, 0x51, 0x00, 0x67, 0x04, 0x73, 0x00, 0x19, 0x04, 0x73, 0x00, 0x6F,
    0x07, 0x1D, 0x00, 0x66, 0x05, 0x8E, 0x00, 0x32, 0x01, 0xB7, 0x00, 0x4D, 0x02, 0xAA, 0x00, 0x6B,
    0x02, 0xAA, 0x00, 0x47, 0x04, 0x91, 0x00, 0x72, 0x04, 0xAC, 0x00, 0x68, 0x02, 0x60, 0x00, 0xA2,
    0x04, 0xAC, 0x00, 0x43, 0x02, 0x60, 0x00, 0xA2, 0x02, 0x39, 0x00, 0x00, 0x04, 0x73, 0x00, 0x50,
    0x04, 0x73, 0x00, 0xC4, 0x04, 0x73, 0x00, 0x59, 0x04, 0x73, 0x00, 0x91, 0x04, 0x73, 0x00, 0x1F,
    0x04, 0x73, 0x00, 0x99, 0x04, 0x73, 0x00, 0x44, 0x04, 0x73, 0x00, 0x7C, 0x04, 0x73, 0x00, 0x5C,
    0x04, 0x73, 0x00, 0x51, 0x02, 0x8E, 0x00, 0xCF, 0x02, 0x8E, 0x00, 0xCF, 0x04, 0xAC, 0x00, 0x68,
    0x04, 0xAC, 0x00, 0x43, 0x04, 0xAC, 0x00, 0x68, 0x04, 0xAB, 0x00, 0x9B, 0x07, 0xF6, 0x00, 0xDE,
    0x05, 0x8E, 0x00, 0x0F, 0x05, 0x8E, 0x00, 0xA9, 0x05, 0xC7, 0x00, 0x62, 0x05, 0xC7, 0x00, 0xA9,
    0x05, 0x56, 0x00, 0xB5, 0x04, 0xE3, 0x00, 0xB6, 0x06, 0x39, 0x00, 0x56, 0x05, 0xC7, 0x00, 0xA9,
    0x03, 0x68, 0x00, 0x70, 0x04, 0x35, 0x00, 0x0A, 0x05, 0x8E, 0x00, 0xB6, 0x04, 0xAB, 0x00, 0xA9,
    0x06, 0xAA, 0x00, 0xA9, 0x05, 0xC7, 0x00, 0xA9, 0x06, 0x39, 0x00, 0x56, 0x05, 0x56, 0x00, 0xAA,
    0x06, 0x39, 0x00, 0x56, 0x05, 0xC7, 0x00, 0xA9, 0x05, 0x56, 0x00, 0x6F, 0x04, 0xE3, 0x00, 0x1E,
    0x05, 0xC7, 0x00, 0xA3, 0x05, 0x56, 0x00, 0x1E, 0x07, 0x8D, 0x00, 0x19, 0x05, 0x56, 0x00, 0x26,
    0x05, 0x56, 0x00, 0x1D, 0x04, 0xE3, 0x00, 0x61, 0x02, 0x71, 0x00, 0x86, 0x02, 0x39, 0x00, 0x00,
    0x02, 0x71, 0x00, 0x3E, 0x04, 0x36, 0x00, 0x57, 0x04, 0x73, 0x00, 0x00, 0x02, 0xAA, 0x00, 0x5A,
    0x04, 0x73, 0x00, 0x52, 0x04, 0xAB, 0x00, 0x97, 0x04, 0x39, 0x00, 0x50, 0x04, 0xAB, 0x00, 0x53,
    0x04, 0x73, 0x00, 0x50, 0x02, 0x71, 0x00, 0x29, 0x04, 0xAB, 0x00, 0x56, 0x04, 0xAB, 0x00, 0x97,
    0x02, 0x24, 0x00, 0x8D, 0x02, 0x2A, 0xFF, 0x8E, 0x04, 0x39, 0x00, 0x97, 0x02, 0x43, 0x00, 0x90,
    0x06, 0xE3, 0x00, 0x97, 0x04, 0xAB, 0x00, 0x97, 0x04, 0xAB, 0x00, 0x50, 0x04, 0xAB, 0x00, 0x97,
    0x04, 0xAB, 0x00, 0x53, 0x02, 0xE3, 0x00, 0xA3, 0x04, 0x39, 0x00, 0x77, 0x02, 0x76, 0x00, 0x21,
    0x04, 0xAB, 0x00, 0x8B, 0x04, 0x39, 0x00, 0x16, 0x06, 0x00, 0x00, 0x24, 0x04, 0x39, 0x00, 0x26,
    0x04, 0x39, 0x00, 0x16, 0x04, 0x00, 0x00, 0x5C, 0x02, 0xE4, 0x00, 0x3E, 0x02, 0x28, 0x00, 0xB6,
    0x02, 0xE4, 0x00, 0x77, 0x04, 0xAC, 0x00, 0x5C, 0x02, 0x39, 0x00, 0x00, 0x02, 0xAA, 0x00, 0xD4,
    0x04, 0x73, 0x00, 0xA0, 0x04, 0x73, 0x00, 0x6F, 0x04, 0x73, 0x00, 0x3E, 0x04, 0x73, 0x00, 0x0C,
    0x02, 0x28, 0x00, 0xB8, 0x04, 0x73, 0x00, 0x8B, 0x02, 0xAA, 0x00, 0x26, 0x05, 0xE5, 0x00, 0x0D,
    0x02, 0xF6, 0x00, 0x43, 0x04, 0x73, 0x00, 0x5A, 0x04, 0xAC, 0x00, 0x5F, 0x02, 0xAA, 0x00, 0x51,
    0x05, 0xE5, 0x00, 0x0E, 0x04, 0x73, 0x00, 0x58, 0x03, 0x33, 0x00, 0x72, 0x04, 0xAC, 0x00, 0x68,
    0x03, 0xCD, 0x00, 0x42, 0x03, 0xCD, 0x00, 0x6C, 0x02, 0xAA, 0x00, 0x60, 0x04, 0xAB, 0x00, 0x94,
    0x04, 0x5F, 0x00, 0x59, 0x02, 0x2D, 0x00, 0x88, 0x02, 0xAA, 0x00, 0x91, 0x03, 0xCD, 0x00, 0x93,
    0x02, 0xEC, 0x00, 0x39, 0x04, 0x73, 0x00, 0x63, 0x06, 0xAC, 0x00, 0x4C, 0x06, 0xAC, 0x00, 0x4C,
    0x06, 0xAC, 0x00, 0x69, 0x04, 0xE3, 0x00, 0x9E, 0x05, 0x8E, 0x00, 0x0F, 0x05, 0x8E, 0x00, 0x0F,
    0x05, 0x8E, 0x00, 0x0F, 0x05, 0x8E, 0x00, 0x0F, 0x05, 0x8E, 0x00, 0x0F, 0x05, 0x8E, 0x00, 0x0F,
    0x08, 0x00, 0x00, 0x0F, 0x05, 0xC7, 0x00, 0x62, 0x05, 0x56, 0x00, 0xB5, 0x05, 0x56, 0x00, 0xB5,
    0x05, 0x56, 0x00, 0xB5, 0x05, 0x56, 0x00, 0xB5, 0x03, 0x68, 0x00, 0x6E, 0x03, 0x68, 0x00, 0x70,
    0x03, 0x68, 0x00, 0x48, 0x03, 0x68, 0x00, 0x70, 0x05, 0xCC, 0x00, 0x07, 0x05, 0xC7, 0x00, 0xA9,
    0x06, 0x39, 0x00, 0x56, 0x06, 0x39, 0x00, 0x56, 0x06, 0x39, 0x00, 0x56, 0x06, 0x39, 0x00, 0x56,
    0x06, 0x39, 0x00, 0x56, 0x04, 0xAC, 0x00, 0x67, 0x06, 0x39, 0x00, 0x56, 0x05, 0xC7, 0x00, 0xA3,
    0x05, 0xC7, 0x00, 0xA3, 0x05, 0xC7, 0x00, 0xA3, 0x05, 0xC7, 0x00, 0xA3, 0x05, 0x56, 0x00, 0x1D,
    0x05, 0x56, 0x00, 0xAA, 0x04, 0xE3, 0x00, 0x8A, 0x04, 0x73, 0x00, 0x52, 0x04, 0x73, 0x00, 0x52,
    0x04, 0x73, 0x00, 0x52, 0x04, 0x73, 0x00, 0x52, 0x04, 0x73, 0x00, 0x52, 0x04, 0x73, 0x00, 0x52,
    0x07, 0x1D, 0x00, 0x52, 0x04, 0x39, 0x00, 0x50, 0x04, 0x73, 0x00, 0x50, 0x04, 0x73, 0x00, 0x50,
    0x04, 0x73, 0x00, 0x50, 0x04, 0x73, 0x00, 0x50, 0x02, 0x24, 0xFF, 0xEC, 0x02, 0x24, 0x00, 0x49,
    0x02, 0x24, 0xFF, 0xA6, 0x02, 0x24, 0xFF, 0xE3, 0x04, 0xAB, 0x00, 0x50, 0x04, 0xAB, 0x00, 0x97,
    0x04, 0xAB, 0x00, 0x50, 0x04, 0xAB, 0x00, 0x50, 0x04, 0xAB, 0x00, 0x50, 0x04, 0xAB, 0x00, 0x50,
    0x04, 0xAB, 0x00, 0x50, 0x04, 0xAC, 0x00, 0x68, 0x04, 0xE3, 0x00, 0x6C, 0x04, 0xAB, 0x00, 0x8B,
    0x04, 0xAB, 0x00, 0x8B, 0x04, 0xAB, 0x00, 0x8B, 0x04, 0xAB, 0x00, 0x8B, 0x04, 0x39, 0x00, 0x16,
    0x04, 0xAB, 0x00, 0x97, 0x04, 0x39, 0x00, 0x16, 0x05, 0x91, 0x00, 0x10, 0x04, 0x7A, 0x00, 0x57,
    0x05, 0x91, 0x00, 0x10, 0x04, 0x7A, 0x00, 0x57, 0x05, 0x8E, 0x00, 0x0F, 0x04, 0x73, 0x00, 0x52,
    0x05, 0xC7, 0x00, 0x62, 0x04, 0x39, 0x00, 0x50, 0x05, 0xC7, 0x00, 0x62, 0x04, 0x39, 0x00, 0x50,
    0x05, 0xC7, 0x00, 0x62, 0x04, 0x39, 0x00, 0x50, 0x05, 0xC7, 0x00, 0x62, 0x04, 0x39, 0x00, 0x50,
    0x05, 0xC7, 0x00, 0xA9, 0x05, 0x7A, 0x00, 0x53, 0x05, 0xCC, 0x00, 0x07, 0x04, 0xAB, 0x00, 0x53,
    0x05, 0x56, 0x00, 0xB5, 0x04, 0x73, 0x00, 0x50, 0x05, 0x56, 0x00, 0xB5, 0x04, 0x73, 0x00, 0x50,
    0x05, 0x56, 0x00, 0xB5, 0x04, 0x73, 0x00, 0x50, 0x05, 0x56, 0x00, 0xB5, 0x04, 0x73, 0x00, 0x50,
    0x05, 0x56, 0x00, 0xB6, 0x04, 0x73, 0x00, 0x50, 0x06, 0x39, 0x00, 0x56, 0x04, 0xAB, 0x00, 0x56,
    0x06, 0x39, 0x00, 0x56, 0x04, 0xAB, 0x00, 0x56, 0x06, 0x39, 0x00, 0x56, 0x04, 0xAB, 0x00, 0x56,
    0x06, 0x39, 0x00, 0x56, 0x04, 0xAB, 0x00, 0x56, 0x05, 0xC7, 0x00, 0xA9, 0x04, 0xAB, 0x00, 0x97,
    0x05, 0xC7, 0x00, 0x15, 0x04, 0xAB, 0x00, 0x0F, 0x03, 0x68, 0x00, 0x5E, 0x02, 0x24, 0xFF, 0xBC,
    0x03, 0x68, 0x00, 0x5B, 0x02, 0x24, 0xFF, 0xB8, 0x03, 0x68, 0x00, 0x5D, 0x02, 0x24, 0xFF, 0xBA,
    0x03, 0x68, 0x00, 0x70, 0x02, 0x24, 0x00, 0x49, 0x03, 0x68, 0x00, 0x70, 0x02, 0x24, 0x00, 0x97,
    0x06, 0xB4, 0x00, 0x70, 0x04, 0x1B, 0x00, 0x97, 0x04, 0x39, 0x00, 0x18, 0x02, 0x25, 0xFF, 0x8E,
    0x05, 0x8E, 0x00, 0xB6, 0x04, 0x39, 0x00, 0x97, 0x04, 0x39, 0x00, 0x97, 0x04, 0xAB, 0x00, 0xA9,
    0x02, 0x43, 0x00, 0x58, 0x04, 0xAB, 0x00, 0xA9, 0x02, 0x43, 0x00, 0x90, 0x04, 0xAB, 0x00, 0xA9,
    0x02, 0xF1, 0x00, 0x90, 0x04, 0xAB, 0x00, 0xA9, 0x03, 0x48, 0x00, 0x90, 0x04, 0xAB, 0x00, 0x08,
    0x02, 0x6A, 0x00, 0x06, 0x05, 0xC7, 0x00, 0xA9, 0x04, 0xAB, 0x00, 0x97, 0x05, 0xC7, 0x00, 0xA9,
    0x04, 0xAB, 0x00, 0x97, 0x05, 0xC7, 0x00, 0xA9, 0x04, 0xAB, 0x00, 0x97, 0x05, 0x40, 0x00, 0x07,
    0x05, 0xC7, 0x00, 0xA9, 0x04, 0xAB, 0x00, 0x97, 0x06, 0x39, 0x00, 0x56, 0x04, 0xAB, 0x00, 0x50,
    0x06, 0x39, 0x00, 0x56, 0x04, 0xAB, 0x00, 0x50, 0x06, 0x39, 0x00, 0x56, 0x04, 0xAB, 0x00, 0x50,
    0x08, 0x00, 0x00, 0x56, 0x07, 0x8D, 0x00, 0x50, 0x05, 0xC7, 0x00, 0xA9, 0x02, 0xE3, 0x00, 0xA3,
    0x05, 0xC7, 0x00, 0xA9, 0x02, 0xE3, 0x00, 0xA3, 0x05, 0xC7, 0x00, 0xA9, 0x02, 0xE3, 0x00, 0x0B,
    0x05, 0x56, 0x00, 0x6F, 0x04, 0x39, 0x00, 0x77, 0x05, 0x56, 0x00, 0x6F, 0x04, 0x39, 0x00, 0x77,
    0x05, 0x56, 0x00, 0x6F, 0x04, 0x39, 0x00, 0x77, 0x05, 0x56, 0x00, 0x6F, 0x04, 0x39, 0x00, 0x77,
    0x04, 0xE3, 0x00, 0x1E, 0x02, 0x71, 0x00, 0x21, 0x04, 0xE3, 0x00, 0x1E, 0x03, 0x6A, 0x00, 0x21,
    0x04, 0xE3, 0x00, 0x1E, 0x02, 0x71, 0x00, 0x21, 0x05, 0xC7, 0x00, 0xA3, 0x04, 0xAB, 0x00, 0x8B,
    0x05, 0xC7, 0x00, 0xA3, 0x04, 0xAB, 0x00, 0x8B, 0x05, 0xC7, 0x00, 0xA3, 0x04, 0xAB, 0x00, 0x8B,
    0x05, 0xC7, 0x00, 0xA3, 0x04, 0xAB, 0x00, 0x8B, 0x05, 0xC7, 0x00, 0xA3, 0x04, 0xAB, 0x00, 0x8B,
    0x05, 0xC7, 0x00, 0xA3, 0x04, 0xAB, 0x00, 0x8B, 0x07, 0x8D, 0x00, 0x19, 0x06, 0x00, 0x00, 0x24,
    0x05, 0x56, 0x00, 0x1D, 0x04, 0x39, 0x00, 0x16, 0x05, 0x56, 0x00, 0x1D, 0x04, 0xE3, 0x00, 0x61,
    0x04, 0x00, 0x00, 0x5C, 0x04, 0xE3, 0x00, 0x61, 0x04, 0x00, 0x00, 0x5C, 0x04, 0xE3, 0x00, 0x61,
    0x04, 0x00, 0x00, 0x5C, 0x02, 0x1E, 0x00, 0x1E, 0x04, 0x73, 0x00, 0x31, 0x05, 0x8E, 0x00, 0x0F,
    0x04, 0x73, 0x00, 0x52, 0x03, 0x68, 0x00, 0x49, 0x02, 0x24, 0xFF, 0xA7, 0x06, 0x39, 0x00, 0x56,
    0x04, 0xAB, 0x00, 0x50, 0x05, 0xC7, 0x00, 0xA3, 0x04, 0xAB, 0x00, 0x8B, 0x05, 0xC7, 0x00, 0xA3,
    0x04, 0xAB, 0x00, 0x8B, 0x05, 0xC7, 0x00, 0xA3, 0x04, 0xAB, 0x00, 0x8B, 0x05, 0xC7, 0x00, 0xA3,
    0x04, 0xAB, 0x00, 0x8B, 0x05, 0xC7, 0x00, 0xA3, 0x04, 0xAB, 0x00, 0x8B, 0x05, 0x8E, 0x00, 0x0F,
    0x04, 0x73, 0x00, 0x52, 0x08, 0x00, 0x00, 0x0F, 0x07, 0x1D, 0x00, 0x52, 0x06, 0x39, 0x00, 0x56,
    0x04, 0xE3, 0x00, 0x6C, 0x05, 0x56, 0x00, 0x6F, 0x04, 0x39, 0x00, 0x77, 0x04, 0xE3, 0x00, 0x1E,
    0x02, 0x71, 0x00, 0x21, 0x02, 0xAA, 0xFF, 0xE9, 0x02, 0xAA, 0xFF, 0xE9, 0x02, 0xAA, 0xFF, 0xFB,
    0x02, 0xAA, 0xFF, 0xFD, 0x02, 0xAA, 0x00, 0xD9, 0x02, 0xAA, 0x00, 0x6E, 0x02, 0xAA, 0x00, 0x84,
    0x02, 0xAA, 0xFF, 0xFF, 0x02, 0xAA, 0xFF, 0xBD, 0x02, 0x8E, 0x00, 0xCF, 0x02, 0xAA, 0x00, 0x95,
    0x03, 0x31, 0x00, 0x01, 0x05, 0x8F, 0x00, 0x10, 0x02, 0x71, 0x00, 0xAA, 0x06, 0x8C, 0x00, 0x05,
    0x06, 0xF9, 0x00, 0x05, 0x03, 0xD7, 0xFF, 0x1F, 0x06, 0x65, 0xFF, 0xC1, 0x07, 0x21, 0x00, 0x0A,
    0x06, 0x5C, 0xFF, 0xC9, 0x03, 0x03, 0xFF, 0xE4, 0x05, 0x8E, 0x00, 0x0F, 0x05, 0x8E, 0x00, 0xA9,
    0x04, 0x9B, 0x00, 0xB0, 0x05, 0x8C, 0x00, 0x21, 0x05, 0x56, 0x00, 0xB5, 0x04, 0xE3, 0x00, 0x61,
    0x05, 0xC7, 0x00, 0xA9, 0x06, 0x39, 0x00, 0x56, 0x03, 0x68, 0x00, 0x70, 0x05, 0x8E, 0x00, 0xB6,
    0x05, 0x57, 0x00, 0x11, 0x06, 0xAA, 0x00, 0xA9, 0x05, 0xC7, 0x00, 0xA9, 0x05, 0x2C, 0x00, 0x3C,
    0x06, 0x39, 0x00, 0x56, 0x05, 0xC7, 0x00, 0xA9, 0x05, 0x56, 0x00, 0xAA, 0x04, 0xC0, 0x00, 0x5B,
    0x04, 0xE3, 0x00, 0x1E, 0x05, 0x56, 0x00, 0x26, 0x06, 0xCB, 0x00, 0x8B, 0x05, 0x56, 0x00, 0x26,
    0x06, 0x94, 0x00, 0x67, 0x06, 0x04, 0x00, 0x52, 0x03, 0x72, 0x00, 0x70, 0x05, 0x56, 0x00, 0x26,
    0x04, 0xC5, 0x00, 0x50, 0x03, 0x96, 0x00, 0x4A, 0x04, 0xAB, 0x00, 0x4C, 0x03, 0x03, 0x00, 0xAB,
    0x04, 0x84, 0x00, 0x8A, 0x04, 0xC5, 0x00, 0x50, 0x04, 0xBE, 0x00, 0x97, 0x04, 0x39, 0x00, 0x0A,
    0x04, 0xA7, 0x00, 0x50, 0x03, 0xAE, 0x00, 0x4A, 0x03, 0x9B, 0x00, 0x05, 0x04, 0xAB, 0x00, 0x4C,
    0x04, 0x63, 0x00, 0x50, 0x03, 0x03, 0x00, 0xAB, 0x04, 0x3B, 0x00, 0x97, 0x04, 0x39, 0x00, 0x19,
    0x04, 0xC0, 0x00, 0x97, 0x04, 0x39, 0x00, 0x04, 0x03, 0x92, 0x00, 0x09, 0x04, 0xAB, 0x00, 0x50,
    0x05, 0xD2, 0x00, 0x26, 0x04, 0xC0, 0x00, 0x84, 0x04, 0x02, 0x00, 0x50, 0x05, 0x34, 0x00, 0x50,
    0x03, 0x5D, 0x00, 0x0F, 0x04, 0x84, 0x00, 0x8A, 0x05, 0x74, 0x00, 0x50, 0x04, 0x67, 0xFF, 0xF6,
    0x05, 0xDD, 0x00, 0x37, 0x06, 0x80, 0x00, 0x5A, 0x03, 0x03, 0x00, 0x0E, 0x04, 0x84, 0x00, 0x8A,
    0x04, 0xAB, 0x00, 0x50, 0x04, 0x84, 0x00, 0x8A, 0x06, 0x80, 0x00, 0x5A, 0x05, 0x56, 0x00, 0xB5,
    0x05, 0x58, 0x00, 0xB5, 0x07, 0x00, 0x00, 0x1B, 0x04, 0x6F, 0x00, 0xB0, 0x05, 0xB8, 0x00, 0x5B,
    0x05, 0x56, 0x00, 0x6F, 0x03, 0x68, 0x00, 0x70, 0x03, 0x68, 0x00, 0x70, 0x04, 0x39, 0x00, 0x28,
    0x08, 0x9A, 0x00, 0x20, 0x08, 0x4A, 0x00, 0xA9, 0x06, 0xEA, 0x00, 0x21, 0x04, 0xC5, 0x00, 0xA9,
    0x05, 0xC0, 0x00, 0xAB, 0x05, 0x07, 0x00, 0x33, 0x05, 0xC0, 0x00, 0xA9, 0x05, 0x8E, 0x00, 0x0F,
    0x05, 0x80, 0x00, 0xA9, 0x05, 0x8E, 0x00, 0xA9, 0x04, 0x6F, 0x00, 0xB0, 0x05, 0x8F, 0x00, 0x25,
    0x05, 0x56, 0x00, 0xB5, 0x07, 0x4F, 0x00, 0x50, 0x04, 0xEC, 0x00, 0x6B, 0x05, 0xC0, 0x00, 0xAB,
    0x05, 0xC0, 0x00, 0xAB, 0x04, 0xC5, 0x00, 0xA9, 0x05, 0x6E, 0x00, 0x13, 0x06, 0xAA, 0x00, 0xA9,
    0x05, 0xC7, 0x00, 0xA9, 0x06, 0x39, 0x00, 0x56, 0x05, 0xC0, 0x00, 0xA9, 0x05, 0x56, 0x00, 0xAA,
    0x05, 0xC7, 0x00, 0x62, 0x04, 0xE3, 0x00, 0x1E, 0x05, 0x07, 0x00, 0x33, 0x06, 0x74, 0x00, 0x4B,
    0x05, 0x56, 0x00, 0x26, 0x05, 0xE1, 0x00, 0xA9, 0x05, 0x7A, 0x00, 0x6B, 0x07, 0xAF, 0x00, 0xAB,
    0x07, 0xD3, 0x00, 0xAB, 0x06, 0xA5, 0x00, 0x1B, 0x07, 0x75, 0x00, 0xA9, 0x05, 0x80, 0x00, 0xA9,
    0x05, 0xB8, 0x00, 0x7D, 0x08, 0x2A, 0x00, 0xA9, 0x05, 0xC3, 0x00, 0x50, 0x04, 0x73, 0x00, 0x52,
    0x04, 0xC3, 0x00, 0x5B, 0x04, 0x95, 0x00, 0x98, 0x03, 0x20, 0x00, 0x91, 0x04, 0xDF, 0x00, 0x19,
    0x04, 0x73, 0x00, 0x50, 0x05, 0x83, 0x00, 0x05, 0x03, 0xD2, 0x00, 0x49, 0x04, 0xB1, 0x00, 0x92,
    0x04, 0xB1, 0x00, 0x92, 0x03, 0xC0, 0x00, 0x97, 0x04, 0xE0, 0x00, 0x23, 0x05, 0xB5, 0x00, 0x9B,
    0x04, 0xA0, 0x00, 0x93, 0x04, 0xAB, 0x00, 0x50, 0x04, 0x95, 0x00, 0x93, 0x04, 0xAB, 0x00, 0x95,
    0x04, 0x39, 0x00, 0x54, 0x03, 0xCA, 0x00, 0x1E, 0x04, 0x39, 0x00, 0x05, 0x06, 0xCA, 0x00, 0x50,
    0x04, 0x39, 0x00, 0x26, 0x04, 0xC0, 0x00, 0x92, 0x04, 0x68, 0x00, 0x5D, 0x06, 0x8B, 0x00, 0x9B,
    0x06, 0xAA, 0x00, 0x9A, 0x05, 0x6A, 0x00, 0x12, 0x06, 0x4A, 0x00, 0x97, 0x04, 0x8B, 0x00, 0x97,
    0x04, 0x40, 0x00, 0x49, 0x06, 0x6A, 0x00, 0x97, 0x04, 0x80, 0x00, 0x3A, 0x04, 0x73, 0x00, 0x50,
    0x04, 0x73, 0x00, 0x50, 0x04, 0xAB, 0x00, 0x0F, 0x03, 0x20, 0x00, 0x91, 0x04, 0x40, 0x00, 0x50,
    0x04, 0x39, 0x00, 0x77, 0x02, 0x19, 0x00, 0x8C, 0x02, 0x1C, 0xFF, 0xDF, 0x02, 0x08, 0xFF, 0xAC,
    0x07, 0x80, 0x00, 0x4A, 0x06, 0xE0, 0x00, 0x97, 0x04, 0xAB, 0x00, 0x0F, 0x03, 0xC0, 0x00, 0x97,
    0x04, 0xB1, 0x00, 0x92, 0x04, 0x39, 0x00, 0x05, 0x04, 0xA0, 0x00, 0x93, 0x03, 0xE7, 0x00, 0xB0,
    0x03, 0x6E, 0x00, 0xA0, 0x07, 0x8D, 0x00, 0x19, 0x06, 0x00, 0x00, 0x24, 0x07, 0x8D, 0x00, 0x19,
    0x06, 0x00, 0x00, 0x24, 0x07, 0x8D, 0x00, 0x19, 0x06, 0x00, 0x00, 0x24, 0x05, 0x56, 0x00, 0x1D,
    0x04, 0x39, 0x00, 0x16, 0x04, 0x39, 0x00, 0x6C, 0x08, 0x00, 0x00, 0x68, 0x08, 0x00, 0x00, 0x00,
    0x04, 0x6B, 0x00, 0x00, 0x02, 0x00, 0x00, 0x6C, 0x02, 0x00, 0x00, 0x78, 0x02, 0x00, 0x00, 0x72,
    0x02, 0x00, 0x00, 0x6E, 0x03, 0xAB, 0x00, 0x5F, 0x03, 0xAB, 0x00, 0x73, 0x03, 0xAB, 0x00, 0x73,
    0x04, 0x73, 0x00, 0x7A, 0x04, 0x73, 0x00, 0x7A, 0x02, 0xCD, 0x00, 0x40, 0x08, 0x00, 0x00, 0xB8,
    0x08, 0x00, 0x00, 0x18, 0x01, 0xB5, 0x00, 0x24, 0x03, 0x55, 0x00, 0x2F, 0x02, 0xAA, 0x00, 0x44,
    0x02, 0xAA, 0x00, 0x59, 0x04, 0x6A, 0x00, 0xC3, 0x02, 0xAA, 0x00, 0x00, 0x01, 0x56, 0xFE, 0x42,
    0x03, 0xCD, 0x00, 0x3C, 0x03, 0xCD, 0x00, 0x17, 0x03, 0xCD, 0x00, 0x72, 0x03, 0xCD, 0x00, 0x33,
    0x03, 0xCD, 0x00, 0x5D, 0x03, 0xCD, 0x00, 0x45, 0x03, 0xCD, 0x00, 0x3C, 0x03, 0xCD, 0x00, 0x4E,
    0x03, 0xCD, 0x00, 0x4C, 0x03, 0xCD, 0x00, 0x32, 0x03, 0x0B, 0x00, 0xB1, 0x03, 0x0B, 0x00, 0x96,
    0x03, 0xCD, 0x00, 0x71, 0x03, 0xCD, 0x00, 0x3C, 0x03, 0xCD, 0x00, 0x93, 0x03, 0xCD, 0x00, 0x42,
    0x03, 0xCD, 0x00, 0x6C, 0x03, 0xCD, 0x00, 0x17, 0x03, 0xCD, 0x00, 0x72, 0x03, 0xCD, 0x00, 0x33,
    0x03, 0xCD, 0x00, 0x5D, 0x03, 0xCD, 0x00, 0x45, 0x03, 0xCD, 0x00, 0x3C, 0x03, 0xCD, 0x00, 0x4E,
    0x03, 0xCD, 0x00, 0x4C, 0x03, 0xCD, 0x00, 0x32, 0x03, 0x0B, 0x00, 0xB1, 0x03, 0x0B, 0x00, 0x96,
    0x03, 0xCD, 0x00, 0x71, 0x04, 0x73, 0x00, 0x64, 0x04, 0x73, 0x00, 0x7D, 0x08, 0xC0, 0x00, 0x50,
    0x04, 0x73, 0x00, 0x00, 0x07, 0x15, 0x00, 0x50, 0x03, 0x3F, 0x00, 0x00, 0x08, 0xC0, 0x00, 0xA0,
    0x08, 0x00, 0x00, 0xD0, 0x06, 0x25, 0x00, 0x6C, 0x05, 0xB6, 0x00, 0x64, 0x06, 0xAC, 0x00, 0x32,
    0x06, 0xAC, 0x00, 0x37, 0x06, 0xAC, 0x00, 0x50, 0x06, 0xAC, 0x00, 0x46, 0x08, 0x00, 0x00, 0x82,
    0x04, 0x00, 0x00, 0x6F, 0x08, 0x00, 0x00, 0xB4, 0x04, 0x00, 0x00, 0x6F, 0x08, 0x00, 0x00, 0x5A,
    0x04, 0x00, 0x00, 0x6F, 0x04, 0x00, 0x00, 0x6F, 0x03, 0xF4, 0x00, 0x2D, 0x04, 0xE5, 0x00, 0x32,
    0x06, 0x96, 0x00, 0xA1, 0x05, 0xB4, 0x00, 0x56, 0x04, 0xAC, 0x00, 0x66, 0x01, 0x56, 0xFF, 0x1E,
    0x02, 0x39, 0x00, 0x50, 0x04, 0x64, 0x00, 0x00, 0x05, 0xB4, 0x00, 0x55, 0x07, 0xD5, 0x01, 0x69,
    0x05, 0xC3, 0x00, 0x91, 0x05, 0xC3, 0x00, 0x91, 0x02, 0x31, 0x00, 0x0C, 0x04, 0x64, 0x00, 0x45,
    0x04, 0x88, 0x00, 0x68, 0x04, 0xAB, 0x00, 0x6D, 0x04, 0x64, 0x00, 0x32, 0x04, 0x64, 0x00, 0x46,
    0x04, 0xD5, 0x00, 0x8A, 0x04, 0xAC, 0x00, 0x5E, 0x04, 0xD5, 0x02, 0x08, 0x04, 0xCD, 0x00, 0xEA,
    0x04, 0xCD, 0x00, 0x00, 0x04, 0xCD, 0x02, 0x1D, 0x04, 0xCD, 0x02, 0x1D, 0x04, 0xCD, 0x00, 0x00,
    0x04, 0xCD, 0x02, 0x1D, 0x04, 0xCD, 0x00, 0x00, 0x04, 0xCD, 0x02, 0x1D, 0x04, 0xCD, 0x00, 0x00,
    0x04, 0xCD, 0x00, 0x00, 0x04, 0xCD, 0x00, 0x00, 0x04, 0xCD, 0x00, 0x00, 0x04, 0xCD, 0x00, 0x00,
    0x04, 0xCD, 0x01, 0x89, 0x04, 0xCD, 0x02, 0x1D, 0x04, 0xCD, 0x01, 0x89, 0x04, 0xCD, 0x01, 0x89,
    0x04, 0xCD, 0x00, 0x00, 0x04, 0xCD, 0x00, 0x00, 0x04, 0xCD, 0x00, 0x00, 0x04, 0xCD, 0x02, 0x1D,
    0x04, 0xCD, 0x01, 0x89, 0x04, 0xCD, 0x01, 0x89, 0x04, 0xCD, 0x00, 0x00, 0x04, 0xCD, 0x00, 0x00,
    0x04, 0xCD, 0x00, 0x00, 0x04, 0xCD, 0x02, 0x1D, 0x04, 0xCD, 0x01, 0x89, 0x04, 0xCD, 0x01, 0x89,
    0x04, 0xCD, 0x00, 0x00, 0x04, 0xCD, 0x00, 0x00, 0x04, 0xCD, 0x00, 0x00, 0x04, 0xCD, 0x00, 0x00,
    0x04, 0xCD, 0x00, 0x00, 0x04, 0xCD, 0x00, 0x00, 0x04, 0xCD, 0x00, 0x00, 0x04, 0xCD, 0x00, 0x00,
    0x04, 0xCD, 0x00, 0x00, 0x04, 0xCD, 0x00, 0x00, 0x04, 0xCD, 0x00, 0x00, 0x04, 0xCD, 0x00, 0x00,
    0x04, 0xCD, 0x00, 0x00, 0x04, 0xCD, 0x00, 0x00, 0x04, 0xCD, 0x00, 0x00, 0x04, 0xCD, 0x00, 0x00,
    0x04, 0xCD, 0x02, 0x66, 0x04, 0xCD, 0x00, 0x00, 0x04, 0xCD, 0x00, 0x00, 0x04, 0xCD, 0x00, 0x00,
    0x04, 0xD5, 0x00, 0x64, 0x04, 0xD5, 0x00, 0x64, 0x02, 0xD6, 0x00, 0x64, 0x02, 0xD6, 0x00, 0x64,
    0x08, 0x00, 0x00, 0x00, 0x07, 0xEB, 0x00, 0xFA, 0x07, 0xEB, 0x00, 0xFA, 0x07, 0xEB, 0x00, 0xFA,
    0x07, 0xEB, 0x00, 0xFA, 0x03, 0xF4, 0x00, 0x20, 0x04, 0xD5, 0x00, 0xAE, 0x04, 0xD5, 0x00, 0xAE,
    0x04, 0xCD, 0x00, 0x00, 0x04, 0xCD, 0x00, 0x00, 0x02, 0xD6, 0x00, 0x42, 0x08, 0x2B, 0x01, 0x0C,
    0x08, 0x6B, 0x01, 0x2D, 0x07, 0x55, 0x00, 0xAD, 0x06, 0x00, 0x00, 0x66, 0x06, 0x00, 0x00, 0x2B,
    0x04, 0x40, 0x00, 0x32, 0x05, 0x40, 0x00, 0x32, 0x04, 0xC0, 0x00, 0x4A, 0x04, 0x15, 0x00, 0x28,
    0x04, 0x00, 0x00, 0x31, 0x05, 0xFE, 0x00, 0x64, 0x08, 0x00, 0x00, 0xFD, 0x04, 0x84, 0x00, 0x29,
    0x04, 0xA9, 0x00, 0x29, 0x08, 0x00, 0x00, 0x00, 0x04, 0x73, 0x00, 0x50, 0x00, 0x50, 0x00, 0x00,
    0x00, 0x00, 0x00, 0x00, 0x00, 0x00, 0x00, 0x54, 0x00, 0x00, 0x00, 0x54, 0x00, 0x00, 0x00, 0x54,
    0x00, 0x00, 0x00, 0x54, 0x00, 0x00, 0x00, 0xD0, 0x00, 0x00, 0x01, 0x20, 0x00, 0x00, 0x02, 0x38,
    0x00, 0x00, 0x03, 0x78, 0x00, 0x00, 0x05, 0x00, 0x00, 0x00, 0x06, 0x14, 0x00, 0x00, 0x06, 0x4C,
    0x00, 0x00, 0x06, 0xA0, 0x00, 0x00, 0x06, 0xF0, 0x00, 0x00, 0x07, 0xDC, 0x00, 0x00, 0x08, 0x34,
    0x00, 0x00, 0x08, 0x98, 0x00, 0x00, 0x08, 0xD0, 0x00, 0x00, 0x09, 0x1C, 0x00, 0x00, 0x09, 0x68,
    0x00, 0x00, 0x0A, 0x30, 0x00, 0x00, 0x0A, 0x98, 0x00, 0x00, 0x0B, 0x54, 0x00, 0x00, 0x0C, 0x2C,
    0x00, 0x00, 0x0C, 0xBC, 0x00, 0x00, 0x0D, 0x78, 0x00, 0x00, 0x0E, 0x5C, 0x00, 0x00, 0x0E, 0xD4,
    0x00, 0x00, 0x0F, 0xE0, 0x00, 0x00, 0x10, 0xC4, 0x00, 0x00, 0x11, 0x40, 0x00, 0x00, 0x11, 0xF8,
    0x00, 0x00, 0x12, 0x28, 0x00, 0x00, 0x12, 0x80, 0x00, 0x00, 0x12, 0xB0, 0x00, 0x00, 0x13, 0x8C,
    0x00, 0x00, 0x15, 0x40, 0x00, 0x00, 0x15, 0xC8, 0x00, 0x00, 0x16, 0xAC, 0x00, 0x00, 0x17, 0x5C,
    0x00, 0x00, 0x17, 0xF8, 0x00, 0x00, 0x18, 0x7C, 0x00, 0x00, 0x18, 0xF0, 0x00, 0x00, 0x19, 0xD8,
    0x00, 0x00, 0x1A, 0x54, 0x00, 0x00, 0x1A, 0xC8, 0x00, 0x00, 0x1B, 0x50, 0x00, 0x00, 0x1B, 0xC4,
    0x00, 0x00, 0x1C, 0x20, 0x00, 0x00, 0x1C, 0xAC, 0x00, 0x00, 0x1D, 0x18, 0x00, 0x00, 0x1D, 0xD4,
    0x00, 0x00, 0x1E, 0x70, 0x00, 0x00, 0x1F, 0x4C, 0x00, 0x00, 0x1F, 0xF0, 0x00, 0x00, 0x20, 0xD4,
    0x00, 0x00, 0x21, 0x34, 0x00, 0x00, 0x21, 0xC8, 0x00, 0x00, 0x22, 0x2C, 0x00, 0x00, 0x22, 0xB0,
    0x00, 0x00, 0x23, 0x34, 0x00, 0x00, 0x23, 0xA0, 0x00, 0x00, 0x24, 0x18, 0x00, 0x00, 0x24, 0x60,
    0x00, 0x00, 0x24, 0xA4, 0x00, 0x00, 0x24, 0xEC, 0x00, 0x00, 0x25, 0x30, 0x00, 0x00, 0x25, 0x70,
    0x00, 0x00, 0x25, 0xA8, 0x00, 0x00, 0x26, 0xBC, 0x00, 0x00, 0x27, 0x98, 0x00, 0x00, 0x28, 0x18,
    0x00, 0x00, 0x28, 0xFC, 0x00, 0x00, 0x29, 0x9C, 0x00, 0x00, 0x2A, 0x40, 0x00, 0x00, 0x2B, 0x60,
    0x00, 0x00, 0x2B, 0xF0, 0x00, 0x00, 0x2C, 0x80, 0x00, 0x00, 0x2D, 0x1C, 0x00, 0x00, 0x2D, 0xAC,
    0x00, 0x00, 0x2D, 0xFC, 0x00, 0x00, 0x2E, 0xEC, 0x00, 0x00, 0x2F, 0x98, 0x00, 0x00, 0x30, 0x2C,
    0x00, 0x00, 0x30, 0xE4, 0x00, 0x00, 0x31, 0xA4, 0x00, 0x00, 0x32, 0x44, 0x00, 0x00, 0x32, 0xE4,
    0x00, 0x00, 0x33, 0x64, 0x00, 0x00, 0x34, 0x10, 0x00, 0x00, 0x34, 0x74, 0x00, 0x00, 0x34, 0xF4,
    0x00, 0x00, 0x35, 0x74, 0x00, 0x00, 0x35, 0xBC, 0x00, 0x00, 0x36, 0x38, 0x00, 0x00, 0x37, 0x04,
    0x00, 0x00, 0x37, 0x38, 0x00, 0x00, 0x38, 0x00, 0x00, 0x00, 0x38, 0xC8, 0x00, 0x00, 0x38, 0xC8,
    0x00, 0x00, 0x39, 0x24, 0x00, 0x00, 0x39, 0xF8, 0x00, 0x00, 0x3A, 0xB8, 0x00, 0x00, 0x3B, 0xB0,
    0x00, 0x00, 0x3C, 0x74, 0x00, 0x00, 0x3C, 0xC8, 0x00, 0x00, 0x3D, 0xE0, 0x00, 0x00, 0x3E, 0x34,
    0x00, 0x00, 0x3F, 0x58, 0x00, 0x00, 0x40, 0x0C, 0x00, 0x00, 0x40, 0x5C, 0x00, 0x00, 0x40, 0xA0,
    0x00, 0x00, 0x40, 0xD8, 0x00, 0x00, 0x41, 0xE8, 0x00, 0x00, 0x42, 0x28, 0x00, 0x00, 0x42, 0xC8,
    0x00, 0x00, 0x43, 0x6C, 0x00, 0x00, 0x44, 0x0C, 0x00, 0x00, 0x44, 0xB8, 0x00, 0x00, 0x44, 0xF4,
    0x00, 0x00, 0x45, 0xC0, 0x00, 0x00, 0x46, 0x48, 0x00, 0x00, 0x46, 0x7C, 0x00, 0x00, 0x47, 0x30,
    0x00, 0x00, 0x47, 0x7C, 0x00, 0x00, 0x47, 0xFC, 0x00, 0x00, 0x48, 0x4C, 0x00, 0x00, 0x49, 0x1C,
    0x00, 0x00, 0x4A, 0x0C, 0x00, 0x00, 0x4B, 0x2C, 0x00, 0x00, 0x4B, 0xDC, 0x00, 0x00, 0x4C, 0x88,
    0x00, 0x00, 0x4D, 0x3C, 0x00, 0x00, 0x4E, 0x04, 0x00, 0x00, 0x4F, 0x0C, 0x00, 0x00, 0x4F, 0xD4,
    0x00, 0x00, 0x50, 0xDC, 0x00, 0x00, 0x51, 0x9C, 0x00, 0x00, 0x53, 0x30, 0x00, 0x00, 0x53, 0xDC,
    0x00, 0x00, 0x54, 0x90, 0x00, 0x00, 0x55, 0x58, 0x00, 0x00, 0x56, 0x1C, 0x00, 0x00, 0x56, 0xB8,
    0x00, 0x00, 0x57, 0x64, 0x00, 0x00, 0x58, 0x20, 0x00, 0x00, 0x58, 0xD8, 0x00, 0x00, 0x59, 0xA8,
    0x00, 0x00, 0x5A, 0x94, 0x00, 0x00, 0x5B, 0x78, 0x00, 0x00, 0x5C, 0x64, 0x00, 0x00, 0x5D, 0x64,
    0x00, 0x00, 0x5E, 0xA8, 0x00, 0x00, 0x5F, 0xA4, 0x00, 0x00, 0x5F, 0xEC, 0x00, 0x00, 0x60, 0xD0,
    0x00, 0x00, 0x61, 0x8C, 0x00, 0x00, 0x62, 0x50, 0x00, 0x00, 0x63, 0x34, 0x00, 0x00, 0x64, 0x0C,
    0x00, 0x00, 0x64, 0xA8, 0x00, 0x00, 0x65, 0x50, 0x00, 0x00, 0x66, 0x80, 0x00, 0x00, 0x67, 0xFC,
    0x00, 0x00, 0x69, 0x80, 0x00, 0x00, 0x6B, 0x28, 0x00, 0x00, 0x6D, 0x04, 0x00, 0x00, 0x6E, 0x98,
    0x00, 0x00, 0x70, 0x48, 0x00, 0x00, 0x71, 0x9C, 0x00, 0x00, 0x72, 0xB8, 0x00, 0x00, 0x73, 0xAC,
    0x00, 0x00, 0x74, 0xA8, 0x00, 0x00, 0x75, 0xC0, 0x00, 0x00, 0x76, 0xCC, 0x00, 0x00, 0x77, 0x60,
    0x00, 0x00, 0x77, 0xFC, 0x00, 0x00, 0x78, 0xAC, 0x00, 0x00, 0x79, 0x38, 0x00, 0x00, 0x7A, 0x1C,
    0x00, 0x00, 0x7B, 0x9C, 0x00, 0x00, 0x7C, 0x7C, 0x00, 0x00, 0x7D, 0x64, 0x00, 0x00, 0x7E, 0x6C,
    0x00, 0x00, 0x7F, 0xA0, 0x00, 0x00, 0x80, 0x94, 0x00, 0x00, 0x81, 0x2C, 0x00, 0x00, 0x81, 0xF0,
    0x00, 0x00, 0x82, 0xFC, 0x00, 0x00, 0x84, 0x14, 0x00, 0x00, 0x85, 0x40, 0x00, 0x00, 0x86, 0x3C,
    0x00, 0x00, 0x86, 0xCC, 0x00, 0x00, 0x87, 0x60, 0x00, 0x00, 0x88, 0x00, 0x00, 0x00, 0x88, 0xB0,
    0x00, 0x00, 0x8A, 0x28, 0x00, 0x00, 0x8B, 0x04, 0x00, 0x00, 0x8C, 0xF4, 0x00, 0x00, 0x8D, 0xDC,
    0x00, 0x00, 0x8F, 0x88, 0x00, 0x00, 0x90, 0x68, 0x00, 0x00, 0x91, 0x3C, 0x00, 0x00, 0x92, 0x38,
    0x00, 0x00, 0x93, 0x28, 0x00, 0x00, 0x94, 0x00, 0x00, 0x00, 0x94, 0xCC, 0x00, 0x00, 0x95, 0xC8,
    0x00, 0x00, 0x96, 0xAC, 0x00, 0x00, 0x97, 0x98, 0x00, 0x00, 0x98, 0xB0, 0x00, 0x00, 0x99, 0x80,
    0x00, 0x00, 0x9A, 0x98, 0x00, 0x00, 0x9B, 0x44, 0x00, 0x00, 0x9C, 0x38, 0x00, 0x00, 0x9D, 0x10,
    0x00, 0x00, 0x9E, 0x68, 0x00, 0x00, 0x9F, 0x14, 0x00, 0x00, 0xA0, 0x08, 0x00, 0x00, 0xA1, 0x00,
    0x00, 0x00, 0xA2, 0x08, 0x00, 0x00, 0xA2, 0xD0, 0x00, 0x00, 0xA3, 0xDC, 0x00, 0x00, 0xA5, 0x10,
    0x00, 0x00, 0xA6, 0xC4, 0x00, 0x00, 0xA8, 0x00, 0x00, 0x00, 0xA9, 0xFC, 0x00, 0x00, 0xAB, 0x08,
    0x00, 0x00, 0xAC, 0x90, 0x00, 0x00, 0xAD, 0xDC, 0x00, 0x00, 0xAF, 0x38, 0x00, 0x00, 0xAF, 0xF4,
    0x00, 0x00, 0xB0, 0xC4, 0x00, 0x00, 0xB1, 0x80, 0x00, 0x00, 0xB2, 0x38, 0x00, 0x00, 0xB3, 0x24,
    0x00, 0x00, 0xB4, 0x20, 0x00, 0x00, 0xB4, 0xC4, 0x00, 0x00, 0xB5, 0x54, 0x00, 0x00, 0xB6, 0x20,
    0x00, 0x00, 0xB7, 0x08, 0x00, 0x00, 0xB7, 0xE8, 0x00, 0x00, 0xB8, 0xE0, 0x00, 0x00, 0xB9, 0x84,
    0x00, 0x00, 0xB9, 0xCC, 0x00, 0x00, 0xBA, 0x9C, 0x00, 0x00, 0xBC, 0x00, 0x00, 0x00, 0xBC, 0xD4,
    0x00, 0x00, 0xBD, 0x88, 0x00, 0x00, 0xBE, 0x68, 0x00, 0x00, 0xBF, 0x5C, 0x00, 0x00, 0xBF, 0xE4,
    0x00, 0x00, 0xC0, 0x70, 0x00, 0x00, 0xC0, 0xE4, 0x00, 0x00, 0xC1, 0xA8, 0x00, 0x00, 0xC2, 0x44,
    0x00, 0x00, 0xC2, 0xD0, 0x00, 0x00, 0xC3, 0x48, 0x00, 0x00, 0xC3, 0xC8, 0x00, 0x00, 0xC4, 0x38,
    0x00, 0x00, 0xC4, 0xB8, 0x00, 0x00, 0xC5, 0x38, 0x00, 0x00, 0xC5, 0xD4, 0x00, 0x00, 0xC6, 0xE8,
    0x00, 0x00, 0xC7, 0xC0, 0x00, 0x00, 0xC8, 0xE4, 0x00, 0x00, 0xC9, 0x90, 0x00, 0x00, 0xCA, 0xBC,
    0x00, 0x00, 0xCB, 0xC8, 0x00, 0x00, 0xCC, 0x78, 0x00, 0x00, 0xCD, 0x64, 0x00, 0x00, 0xCE, 0x48,
    0x00, 0x00, 0xCF, 0x28, 0x00, 0x00, 0xD0, 0x38, 0x00, 0x00, 0xD1, 0x74, 0x00, 0x00, 0xD2, 0x78,
    0x00, 0x00, 0xD3, 0x78, 0x00, 0x00, 0xD4, 0x94, 0x00, 0x00, 0xD5, 0x7C, 0x00, 0x00, 0xD6, 0x50,
    0x00, 0x00, 0xD7, 0x58, 0x00, 0x00, 0xD8, 0x60, 0x00, 0x00, 0xD9, 0x74, 0x00, 0x00, 0xDA, 0x68,
    0x00, 0x00, 0xDB, 0x84, 0x00, 0x00, 0xDC, 0xA0, 0x00, 0x00, 0xDD, 0x94, 0x00, 0x00, 0xDE, 0xCC,
    0x00, 0x00, 0xDF, 0xDC, 0x00, 0x00, 0xE1, 0xAC, 0x00, 0x00, 0xE2, 0xAC, 0x00, 0x00, 0xE3, 0xD8,
    0x00, 0x00, 0xE4, 0xDC, 0x00, 0x00, 0xE5, 0xB0, 0x00, 0x00, 0xE6, 0x90, 0x00, 0x00, 0xE7, 0x34,
    0x00, 0x00, 0xE7, 0xDC, 0x00, 0x00, 0xE8, 0x6C, 0x00, 0x00, 0xE9, 0x08, 0x00, 0x00, 0xEA, 0x1C,
    0x00, 0x00, 0xEB, 0x94, 0x00, 0x00, 0xEC, 0x54, 0x00, 0x00, 0xED, 0x34, 0x00, 0x00, 0xEE, 0x20,
    0x00, 0x00, 0xEF, 0x90, 0x00, 0x00, 0xF0, 0xC4, 0x00, 0x00, 0xF2, 0x0C, 0x00, 0x00, 0xF2, 0xEC,
    0x00, 0x00, 0xF4, 0x1C, 0x00, 0x00, 0xF5, 0x14, 0x00, 0x00, 0xF6, 0x4C, 0x00, 0x00, 0xF7, 0x10,
    0x00, 0x00, 0xF7, 0xF4, 0x00, 0x00, 0xF8, 0xA4, 0x00, 0x00, 0xF9, 0x48, 0x00, 0x00, 0xF9, 0xF8,
    0x00, 0x00, 0xFA, 0xA0, 0x00, 0x00, 0xFB, 0x78, 0x00, 0x00, 0xFC, 0x18, 0x00, 0x00, 0xFC, 0xE4,
    0x00, 0x00, 0xFD, 0xA0, 0x00, 0x00, 0xFE, 0x8C, 0x00, 0x00, 0xFF, 0x24, 0x00, 0x00, 0xFF, 0xD4,
    0x00, 0x01, 0x00, 0x9C, 0x00, 0x01, 0x02, 0x38, 0x00, 0x01, 0x02, 0xF0, 0x00, 0x01, 0x03, 0xA0,
    0x00, 0x01, 0x04, 0xA0, 0x00, 0x01, 0x05, 0x9C, 0x00, 0x01, 0x06, 0x74, 0x00, 0x01, 0x07, 0xA0,
    0x00, 0x01, 0x08, 0xA0, 0x00, 0x01, 0x09, 0xCC, 0x00, 0x01, 0x0A, 0xD4, 0x00, 0x01, 0x0C, 0x08,
    0x00, 0x01, 0x0D, 0x24, 0x00, 0x01, 0x0E, 0x6C, 0x00, 0x01, 0x0F, 0x6C, 0x00, 0x01, 0x10, 0x98,
    0x00, 0x01, 0x11, 0xAC, 0x00, 0x01, 0x13, 0x74, 0x00, 0x01, 0x14, 0x60, 0x00, 0x01, 0x16, 0x1C,
    0x00, 0x01, 0x17, 0x30, 0x00, 0x01, 0x18, 0x48, 0x00, 0x01, 0x19, 0x98, 0x00, 0x01, 0x1A, 0x88,
    0x00, 0x01, 0x1B, 0x50, 0x00, 0x01, 0x1C, 0x20, 0x00, 0x01, 0x1C, 0x70, 0x00, 0x01, 0x1C, 0xC0,
    0x00, 0x01, 0x1D, 0x00, 0x00, 0x01, 0x1D, 0x5C, 0x00, 0x01, 0x1D, 0x9C, 0x00, 0x01, 0x1E, 0x3C,
    0x00, 0x01, 0x1E, 0xBC, 0x00, 0x01, 0x1F, 0x48, 0x00, 0x01, 0x1F, 0xA8, 0x00, 0x01, 0x20, 0x60,
    0x00, 0x01, 0x20, 0x9C, 0x00, 0x01, 0x21, 0x18, 0x00, 0x01, 0x21, 0xFC, 0x00, 0x01, 0x22, 0x30,
    0x00, 0x01, 0x23, 0x20, 0x00, 0x01, 0x24, 0x00, 0x00, 0x01, 0x24, 0xD8, 0x00, 0x01, 0x25, 0xF8,
    0x00, 0x01, 0x26, 0xF0, 0x00, 0x01, 0x28, 0x18, 0x00, 0x01, 0x29, 0x14, 0x00, 0x01, 0x29, 0x9C,
    0x00, 0x01, 0x2A, 0x80, 0x00, 0x01, 0x2A, 0xDC, 0x00, 0x01, 0x2B, 0x5C, 0x00, 0x01, 0x2B, 0xE0,
    0x00, 0x01, 0x2C, 0x58, 0x00, 0x01, 0x2C, 0xD4, 0x00, 0x01, 0x2D, 0xB8, 0x00, 0x01, 0x2E, 0x2C,
    0x00, 0x01, 0x2E, 0xA0, 0x00, 0x01, 0x2E, 0xF8, 0x00, 0x01, 0x2F, 0x84, 0x00, 0x01, 0x2F, 0xF0,
    0x00, 0x01, 0x30, 0x8C, 0x00, 0x01, 0x31, 0x48, 0x00, 0x01, 0x31, 0xAC, 0x00, 0x01, 0x32, 0x48,
    0x00, 0x01, 0x32, 0xD4, 0x00, 0x01, 0x33, 0x34, 0x00, 0x01, 0x33, 0xD4, 0x00, 0x01, 0x34, 0xB0,
    0x00, 0x01, 0x35, 0x34, 0x00, 0x01, 0x36, 0x48, 0x00, 0x01, 0x37, 0x0C, 0x00, 0x01, 0x37, 0xC4,
    0x00, 0x01, 0x38, 0xA8, 0x00, 0x01, 0x3A, 0x5C, 0x00, 0x01, 0x3B, 0x30, 0x00, 0x01, 0x3C, 0x28,
    0x00, 0x01, 0x3C, 0xB0, 0x00, 0x01, 0x3D, 0xB8, 0x00, 0x01, 0x3F, 0x1C, 0x00, 0x01, 0x3F, 0xFC,
    0x00, 0x01, 0x40, 0x84, 0x00, 0x01, 0x41, 0x64, 0x00, 0x01, 0x42, 0x0C, 0x00, 0x01, 0x43, 0x38,
    0x00, 0x01, 0x43, 0xF8, 0x00, 0x01, 0x44, 0xBC, 0x00, 0x01, 0x45, 0x20, 0x00, 0x01, 0x45, 0xBC,
    0x00, 0x01, 0x46, 0x80, 0x00, 0x01, 0x47, 0x54, 0x00, 0x01, 0x47, 0xF0, 0x00, 0x01, 0x49, 0x64,
    0x00, 0x01, 0x49, 0xF8, 0x00, 0x01, 0x4A, 0x8C, 0x00, 0x01, 0x4B, 0x5C, 0x00, 0x01, 0x4C, 0x58,
    0x00, 0x01, 0x4D, 0x2C, 0x00, 0x01, 0x4D, 0xB0, 0x00, 0x01, 0x4E, 0x24, 0x00, 0x01, 0x4F, 0x20,
    0x00, 0x01, 0x4F, 0xB4, 0x00, 0x01, 0x50, 0x7C, 0x00, 0x01, 0x51, 0x6C, 0x00, 0x01, 0x52, 0x30,
    0x00, 0x01, 0x53, 0x00, 0x00, 0x01, 0x53, 0xB8, 0x00, 0x01, 0x54, 0x50, 0x00, 0x01, 0x55, 0x6C,
    0x00, 0x01, 0x56, 0x18, 0x00, 0x01, 0x56, 0xDC, 0x00, 0x01, 0x57, 0xDC, 0x00, 0x01, 0x58, 0x5C,
    0x00, 0x01, 0x59, 0x30, 0x00, 0x01, 0x5A, 0x14, 0x00, 0x01, 0x5A, 0x88, 0x00, 0x01, 0x5B, 0x40,
    0x00, 0x01, 0x5B, 0xC8, 0x00, 0x01, 0x5D, 0x08, 0x00, 0x01, 0x5D, 0xD4, 0x00, 0x01, 0x5E, 0x8C,
    0x00, 0x01, 0x5F, 0xB0, 0x00, 0x01, 0x60, 0x58, 0x00, 0x01, 0x61, 0x7C, 0x00, 0x01, 0x61, 0xF8,
    0x00, 0x01, 0x62, 0x80, 0x00, 0x01, 0x63, 0x34, 0x00, 0x01, 0x64, 0x18, 0x00, 0x01, 0x64, 0x68,
    0x00, 0x01, 0x65, 0x38, 0x00, 0x01, 0x65, 0xBC, 0x00, 0x01, 0x67, 0x44, 0x00, 0x01, 0x68, 0x24,
    0x00, 0x01, 0x68, 0xA4, 0x00, 0x01, 0x69, 0xAC, 0x00, 0x01, 0x6A, 0x9C, 0x00, 0x01, 0x6B, 0x40,
    0x00, 0x01, 0x6B, 0xCC, 0x00, 0x01, 0x6C, 0x48, 0x00, 0x01, 0x6D, 0x04, 0x00, 0x01, 0x6D, 0x60,
    0x00, 0x01, 0x6D, 0xFC, 0x00, 0x01, 0x6E, 0xAC, 0x00, 0x01, 0x6F, 0x0C, 0x00, 0x01, 0x6F, 0x94,
    0x00, 0x01, 0x70, 0x84, 0x00, 0x01, 0x71, 0x08, 0x00, 0x01, 0x71, 0x90, 0x00, 0x01, 0x72, 0x24,
    0x00, 0x01, 0x72, 0x94, 0x00, 0x01, 0x73, 0x30, 0x00, 0x01, 0x73, 0xF4, 0x00, 0x01, 0x74, 0xC8,
    0x00, 0x01, 0x75, 0x7C, 0x00, 0x01, 0x76, 0x3C, 0x00, 0x01, 0x77, 0x40, 0x00, 0x01, 0x78, 0x0C,
    0x00, 0x01, 0x79, 0x20, 0x00, 0x01, 0x79, 0xE8, 0x00, 0x01, 0x7A, 0xB0, 0x00, 0x01, 0x7B, 0x0C,
    0x00, 0x01, 0x7B, 0xF0, 0x00, 0x01, 0x7C, 0x90, 0x00, 0x01, 0x7D, 0xE0, 0x00, 0x01, 0x7E, 0x84,
    0x00, 0x01, 0x7E, 0xF0, 0x00, 0x01, 0x7F, 0xDC, 0x00, 0x01, 0x80, 0xC4, 0x00, 0x01, 0x81, 0x54,
    0x00, 0x01, 0x81, 0xFC, 0x00, 0x01, 0x82, 0x74, 0x00, 0x01, 0x83, 0x08, 0x00, 0x01, 0x83, 0x6C,
    0x00, 0x01, 0x84, 0x24, 0x00, 0x01, 0x84, 0xA4, 0x00, 0x01, 0x85, 0x08, 0x00, 0x01, 0x85, 0x88,
    0x00, 0x01, 0x86, 0xCC, 0x00, 0x01, 0x87, 0x4C, 0x00, 0x01, 0x87, 0xEC, 0x00, 0x01, 0x88, 0x80,
    0x00, 0x01, 0x88, 0xF4, 0x00, 0x01, 0x89, 0xA8, 0x00, 0x01, 0x8A, 0x58, 0x00, 0x01, 0x8B, 0x0C,
    0x00, 0x01, 0x8B, 0xAC, 0x00, 0x01, 0x8C, 0x4C, 0x00, 0x01, 0x8D, 0x8C, 0x00, 0x01, 0x8E, 0x50,
    0x00, 0x01, 0x8F, 0x0C, 0x00, 0x01, 0x90, 0x18, 0x00, 0x01, 0x91, 0x04, 0x00, 0x01, 0x91, 0x8C,
    0x00, 0x01, 0x92, 0x2C, 0x00, 0x01, 0x92, 0xCC, 0x00, 0x01, 0x93, 0x5C, 0x00, 0x01, 0x93, 0xE8,
    0x00, 0x01, 0x94, 0x84, 0x00, 0x01, 0x95, 0x74, 0x00, 0x01, 0x96, 0x34, 0x00, 0x01, 0x96, 0xE4,
    0x00, 0x01, 0x97, 0xF8, 0x00, 0x01, 0x98, 0x8C, 0x00, 0x01, 0x99, 0x54, 0x00, 0x01, 0x99, 0xF0,
    0x00, 0x01, 0x9A, 0x58, 0x00, 0x01, 0x9A, 0xE4, 0x00, 0x01, 0x9B, 0x90, 0x00, 0x01, 0x9C, 0x60,
    0x00, 0x01, 0x9D, 0x14, 0x00, 0x01, 0x9D, 0xEC, 0x00, 0x01, 0x9E, 0xB0, 0x00, 0x01, 0x9F, 0x6C,
    0x00, 0x01, 0xA0, 0x00, 0x00, 0x01, 0xA0, 0x88, 0x00, 0x01, 0xA0, 0xC0, 0x00, 0x01, 0xA0, 0xF8,
    0x00, 0x01, 0xA1, 0x30, 0x00, 0x01, 0xA1, 0x8C, 0x00, 0x01, 0xA1, 0xD4, 0x00, 0x01, 0xA2, 0x20,
    0x00, 0x01, 0xA2, 0x6C, 0x00, 0x01, 0xA2, 0xB8, 0x00, 0x01, 0xA3, 0x28, 0x00, 0x01, 0xA3, 0x90,
    0x00, 0x01, 0xA4, 0x10, 0x00, 0x01, 0xA4, 0x98, 0x00, 0x01, 0xA5, 0x40, 0x00, 0x01, 0xA5, 0x98,
    0x00, 0x01, 0xA6, 0x1C, 0x00, 0x01, 0xA8, 0x18, 0x00, 0x01, 0xA8, 0x50, 0x00, 0x01, 0xA8, 0xA0,
    0x00, 0x01, 0xA8, 0xD0, 0x00, 0x01, 0xA9, 0x00, 0x00, 0x01, 0xA9, 0xB8, 0x00, 0x01, 0xA9, 0xF8,
    0x00, 0x01, 0xAA, 0x44, 0x00, 0x01, 0xAA, 0xE4, 0x00, 0x01, 0xAB, 0x50, 0x00, 0x01, 0xAB, 0xE8,
    0x00, 0x01, 0xAC, 0x9C, 0x00, 0x01, 0xAC, 0xF8, 0x00, 0x01, 0xAD, 0xE4, 0x00, 0x01, 0xAE, 0x9C,
    0x00, 0x01, 0xAE, 0xF8, 0x00, 0x01, 0xAF, 0x30, 0x00, 0x01, 0xAF, 0x88, 0x00, 0x01, 0xAF, 0xD8,
    0x00, 0x01, 0xB0, 0x24, 0x00, 0x01, 0xB0, 0xAC, 0x00, 0x01, 0xB1, 0x4C, 0x00, 0x01, 0xB1, 0x98,
    0x00, 0x01, 0xB2, 0x38, 0x00, 0x01, 0xB2, 0xE4, 0x00, 0x01, 0xB3, 0x50, 0x00, 0x01, 0xB3, 0xE8,
    0x00, 0x01, 0xB4, 0x9C, 0x00, 0x01, 0xB4, 0xF8, 0x00, 0x01, 0xB5, 0xE4, 0x00, 0x01, 0xB6, 0x98,
    0x00, 0x01, 0xB6, 0xEC, 0x00, 0x01, 0xB7, 0x24, 0x00, 0x01, 0xB7, 0x7C, 0x00, 0x01, 0xB7, 0xCC,
    0x00, 0x01, 0xB8, 0x18, 0x00, 0x01, 0xB8, 0xA4, 0x00, 0x01, 0xB9, 0xC0, 0x00, 0x01, 0xBA, 0xAC,
    0x00, 0x01, 0xBD, 0x48, 0x00, 0x01, 0xBE, 0x5C, 0x00, 0x01, 0xBF, 0x60, 0x00, 0x01, 0xC0, 0x4C,
    0x00, 0x01, 0xC1, 0x34, 0x00, 0x01, 0xC1, 0xD0, 0x00, 0x01, 0xC2, 0x70, 0x00, 0x01, 0xC3, 0x5C,
    0x00, 0x01, 0xC4, 0xB8, 0x00, 0x01, 0xC6, 0x9C, 0x00, 0x01, 0xC9, 0x00, 0x00, 0x01, 0xCA, 0xBC,
    0x00, 0x01, 0xCB, 0x04, 0x00, 0x01, 0xCB, 0x40, 0x00, 0x01, 0xCB, 0x90, 0x00, 0x01, 0xCB, 0xD0,
    0x00, 0x01, 0xCC, 0x30, 0x00, 0x01, 0xCC, 0x70, 0x00, 0x01, 0xCC, 0xDC, 0x00, 0x01, 0xCD, 0xA0,
    0x00, 0x01, 0xCE, 0x00, 0x00, 0x01, 0xCE, 0x5C, 0x00, 0x01, 0xCE, 0xCC, 0x00, 0x01, 0xCF, 0x04,
    0x00, 0x01, 0xCF, 0x3C, 0x00, 0x01, 0xCF, 0x8C, 0x00, 0x01, 0xCF, 0xD8, 0x00, 0x01, 0xD0, 0xE8,
    0x00, 0x01, 0xD1, 0x2C, 0x00, 0x01, 0xD1, 0xA0, 0x00, 0x01, 0xD2, 0x14, 0x00, 0x01, 0xD3, 0x48,
    0x00, 0x01, 0xD4, 0x2C, 0x00, 0x01, 0xD4, 0xF4, 0x00, 0x01, 0xD5, 0x68, 0x00, 0x01, 0xD5, 0xC4,
    0x00, 0x01, 0xD6, 0x20, 0x00, 0x01, 0xD6, 0x80, 0x00, 0x01, 0xD6, 0xC0, 0x00, 0x01, 0xD7, 0x58,
    0x00, 0x01, 0xD7, 0xF0, 0x00, 0x01, 0xD8, 0x28, 0x00, 0x01, 0xD8, 0x54, 0x00, 0x01, 0xD8, 0x94,
    0x00, 0x01, 0xD8, 0xD8, 0x00, 0x01, 0xD9, 0x18, 0x00, 0x01, 0xD9, 0x5C, 0x00, 0x01, 0xD9, 0xA8,
    0x00, 0x01, 0xD9, 0xF8, 0x00, 0x01, 0xDA, 0x44, 0x00, 0x01, 0xDA, 0x90, 0x00, 0x01, 0xDA, 0xF0,
    0x00, 0x01, 0xDB, 0x48, 0x00, 0x01, 0xDB, 0x94, 0x00, 0x01, 0xDB, 0xF0, 0x00, 0x01, 0xDC, 0x44,
    0x00, 0x01, 0xDC, 0xAC, 0x00, 0x01, 0xDD, 0x04, 0x00, 0x01, 0xDD, 0x58, 0x00, 0x01, 0xDD, 0xC4,
    0x00, 0x01, 0xDE, 0x18, 0x00, 0x01, 0xDE, 0x68, 0x00, 0x01, 0xDE, 0xC8, 0x00, 0x01, 0xDF, 0x20,
    0x00, 0x01, 0xDF, 0x70, 0x00, 0x01, 0xDF, 0xDC, 0x00, 0x01, 0xE0, 0x3C, 0x00, 0x01, 0xE0, 0xA8,
    0x00, 0x01, 0xE1, 0x1C, 0x00, 0x01, 0xE1, 0x80, 0x00, 0x01, 0xE1, 0xE8, 0x00, 0x01, 0xE2, 0x6C,
    0x00, 0x01, 0xE2, 0xD8, 0x00, 0x01, 0xE3, 0x30, 0x00, 0x01, 0xE3, 0xB0, 0x00, 0x01, 0xE4, 0x18,
    0x00, 0x01, 0xE4, 0x74, 0x00, 0x01, 0xE4, 0xF4, 0x00, 0x01, 0xE5, 0x74, 0x00, 0x01, 0xE5, 0xF4,
    0x00, 0x01, 0xE6, 0x9C, 0x00, 0x01, 0xE6, 0xD0, 0x00, 0x01, 0xE6, 0xFC, 0x00, 0x01, 0xE7, 0x28,
    0x00, 0x01, 0xE7, 0x54, 0x00, 0x01, 0xE7, 0x84, 0x00, 0x01, 0xE9, 0x64, 0x00, 0x01, 0xEB, 0x1C,
    0x00, 0x01, 0xEC, 0x18, 0x00, 0x01, 0xEC, 0x48, 0x00, 0x01, 0xEC, 0x9C, 0x00, 0x01, 0xEC, 0xD8,
    0x00, 0x01, 0xED, 0x2C, 0x00, 0x01, 0xED, 0x64, 0x00, 0x01, 0xED, 0x94, 0x00, 0x01, 0xED, 0xB8,
    0x00, 0x01, 0xED, 0xEC, 0x00, 0x01, 0xEE, 0x10, 0x00, 0x01, 0xEE, 0x4C, 0x00, 0x01, 0xEE, 0xE0,
    0x00, 0x01, 0xEF, 0x2C, 0x00, 0x01, 0xEF, 0x98, 0x00, 0x01, 0xF0, 0x34, 0x00, 0x01, 0xF0, 0xCC,
    0x00, 0x01, 0xF2, 0x2C, 0x00, 0x01, 0xF3, 0x48, 0x00, 0x01, 0xF4, 0x50, 0x00, 0x01, 0xF5, 0x28,
    0x00, 0x01, 0xF5, 0xC8, 0x00, 0x01, 0xF6, 0x48, 0x00, 0x01, 0xF6, 0xF0, 0x00, 0x01, 0xF7, 0x5C,
    0x00, 0x01, 0xF7, 0x98, 0x00, 0x01, 0xF8, 0x30, 0x00, 0x01, 0xF8, 0xC0, 0x00, 0x02, 0x04, 0xB8,
    0x00, 0x02, 0x05, 0xC0, 0x00, 0x02, 0x07, 0x08, 0x00, 0x02, 0x07, 0xD0, 0x00, 0x02, 0x08, 0x84,
    0x00, 0x02, 0x09, 0x16, 0x00, 0x01, 0x00, 0x00, 0x02, 0xC8, 0x01, 0x3D, 0x00, 0x24, 0x00, 0x00,
    0x00, 0x00, 0x00, 0x02, 0x00, 0xD8, 0x01, 0x5C, 0x00, 0x8D, 0x00, 0x00, 0x01, 0xF4, 0x0E, 0x0C,
    0x00, 0x00, 0x00, 0x00, 0x00, 0x00, 0x00, 0x19, 0x01, 0x32, 0x00, 0x01, 0x00, 0x00, 0x00, 0x00,
    0x00, 0x00, 0x00, 0x41, 0x00, 0x00, 0x00, 0x01, 0x00, 0x00, 0x00, 0x00, 0x00, 0x01, 0x00, 0x09,
    0x00, 0x41, 0x00, 0x01, 0x00, 0x00, 0x00, 0x00, 0x00, 0x02, 0x00, 0x07, 0x00, 0x4A, 0x00, 0x01,
    0x00, 0x00, 0x00, 0x00, 0x00, 0x03, 0x00, 0x23, 0x00, 0x51, 0x00, 0x01, 0x00, 0x00, 0x00, 0x00,
    0x00, 0x04, 0x00, 0x09, 0x00, 0x74, 0x00, 0x01, 0x00, 0x00, 0x00, 0x00, 0x00, 0x05, 0x00, 0x23,
    0x00, 0x7D, 0x00, 0x01, 0x00, 0x00, 0x00, 0x00, 0x00, 0x06, 0x00, 0x08, 0x00, 0xA0, 0x00, 0x01,
    0x00, 0x00, 0x00, 0x00, 0x00, 0x08, 0x00, 0x15, 0x00, 0xA8, 0x00, 0x01, 0x00, 0x00, 0x00, 0x00,
    0x00, 0x09, 0x00, 0x1F, 0x00, 0xBD, 0x00, 0x01, 0x00, 0x00, 0x00, 0x00, 0x00, 0x0A, 0x01, 0x42,
    0x00, 0xDC, 0x00, 0x01, 0x00, 0x00, 0x00, 0x00, 0x00, 0x0C, 0x00, 0x0F, 0x02, 0x1E, 0x00, 0x01,
    0x00, 0x00, 0x00, 0x00, 0x00, 0x0D, 0x06, 0x82, 0x02, 0x2D, 0x00, 0x01, 0x00, 0x00, 0x00, 0x00,
    0x00, 0x12, 0x00, 0x09, 0x08, 0xAF, 0x00, 0x03, 0x00, 0x01, 0x04, 0x09, 0x00, 0x00, 0x00, 0x82,
    0x08, 0xB8, 0x00, 0x03, 0x00, 0x01, 0x04, 0x09, 0x00, 0x01, 0x00, 0x12, 0x09, 0x3A, 0x00, 0x03,
    0x00, 0x01, 0x04, 0x09, 0x00, 0x02, 0x00, 0x0E, 0x09, 0x4C, 0x00, 0x03, 0x00, 0x01, 0x04, 0x09,
    0x00, 0x03, 0x00, 0x46, 0x09, 0x5A, 0x00, 0x03, 0x00, 0x01, 0x04, 0x09, 0x00, 0x04, 0x00, 0x12,
    0x09, 0xA0, 0x00, 0x03, 0x00, 0x01, 0x04, 0x09, 0x00, 0x05, 0x00, 0x46, 0x09, 0xB2, 0x00, 0x03,
    0x00, 0x01, 0x04, 0x09, 0x00, 0x06, 0x00, 0x10, 0x09, 0xF8, 0x00, 0x03, 0x00, 0x01, 0x04, 0x09,
    0x00, 0x08, 0x00, 0x2A, 0x0A, 0x08, 0x00, 0x03, 0x00, 0x01, 0x04, 0x09, 0x00, 0x09, 0x00, 0x3E,
    0x0A, 0x32, 0x00, 0x03, 0x00, 0x01, 0x04, 0x09, 0x00, 0x0A, 0x02, 0x84, 0x0A, 0x70, 0x00, 0x03,
    0x00, 0x01, 0x04, 0x09, 0x00, 0x0C, 0x00, 0x1E, 0x0C, 0xF4, 0x00, 0x03, 0x00, 0x01, 0x04, 0x09,
    0x00, 0x0D, 0x0D, 0x04, 0x0D, 0x12, 0x43, 0x6F, 0x70, 0x79, 0x72, 0x69, 0x67, 0x68, 0x74, 0x20,
    0x28, 0x63, 0x29, 0x20, 0x32, 0x30, 0x31, 0x36, 0x20, 0x62, 0x79, 0x20, 0x42, 0x69, 0x67, 0x65,
    0x6C, 0x6F, 0x77, 0x20, 0x26, 0x20, 0x48, 0x6F, 0x6C, 0x6D, 0x65, 0x73, 0x20, 0x49, 0x6E, 0x63,
    0x2E, 0x2E, 0x20, 0x41, 0x6C, 0x6C, 0x20, 0x72, 0x69, 0x67, 0x68, 0x74, 0x73, 0x20, 0x72, 0x65,
    0x73, 0x65, 0x72, 0x76, 0x65, 0x64, 0x2E, 0x47, 0x6F, 0x20, 0x4D, 0x65, 0x64, 0x69, 0x75, 0x6D,
    0x52, 0x65, 0x67, 0x75, 0x6C, 0x61, 0x72, 0x42, 0x69, 0x67, 0x65, 0x6C, 0x6F, 0x77, 0x26, 0x48,
    0x6F, 0x6C, 0x6D, 0x65, 0x73, 0x49, 0x6E, 0x63, 0x2E, 0x3A, 0x20, 0x47, 0x6F, 0x20, 0x4D, 0x65,
    0x64, 0x69, 0x75, 0x6D, 0x3A, 0x20, 0x32, 0x30, 0x31, 0x36, 0x47, 0x6F, 0x20, 0x4D, 0x65, 0x64,
    0x69, 0x75, 0x6D, 0x56, 0x65, 0x72, 0x73, 0x69, 0x6F, 0x6E, 0x20, 0x32, 0x2E, 0x30, 0x31, 0x30,
    0x3B, 0x20, 0x74, 0x74, 0x66, 0x61, 0x75, 0x74, 0x6F, 0x68, 0x69, 0x6E, 0x74, 0x20, 0x28, 0x76,
    0x31, 0x2E, 0x38, 0x2E, 0x33, 0x29, 0x47, 0x6F, 0x4D, 0x65, 0x64, 0x69, 0x75, 0x6D, 0x42, 0x69,
    0x67, 0x65, 0x6C, 0x6F, 0x77, 0x20, 0x26, 0x20, 0x48, 0x6F, 0x6C, 0x6D, 0x65, 0x73, 0x20, 0x49,
    0x6E, 0x63, 0x2E, 0x4B, 0x72, 0x69, 0x73, 0x20, 0x48, 0x6F, 0x6C, 0x6D, 0x65, 0x73, 0x20, 0x61,
    0x6E, 0x64, 0x20, 0x43, 0x68, 0x61, 0x72, 0x6C, 0x65, 0x73, 0x20, 0x42, 0x69, 0x67, 0x65, 0x6C,
    0x6F, 0x77, 0x47, 0x6F, 0x20, 0x69, 0x73, 0x20, 0x61, 0x20, 0x68, 0x75, 0x6D, 0x61, 0x6E, 0x69,
    0x73, 0x74, 0x69, 0x63, 0x20, 0x73, 0x61, 0x6E, 0x73, 0x2D, 0x73, 0x65, 0x72, 0x69, 0x66, 0x20,
    0x66, 0x6F, 0x6E, 0x74, 0x20, 0x66, 0x6F, 0x72, 0x20, 0x74, 0x68, 0x65, 0x20, 0x47, 0x6F, 0x20,
    0x6C, 0x61, 0x6E, 0x67, 0x75, 0x61, 0x67, 0x65, 0x2E, 0x20, 0x49, 0x74, 0x73, 0x20, 0x78, 0x2D,
    0x68, 0x65, 0x69, 0x67, 0x68, 0x74, 0x2C, 0x20, 0x73, 0x74, 0x65, 0x6D, 0x20, 0x77, 0x65, 0x69,
    0x67, 0x68, 0x74, 0x2C, 0x20, 0x61, 0x6E, 0x64, 0x20, 0x64, 0x69, 0x73, 0x74, 0x69, 0x6E, 0x63,
    0x74, 0x69, 0x76, 0x65, 0x20, 0x66, 0x6F, 0x72, 0x6D, 0x73, 0x20, 0x6F, 0x66, 0x20, 0x7A, 0x65,
    0x72, 0x6F, 0x2C, 0x20, 0x63, 0x61, 0x70, 0x69, 0x74, 0x61, 0x6C, 0x20, 0x4F, 0x2C, 0x20, 0x6C,
    0x6F, 0x77, 0x65, 0x72, 0x63, 0x61, 0x73, 0x65, 0x20, 0x6C, 0x2C, 0x20, 0x66, 0x69, 0x67, 0x75,
    0x72, 0x65, 0x20, 0x6F, 0x6E, 0x65, 0x2C, 0x20, 0x61, 0x6E, 0x64, 0x20, 0x63, 0x61, 0x70, 0x69,
    0x74, 0x61, 0x6C, 0x20, 0x49, 0x20, 0x66, 0x6F, 0x6C, 0x6C, 0x6F, 0x77, 0x20, 0x74, 0x68, 0x65,
    0x20, 0x44, 0x49, 0x4E, 0x20, 0x31, 0x34, 0x35, 0x30, 0x20, 0x66, 0x6F, 0x6E, 0x74, 0x20, 0x6C,
    0x65, 0x67, 0x69, 0x62, 0x69, 0x6C, 0x69, 0x74, 0x79, 0x20, 0x73, 0x74, 0x61, 0x6E, 0x64, 0x61,
    0x72, 0x64, 0x2E, 0x20, 0x47, 0x6F, 0x27, 0x73, 0x20, 0x57, 0x47, 0x4C, 0x20, 0x63, 0x68, 0x61,
    0x72, 0x61, 0x63, 0x74, 0x65, 0x72, 0x20, 0x73, 0x65, 0x74, 0x20, 0x69, 0x6E, 0x63, 0x6C, 0x75,
    0x64, 0x65, 0x73, 0x20, 0x55, 0x6E, 0x69, 0x63, 0x6F, 0x64, 0x65, 0x20, 0x4C, 0x61, 0x74, 0x69,
    0x6E, 0x2C, 0x20, 0x47, 0x72, 0x65, 0x65, 0x6B, 0x20, 0x61, 0x6E, 0x64, 0x20, 0x43, 0x79, 0x72,
    0x69, 0x6C, 0x6C, 0x69, 0x63, 0x20, 0x61, 0x6C, 0x70, 0x68, 0x61, 0x62, 0x65, 0x74, 0x73, 0x20,
    0x70, 0x6C, 0x75, 0x73, 0x20, 0x73, 0x79, 0x6D, 0x62, 0x6F, 0x6C, 0x73, 0x20, 0x61, 0x6E, 0x64,
    0x20, 0x67, 0x72, 0x61, 0x70, 0x68, 0x69, 0x63, 0x61, 0x6C, 0x20, 0x65, 0x6C, 0x65, 0x6D, 0x65,
    0x6E, 0x74, 0x73, 0x2E, 0x6C, 0x75, 0x63, 0x69, 0x64, 0x61, 0x66, 0x6F, 0x6E, 0x74, 0x73, 0x2E,
    0x63, 0x6F, 0x6D, 0x43, 0x6F, 0x70, 0x79, 0x72, 0x69, 0x67, 0x68, 0x74, 0x20, 0x28, 0x63, 0x29,
    0x20, 0x32, 0x30, 0x31, 0x36, 0x20, 0x42, 0x69, 0x67, 0x65, 0x6C, 0x6F, 0x77, 0x20, 0x26, 0x20,
    0x48, 0x6F, 0x6C, 0x6D, 0x65, 0x73, 0x20, 0x49, 0x6E, 0x63, 0x2E, 0x2E, 0x20, 0x41, 0x6C, 0x6C,
    0x20, 0x72, 0x69, 0x67, 0x68, 0x74, 0x73, 0x20, 0x72, 0x65, 0x73, 0x65, 0x72, 0x76, 0x65, 0x64,
    0x2E, 0x0A, 0x0A, 0x44, 0x69, 0x73, 0x74, 0x72, 0x69, 0x62, 0x75, 0x74, 0x69, 0x6F, 0x6E, 0x20,
    0x6F, 0x66, 0x20, 0x74, 0x68, 0x69, 0x73, 0x20, 0x66, 0x6F, 0x6E, 0x74, 0x20, 0x69, 0x73, 0x20,
    0x67, 0x6F, 0x76, 0x65, 0x72, 0x6E, 0x65, 0x64, 0x20, 0x62, 0x79, 0x20, 0x74, 0x68, 0x65, 0x20,
    0x66, 0x6F, 0x6C, 0x6C, 0x6F, 0x77, 0x69, 0x6E, 0x67, 0x20, 0x6C, 0x69, 0x63, 0x65, 0x6E, 0x73,
    0x65, 0x2E, 0x20, 0x49, 0x66, 0x20, 0x79, 0x6F, 0x75, 0x20, 0x64, 0x6F, 0x20, 0x6E, 0x6F, 0x74,
    0x20, 0x61, 0x67, 0x72, 0x65, 0x65, 0x20, 0x74, 0x6F, 0x20, 0x74, 0x68, 0x69, 0x73, 0x20, 0x6C,
    0x69, 0x63, 0x65, 0x6E, 0x73, 0x65, 0x2C, 0x20, 0x69, 0x6E, 0x63, 0x6C, 0x75, 0x64, 0x69, 0x6E,
    0x67, 0x20, 0x74, 0x68, 0x65, 0x20, 0x64, 0x69, 0x73, 0x63, 0x6C, 0x61, 0x69, 0x6D, 0x65, 0x72,
    0x2C, 0x20, 0x64, 0x6F, 0x20, 0x6E, 0x6F, 0x74, 0x20, 0x64, 0x69, 0x73, 0x74, 0x72, 0x69, 0x62,
    0x75, 0x74, 0x65, 0x20, 0x6F, 0x72, 0x20, 0x6D, 0x6F, 0x64, 0x69, 0x66, 0x79, 0x20, 0x74, 0x68,
    0x69, 0x73, 0x20, 0x66, 0x6F, 0x6E, 0x74, 0x2E, 0x0A, 0x0A, 0x52, 0x65, 0x64, 0x69, 0x73, 0x74,
    0x72, 0x69, 0x62, 0x75, 0x74, 0x69, 0x6F, 0x6E, 0x20, 0x61, 0x6E, 0x64, 0x20, 0x75, 0x73, 0x65,
    0x20, 0x69, 0x6E, 0x20, 0x73, 0x6F, 0x75, 0x72, 0x63, 0x65, 0x20, 0x61, 0x6E, 0x64, 0x20, 0x62,
    0x69, 0x6E, 0x61, 0x72, 0x79, 0x20, 0x66, 0x6F, 0x72, 0x6D, 0x73, 0x2C, 0x20, 0x77, 0x69, 0x74,
    0x68, 0x20, 0x6F, 0x72, 0x20, 0x77, 0x69, 0x74, 0x68, 0x6F, 0x75, 0x74, 0x20, 0x6D, 0x6F, 0x64,
    0x69, 0x66, 0x69, 0x63, 0x61, 0x74, 0x69, 0x6F, 0x6E, 0x2C, 0x20, 0x61, 0x72, 0x65, 0x20, 0x70,
    0x65, 0x72, 0x6D, 0x69, 0x74, 0x74, 0x65, 0x64, 0x20, 0x70, 0x72, 0x6F, 0x76, 0x69, 0x64, 0x65,
    0x64, 0x20, 0x74, 0x68, 0x61, 0x74, 0x20, 0x74, 0x68, 0x65, 0x20, 0x66, 0x6F, 0x6C, 0x6C, 0x6F,
    0x77, 0x69, 0x6E, 0x67, 0x20, 0x63, 0x6F, 0x6E, 0x64, 0x69, 0x74, 0x69, 0x6F, 0x6E, 0x73, 0x20,
    0x61, 0x72, 0x65, 0x20, 0x6D, 0x65, 0x74, 0x3A, 0x0A, 0x0A, 0x20, 0x20, 0x20, 0x2A, 0x20, 0x52,
    0x65, 0x64, 0x69, 0x73, 0x74, 0x72, 0x69, 0x62, 0x75, 0x74, 0x69, 0x6F, 0x6E, 0x73, 0x20, 0x6F,
    0x66, 0x20, 0x73, 0x6F, 0x75, 0x72, 0x63, 0x65, 0x20, 0x63, 0x6F, 0x64, 0x65, 0x20, 0x6D, 0x75,
    0x73, 0x74, 0x20, 0x72, 0x65, 0x74, 0x61, 0x69, 0x6E, 0x20, 0x74, 0x68, 0x65, 0x20, 0x61, 0x62,
    0x6F, 0x76, 0x65, 0x20, 0x63, 0x6F, 0x70, 0x79, 0x72, 0x69, 0x67, 0x68, 0x74, 0x20, 0x6E, 0x6F,
    0x74, 0x69, 0x63, 0x65, 0x2C, 0x20, 0x74, 0x68, 0x69, 0x73, 0x20, 0x6C, 0x69, 0x73, 0x74, 0x20,
    0x6F, 0x66, 0x20, 0x63, 0x6F, 0x6E, 0x64, 0x69, 0x74, 0x69, 0x6F, 0x6E, 0x73, 0x20, 0x61, 0x6E,
    0x64, 0x20, 0x74, 0x68, 0x65, 0x20, 0x66, 0x6F, 0x6C, 0x6C, 0x6F, 0x77, 0x69, 0x6E, 0x67, 0x20,
    0x64, 0x69, 0x73, 0x63, 0x6C, 0x61, 0x69, 0x6D, 0x65, 0x72, 0x2E, 0x0A, 0x0A, 0x20, 0x20, 0x20,
    0x2A, 0x20, 0x52, 0x65, 0x64, 0x69, 0x73, 0x74, 0x72, 0x69, 0x62, 0x75, 0x74, 0x69, 0x6F, 0x6E,
    0x73, 0x20, 0x69, 0x6E, 0x20, 0x62, 0x69, 0x6E, 0x61, 0x72, 0x79, 0x20, 0x66, 0x6F, 0x72, 0x6D,
    0x20, 0x6D, 0x75, 0x73, 0x74, 0x20, 0x72, 0x65, 0x70, 0x72, 0x6F, 0x64, 0x75, 0x63, 0x65, 0x20,
    0x74, 0x68, 0x65, 0x20, 0x61, 0x62, 0x6F, 0x76, 0x65, 0x20, 0x63, 0x6F, 0x70, 0x79, 0x72, 0x69,
    0x67, 0x68, 0x74, 0x20, 0x6E, 0x6F, 0x74, 0x69, 0x63, 0x65, 0x2C, 0x20, 0x74, 0x68, 0x69, 0x73,
    0x20, 0x6C, 0x69, 0x73, 0x74, 0x20, 0x6F, 0x66, 0x20, 0x63, 0x6F, 0x6E, 0x64, 0x69, 0x74, 0x69,
    0x6F, 0x6E, 0x73, 0x20, 0x61, 0x6E, 0x64, 0x20, 0x74, 0x68, 0x65, 0x20, 0x66, 0x6F, 0x6C, 0x6C,
    0x6F, 0x77, 0x69, 0x6E, 0x67, 0x20, 0x64, 0x69, 0x73, 0x63, 0x6C, 0x61, 0x69, 0x6D, 0x65, 0x72,
    0x20, 0x69, 0x6E, 0x20, 0x74, 0x68, 0x65, 0x20, 0x64, 0x6F, 0x63, 0x75, 0x6D, 0x65, 0x6E, 0x74,
    0x61, 0x74, 0x69, 0x6F, 0x6E, 0x20, 0x61, 0x6E, 0x64, 0x2F, 0x6F, 0x72, 0x20, 0x6F, 0x74, 0x68,
    0x65, 0x72, 0x20, 0x6D, 0x61, 0x74, 0x65, 0x72, 0x69, 0x61, 0x6C, 0x73, 0x20, 0x70, 0x72, 0x6F,
    0x76, 0x69, 0x64, 0x65, 0x64, 0x20, 0x77, 0x69, 0x74, 0x68, 0x20, 0x74, 0x68, 0x65, 0x20, 0x64,
    0x69, 0x73, 0x74, 0x72, 0x69, 0x62, 0x75, 0x74, 0x69, 0x6F, 0x6E, 0x2E, 0x0A, 0x0A, 0x20, 0x20,
    0x20, 0x2A, 0x20, 0x4E, 0x65, 0x69, 0x74, 0x68, 0x65, 0x72, 0x20, 0x74, 0x68, 0x65, 0x20, 0x6E,
    0x61, 0x6D, 0x65, 0x20, 0x6F, 0x66, 0x20, 0x47, 0x6F, 0x6F, 0x67, 0x6C, 0x65, 0x20, 0x49, 0x6E,
    0x63, 0x2E, 0x20, 0x6E, 0x6F, 0x72, 0x20, 0x74, 0x68, 0x65, 0x20, 0x6E, 0x61, 0x6D, 0x65, 0x73,
    0x20, 0x6F, 0x66, 0x20, 0x69, 0x74, 0x73, 0x20, 0x63, 0x6F, 0x6E, 0x74, 0x72, 0x69, 0x62, 0x75,
    0x74, 0x6F, 0x72, 0x73, 0x20, 0x6D, 0x61, 0x79, 0x20, 0x62, 0x65, 0x20, 0x75, 0x73, 0x65, 0x64,
    0x20, 0x74, 0x6F, 0x20, 0x65, 0x6E, 0x64, 0x6F, 0x72, 0x73, 0x65, 0x20, 0x6F, 0x72, 0x20, 0x70,
    0x72, 0x6F, 0x6D, 0x6F, 0x74, 0x65, 0x20, 0x70, 0x72, 0x6F, 0x64, 0x75, 0x63, 0x74, 0x73, 0x20,
    0x64, 0x65, 0x72, 0x69, 0x76, 0x65, 0x64, 0x20, 0x66, 0x72, 0x6F, 0x6D, 0x20, 0x74, 0x68, 0x69,
    0x73, 0x20, 0x73, 0x6F, 0x66, 0x74, 0x77, 0x61, 0x72, 0x65, 0x20, 0x77, 0x69, 0x74, 0x68, 0x6F,
    0x75, 0x74, 0x20, 0x73, 0x70, 0x65, 0x63, 0x69, 0x66, 0x69, 0x63, 0x20, 0x70, 0x72, 0x69, 0x6F,
    0x72, 0x20, 0x77, 0x72, 0x69, 0x74, 0x74, 0x65, 0x6E, 0x20, 0x70, 0x65, 0x72, 0x6D, 0x69, 0x73,
    0x73, 0x69, 0x6F, 0x6E, 0x2E, 0x0A, 0x0A, 0x44, 0x49, 0x53, 0x43, 0x4C, 0x41, 0x49, 0x4D, 0x45,
    0x52, 0x3A, 0x20, 0x54, 0x48, 0x49, 0x53, 0x20, 0x53, 0x4F, 0x46, 0x54, 0x57, 0x41, 0x52, 0x45,
    0x20, 0x49, 0x53, 0x20, 0x50, 0x52, 0x4F, 0x56, 0x49, 0x44, 0x45, 0x44, 0x20, 0x42, 0x59, 0x20,
    0x54, 0x48, 0x45, 0x20, 0x43, 0x4F, 0x50, 0x59, 0x52, 0x49, 0x47, 0x48, 0x54, 0x20, 0x48, 0x4F,
    0x4C, 0x44, 0x45, 0x52, 0x53, 0x20, 0x41, 0x4E, 0x44, 0x20, 0x43, 0x4F, 0x4E, 0x54, 0x52, 0x49,
    0x42, 0x55, 0x54, 0x4F, 0x52, 0x53, 0x20, 0x22, 0x41, 0x53, 0x20, 0x49, 0x53, 0x22, 0x20, 0x41,
    0x4E, 0x44, 0x20, 0x41, 0x4E, 0x59, 0x20, 0x45, 0x58, 0x50, 0x52, 0x45, 0x53, 0x53, 0x20, 0x4F,
    0x52, 0x20, 0x49, 0x4D, 0x50, 0x4C, 0x49, 0x45, 0x44, 0x20, 0x57, 0x41, 0x52, 0x52, 0x41, 0x4E,
    0x54, 0x49, 0x45, 0x53, 0x2C, 0x20, 0x49, 0x4E, 0x43, 0x4C, 0x55, 0x44, 0x49, 0x4E, 0x47, 0x2C,
    0x20, 0x42, 0x55, 0x54, 0x20, 0x4E, 0x4F, 0x54, 0x20, 0x4C, 0x49, 0x4D, 0x49, 0x54, 0x45, 0x44,
    0x20, 0x54, 0x4F, 0x2C, 0x20, 0x54, 0x48, 0x45, 0x20, 0x49, 0x4D, 0x50, 0x4C, 0x49, 0x45, 0x44,
    0x20, 0x57, 0x41, 0x52, 0x52, 0x41, 0x4E, 0x54, 0x49, 0x45, 0x53, 0x20, 0x4F, 0x46, 0x20, 0x4D,
    0x45, 0x52, 0x43, 0x48, 0x41, 0x4E, 0x54, 0x41, 0x42, 0x49, 0x4C, 0x49, 0x54, 0x59, 0x20, 0x41,
    0x4E, 0x44, 0x20, 0x46, 0x49, 0x54, 0x4E, 0x45, 0x53, 0x53, 0x20, 0x46, 0x4F, 0x52, 0x20, 0x41,
    0x20, 0x50, 0x41, 0x52, 0x54, 0x49, 0x43, 0x55, 0x4C, 0x41, 0x52, 0x20, 0x50, 0x55, 0x52, 0x50,
    0x4F, 0x53, 0x45, 0x20, 0x41, 0x52, 0x45, 0x20, 0x44, 0x49, 0x53, 0x43, 0x4C, 0x41, 0x49, 0x4D,
    0x45, 0x44, 0x2E, 0x20, 0x49, 0x4E, 0x20, 0x4E, 0x4F, 0x20, 0x45, 0x56, 0x45, 0x4E, 0x54, 0x20,
    0x53, 0x48, 0x41, 0x4C, 0x4C, 0x20, 0x54, 0x48, 0x45, 0x20, 0x43, 0x4F, 0x50, 0x59, 0x52, 0x49,
    0x47, 0x48, 0x54, 0x20, 0x4F, 0x57, 0x4E, 0x45, 0x52, 0x20, 0x4F, 0x52, 0x20, 0x43, 0x4F, 0x4E,
    0x54, 0x52, 0x49, 0x42, 0x55, 0x54, 0x4F, 0x52, 0x53, 0x20, 0x42, 0x45, 0x20, 0x4C, 0x49, 0x41,
    0x42, 0x4C, 0x45, 0x20, 0x46, 0x4F, 0x52, 0x20, 0x41, 0x4E, 0x59, 0x20, 0x44, 0x49, 0x52, 0x45,
    0x43, 0x54, 0x2C, 0x20, 0x49, 0x4E, 0x44, 0x49, 0x52, 0x45, 0x43, 0x54, 0x2C, 0x20, 0x49, 0x4E,
    0x43, 0x49, 0x44, 0x45, 0x4E, 0x54, 0x41, 0x4C, 0x2C, 0x20, 0x53, 0x50, 0x45, 0x43, 0x49, 0x41,
    0x4C, 0x2C, 0x20, 0x45, 0x58, 0x45, 0x4D, 0x50, 0x4C, 0x41, 0x52, 0x59, 0x2C, 0x20, 0x4F, 0x52,
    0x20, 0x43, 0x4F, 0x4E, 0x53, 0x45, 0x51, 0x55, 0x45, 0x4E, 0x54, 0x49, 0x41, 0x4C, 0x20, 0x44,
    0x41, 0x4D, 0x41, 0x47, 0x45, 0x53, 0x20, 0x28, 0x49, 0x4E, 0x43, 0x4C, 0x55, 0x44, 0x49, 0x4E,
    0x47, 0x2C, 0x20, 0x42, 0x55, 0x54, 0x20, 0x4E, 0x4F, 0x54, 0x20, 0x4C, 0x49, 0x4D, 0x49, 0x54,
    0x45, 0x44, 0x20, 0x54, 0x4F, 0x2C, 0x20, 0x50, 0x52, 0x4F, 0x43, 0x55, 0x52, 0x45, 0x4D, 0x45,
    0x4E, 0x54, 0x20, 0x4F, 0x46, 0x20, 0x53, 0x55, 0x42, 0x53, 0x54, 0x49, 0x54, 0x55, 0x54, 0x45,
    0x20, 0x47, 0x4F, 0x4F, 0x44, 0x53, 0x20, 0x4F, 0x52, 0x20, 0x53, 0x45, 0x52, 0x56, 0x49, 0x43,
    0x45, 0x53, 0x3B, 0x20, 0x4C, 0x4F, 0x53, 0x53, 0x20, 0x4F, 0x46, 0x20, 0x55, 0x53, 0x45, 0x2C,
    0x20, 0x44, 0x41, 0x54, 0x41, 0x2C, 0x20, 0x4F, 0x52, 0x20, 0x50, 0x52, 0x4F, 0x46, 0x49, 0x54,
    0x53, 0x3B, 0x20, 0x4F, 0x52, 0x20, 0x42, 0x55, 0x53, 0x49, 0x4E, 0x45, 0x53, 0x53, 0x20, 0x49,
    0x4E, 0x54, 0x45, 0x52, 0x52, 0x55, 0x50, 0x54, 0x49, 0x4F, 0x4E, 0x29, 0x20, 0x48, 0x4F, 0x57,
    0x45, 0x56, 0x45, 0x52, 0x20, 0x43, 0x41, 0x55, 0x53, 0x45, 0x44, 0x20, 0x41, 0x4E, 0x44, 0x20,
    0x4F, 0x4E, 0x20, 0x41, 0x4E, 0x59, 0x20, 0x54, 0x48, 0x45, 0x4F, 0x52, 0x59, 0x20, 0x4F, 0x46,
    0x20, 0x4C, 0x49, 0x41, 0x42, 0x49, 0x4C, 0x49, 0x54, 0x59, 0x2C, 0x20, 0x57, 0x48, 0x45, 0x54,
    0x48, 0x45, 0x52, 0x20, 0x49, 0x4E, 0x20, 0x43, 0x4F, 0x4E, 0x54, 0x52, 0x41, 0x43, 0x54, 0x2C,
    0x20, 0x53, 0x54, 0x52, 0x49, 0x43, 0x54, 0x20, 0x4C, 0x49, 0x41, 0x42, 0x49, 0x4C, 0x49, 0x54,
    0x59, 0x2C, 0x20, 0x4F, 0x52, 0x20, 0x54, 0x4F, 0x52, 0x54, 0x20, 0x28, 0x49, 0x4E, 0x43, 0x4C,
    0x55, 0x44, 0x49, 0x4E, 0x47, 0x20, 0x4E, 0x45, 0x47, 0x4C, 0x49, 0x47, 0x45, 0x4E, 0x43, 0x45,
    0x20, 0x4F, 0x52, 0x20, 0x4F, 0x54, 0x48, 0x45, 0x52, 0x57, 0x49, 0x53, 0x45, 0x29, 0x20, 0x41,
    0x52, 0x49, 0x53, 0x49, 0x4E, 0x47, 0x20, 0x49, 0x4E, 0x20, 0x41, 0x4E, 0x59, 0x20, 0x57, 0x41,
    0x59, 0x20, 0x4F, 0x55, 0x54, 0x20, 0x4F, 0x46, 0x20, 0x54, 0x48, 0x45, 0x20, 0x55, 0x53, 0x45,
    0x20, 0x4F, 0x46, 0x20, 0x54, 0x48, 0x49, 0x53, 0x20, 0x53, 0x4F, 0x46, 0x54, 0x57, 0x41, 0x52,
    0x45, 0x2C, 0x20, 0x45, 0x56, 0x45, 0x4E, 0x20, 0x49, 0x46, 0x20, 0x41, 0x44, 0x56, 0x49, 0x53,
    0x45, 0x44, 0x20, 0x4F, 0x46, 0x20, 0x54, 0x48, 0x45, 0x20, 0x50, 0x4F, 0x53, 0x53, 0x49, 0x42,
    0x49, 0x4C, 0x49, 0x54, 0x59, 0x20, 0x4F, 0x46, 0x20, 0x53, 0x55, 0x43, 0x48, 0x20, 0x44, 0x41,
    0x4D, 0x41, 0x47, 0x45, 0x2E, 0x47, 0x6F, 0x20, 0x4D, 0x65, 0x64, 0x69, 0x75, 0x6D, 0x00, 0x43,
    0x00, 0x6F, 0x00, 0x70, 0x00, 0x79, 0x00, 0x72, 0x00, 0x69, 0x00, 0x67, 0x00, 0x68, 0x00, 0x74,
    0x00, 0x20, 0x00, 0x28, 0x00, 0x63, 0x00, 0x29, 0x00, 0x20, 0x00, 0x32, 0x00, 0x30, 0x00, 0x31,
    0x00, 0x36, 0x00, 0x20, 0x00, 0x62, 0x00, 0x79, 0x00, 0x20, 0x00, 0x42, 0x00, 0x69, 0x00, 0x67,
    0x00, 0x65, 0x00, 0x6C, 0x00, 0x6F, 0x00, 0x77, 0x00, 0x20, 0x00, 0x26, 0x00, 0x20, 0x00, 0x48,
    0x00, 0x6F, 0x00, 0x6C, 0x00, 0x6D, 0x00, 0x65, 0x00, 0x73, 0x00, 0x20, 0x00, 0x49, 0x00, 0x6E,
    0x00, 0x63, 0x00, 0x2E, 0x00, 0x2E, 0x00, 0x20, 0x00, 0x41, 0x00, 0x6C, 0x00, 0x6C, 0x00, 0x20,
    0x00, 0x72, 0x00, 0x69, 0x00, 0x67, 0x00, 0x68, 0x00, 0x74, 0x00, 0x73, 0x00, 0x20, 0x00, 0x72,
    0x00, 0x65, 0x00, 0x73, 0x00, 0x65, 0x00, 0x72, 0x00, 0x76, 0x00, 0x65, 0x00, 0x64, 0x00, 0x2E,
    0x00, 0x47, 0x00, 0x6F, 0x00, 0x20, 0x00, 0x4D, 0x00, 0x65, 0x00, 0x64, 0x00, 0x69, 0x00, 0x75,
    0x00, 0x6D, 0x00, 0x52, 0x00, 0x65, 0x00, 0x67, 0x00, 0x75, 0x00, 0x6C, 0x00, 0x61, 0x00, 0x72,
    0x00, 0x42, 0x00, 0x69, 0x00, 0x67, 0x00, 0x65, 0x00, 0x6C, 0x00, 0x6F, 0x00, 0x77, 0x00, 0x26,
    0x00, 0x48, 0x00, 0x6F, 0x00, 0x6C, 0x00, 0x6D, 0x00, 0x65, 0x00, 0x73, 0x00, 0x49, 0x00, 0x6E,
    0x00, 0x63, 0x00, 0x2E, 0x00, 0x3A, 0x00, 0x20, 0x00, 0x47, 0x00, 0x6F, 0x00, 0x20, 0x00, 0x4D,
    0x00, 0x65, 0x00, 0x64, 0x00, 0x69, 0x00, 0x75, 0x00, 0x6D, 0x00, 0x3A, 0x00, 0x20, 0x00, 0x32,
    0x00, 0x30, 0x00, 0x31, 0x00, 0x36, 0x00, 0x47, 0x00, 0x6F, 0x00, 0x20, 0x00, 0x4D, 0x00, 0x65,
    0x00, 0x64, 0x00, 0x69, 0x00, 0x75, 0x00, 0x6D, 0x00, 0x56, 0x00, 0x65, 0x00, 0x72, 0x00, 0x73,
    0x00, 0x69, 0x00, 0x6F, 0x00, 0x6E, 0x00, 0x20, 0x00, 0x32, 0x00, 0x2E, 0x00, 0x30, 0x00, 0x31,
    0x00, 0x30, 0x00, 0x3B, 0x00, 0x20, 0x00, 0x74, 0x00, 0x74, 0x00, 0x66, 0x00, 0x61, 0x00, 0x75,
    0x00, 0x74, 0x00, 0x6F, 0x00, 0x68, 0x00, 0x69, 0x00, 0x6E, 0x00, 0x74, 0x00, 0x20, 0x00, 0x28,
    0x00, 0x76, 0x00, 0x31, 0x00, 0x2E, 0x00, 0x38, 0x00, 0x2E, 0x00, 0x33, 0x00, 0x29, 0x00, 0x47,
    0x00, 0x6F, 0x00, 0x4D, 0x00, 0x65, 0x00, 0x64, 0x00, 0x69, 0x00, 0x75, 0x00, 0x6D, 0x00, 0x42,
    0x00, 0x69, 0x00, 0x67, 0x00, 0x65, 0x00, 0x6C, 0x00, 0x6F, 0x00, 0x77, 0x00, 0x20, 0x00, 0x26,
    0x00, 0x20, 0x00, 0x48, 0x00, 0x6F, 0x00, 0x6C, 0x00, 0x6D, 0x00, 0x65, 0x00, 0x73, 0x00, 0x20,
    0x00, 0x49, 0x00, 0x6E, 0x00, 0x63, 0x00, 0x2E, 0x00, 0x4B, 0x00, 0x72, 0x00, 0x69, 0x00, 0x73,
    0x00, 0x20, 0x00, 0x48, 0x00, 0x6F, 0x00, 0x6C, 0x00, 0x6D, 0x00, 0x65, 0x00, 0x73, 0x00, 0x20,
    0x00, 0x61, 0x00, 0x6E, 0x00, 0x64, 0x00, 0x20, 0x00, 0x43, 0x00, 0x68, 0x00, 0x61, 0x00, 0x72,
    0x00, 0x6C, 0x00, 0x65, 0x00, 0x73, 0x00, 0x20, 0x00, 0x42, 0x00, 0x69, 0x00, 0x67, 0x00, 0x65,
    0x00, 0x6C, 0x00, 0x6F, 0x00, 0x77, 0x00, 0x47, 0x00, 0x6F, 0x00, 0x20, 0x00, 0x69, 0x00, 0x73,
    0x00, 0x20, 0x00, 0x61, 0x00, 0x20, 0x00, 0x68, 0x00, 0x75, 0x00, 0x6D, 0x00, 0x61, 0x00, 0x6E,
    0x00, 0x69, 0x00, 0x73, 0x00, 0x74, 0x00, 0x69, 0x00, 0x63, 0x00, 0x20, 0x00, 0x73, 0x00, 0x61,
    0x00, 0x6E, 0x00, 0x73, 0x00, 0x2D, 0x00, 0x73, 0x00, 0x65, 0x00, 0x72, 0x00, 0x69, 0x00, 0x66,
    0x00, 0x20, 0x00, 0x66, 0x00, 0x6F, 0x00, 0x6E, 0x00, 0x74, 0x00, 0x20, 0x00, 0x66, 0x00, 0x6F,
    0x00, 0x72, 0x00, 0x20, 0x00, 0x74, 0x00, 0x68, 0x00, 0x65, 0x00, 0x20, 0x00, 0x47, 0x00, 0x6F,
    0x00, 0x20, 0x00, 0x6C, 0x00, 0x61, 0x00, 0x6E, 0x00, 0x67, 0x00, 0x75, 0x00, 0x61, 0x00, 0x67,
    0x00, 0x65, 0x00, 0x2E, 0x00, 0x20, 0x00, 0x49, 0x00, 0x74, 0x00, 0x73, 0x00, 0x20, 0x00, 0x78,
    0x00, 0x2D, 0x00, 0x68, 0x00, 0x65, 0x00, 0x69, 0x00, 0x67, 0x00, 0x68, 0x00, 0x74, 0x00, 0x2C,
    0x00, 0x20, 0x00, 0x73, 0x00, 0x74, 0x00, 0x65, 0x00, 0x6D, 0x00, 0x20, 0x00, 0x77, 0x00, 0x65,
    0x00, 0x69, 0x00, 0x67, 0x00, 0x68, 0x00, 0x74, 0x00, 0x2C, 0x00, 0x20, 0x00, 0x61, 0x00, 0x6E,
    0x00, 0x64, 0x00, 0x20, 0x00, 0x64, 0x00, 0x69, 0x00, 0x73, 0x00, 0x74, 0x00, 0x69, 0x00, 0x6E,
    0x00, 0x63, 0x00, 0x74, 0x00, 0x69, 0x00, 0x76, 0x00, 0x65, 0x00, 0x20, 0x00, 0x66, 0x00, 0x6F,
    0x00, 0x72, 0x00, 0x6D, 0x00, 0x73, 0x00, 0x20, 0x00, 0x6F, 0x00, 0x66, 0x00, 0x20, 0x00, 0x7A,
    0x00, 0x65, 0x00, 0x72, 0x00, 0x6F, 0x00, 0x2C, 0x00, 0x20, 0x00, 0x63, 0x00, 0x61, 0x00, 0x70,
    0x00, 0x69, 0x00, 0x74, 0x00, 0x61, 0x00, 0x6C, 0x00, 0x20, 0x00, 0x4F, 0x00, 0x2C, 0x00, 0x20,
    0x00, 0x6C, 0x00, 0x6F, 0x00, 0x77, 0x00, 0x65, 0x00, 0x72, 0x00, 0x63, 0x00, 0x61, 0x00, 0x73,
    0x00, 0x65, 0x00, 0x20, 0x00, 0x6C, 0x00, 0x2C, 0x00, 0x20, 0x00, 0x66, 0x00, 0x69, 0x00, 0x67,
    0x00, 0x75, 0x00, 0x72, 0x00, 0x65, 0x00, 0x20, 0x00, 0x6F, 0x00, 0x6E, 0x00, 0x65, 0x00, 0x2C,
    0x00, 0x20, 0x00, 0x61, 0x00, 0x6E, 0x00, 0x64, 0x00, 0x20, 0x00, 0x63, 0x00, 0x61, 0x00, 0x70,
    0x00, 0x69, 0x00, 0x74, 0x00, 0x61, 0x00, 0x6C, 0x00, 0x20, 0x00, 0x49, 0x00, 0x20, 0x00, 0x66,
    0x00, 0x6F, 0x00, 0x6C, 0x00, 0x6C, 0x00, 0x6F, 0x00, 0x77, 0x00, 0x20, 0x00, 0x74, 0x00, 0x68,
    0x00, 0x65, 0x00, 0x20, 0x00, 0x44, 0x00, 0x49, 0x00, 0x4E, 0x00, 0x20, 0x00, 0x31, 0x00, 0x34,
    0x00, 0x35, 0x00, 0x30, 0x00, 0x20, 0x00, 0x66, 0x00, 0x6F, 0x00, 0x6E, 0x00, 0x74, 0x00, 0x20,
    0x00, 0x6C, 0x00, 0x65, 0x00, 0x67, 0x00, 0x69, 0x00, 0x62, 0x00, 0x69, 0x00, 0x6C, 0x00, 0x69,
    0x00, 0x74, 0x00, 0x79, 0x00, 0x20, 0x00, 0x73, 0x00, 0x74, 0x00, 0x61, 0x00, 0x6E, 0x00, 0x64,
    0x00, 0x61, 0x00, 0x72, 0x00, 0x64, 0x00, 0x2E, 0x00, 0x20, 0x00, 0x47, 0x00, 0x6F, 0x00, 0x27,
    0x00, 0x73, 0x00, 0x20, 0x00, 0x57, 0x00, 0x47, 0x00, 0x4C, 0x00, 0x20, 0x00, 0x63, 0x00, 0x68,
    0x00, 0x61, 0x00, 0x72, 0x00, 0x61, 0x00, 0x63, 0x00, 0x74, 0x00, 0x65, 0x00, 0x72, 0x00, 0x20,
    0x00, 0x73, 0x00, 0x65, 0x00, 0x74, 0x00, 0x20, 0x00, 0x69, 0x00, 0x6E, 0x00, 0x63, 0x00, 0x6C,
    0x00, 0x75, 0x00, 0x64, 0x00, 0x65, 0x00, 0x73, 0x00, 0x20, 0x00, 0x55, 0x00, 0x6E, 0x00, 0x69,
    0x00, 0x63, 0x00, 0x6F, 0x00, 0x64, 0x00, 0x65, 0x00, 0x20, 0x00, 0x4C, 0x00, 0x61, 0x00, 0x74,
    0x00, 0x69, 0x00, 0x6E, 0x00, 0x2C, 0x00, 0x20, 0x00, 0x47, 0x00, 0x72, 0x00, 0x65, 0x00, 0x65,
    0x00, 0x6B, 0x00, 0x20, 0x00, 0x61, 0x00, 0x6E, 0x00, 0x64, 0x00, 0x20, 0x00, 0x43, 0x00, 0x79,
    0x00, 0x72, 0x00, 0x69, 0x00, 0x6C, 0x00, 0x6C, 0x00, 0x69, 0x00, 0x63, 0x00, 0x20, 0x00, 0x61,
    0x00, 0x6C, 0x00, 0x70, 0x00, 0x68, 0x00, 0x61, 0x00, 0x62, 0x00, 0x65, 0x00, 0x74, 0x00, 0x73,
    0x00, 0x20, 0x00, 0x70, 0x00, 0x6C, 0x00, 0x75, 0x00, 0x73, 0x00, 0x20, 0x00, 0x73, 0x00, 0x79,
    0x00, 0x6D, 0x00, 0x62, 0x00, 0x6F, 0x00, 0x6C, 0x00, 0x73, 0x00, 0x20, 0x00, 0x61, 0x00, 0x6E,
    0x00, 0x64, 0x00, 0x20, 0x00, 0x67, 0x00, 0x72, 0x00, 0x61, 0x00, 0x70, 0x00, 0x68, 0x00, 0x69,
    0x00, 0x63, 0x00, 0x61, 0x00, 0x6C, 0x00, 0x20, 0x00, 0x65, 0x00, 0x6C, 0x00, 0x65, 0x00, 0x6D,
    0x00, 0x65, 0x00, 0x6E, 0x00, 0x74, 0x00, 0x73, 0x00, 0x2E, 0x00, 0x6C, 0x00, 0x75, 0x00, 0x63,
    0x00, 0x69, 0x00, 0x64, 0x00, 0x61, 0x00, 0x66, 0x00, 0x6F, 0x00, 0x6E, 0x00, 0x74, 0x00, 0x73,
    0x00, 0x2E, 0x00, 0x63, 0x00, 0x6F, 0x00, 0x6D, 0x00, 0x43, 0x00, 0x6F, 0x00, 0x70, 0x00, 0x79,
    0x00, 0x72, 0x00, 0x69, 0x00, 0x67, 0x00, 0x68, 0x00, 0x74, 0x00, 0x20, 0x00, 0x28, 0x00, 0x63,
    0x00, 0x29, 0x00, 0x20, 0x00, 0x32, 0x00, 0x30, 0x00, 0x31, 0x00, 0x36, 0x00, 0x20, 0x00, 0x42,
    0x00, 0x69, 0x00, 0x67, 0x00, 0x65, 0x00, 0x6C, 0x00, 0x6F, 0x00, 0x77, 0x00, 0x20, 0x00, 0x26,
    0x00, 0x20, 0x00, 0x48, 0x00, 0x6F, 0x00, 0x6C, 0x00, 0x6D, 0x00, 0x65, 0x00, 0x73, 0x00, 0x20,
    0x00, 0x49, 0x00, 0x6E, 0x00, 0x63, 0x00, 0x2E, 0x00, 0x2E, 0x00, 0x20, 0x00, 0x41, 0x00, 0x6C,
    0x00, 0x6C, 0x00, 0x20, 0x00, 0x72, 0x00, 0x69, 0x00, 0x67, 0x00, 0x68, 0x00, 0x74, 0x00, 0x73,
    0x00, 0x20, 0x00, 0x72, 0x00, 0x65, 0x00, 0x73, 0x00, 0x65, 0x00, 0x72, 0x00, 0x76, 0x00, 0x65,
    0x00, 0x64, 0x00, 0x2E, 0x00, 0x0A, 0x00, 0x0A, 0x00, 0x44, 0x00, 0x69, 0x00, 0x73, 0x00, 0x74,
    0x00, 0x72, 0x00, 0x69, 0x00, 0x62, 0x00, 0x75, 0x00, 0x74, 0x00, 0x69, 0x00, 0x6F, 0x00, 0x6E,
    0x00, 0x20, 0x00, 0x6F, 0x00, 0x66, 0x00, 0x20, 0x00, 0x74, 0x00, 0x68, 0x00, 0x69, 0x00, 0x73,
    0x00, 0x20, 0x00, 0x66, 0x00, 0x6F, 0x00, 0x6E, 0x00, 0x74, 0x00, 0x20, 0x00, 0x69, 0x00, 0x73,
    0x00, 0x20, 0x00, 0x67, 0x00, 0x6F, 0x00, 0x76, 0x00, 0x65, 0x00, 0x72, 0x00, 0x6E, 0x00, 0x65,
    0x00, 0x64, 0x00, 0x20, 0x00, 0x62, 0x00, 0x79, 0x00, 0x20, 0x00, 0x74, 0x00, 0x68, 0x00, 0x65,
    0x00, 0x20, 0x00, 0x66, 0x00, 0x6F, 0x00, 0x6C, 0x00, 0x6C, 0x00, 0x6F, 0x00, 0x77, 0x00, 0x69,
    0x00, 0x6E, 0x00, 0x67, 0x00, 0x20, 0x00, 0x6C, 0x00, 0x69, 0x00, 0x63, 0x00, 0x65, 0x00, 0x6E,
    0x00, 0x73, 0x00, 0x65, 0x00, 0x2E, 0x00, 0x20, 0x00, 0x49, 0x00, 0x66, 0x00, 0x20, 0x00, 0x79,
    0x00, 0x6F, 0x00, 0x75, 0x00, 0x20, 0x00, 0x64, 0x00, 0x6F, 0x00, 0x20, 0x00, 0x6E, 0x00, 0x6F,
    0x00, 0x74, 0x00, 0x20, 0x00, 0x61, 0x00, 0x67, 0x00, 0x72, 0x00, 0x65, 0x00, 0x65, 0x00, 0x20,
    0x00, 0x74, 0x00, 0x6F, 0x00, 0x20, 0x00, 0x74, 0x00, 0x68, 0x00, 0x69, 0x00, 0x73, 0x00, 0x20,
    0x00, 0x6C, 0x00, 0x69, 0x00, 0x63, 0x00, 0x65, 0x00, 0x6E, 0x00, 0x73, 0x00, 0x65, 0x00, 0x2C,
    0x00, 0x20, 0x00, 0x69, 0x00, 0x6E, 0x00, 0x63, 0x00, 0x6C, 0x00, 0x75, 0x00, 0x64, 0x00, 0x69,
    0x00, 0x6E, 0x00, 0x67, 0x00, 0x20, 0x00, 0x74, 0x00, 0x68, 0x00, 0x65, 0x00, 0x20, 0x00, 0x64,
    0x00, 0x69, 0x00, 0x73, 0x00, 0x63, 0x00, 0x6C, 0x00, 0x61, 0x00, 0x69, 0x00, 0x6D, 0x00, 0x65,
    0x00, 0x72, 0x00, 0x2C, 0x00, 0x20, 0x00, 0x64, 0x00, 0x6F, 0x00, 0x20, 0x00, 0x6E, 0x00, 0x6F,
    0x00, 0x74, 0x00, 0x20, 0x00, 0x64, 0x00, 0x69, 0x00, 0x73, 0x00, 0x74, 0x00, 0x72, 0x00, 0x69,
    0x00, 0x62, 0x00, 0x75, 0x00, 0x74, 0x00, 0x65, 0x00, 0x20, 0x00, 0x6F, 0x00, 0x72, 0x00, 0x20,
    0x00, 0x6D, 0x00, 0x6F, 0x00, 0x64, 0x00, 0x69, 0x00, 0x66, 0x00, 0x79, 0x00, 0x20, 0x00, 0x74,
    0x00, 0x68, 0x00, 0x69, 0x00, 0x73, 0x00, 0x20, 0x00, 0x66, 0x00, 0x6F, 0x00, 0x6E, 0x00, 0x74,
    0x00, 0x2E, 0x00, 0x0A, 0x00, 0x0A, 0x00, 0x52, 0x00, 0x65, 0x00, 0x64, 0x00, 0x69, 0x00, 0x73,
    0x00, 0x74, 0x00, 0x72, 0x00, 0x69, 0x00, 0x62, 0x00, 0x75, 0x00, 0x74, 0x00, 0x69, 0x00, 0x6F,
    0x00, 0x6E, 0x00, 0x20, 0x00, 0x61, 0x00, 0x6E, 0x00, 0x64, 0x00, 0x20, 0x00, 0x75, 0x00, 0x73,
    0x00, 0x65, 0x00, 0x20, 0x00, 0x69, 0x00, 0x6E, 0x00, 0x20, 0x00, 0x73, 0x00, 0x6F, 0x00, 0x75,
    0x00, 0x72, 0x00, 0x63, 0x00, 0x65, 0x00, 0x20, 0x00, 0x61, 0x00, 0x6E, 0x00, 0x64, 0x00, 0x20,
    0x00, 0x62, 0x00, 0x69, 0x00, 0x6E, 0x00, 0x61, 0x00, 0x72, 0x00, 0x79, 0x00, 0x20, 0x00, 0x66,
    0x00, 0x6F, 0x00, 0x72, 0x00, 0x6D, 0x00, 0x73, 0x00, 0x2C, 0x00, 0x20, 0x00, 0x77, 0x00, 0x69,
    0x00, 0x74, 0x00, 0x68, 0x00, 0x20, 0x00, 0x6F, 0x00, 0x72, 0x00, 0x20, 0x00, 0x77, 0x00, 0x69,
    0x00, 0x74, 0x00, 0x68, 0x00, 0x6F, 0x00, 0x75, 0x00, 0x74, 0x00, 0x20, 0x00, 0x6D, 0x00, 0x6F,
    0x00, 0x64, 0x00, 0x69, 0x00, 0x66, 0x00, 0x69, 0x00, 0x63, 0x00, 0x61, 0x00, 0x74, 0x00, 0x69,
    0x00, 0x6F, 0x00, 0x6E, 0x00, 0x2C, 0x00, 0x20, 0x00, 0x61, 0x00, 0x72, 0x00, 0x65, 0x00, 0x20,
    0x00, 0x70, 0x00, 0x65, 0x00, 0x72, 0x00, 0x6D, 0x00, 0x69, 0x00, 0x74, 0x00, 0x74, 0x00, 0x65,
    0x00, 0x64, 0x00, 0x20, 0x00, 0x70, 0x00, 0x72, 0x00, 0x6F, 0x00, 0x76, 0x00, 0x69, 0x00, 0x64,
    0x00, 0x65, 0x00, 0x64, 0x00, 0x20, 0x00, 0x74, 0x00, 0x68, 0x00, 0x61, 0x00, 0x74, 0x00, 0x20,
    0x00, 0x74, 0x00, 0x68, 0x00, 0x65, 0x00, 0x20, 0x00, 0x66, 0x00, 0x6F, 0x00, 0x6C, 0x00, 0x6C,
    0x00, 0x6F, 0x00, 0x77, 0x00, 0x69, 0x00, 0x6E, 0x00, 0x67, 0x00, 0x20, 0x00, 0x63, 0x00, 0x6F,
    0x00, 0x6E, 0x00, 0x64, 0x00, 0x69, 0x00, 0x74, 0x00, 0x69, 0x00, 0x6F, 0x00, 0x6E, 0x00, 0x73,
    0x00, 0x20, 0x00, 0x61, 0x00, 0x72, 0x00, 0x65, 0x00, 0x20, 0x00, 0x6D, 0x00, 0x65, 0x00, 0x74,
    0x00, 0x3A, 0x00, 0x0A, 0x00, 0x0A, 0x00, 0x20, 0x00, 0x20, 0x00, 0x20, 0x00, 0x2A, 0x00, 0x20,
    0x00, 0x52, 0x00, 0x65, 0x00, 0x64, 0x00, 0x69, 0x00, 0x73, 0x00, 0x74, 0x00, 0x72, 0x00, 0x69,
    0x00, 0x62, 0x00, 0x75, 0x00, 0x74, 0x00, 0x69, 0x00, 0x6F, 0x00, 0x6E, 0x00, 0x73, 0x00, 0x20,
    0x00, 0x6F, 0x00, 0x66, 0x00, 0x20, 0x00, 0x73, 0x00, 0x6F, 0x00, 0x75, 0x00, 0x72, 0x00, 0x63,
    0x00, 0x65, 0x00, 0x20, 0x00, 0x63, 0x00, 0x6F, 0x00, 0x64, 0x00, 0x65, 0x00, 0x20, 0x00, 0x6D,
    0x00, 0x75, 0x00, 0x73, 0x00, 0x74, 0x00, 0x20, 0x00, 0x72, 0x00, 0x65, 0x00, 0x74, 0x00, 0x61,
    0x00, 0x69, 0x00, 0x6E, 0x00, 0x20, 0x00, 0x74, 0x00, 0x68, 0x00, 0x65, 0x00, 0x20, 0x00, 0x61,
    0x00, 0x62, 0x00, 0x6F, 0x00, 0x76, 0x00, 0x65, 0x00, 0x20, 0x00, 0x63, 0x00, 0x6F, 0x00, 0x70,
    0x00, 0x79, 0x00, 0x72, 0x00, 0x69, 0x00, 0x67, 0x00, 0x68, 0x00, 0x74, 0x00, 0x20, 0x00, 0x6E,
    0x00, 0x6F, 0x00, 0x74, 0x00, 0x69, 0x00, 0x63, 0x00, 0x65, 0x00, 0x2C, 0x00, 0x20, 0x00, 0x74,
    0x00, 0x68, 0x00, 0x69, 0x00, 0x73, 0x00, 0x20, 0x00, 0x6C, 0x00, 0x69, 0x00, 0x73, 0x00, 0x74,
    0x00, 0x20, 0x00, 0x6F, 0x00, 0x66, 0x00, 0x20, 0x00, 0x63, 0x00, 0x6F, 0x00, 0x6E, 0x00, 0x64,
    0x00, 0x69, 0x00, 0x74, 0x00, 0x69, 0x00, 0x6F, 0x00, 0x6E, 0x00, 0x73, 0x00, 0x20, 0x00, 0x61,
    0x00, 0x6E, 0x00, 0x64, 0x00, 0x20, 0x00, 0x74, 0x00, 0x68, 0x00, 0x65, 0x00, 0x20, 0x00, 0x66,
    0x00, 0x6F, 0x00, 0x6C, 0x00, 0x6C, 0x00, 0x6F, 0x00, 0x77, 0x00, 0x69, 0x00, 0x6E, 0x00, 0x67,
    0x00, 0x20, 0x00, 0x64, 0x00, 0x69, 0x00, 0x73, 0x00, 0x63, 0x00, 0x6C, 0x00, 0x61, 0x00, 0x69,
    0x00, 0x6D, 0x00, 0x65, 0x00, 0x72, 0x00, 0x2E, 0x00, 0x0A, 0x00, 0x0A, 0x00, 0x20, 0x00, 0x20,
    0x00, 0x20, 0x00, 0x2A, 0x00, 0x20, 0x00, 0x52, 0x00, 0x65, 0x00, 0x64, 0x00, 0x69, 0x00, 0x73,
    0x00, 0x74, 0x00, 0x72, 0x00, 0x69, 0x00, 0x62, 0x00, 0x75, 0x00, 0x74, 0x00, 0x69, 0x00, 0x6F,
    0x00, 0x6E, 0x00, 0x73, 0x00, 0x20, 0x00, 0x69, 0x00, 0x6E, 0x00, 0x20, 0x00, 0x62, 0x00, 0x69,
    0x00, 0x6E, 0x00, 0x61, 0x00, 0x72, 0x00, 0x79, 0x00, 0x20, 0x00, 0x66, 0x00, 0x6F, 0x00, 0x72,
    0x00, 0x6D, 0x00, 0x20, 0x00, 0x6D, 0x00, 0x75, 0x00, 0x73, 0x00, 0x74, 0x00, 0x20, 0x00, 0x72,
    0x00, 0x65, 0x00, 0x70, 0x00, 0x72, 0x00, 0x6F, 0x00, 0x64, 0x00, 0x75, 0x00, 0x63, 0x00, 0x65,
    0x00, 0x20, 0x00, 0x74, 0x00, 0x68, 0x00, 0x65, 0x00, 0x20, 0x00, 0x61, 0x00, 0x62, 0x00, 0x6F,
    0x00, 0x76, 0x00, 0x65, 0x00, 0x20, 0x00, 0x63, 0x00, 0x6F, 0x00, 0x70, 0x00, 0x79, 0x00, 0x72,
    0x00, 0x69, 0x00, 0x67, 0x00, 0x68, 0x00, 0x74, 0x00, 0x20, 0x00, 0x6E, 0x00, 0x6F, 0x00, 0x74,
    0x00, 0x69, 0x00, 0x63, 0x00, 0x65, 0x00, 0x2C, 0x00, 0x20, 0x00, 0x74, 0x00, 0x68, 0x00, 0x69,
    0x00, 0x73, 0x00, 0x20, 0x00, 0x6C, 0x00, 0x69, 0x00, 0x73, 0x00, 0x74, 0x00, 0x20, 0x00, 0x6F,
    0x00, 0x66, 0x00, 0x20, 0x00, 0x63, 0x00, 0x6F, 0x00, 0x6E, 0x00, 0x64, 0x00, 0x69, 0x00, 0x74,
    0x00, 0x69, 0x00, 0x6F, 0x00, 0x6E, 0x00, 0x73, 0x00, 0x20, 0x00, 0x61, 0x00, 0x6E, 0x00, 0x64,
    0x00, 0x20, 0x00, 0x74, 0x00, 0x68, 0x00, 0x65, 0x00, 0x20, 0x00, 0x66, 0x00, 0x6F, 0x00, 0x6C,
    0x00, 0x6C, 0x00, 0x6F, 0x00, 0x77, 0x00, 0x69, 0x00, 0x6E, 0x00, 0x67, 0x00, 0x20, 0x00, 0x64,
    0x00, 0x69, 0x00, 0x73, 0x00, 0x63, 0x00, 0x6C, 0x00, 0x61, 0x00, 0x69, 0x00, 0x6D, 0x00, 0x65,
    0x00, 0x72, 0x00, 0x20, 0x00, 0x69, 0x00, 0x6E, 0x00, 0x20, 0x00, 0x74, 0x00, 0x68, 0x00, 0x65,
    0x00, 0x20, 0x00, 0x64, 0x00, 0x6F, 0x00, 0x63, 0x00, 0x75, 0x00, 0x6D, 0x00, 0x65, 0x00, 0x6E,
    0x00, 0x74, 0x00, 0x61, 0x00, 0x74, 0x00, 0x69, 0x00, 0x6F, 0x00, 0x6E, 0x00, 0x20, 0x00, 0x61,
    0x00, 0x6E, 0x00, 0x64, 0x00, 0x2F, 0x00, 0x6F, 0x00, 0x72, 0x00, 0x20, 0x00, 0x6F, 0x00, 0x74,
    0x00, 0x68, 0x00, 0x65, 0x00, 0x72, 0x00, 0x20, 0x00, 0x6D, 0x00, 0x61, 0x00, 0x74, 0x00, 0x65,
    0x00, 0x72, 0x00, 0x69, 0x00, 0x61, 0x00, 0x6C, 0x00, 0x73, 0x00, 0x20, 0x00, 0x70, 0x00, 0x72,
    0x00, 0x6F, 0x00, 0x76, 0x00, 0x69, 0x00, 0x64, 0x00, 0x65, 0x00, 0x64, 0x00, 0x20, 0x00, 0x77,
    0x00, 0x69, 0x00, 0x74, 0x00, 0x68, 0x00, 0x20, 0x00, 0x74, 0x00, 0x68, 0x00, 0x65, 0x00, 0x20,
    0x00, 0x64, 0x00, 0x69, 0x00, 0x73, 0x00, 0x74, 0x00, 0x72, 0x00, 0x69, 0x00, 0x62, 0x00, 0x75,
    0x00, 0x74, 0x00, 0x69, 0x00, 0x6F, 0x00, 0x6E, 0x00, 0x2E, 0x00, 0x0A, 0x00, 0x0A, 0x00, 0x20,
    0x00, 0x20, 0x00, 0x20, 0x00, 0x2A, 0x00, 0x20, 0x00, 0x4E, 0x00, 0x65, 0x00, 0x69, 0x00, 0x74,
    0x00, 0x68, 0x00, 0x65, 0x00, 0x72, 0x00, 0x20, 0x00, 0x74, 0x00, 0x68, 0x00, 0x65, 0x00, 0x20,
    0x00, 0x6E, 0x00, 0x61, 0x00, 0x6D, 0x00, 0x65, 0x00, 0x20, 0x00, 0x6F, 0x00, 0x66, 0x00, 0x20,
    0x00, 0x47, 0x00, 0x6F, 0x00, 0x6F, 0x00, 0x67, 0x00, 0x6C, 0x00, 0x65, 0x00, 0x20, 0x00, 0x49,
    0x00, 0x6E, 0x00, 0x63, 0x00, 0x2E, 0x00, 0x20, 0x00, 0x6E, 0x00, 0x6F, 0x00, 0x72, 0x00, 0x20,
    0x00, 0x74, 0x00, 0x68, 0x00, 0x65, 0x00, 0x20, 0x00, 0x6E, 0x00, 0x61, 0x00, 0x6D, 0x00, 0x65,
    0x00, 0x73, 0x00, 0x20, 0x00, 0x6F, 0x00, 0x66, 0x00, 0x20, 0x00, 0x69, 0x00, 0x74, 0x00, 0x73,
    0x00, 0x20, 0x00, 0x63, 0x00, 0x6F, 0x00, 0x6E, 0x00, 0x74, 0x00, 0x72, 0x00, 0x69, 0x00, 0x62,
    0x00, 0x75, 0x00, 0x74, 0x00, 0x6F, 0x00, 0x72, 0x00, 0x73, 0x00, 0x20, 0x00, 0x6D, 0x00, 0x61,
    0x00, 0x79, 0x00, 0x20, 0x00, 0x62, 0x00, 0x65, 0x00, 0x20, 0x00, 0x75, 0x00, 0x73, 0x00, 0x65,
    0x00, 0x64, 0x00, 0x20, 0x00, 0x74, 0x00, 0x6F, 0x00, 0x20, 0x00, 0x65, 0x00, 0x6E, 0x00, 0x64,
    0x00, 0x6F, 0x00, 0x72, 0x00, 0x73, 0x00, 0x65, 0x00, 0x20, 0x00, 0x6F, 0x00, 0x72, 0x00, 0x20,
    0x00, 0x70, 0x00, 0x72, 0x00, 0x6F, 0x00, 0x6D, 0x00, 0x6F, 0x00, 0x74, 0x00, 0x65, 0x00, 0x20,
    0x00, 0x70, 0x00, 0x72, 0x00, 0x6F, 0x00, 0x64, 0x00, 0x75, 0x00, 0x63, 0x00, 0x74, 0x00, 0x73,
    0x00, 0x20, 0x00, 0x64, 0x00, 0x65, 0x00, 0x72, 0x00, 0x69, 0x00, 0x76, 0x00, 0x65, 0x00, 0x64,
    0x00, 0x20, 0x00, 0x66, 0x00, 0x72, 0x00, 0x6F, 0x00, 0x6D, 0x00, 0x20, 0x00, 0x74, 0x00, 0x68,
    0x00, 0x69, 0x00, 0x73, 0x00, 0x20, 0x00, 0x73, 0x00, 0x6F, 0x00, 0x66, 0x00, 0x74, 0x00, 0x77,
    0x00, 0x61, 0x00, 0x72, 0x00, 0x65, 0x00, 0x20, 0x00, 0x77, 0x00, 0x69, 0x00, 0x74, 0x00, 0x68,
    0x00, 0x6F, 0x00, 0x75, 0x00, 0x74, 0x00, 0x20, 0x00, 0x73, 0x00, 0x70, 0x00, 0x65, 0x00, 0x63,
    0x00, 0x69, 0x00, 0x66, 0x00, 0x69, 0x00, 0x63, 0x00, 0x20, 0x00, 0x70, 0x00, 0x72, 0x00, 0x69,
    0x00, 0x6F, 0x00, 0x72, 0x00, 0x20, 0x00, 0x77, 0x00, 0x72, 0x00, 0x69, 0x00, 0x74, 0x00, 0x74,
    0x00, 0x65, 0x00, 0x6E, 0x00, 0x20, 0x00, 0x70, 0x00, 0x65, 0x00, 0x72, 0x00, 0x6D, 0x00, 0x69,
    0x00, 0x73, 0x00, 0x73, 0x00, 0x69, 0x00, 0x6F, 0x00, 0x6E, 0x00, 0x2E, 0x00, 0x0A, 0x00, 0x0A,
    0x00, 0x44, 0x00, 0x49, 0x00, 0x53, 0x00, 0x43, 0x00, 0x4C, 0x00, 0x41, 0x00, 0x49, 0x00, 0x4D,
    0x00, 0x45, 0x00, 0x52, 0x00, 0x3A, 0x00, 0x20, 0x00, 0x54, 0x00, 0x48, 0x00, 0x49, 0x00, 0x53,
    0x00, 0x20, 0x00, 0x53, 0x00, 0x4F, 0x00, 0x46, 0x00, 0x54, 0x00, 0x57, 0x00, 0x41, 0x00, 0x52,
    0x00, 0x45, 0x00, 0x20, 0x00, 0x49, 0x00, 0x53, 0x00, 0x20, 0x00, 0x50, 0x00, 0x52, 0x00, 0x4F,
    0x00, 0x56, 0x00, 0x49, 0x00, 0x44, 0x00, 0x45, 0x00, 0x44, 0x00, 0x20, 0x00, 0x42, 0x00, 0x59,
    0x00, 0x20, 0x00, 0x54, 0x00, 0x48, 0x00, 0x45, 0x00, 0x20, 0x00, 0x43, 0x00, 0x4F, 0x00, 0x50,
    0x00, 0x59, 0x00, 0x52, 0x00, 0x49, 0x00, 0x47, 0x00, 0x48, 0x00, 0x54, 0x00, 0x20, 0x00, 0x48,
    0x00, 0x4F, 0x00, 0x4C, 0x00, 0x44, 0x00, 0x45, 0x00, 0x52, 0x00, 0x53, 0x00, 0x20, 0x00, 0x41,
    0x00, 0x4E, 0x00, 0x44, 0x00, 0x20, 0x00, 0x43, 0x00, 0x4F, 0x00, 0x4E, 0x00, 0x54, 0x00, 0x52,
    0x00, 0x49, 0x00, 0x42, 0x00, 0x55, 0x00, 0x54, 0x00, 0x4F, 0x00, 0x52, 0x00, 0x53, 0x00, 0x20,
    0x00, 0x22, 0x00, 0x41, 0x00, 0x53, 0x00, 0x20, 0x00, 0x49, 0x00, 0x53, 0x00, 0x22, 0x00, 0x20,
    0x00, 0x41, 0x00, 0x4E, 0x00, 0x44, 0x00, 0x20, 0x00, 0x41, 0x00, 0x4E, 0x00, 0x59, 0x00, 0x20,
    0x00, 0x45, 0x00, 0x58, 0x00, 0x50, 0x00, 0x52, 0x00, 0x45, 0x00, 0x53, 0x00, 0x53, 0x00, 0x20,
    0x00, 0x4F, 0x00, 0x52, 0x00, 0x20, 0x00, 0x49, 0x00, 0x4D, 0x00, 0x50, 0x00, 0x4C, 0x00, 0x49,
    0x00, 0x45, 0x00, 0x44, 0x00, 0x20, 0x00, 0x57, 0x00, 0x41, 0x00, 0x52, 0x00, 0x52, 0x00, 0x41,
    0x00, 0x4E, 0x00, 0x54, 0x00, 0x49, 0x00, 0x45, 0x00, 0x53, 0x00, 0x2C, 0x00, 0x20, 0x00, 0x49,
    0x00, 0x4E, 0x00, 0x43, 0x00, 0x4C, 0x00, 0x55, 0x00, 0x44, 0x00, 0x49, 0x00, 0x4E, 0x00, 0x47,
    0x00, 0x2C, 0x00, 0x20, 0x00, 0x42, 0x00, 0x55, 0x00, 0x54, 0x00, 0x20, 0x00, 0x4E, 0x00, 0x4F,
    0x00, 0x54, 0x00, 0x20, 0x00, 0x4C, 0x00, 0x49, 0x00, 0x4D, 0x00, 0x49, 0x00, 0x54, 0x00, 0x45,
    0x00, 0x44, 0x00, 0x20, 0x00, 0x54, 0x00, 0x4F, 0x00, 0x2C, 0x00, 0x20, 0x00, 0x54, 0x00, 0x48,
    0x00, 0x45, 0x00, 0x20, 0x00, 0x49, 0x00, 0x4D, 0x00, 0x50, 0x00, 0x4C, 0x00, 0x49, 0x00, 0x45,
    0x00, 0x44, 0x00, 0x20, 0x00, 0x57, 0x00, 0x41, 0x00, 0x52, 0x00, 0x52, 0x00, 0x41, 0x00, 0x4E,
    0x00, 0x54, 0x00, 0x49, 0x00, 0x45, 0x00, 0x53, 0x00, 0x20, 0x00, 0x4F, 0x00, 0x46, 0x00, 0x20,
    0x00, 0x4D, 0x00, 0x45, 0x00, 0x52, 0x00, 0x43, 0x00, 0x48, 0x00, 0x41, 0x00, 0x4E, 0x00, 0x54,
    0x00, 0x41, 0x00, 0x42, 0x00, 0x49, 0x00, 0x4C, 0x00, 0x49, 0x00, 0x54, 0x00, 0x59, 0x00, 0x20,
    0x00, 0x41, 0x00, 0x4E, 0x00, 0x44, 0x00, 0x20, 0x00, 0x46, 0x00, 0x49, 0x00, 0x54, 0x00, 0x4E,
    0x00, 0x45, 0x00, 0x53, 0x00, 0x53, 0x00, 0x20, 0x00, 0x46, 0x00, 0x4F, 0x00, 0x52, 0x00, 0x20,
    0x00, 0x41, 0x00, 0x20, 0x00, 0x50, 0x00, 0x41, 0x00, 0x52, 0x00, 0x54, 0x00, 0x49, 0x00, 0x43,
    0x00, 0x55, 0x00, 0x4C, 0x00, 0x41, 0x00, 0x52, 0x00, 0x20, 0x00, 0x50, 0x00, 0x55, 0x00, 0x52,
    0x00, 0x50, 0x00, 0x4F, 0x00, 0x53, 0x00, 0x45, 0x00, 0x20, 0x00, 0x41, 0x00, 0x52, 0x00, 0x45,
    0x00, 0x20, 0x00, 0x44, 0x00, 0x49, 0x00, 0x53, 0x00, 0x43, 0x00, 0x4C, 0x00, 0x41, 0x00, 0x49,
    0x00, 0x4D, 0x00, 0x45, 0x00, 0x44, 0x00, 0x2E, 0x00, 0x20, 0x00, 0x49, 0x00, 0x4E, 0x00, 0x20,
    0x00, 0x4E, 0x00, 0x4F, 0x00, 0x20, 0x00, 0x45, 0x00, 0x56, 0x00, 0x45, 0x00, 0x4E, 0x00, 0x54,
    0x00, 0x20, 0x00, 0x53, 0x00, 0x48, 0x00, 0x41, 0x00, 0x4C, 0x00, 0x4C, 0x00, 0x20, 0x00, 0x54,
    0x00, 0x48, 0x00, 0x45, 0x00, 0x20, 0x00, 0x43, 0x00, 0x4F, 0x00, 0x50, 0x00, 0x59, 0x00, 0x52,
    0x00, 0x49, 0x00, 0x47, 0x00, 0x48, 0x00, 0x54, 0x00, 0x20, 0x00, 0x4F, 0x00, 0x57, 0x00, 0x4E,
    0x00, 0x45, 0x00, 0x52, 0x00, 0x20, 0x00, 0x4F, 0x00, 0x52, 0x00, 0x20, 0x00, 0x43, 0x00, 0x4F,
    0x00, 0x4E, 0x00, 0x54, 0x00, 0x52, 0x00, 0x49, 0x00, 0x42, 0x00, 0x55, 0x00, 0x54, 0x00, 0x4F,
    0x00, 0x52, 0x00, 0x53, 0x00, 0x20, 0x00, 0x42, 0x00, 0x45, 0x00, 0x20, 0x00, 0x4C, 0x00, 0x49,
    0x00, 0x41, 0x00, 0x42, 0x00, 0x4C, 0x00, 0x45, 0x00, 0x20, 0x00, 0x46, 0x00, 0x4F, 0x00, 0x52,
    0x00, 0x20, 0x00, 0x41, 0x00, 0x4E, 0x00, 0x59, 0x00, 0x20, 0x00, 0x44, 0x00, 0x49, 0x00, 0x52,
    0x00, 0x45, 0x00, 0x43, 0x00, 0x54, 0x00, 0x2C, 0x00, 0x20, 0x00, 0x49, 0x00, 0x4E, 0x00, 0x44,
    0x00, 0x49, 0x00, 0x52, 0x00, 0x45, 0x00, 0x43, 0x00, 0x54, 0x00, 0x2C, 0x00, 0x20, 0x00, 0x49,
    0x00, 0x4E, 0x00, 0x43, 0x00, 0x49, 0x00, 0x44, 0x00, 0x45, 0x00, 0x4E, 0x00, 0x54, 0x00, 0x41,
    0x00, 0x4C, 0x00, 0x2C, 0x00, 0x20, 0x00, 0x53, 0x00, 0x50, 0x00, 0x45, 0x00, 0x43, 0x00, 0x49,
    0x00, 0x41, 0x00, 0x4C, 0x00, 0x2C, 0x00, 0x20, 0x00, 0x45, 0x00, 0x58, 0x00, 0x45, 0x00, 0x4D,
    0x00, 0x50, 0x00, 0x4C, 0x00, 0x41, 0x00, 0x52, 0x00, 0x59, 0x00, 0x2C, 0x00, 0x20, 0x00, 0x4F,
    0x00, 0x52, 0x00, 0x20, 0x00, 0x43, 0x00, 0x4F, 0x00, 0x4E, 0x00, 0x53, 0x00, 0x45, 0x00, 0x51,
    0x00, 0x55, 0x00, 0x45, 0x00, 0x4E, 0x00, 0x54, 0x00, 0x49, 0x00, 0x41, 0x00, 0x4C, 0x00, 0x20,
    0x00, 0x44, 0x00, 0x41, 0x00, 0x4D, 0x00, 0x41, 0x00, 0x47, 0x00, 0x45, 0x00, 0x53, 0x00, 0x20,
    0x00, 0x28, 0x00, 0x49, 0x00, 0x4E, 0x00, 0x43, 0x00, 0x4C, 0x00, 0x55, 0x00, 0x44, 0x00, 0x49,
    0x00, 0x4E, 0x00, 0x47, 0x00, 0x2C, 0x00, 0x20, 0x00, 0x42, 0x00, 0x55, 0x00, 0x54, 0x00, 0x20,
    0x00, 0x4E, 0x00, 0x4F, 0x00, 0x54, 0x00, 0x20, 0x00, 0x4C, 0x00, 0x49, 0x00, 0x4D, 0x00, 0x49,
    0x00, 0x54, 0x00, 0x45, 0x00, 0x44, 0x00, 0x20, 0x00, 0x54, 0x00, 0x4F, 0x00, 0x2C, 0x00, 0x20,
    0x00, 0x50, 0x00, 0x52, 0x00, 0x4F, 0x00, 0x43, 0x00, 0x55, 0x00, 0x52, 0x00, 0x45, 0x00, 0x4D,
    0x00, 0x45, 0x00, 0x4E, 0x00, 0x54, 0x00, 0x20, 0x00, 0x4F, 0x00, 0x46, 0x00, 0x20, 0x00, 0x53,
    0x00, 0x55, 0x00, 0x42, 0x00, 0x53, 0x00, 0x54, 0x00, 0x49, 0x00, 0x54, 0x00, 0x55, 0x00, 0x54,
    0x00, 0x45, 0x00, 0x20, 0x00, 0x47, 0x00, 0x4F, 0x00, 0x4F, 0x00, 0x44, 0x00, 0x53, 0x00, 0x20,
    0x00, 0x4F, 0x00, 0x52, 0x00, 0x20, 0x00, 0x53, 0x00, 0x45, 0x00, 0x52, 0x00, 0x56, 0x00, 0x49,
    0x00, 0x43, 0x00, 0x45, 0x00, 0x53, 0x00, 0x3B, 0x00, 0x20, 0x00, 0x4C, 0x00, 0x4F, 0x00, 0x53,
    0x00, 0x53, 0x00, 0x20, 0x00, 0x4F, 0x00, 0x46, 0x00, 0x20, 0x00, 0x55, 0x00, 0x53, 0x00, 0x45,
    0x00, 0x2C, 0x00, 0x20, 0x00, 0x44, 0x00, 0x41, 0x00, 0x54, 0x00, 0x41, 0x00, 0x2C, 0x00, 0x20,
    0x00, 0x4F, 0x00, 0x52, 0x00, 0x20, 0x00, 0x50, 0x00, 0x52, 0x00, 0x4F, 0x00, 0x46, 0x00, 0x49,
    0x00, 0x54, 0x00, 0x53, 0x00, 0x3B, 0x00, 0x20, 0x00, 0x4F, 0x00, 0x52, 0x00, 0x20, 0x00, 0x42,
    0x00, 0x55, 0x00, 0x53, 0x00, 0x49, 0x00, 0x4E, 0x00, 0x45, 0x00, 0x53, 0x00, 0x53, 0x00, 0x20,
    0x00, 0x49, 0x00, 0x4E, 0x00, 0x54, 0x00, 0x45, 0x00, 0x52, 0x00, 0x52, 0x00, 0x55, 0x00, 0x50,
    0x00, 0x54, 0x00, 0x49, 0x00, 0x4F, 0x00, 0x4E, 0x00, 0x29, 0x00, 0x20, 0x00, 0x48, 0x00, 0x4F,
    0x00, 0x57, 0x00, 0x45, 0x00, 0x56, 0x00, 0x45, 0x00, 0x52, 0x00, 0x20, 0x00, 0x43, 0x00, 0x41,
    0x00, 0x55, 0x00, 0x53, 0x00, 0x45, 0x00, 0x44, 0x00, 0x20, 0x00, 0x41, 0x00, 0x4E, 0x00, 0x44,
    0x00, 0x20, 0x00, 0x4F, 0x00, 0x4E, 0x00, 0x20, 0x00, 0x41, 0x00, 0x4E, 0x00, 0x59, 0x00, 0x20,
    0x00, 0x54, 0x00, 0x48, 0x00, 0x45, 0x00, 0x4F, 0x00, 0x52, 0x00, 0x59, 0x00, 0x20, 0x00, 0x4F,
    0x00, 0x46, 0x00, 0x20, 0x00, 0x4C, 0x00, 0x49, 0x00, 0x41, 0x00, 0x42, 0x00, 0x49, 0x00, 0x4C,
    0x00, 0x49, 0x00, 0x54, 0x00, 0x59, 0x00, 0x2C, 0x00, 0x20, 0x00, 0x57, 0x00, 0x48, 0x00, 0x45,
    0x00, 0x54, 0x00, 0x48, 0x00, 0x45, 0x00, 0x52, 0x00, 0x20, 0x00, 0x49, 0x00, 0x4E, 0x00, 0x20,
    0x00, 0x43, 0x00, 0x4F, 0x00, 0x4E, 0x00, 0x54, 0x00, 0x52, 0x00, 0x41, 0x00, 0x43, 0x00, 0x54,
    0x00, 0x2C, 0x00, 0x20, 0x00, 0x53, 0x00, 0x54, 0x00, 0x52, 0x00, 0x49, 0x00, 0x43, 0x00, 0x54,
    0x00, 0x20, 0x00, 0x4C, 0x00, 0x49, 0x00, 0x41, 0x00, 0x42, 0x00, 0x49, 0x00, 0x4C, 0x00, 0x49,
    0x00, 0x54, 0x00, 0x59, 0x00, 0x2C, 0x00, 0x20, 0x00, 0x4F, 0x00, 0x52, 0x00, 0x20, 0x00, 0x54,
    0x00, 0x4F, 0x00, 0x52, 0x00, 0x54, 0x00, 0x20, 0x00, 0x28, 0x00, 0x49, 0x00, 0x4E, 0x00, 0x43,
    0x00, 0x4C, 0x00, 0x55, 0x00, 0x44, 0x00, 0x49, 0x00, 0x4E, 0x00, 0x47, 0x00, 0x20, 0x00, 0x4E,
    0x00, 0x45, 0x00, 0x47, 0x00, 0x4C, 0x00, 0x49, 0x00, 0x47, 0x00, 0x45, 0x00, 0x4E, 0x00, 0x43,
    0x00, 0x45, 0x00, 0x20, 0x00, 0x4F, 0x00, 0x52, 0x00, 0x20, 0x00, 0x4F, 0x00, 0x54, 0x00, 0x48,
    0x00, 0x45, 0x00, 0x52, 0x00, 0x57, 0x00, 0x49, 0x00, 0x53, 0x00, 0x45, 0x00, 0x29, 0x00, 0x20,
    0x00, 0x41, 0x00, 0x52, 0x00, 0x49, 0x00, 0x53, 0x00, 0x49, 0x00, 0x4E, 0x00, 0x47, 0x00, 0x20,
    0x00, 0x49, 0x00, 0x4E, 0x00, 0x20, 0x00, 0x41, 0x00, 0x4E, 0x00, 0x59, 0x00, 0x20, 0x00, 0x57,
    0x00, 0x41, 0x00, 0x59, 0x00, 0x20, 0x00, 0x4F, 0x00, 0x55, 0x00, 0x54, 0x00, 0x20, 0x00, 0x4F,
    0x00, 0x46, 0x00, 0x20, 0x00, 0x54, 0x00, 0x48, 0x00, 0x45, 0x00, 0x20, 0x00, 0x55, 0x00, 0x53,
    0x00, 0x45, 0x00, 0x20, 0x00, 0x4F, 0x00, 0x46, 0x00, 0x20, 0x00, 0x54, 0x00, 0x48, 0x00, 0x49,
    0x00, 0x53, 0x00, 0x20, 0x00, 0x53, 0x00, 0x4F, 0x00, 0x46, 0x00, 0x54, 0x00, 0x57, 0x00, 0x41,
    0x00, 0x52, 0x00, 0x45, 0x00, 0x2C, 0x00, 0x20, 0x00, 0x45, 0x00, 0x56, 0x00, 0x45, 0x00, 0x4E,
    0x00, 0x20, 0x00, 0x49, 0x00, 0x46, 0x00, 0x20, 0x00, 0x41, 0x00, 0x44, 0x00, 0x56, 0x00, 0x49,
    0x00, 0x53, 0x00, 0x45, 0x00, 0x44, 0x00, 0x20, 0x00, 0x4F, 0x00, 0x46, 0x00, 0x20, 0x00, 0x54,
    0x00, 0x48, 0x00, 0x45, 0x00, 0x20, 0x00, 0x50, 0x00, 0x4F, 0x00, 0x53, 0x00, 0x53, 0x00, 0x49,
    0x00, 0x42, 0x00, 0x49, 0x00, 0x4C, 0x00, 0x49, 0x00, 0x54, 0x00, 0x59, 0x00, 0x20, 0x00, 0x4F,
    0x00, 0x46, 0x00, 0x20, 0x00, 0x53, 0x00, 0x55, 0x00, 0x43, 0x00, 0x48, 0x00, 0x20, 0x00, 0x44,
    0x00, 0x41, 0x00, 0x4D, 0x00, 0x41, 0x00, 0x47, 0x00, 0x45, 0x00, 0x2E, 0x00, 0x02, 0x00, 0x00,
    0x00, 0x00, 0x00, 0x00, 0xFE, 0xF9, 0x00, 0x4B, 0x00, 0x00, 0x00, 0x00, 0x00, 0x00, 0x00, 0x00,
    0x00, 0x00, 0x00, 0x00, 0x00, 0x00, 0x00, 0x00, 0x00, 0x00, 0x00, 0x00, 0x02, 0xC8, 0x00, 0x00,
    0x02, 0x07, 0x02, 0x08, 0x00, 0x03, 0x00, 0x04, 0x00, 0x05, 0x00, 0x06, 0x00, 0x07, 0x00, 0x08,
    0x00, 0x09, 0x00, 0x0A, 0x00, 0x0B, 0x00, 0x0C, 0x00, 0x0D, 0x00, 0x0E, 0x00, 0x0F, 0x00, 0x10,
    0x00, 0x11, 0x00, 0x12, 0x00, 0x13, 0x00, 0x14, 0x00, 0x15, 0x00, 0x16, 0x00, 0x17, 0x00, 0x18,
    0x00, 0x19, 0x00, 0x1A, 0x00, 0x1B, 0x00, 0x1C, 0x00, 0x1D, 0x00, 0x1E, 0x00, 0x1F, 0x00, 0x20,
    0x00, 0x21, 0x00, 0x22, 0x00, 0x23, 0x00, 0x24, 0x00, 0x25, 0x00, 0x26, 0x00, 0x27, 0x00, 0x28,
    0x00, 0x29, 0x00, 0x2A, 0x00, 0x2B, 0x00, 0x2C, 0x00, 0x2D, 0x00, 0x2E, 0x00, 0x2F, 0x00, 0x30,
    0x00, 0x31, 0x00, 0x32, 0x00, 0x33, 0x00, 0x34, 0x00, 0x35, 0x00, 0x36, 0x00, 0x37, 0x00, 0x38,
    0x00, 0x39, 0x00, 0x3A, 0x00, 0x3B, 0x00, 0x3C, 0x00, 0x3D, 0x00, 0x3E, 0x00, 0x3F, 0x00, 0x40,
    0x00, 0x41, 0x00, 0x42, 0x00, 0x43, 0x00, 0x44, 0x00, 0x45, 0x00, 0x46, 0x00, 0x47, 0x00, 0x48,
    0x00, 0x49, 0x00, 0x4A, 0x00, 0x4B, 0x00, 0x4C, 0x00, 0x4D, 0x00, 0x4E, 0x00, 0x4F, 0x00, 0x50,
    0x00, 0x51, 0x00, 0x52, 0x00, 0x53, 0x00, 0x54, 0x00, 0x55, 0x00, 0x56, 0x00, 0x57, 0x00, 0x58,
    0x00, 0x59, 0x00, 0x5A, 0x00, 0x5B, 0x00, 0x5C, 0x00, 0x5D, 0x00, 0x5E, 0x00, 0x5F, 0x00, 0x60,
    0x00, 0x61, 0x02, 0x09, 0x00, 0xA3, 0x00, 0x84, 0x00, 0x85, 0x00, 0xBD, 0x00, 0x96, 0x00, 0xE8,
    0x00, 0x86, 0x00, 0x8E, 0x00, 0x8B, 0x00, 0x9D, 0x00, 0xA9, 0x00, 0xA4, 0x02, 0x0A, 0x00, 0x8A,
    0x00, 0xDA, 0x00, 0x83, 0x00, 0x93, 0x02, 0x0B, 0x02, 0x0C, 0x00, 0x8D, 0x00, 0x97, 0x00, 0x88,
    0x00, 0xC3, 0x00, 0xDE, 0x02, 0x0D, 0x00, 0x9E, 0x00, 0xAA, 0x00, 0xF5, 0x00, 0xF4, 0x00, 0xF6,
    0x00, 0xA2, 0x00, 0xAD, 0x00, 0xC9, 0x00, 0xC7, 0x00, 0xAE, 0x00, 0x62, 0x00, 0x63, 0x00, 0x90,
    0x00, 0x64, 0x00, 0xCB, 0x00, 0x65, 0x00, 0xC8, 0x00, 0xCA, 0x00, 0xCF, 0x00, 0xCC, 0x00, 0xCD,
    0x00, 0xCE, 0x00, 0xE9, 0x00, 0x66, 0x00, 0xD3, 0x00, 0xD0, 0x00, 0xD1, 0x00, 0xAF, 0x00, 0x67,
    0x00, 0xF0, 0x00, 0x91, 0x00, 0xD6, 0x00, 0xD4, 0x00, 0xD5, 0x00, 0x68, 0x00, 0xEB, 0x00, 0xED,
    0x00, 0x89, 0x00, 0x6A, 0x00, 0x69, 0x00, 0x6B, 0x00, 0x6D, 0x00, 0x6C, 0x00, 0x6E, 0x00, 0xA0,
    0x00, 0x6F, 0x00, 0x71, 0x00, 0x70, 0x00, 0x72, 0x00, 0x73, 0x00, 0x75, 0x00, 0x74, 0x00, 0x76,
    0x00, 0x77, 0x00, 0xEA, 0x00, 0x78, 0x00, 0x7A, 0x00, 0x79, 0x00, 0x7B, 0x00, 0x7D, 0x00, 0x7C,
    0x00, 0xB8, 0x00, 0xA1, 0x00, 0x7F, 0x00, 0x7E, 0x00, 0x80, 0x00, 0x81, 0x00, 0xEC, 0x00, 0xEE,
    0x00, 0xBA, 0x01, 0x06, 0x01, 0x88, 0x01, 0x03, 0x01, 0x84, 0x01, 0x07, 0x01, 0x8A, 0x00, 0xFD,
    0x00, 0xFE, 0x01, 0x0A, 0x01, 0x95, 0x01, 0x0B, 0x01, 0x96, 0x00, 0xFF, 0x01, 0x00, 0x01, 0x0D,
    0x01, 0x9A, 0x01, 0x0E, 0x01, 0x01, 0x01, 0x12, 0x01, 0xA3, 0x01, 0x0F, 0x01, 0xA0, 0x01, 0x11,
    0x01, 0xA2, 0x01, 0x14, 0x01, 0xA5, 0x01, 0x10, 0x01, 0xA1, 0x01, 0x1B, 0x01, 0xB2, 0x00, 0xF8,
    0x00, 0xF9, 0x01, 0x1C, 0x01, 0xB3, 0x02, 0x0E, 0x02, 0x0F, 0x01, 0x22, 0x01, 0xB6, 0x01, 0x21,
    0x01, 0xB5, 0x01, 0x2A, 0x01, 0xC7, 0x01, 0x25, 0x01, 0xBB, 0x01, 0x24, 0x01, 0xB9, 0x01, 0x26,
    0x01, 0xC2, 0x00, 0xFA, 0x00, 0xD7, 0x01, 0x23, 0x01, 0xBA, 0x01, 0x2B, 0x01, 0xC8, 0x02, 0x10,
    0x02, 0x11, 0x01, 0xCA, 0x01, 0x2D, 0x01, 0xCB, 0x02, 0x12, 0x02, 0x13, 0x01, 0x2F, 0x01, 0xCD,
    0x01, 0x30, 0x01, 0xCE, 0x00, 0xE2, 0x00, 0xE3, 0x01, 0x32, 0x01, 0xD7, 0x02, 0x14, 0x02, 0x15,
    0x01, 0x33, 0x01, 0xD9, 0x01, 0xD8, 0x01, 0x13, 0x01, 0xA4, 0x01, 0x37, 0x01, 0xDD, 0x01, 0x35,
    0x01, 0xDB, 0x01, 0x36, 0x01, 0xDC, 0x00, 0xB0, 0x00, 0xB1, 0x01, 0x3F, 0x01, 0xEA, 0x02, 0x16,
    0x02, 0x17, 0x01, 0x40, 0x01, 0xEB, 0x01, 0x6A, 0x01, 0xEF, 0x01, 0x6B, 0x01, 0xF0, 0x00, 0xFB,
    0x00, 0xFC, 0x00, 0xE4, 0x00, 0xE5, 0x02, 0x18, 0x02, 0x19, 0x01, 0x6F, 0x01, 0xFB, 0x01, 0x6E,
    0x01, 0xFA, 0x01, 0x79, 0x02, 0xC4, 0x01, 0x73, 0x02, 0x05, 0x01, 0x71, 0x02, 0x03, 0x01, 0x78,
    0x02, 0xC3, 0x01, 0x72, 0x02, 0x04, 0x01, 0x74, 0x02, 0xBD, 0x01, 0x7B, 0x02, 0xC6, 0x01, 0x7F,
    0x02, 0xCA, 0x00, 0xBB, 0x01, 0x81, 0x02, 0xCC, 0x01, 0x82, 0x02, 0xCD, 0x00, 0xE6, 0x00, 0xE7,
    0x01, 0xD1, 0x00, 0xA6, 0x02, 0x1A, 0x02, 0x1B, 0x02, 0x1C, 0x02, 0x1D, 0x02, 0x1E, 0x02, 0x1F,
    0x02, 0x20, 0x02, 0x21, 0x02, 0x22, 0x02, 0x23, 0x02, 0x24, 0x02, 0x25, 0x02, 0x26, 0x02, 0x27,
    0x02, 0x28, 0x02, 0x29, 0x01, 0x08, 0x01, 0x8B, 0x01, 0x02, 0x01, 0x85, 0x01, 0x3B, 0x01, 0xE5,
    0x02, 0x2A, 0x02, 0x2B, 0x02, 0x2C, 0x02, 0x2D, 0x00, 0xD8, 0x00, 0xE1, 0x02, 0x2E, 0x00, 0xDB,
    0x00, 0xDC, 0x00, 0xDD, 0x00, 0xE0, 0x00, 0xD9, 0x00, 0xDF, 0x02, 0x2F, 0x01, 0xFE, 0x01, 0x9D,
    0x01, 0x05, 0x01, 0x89, 0x01, 0x16, 0x01, 0x18, 0x01, 0x29, 0x01, 0x3A, 0x01, 0x77, 0x01, 0x38,
    0x01, 0xC5, 0x01, 0x04, 0x01, 0x09, 0x01, 0x1A, 0x02, 0x30, 0x01, 0x15, 0x01, 0x83, 0x01, 0x17,
    0x01, 0x70, 0x01, 0x27, 0x01, 0x2C, 0x01, 0x2E, 0x01, 0x31, 0x01, 0x34, 0x01, 0x7E, 0x01, 0x39,
    0x01, 0x3D, 0x01, 0x41, 0x01, 0x6C, 0x01, 0x6D, 0x01, 0x75, 0x01, 0x3C, 0x01, 0x0C, 0x01, 0x3E,
    0x02, 0x31, 0x01, 0x28, 0x01, 0x76, 0x01, 0x87, 0x01, 0xA7, 0x01, 0xAB, 0x01, 0xC6, 0x02, 0xC1,
    0x01, 0x86, 0x01, 0x93, 0x01, 0xB1, 0x01, 0x9B, 0x01, 0xA6, 0x02, 0xD0, 0x01, 0xAA, 0x01, 0xFC,
    0x01, 0xC3, 0x01, 0xC9, 0x01, 0xCC, 0x02, 0x32, 0x01, 0xDA, 0x02, 0xC9, 0x01, 0xE0, 0x00, 0x9B,
    0x01, 0xED, 0x01, 0xF5, 0x01, 0xF4, 0x01, 0xF9, 0x02, 0xBF, 0x01, 0xE7, 0x01, 0x97, 0x01, 0xE8,
    0x01, 0xDE, 0x01, 0xC4, 0x02, 0xC0, 0x01, 0xE1, 0x02, 0xC2, 0x01, 0xDF, 0x02, 0x33, 0x02, 0x34,
    0x02, 0x35, 0x02, 0x36, 0x02, 0x37, 0x02, 0x38, 0x02, 0x39, 0x02, 0x3A, 0x02, 0x3B, 0x02, 0x3C,
    0x02, 0x3D, 0x02, 0x3E, 0x02, 0x3F, 0x02, 0x40, 0x02, 0x41, 0x02, 0x42, 0x02, 0x43, 0x02, 0x44,
    0x02, 0x45, 0x02, 0x46, 0x02, 0x47, 0x02, 0x48, 0x02, 0x49, 0x02, 0x4A, 0x02, 0x4B, 0x02, 0x4C,
    0x02, 0x4D, 0x02, 0x4E, 0x02, 0x4F, 0x02, 0x50, 0x02, 0x51, 0x02, 0x52, 0x02, 0x53, 0x02, 0x54,
    0x02, 0x55, 0x02, 0x56, 0x02, 0x57, 0x02, 0x58, 0x02, 0x59, 0x02, 0x5A, 0x02, 0x5B, 0x02, 0x5C,
    0x02, 0x5D, 0x02, 0x5E, 0x02, 0x5F, 0x02, 0x60, 0x02, 0x61, 0x02, 0x62, 0x02, 0x63, 0x02, 0x64,
    0x02, 0x65, 0x02, 0x66, 0x02, 0x67, 0x02, 0x68, 0x02, 0x69, 0x02, 0x6A, 0x02, 0x6B, 0x02, 0x6C,
    0x02, 0x6D, 0x02, 0x6E, 0x02, 0x6F, 0x02, 0x70, 0x02, 0x71, 0x02, 0x72, 0x02, 0x73, 0x02, 0x74,
    0x02, 0x75, 0x02, 0x76, 0x02, 0x77, 0x02, 0x78, 0x02, 0x79, 0x02, 0x7A, 0x02, 0x7B, 0x02, 0x7C,
    0x02, 0x7D, 0x02, 0x7E, 0x02, 0x7F, 0x02, 0x80, 0x02, 0x81, 0x02, 0x82, 0x02, 0x83, 0x02, 0x84,
    0x02, 0x85, 0x02, 0x86, 0x02, 0x87, 0x02, 0x88, 0x02, 0x89, 0x02, 0x8A, 0x02, 0x8B, 0x02, 0x8C,
    0x02, 0x8D, 0x02, 0x8E, 0x02, 0x8F, 0x02, 0x90, 0x02, 0x91, 0x02, 0x92, 0x02, 0x93, 0x02, 0x94,
    0x01, 0x7D, 0x02, 0xC8, 0x01, 0x7A, 0x02, 0xC5, 0x01, 0x7C, 0x02, 0xC7, 0x01, 0x80, 0x02, 0xCB,
    0x00, 0xB2, 0x00, 0xB3, 0x02, 0x95, 0x02, 0x06, 0x00, 0xB6, 0x00, 0xB7, 0x00, 0xC4, 0x01, 0xE9,
    0x00, 0xB4, 0x00, 0xB5, 0x00, 0xC5, 0x00, 0x82, 0x00, 0xC2, 0x00, 0x87, 0x00, 0xAB, 0x00, 0xC6,
    0x01, 0xD4, 0x01, 0xF1, 0x00, 0xBE, 0x00, 0xBF, 0x01, 0xAC, 0x02, 0x96, 0x00, 0xBC, 0x02, 0x97,
    0x02, 0x98, 0x02, 0x99, 0x02, 0x9A, 0x02, 0x9B, 0x02, 0x9C, 0x02, 0x9D, 0x02, 0x9E, 0x02, 0x9F,
    0x02, 0xA0, 0x02, 0xA1, 0x02, 0xA2, 0x02, 0xA3, 0x02, 0xA4, 0x02, 0xA5, 0x02, 0xA6, 0x02, 0xA7,
    0x02, 0xA8, 0x02, 0xA9, 0x02, 0xAA, 0x02, 0xAB, 0x02, 0xAC, 0x02, 0xAD, 0x02, 0xAE, 0x02, 0xAF,
    0x02, 0xB0, 0x02, 0xB1, 0x02, 0xB2, 0x02, 0xB3, 0x00, 0xF7, 0x01, 0xD0, 0x01, 0xE6, 0x01, 0x19,
    0x02, 0xB4, 0x02, 0xB5, 0x02, 0xB6, 0x00, 0x8C, 0x00, 0x9F, 0x01, 0xA9, 0x01, 0xE2, 0x01, 0xFD,
    0x01, 0xB0, 0x01, 0xF2, 0x01, 0x8E, 0x01, 0x90, 0x01, 0x8F, 0x01, 0x8D, 0x01, 0x8C, 0x01, 0x91,
    0x01, 0x92, 0x00, 0x98, 0x00, 0xA8, 0x00, 0x9A, 0x00, 0x99, 0x00, 0xEF, 0x02, 0xB7, 0x02, 0xB8,
    0x00, 0xA5, 0x00, 0x92, 0x01, 0xE4, 0x01, 0xBE, 0x02, 0xBC, 0x00, 0x9C, 0x00, 0xA7, 0x00, 0x8F,
    0x01, 0xA8, 0x00, 0x94, 0x00, 0x95, 0x01, 0xB8, 0x01, 0xEC, 0x01, 0xBD, 0x01, 0xBC, 0x01, 0x4B,
    0x01, 0x4C, 0x01, 0x42, 0x01, 0x44, 0x01, 0x43, 0x01, 0x45, 0x01, 0x49, 0x01, 0x4A, 0x01, 0x47,
    0x01, 0x48, 0x01, 0x46, 0x01, 0x5E, 0x01, 0x52, 0x01, 0x66, 0x01, 0x67, 0x01, 0x5A, 0x01, 0x50,
    0x01, 0x4F, 0x01, 0x53, 0x01, 0x65, 0x01, 0x64, 0x01, 0x59, 0x01, 0x56, 0x01, 0x55, 0x01, 0x54,
    0x01, 0x57, 0x01, 0x58, 0x01, 0x5D, 0x01, 0x4D, 0x01, 0x4E, 0x01, 0x51, 0x01, 0x62, 0x01, 0x63,
    0x01, 0x5C, 0x01, 0x60, 0x01, 0x61, 0x01, 0x5B, 0x01, 0x69, 0x01, 0x68, 0x01, 0x5F, 0x02, 0xBE,
    0x01, 0x9F, 0x01, 0x94, 0x01, 0xCF, 0x01, 0xEE, 0x01, 0xD2, 0x01, 0xF3, 0x01, 0x9E, 0x01, 0xAE,
    0x01, 0x20, 0x01, 0x1E, 0x01, 0x1F, 0x01, 0xAF, 0x02, 0x02, 0x02, 0x01, 0x01, 0xFF, 0x02, 0x00,
    0x00, 0xB9, 0x01, 0x98, 0x01, 0x1D, 0x01, 0xBF, 0x01, 0xC0, 0x01, 0xE3, 0x01, 0xF6, 0x01, 0xC1,
    0x01, 0xF8, 0x01, 0xAD, 0x01, 0xD3, 0x01, 0xF7, 0x01, 0x99, 0x01, 0xB7, 0x01, 0x9C, 0x01, 0xD5,
    0x01, 0xD6, 0x01, 0xB4, 0x02, 0xB9, 0x02, 0xBA, 0x02, 0xBB, 0x02, 0xCE, 0x02, 0xCF, 0x07, 0x41,
    0x45, 0x61, 0x63, 0x75, 0x74, 0x65, 0x06, 0x41, 0x62, 0x72, 0x65, 0x76, 0x65, 0x05, 0x41, 0x6C,
    0x70, 0x68, 0x61, 0x0A, 0x41, 0x6C, 0x70, 0x68, 0x61, 0x74, 0x6F, 0x6E, 0x6F, 0x73, 0x07, 0x41,
    0x6D, 0x61, 0x63, 0x72, 0x6F, 0x6E, 0x07, 0x41, 0x6F, 0x67, 0x6F, 0x6E, 0x65, 0x6B, 0x0A, 0x41,
    0x72, 0x69, 0x6E, 0x67, 0x61, 0x63, 0x75, 0x74, 0x65, 0x04, 0x42, 0x65, 0x74, 0x61, 0x0B, 0x43,
    0x63, 0x69, 0x72, 0x63, 0x75, 0x6D, 0x66, 0x6C, 0x65, 0x78, 0x0A, 0x43, 0x64, 0x6F, 0x74, 0x61,
    0x63, 0x63, 0x65, 0x6E, 0x74, 0x03, 0x43, 0x68, 0x69, 0x06, 0x44, 0x63, 0x61, 0x72, 0x6F, 0x6E,
    0x06, 0x44, 0x63, 0x72, 0x6F, 0x61, 0x74, 0x06, 0x45, 0x62, 0x72, 0x65, 0x76, 0x65, 0x06, 0x45,
    0x63, 0x61, 0x72, 0x6F, 0x6E, 0x0A, 0x45, 0x64, 0x6F, 0x74, 0x61, 0x63, 0x63, 0x65, 0x6E, 0x74,
    0x07, 0x45, 0x6D, 0x61, 0x63, 0x72, 0x6F, 0x6E, 0x03, 0x45, 0x6E, 0x67, 0x07, 0x45, 0x6F, 0x67,
    0x6F, 0x6E, 0x65, 0x6B, 0x07, 0x45, 0x70, 0x73, 0x69, 0x6C, 0x6F, 0x6E, 0x0C, 0x45, 0x70, 0x73,
    0x69, 0x6C, 0x6F, 0x6E, 0x74, 0x6F, 0x6E, 0x6F, 0x73, 0x03, 0x45, 0x74, 0x61, 0x08, 0x45, 0x74,
    0x61, 0x74, 0x6F, 0x6E, 0x6F, 0x73, 0x04, 0x45, 0x75, 0x72, 0x6F, 0x05, 0x47, 0x61, 0x6D, 0x6D,
    0x61, 0x0B, 0x47, 0x63, 0x69, 0x72, 0x63, 0x75, 0x6D, 0x66, 0x6C, 0x65, 0x78, 0x0A, 0x47, 0x64,
    0x6F, 0x74, 0x61, 0x63, 0x63, 0x65, 0x6E, 0x74, 0x06, 0x48, 0x31, 0x38, 0x35, 0x33, 0x33, 0x06,
    0x48, 0x31, 0x38, 0x35, 0x34, 0x33, 0x06, 0x48, 0x31, 0x38, 0x35, 0x35, 0x31, 0x06, 0x48, 0x32,
    0x32, 0x30, 0x37, 0x33, 0x04, 0x48, 0x62, 0x61, 0x72, 0x0B, 0x48, 0x63, 0x69, 0x72, 0x63, 0x75,
    0x6D, 0x66, 0x6C, 0x65, 0x78, 0x02, 0x49, 0x4A, 0x06, 0x49, 0x62, 0x72, 0x65, 0x76, 0x65, 0x07,
    0x49, 0x6D, 0x61, 0x63, 0x72, 0x6F, 0x6E, 0x07, 0x49, 0x6F, 0x67, 0x6F, 0x6E, 0x65, 0x6B, 0x04,
    0x49, 0x6F, 0x74, 0x61, 0x0C, 0x49, 0x6F, 0x74, 0x61, 0x64, 0x69, 0x65, 0x72, 0x65, 0x73, 0x69,
    0x73, 0x09, 0x49, 0x6F, 0x74, 0x61, 0x74, 0x6F, 0x6E, 0x6F, 0x73, 0x06, 0x49, 0x74, 0x69, 0x6C,
    0x64, 0x65, 0x0B, 0x4A, 0x63, 0x69, 0x72, 0x63, 0x75, 0x6D, 0x66, 0x6C, 0x65, 0x78, 0x05, 0x4B,
    0x61, 0x70, 0x70, 0x61, 0x06, 0x4C, 0x61, 0x63, 0x75, 0x74, 0x65, 0x06, 0x4C, 0x61, 0x6D, 0x62,
    0x64, 0x61, 0x06, 0x4C, 0x63, 0x61, 0x72, 0x6F, 0x6E, 0x04, 0x4C, 0x64, 0x6F, 0x74, 0x02, 0x4D,
    0x75, 0x06, 0x4E, 0x61, 0x63, 0x75, 0x74, 0x65, 0x06, 0x4E, 0x63, 0x61, 0x72, 0x6F, 0x6E, 0x02,
    0x4E, 0x75, 0x06, 0x4F, 0x62, 0x72, 0x65, 0x76, 0x65, 0x0D, 0x4F, 0x68, 0x75, 0x6E, 0x67, 0x61,
    0x72, 0x75, 0x6D, 0x6C, 0x61, 0x75, 0x74, 0x07, 0x4F, 0x6D, 0x61, 0x63, 0x72, 0x6F, 0x6E, 0x0A,
    0x4F, 0x6D, 0x65, 0x67, 0x61, 0x74, 0x6F, 0x6E, 0x6F, 0x73, 0x07, 0x4F, 0x6D, 0x69, 0x63, 0x72,
    0x6F, 0x6E, 0x0C, 0x4F, 0x6D, 0x69, 0x63, 0x72, 0x6F, 0x6E, 0x74, 0x6F, 0x6E, 0x6F, 0x73, 0x0B,
    0x4F, 0x73, 0x6C, 0x61, 0x73, 0x68, 0x61, 0x63, 0x75, 0x74, 0x65, 0x03, 0x50, 0x68, 0x69, 0x02,
    0x50, 0x69, 0x03, 0x50, 0x73, 0x69, 0x06, 0x52, 0x61, 0x63, 0x75, 0x74, 0x65, 0x06, 0x52, 0x63,
    0x61, 0x72, 0x6F, 0x6E, 0x03, 0x52, 0x68, 0x6F, 0x08, 0x53, 0x46, 0x30, 0x31, 0x30, 0x30, 0x30,
    0x30, 0x08, 0x53, 0x46, 0x30, 0x32, 0x30, 0x30, 0x30, 0x30, 0x08, 0x53, 0x46, 0x30, 0x33, 0x30,
    0x30, 0x30, 0x30, 0x08, 0x53, 0x46, 0x30, 0x34, 0x30, 0x30, 0x30, 0x30, 0x08, 0x53, 0x46, 0x30,
    0x35, 0x30, 0x30, 0x30, 0x30, 0x08, 0x53, 0x46, 0x30, 0x36, 0x30, 0x30, 0x30, 0x30, 0x08, 0x53,
    0x46, 0x30, 0x37, 0x30, 0x30, 0x30, 0x30, 0x08, 0x53, 0x46, 0x30, 0x38, 0x30, 0x30, 0x30, 0x30,
    0x08, 0x53, 0x46, 0x30, 0x39, 0x30, 0x30, 0x30, 0x30, 0x08, 0x53, 0x46, 0x31, 0x30, 0x30, 0x30,
    0x30, 0x30, 0x08, 0x53, 0x46, 0x31, 0x31, 0x30, 0x30, 0x30, 0x30, 0x08, 0x53, 0x46, 0x31, 0x39,
    0x30, 0x30, 0x30, 0x30, 0x08, 0x53, 0x46, 0x32, 0x30, 0x30, 0x30, 0x30, 0x30, 0x08, 0x53, 0x46,
    0x32, 0x31, 0x30, 0x30, 0x30, 0x30, 0x08, 0x53, 0x46, 0x32, 0x32, 0x30, 0x30, 0x30, 0x30, 0x08,
    0x53, 0x46, 0x32, 0x33, 0x30, 0x30, 0x30, 0x30, 0x08, 0x53, 0x46, 0x32, 0x34, 0x30, 0x30, 0x30,
    0x30, 0x08, 0x53, 0x46, 0x32, 0x35, 0x30, 0x30, 0x30, 0x30, 0x08, 0x53, 0x46, 0x32, 0x36, 0x30,
    0x30, 0x30, 0x30, 0x08, 0x53, 0x46, 0x32, 0x37, 0x30, 0x30, 0x30, 0x30, 0x08, 0x53, 0x46, 0x32,
    0x38, 0x30, 0x30, 0x30, 0x30, 0x08, 0x53, 0x46, 0x33, 0x36, 0x30, 0x30, 0x30, 0x30, 0x08, 0x53,
    0x46, 0x33, 0x37, 0x30, 0x30, 0x30, 0x30, 0x08, 0x53, 0x46, 0x33, 0x38, 0x30, 0x30, 0x30, 0x30,
    0x08, 0x53, 0x46, 0x33, 0x39, 0x30, 0x30, 0x30, 0x30, 0x08, 0x53, 0x46, 0x34, 0x30, 0x30, 0x30,
    0x30, 0x30, 0x08, 0x53, 0x46, 0x34, 0x31, 0x30, 0x30, 0x30, 0x30, 0x08, 0x53, 0x46, 0x34, 0x32,
    0x30, 0x30, 0x30, 0x30, 0x08, 0x53, 0x46, 0x34, 0x33, 0x30, 0x30, 0x30, 0x30, 0x08, 0x53, 0x46,
    0x34, 0x34, 0x30, 0x30, 0x30, 0x30, 0x08, 0x53, 0x46, 0x34, 0x35, 0x30, 0x30, 0x30, 0x30, 0x08,
    0x53, 0x46, 0x34, 0x36, 0x30, 0x30, 0x30, 0x30, 0x08, 0x53, 0x46, 0x34, 0x37, 0x30, 0x30, 0x30,
    0x30, 0x08, 0x53, 0x46, 0x34, 0x38, 0x30, 0x30, 0x30, 0x30, 0x08, 0x53, 0x46, 0x34, 0x39, 0x30,
    0x30, 0x30, 0x30, 0x08, 0x53, 0x46, 0x35, 0x30, 0x30, 0x30, 0x30, 0x30, 0x08, 0x53, 0x46, 0x35,
    0x31, 0x30, 0x30, 0x30, 0x30, 0x08, 0x53, 0x46, 0x35, 0x32, 0x30, 0x30, 0x30, 0x30, 0x08, 0x53,
    0x46, 0x35, 0x33, 0x30, 0x30, 0x30, 0x30, 0x08, 0x53, 0x46, 0x35, 0x34, 0x30, 0x30, 0x30, 0x30,
    0x06, 0x53, 0x61, 0x63, 0x75, 0x74, 0x65, 0x0B, 0x53, 0x63, 0x69, 0x72, 0x63, 0x75, 0x6D, 0x66,
    0x6C, 0x65, 0x78, 0x05, 0x53, 0x69, 0x67, 0x6D, 0x61, 0x03, 0x54, 0x61, 0x75, 0x04, 0x54, 0x62,
    0x61, 0x72, 0x06, 0x54, 0x63, 0x61, 0x72, 0x6F, 0x6E, 0x05, 0x54, 0x68, 0x65, 0x74, 0x61, 0x06,
    0x55, 0x62, 0x72, 0x65, 0x76, 0x65, 0x0D, 0x55, 0x68, 0x75, 0x6E, 0x67, 0x61, 0x72, 0x75, 0x6D,
    0x6C, 0x61, 0x75, 0x74, 0x07, 0x55, 0x6D, 0x61, 0x63, 0x72, 0x6F, 0x6E, 0x07, 0x55, 0x6F, 0x67,
    0x6F, 0x6E, 0x65, 0x6B, 0x07, 0x55, 0x70, 0x73, 0x69, 0x6C, 0x6F, 0x6E, 0x0F, 0x55, 0x70, 0x73,
    0x69, 0x6C, 0x6F, 0x6E, 0x64, 0x69, 0x65, 0x72, 0x65, 0x73, 0x69, 0x73, 0x0C, 0x55, 0x70, 0x73,
    0x69, 0x6C, 0x6F, 0x6E, 0x74, 0x6F, 0x6E, 0x6F, 0x73, 0x05, 0x55, 0x72, 0x69, 0x6E, 0x67, 0x06,
    0x55, 0x74, 0x69, 0x6C, 0x64, 0x65, 0x06, 0x57, 0x61, 0x63, 0x75, 0x74, 0x65, 0x0B, 0x57, 0x63,
    0x69, 0x72, 0x63, 0x75, 0x6D, 0x66, 0x6C, 0x65, 0x78, 0x09, 0x57, 0x64, 0x69, 0x65, 0x72, 0x65,
    0x73, 0x69, 0x73, 0x06, 0x57, 0x67, 0x72, 0x61, 0x76, 0x65, 0x02, 0x58, 0x69, 0x0B, 0x59, 0x63,
    0x69, 0x72, 0x63, 0x75, 0x6D, 0x66, 0x6C, 0x65, 0x78, 0x06, 0x59, 0x67, 0x72, 0x61, 0x76, 0x65,
    0x06, 0x5A, 0x61, 0x63, 0x75, 0x74, 0x65, 0x0A, 0x5A, 0x64, 0x6F, 0x74, 0x61, 0x63, 0x63, 0x65,
    0x6E, 0x74, 0x04, 0x5A, 0x65, 0x74, 0x61, 0x06, 0x61, 0x62, 0x72, 0x65, 0x76, 0x65, 0x07, 0x61,
    0x65, 0x61, 0x63, 0x75, 0x74, 0x65, 0x05, 0x61, 0x6C, 0x70, 0x68, 0x61, 0x0A, 0x61, 0x6C, 0x70,
    0x68, 0x61, 0x74, 0x6F, 0x6E, 0x6F, 0x73, 0x07, 0x61, 0x6D, 0x61, 0x63, 0x72, 0x6F, 0x6E, 0x09,
    0x61, 0x6E, 0x6F, 0x74, 0x65, 0x6C, 0x65, 0x69, 0x61, 0x07, 0x61, 0x6F, 0x67, 0x6F, 0x6E, 0x65,
    0x6B, 0x0A, 0x61, 0x72, 0x69, 0x6E, 0x67, 0x61, 0x63, 0x75, 0x74, 0x65, 0x09, 0x61, 0x72, 0x72,
    0x6F, 0x77, 0x62, 0x6F, 0x74, 0x68, 0x09, 0x61, 0x72, 0x72, 0x6F, 0x77, 0x64, 0x6F, 0x77, 0x6E,
    0x09, 0x61, 0x72, 0x72, 0x6F, 0x77, 0x6C, 0x65, 0x66, 0x74, 0x0A, 0x61, 0x72, 0x72, 0x6F, 0x77,
    0x72, 0x69, 0x67, 0x68, 0x74, 0x07, 0x61, 0x72, 0x72, 0x6F, 0x77, 0x75, 0x70, 0x09, 0x61, 0x72,
    0x72, 0x6F, 0x77, 0x75, 0x70, 0x64, 0x6E, 0x0C, 0x61, 0x72, 0x72, 0x6F, 0x77, 0x75, 0x70, 0x64,
    0x6E, 0x62, 0x73, 0x65, 0x04, 0x62, 0x65, 0x74, 0x61, 0x05, 0x62, 0x6C, 0x6F, 0x63, 0x6B, 0x0B,
    0x63, 0x63, 0x69, 0x72, 0x63, 0x75, 0x6D, 0x66, 0x6C, 0x65, 0x78, 0x0A, 0x63, 0x64, 0x6F, 0x74,
    0x61, 0x63, 0x63, 0x65, 0x6E, 0x74, 0x03, 0x63, 0x68, 0x69, 0x06, 0x63, 0x69, 0x72, 0x63, 0x6C,
    0x65, 0x04, 0x63, 0x6C, 0x75, 0x62, 0x06, 0x64, 0x63, 0x61, 0x72, 0x6F, 0x6E, 0x05, 0x64, 0x65,
    0x6C, 0x74, 0x61, 0x07, 0x64, 0x69, 0x61, 0x6D, 0x6F, 0x6E, 0x64, 0x0D, 0x64, 0x69, 0x65, 0x72,
    0x65, 0x73, 0x69, 0x73, 0x74, 0x6F, 0x6E, 0x6F, 0x73, 0x07, 0x64, 0x6B, 0x73, 0x68, 0x61, 0x64,
    0x65, 0x07, 0x64, 0x6E, 0x62, 0x6C, 0x6F, 0x63, 0x6B, 0x06, 0x65, 0x62, 0x72, 0x65, 0x76, 0x65,
    0x06, 0x65, 0x63, 0x61, 0x72, 0x6F, 0x6E, 0x0A, 0x65, 0x64, 0x6F, 0x74, 0x61, 0x63, 0x63, 0x65,
    0x6E, 0x74, 0x07, 0x65, 0x6D, 0x61, 0x63, 0x72, 0x6F, 0x6E, 0x03, 0x65, 0x6E, 0x67, 0x07, 0x65,
    0x6F, 0x67, 0x6F, 0x6E, 0x65, 0x6B, 0x07, 0x65, 0x70, 0x73, 0x69, 0x6C, 0x6F, 0x6E, 0x0C, 0x65,
    0x70, 0x73, 0x69, 0x6C, 0x6F, 0x6E, 0x74, 0x6F, 0x6E, 0x6F, 0x73, 0x0B, 0x65, 0x71, 0x75, 0x69,
    0x76, 0x61, 0x6C, 0x65, 0x6E, 0x63, 0x65, 0x09, 0x65, 0x73, 0x74, 0x69, 0x6D, 0x61, 0x74, 0x65,
    0x64, 0x03, 0x65, 0x74, 0x61, 0x08, 0x65, 0x74, 0x61, 0x74, 0x6F, 0x6E, 0x6F, 0x73, 0x09, 0x65,
    0x78, 0x63, 0x6C, 0x61, 0x6D, 0x64, 0x62, 0x6C, 0x06, 0x66, 0x65, 0x6D, 0x61, 0x6C, 0x65, 0x09,
    0x66, 0x69, 0x6C, 0x6C, 0x65, 0x64, 0x62, 0x6F, 0x78, 0x0A, 0x66, 0x69, 0x6C, 0x6C, 0x65, 0x64,
    0x72, 0x65, 0x63, 0x74, 0x0B, 0x66, 0x69, 0x76, 0x65, 0x65, 0x69, 0x67, 0x68, 0x74, 0x68, 0x73,
    0x05, 0x67, 0x61, 0x6D, 0x6D, 0x61, 0x0B, 0x67, 0x63, 0x69, 0x72, 0x63, 0x75, 0x6D, 0x66, 0x6C,
    0x65, 0x78, 0x0A, 0x67, 0x64, 0x6F, 0x74, 0x61, 0x63, 0x63, 0x65, 0x6E, 0x74, 0x06, 0x67, 0x6F,
    0x70, 0x68, 0x65, 0x72, 0x04, 0x68, 0x62, 0x61, 0x72, 0x0B, 0x68, 0x63, 0x69, 0x72, 0x63, 0x75,
    0x6D, 0x66, 0x6C, 0x65, 0x78, 0x05, 0x68, 0x65, 0x61, 0x72, 0x74, 0x05, 0x68, 0x6F, 0x75, 0x73,
    0x65, 0x06, 0x69, 0x62, 0x72, 0x65, 0x76, 0x65, 0x02, 0x69, 0x6A, 0x07, 0x69, 0x6D, 0x61, 0x63,
    0x72, 0x6F, 0x6E, 0x0A, 0x69, 0x6E, 0x74, 0x65, 0x67, 0x72, 0x61, 0x6C, 0x62, 0x74, 0x0A, 0x69,
    0x6E, 0x74, 0x65, 0x67, 0x72, 0x61, 0x6C, 0x74, 0x70, 0x0C, 0x69, 0x6E, 0x74, 0x65, 0x72, 0x73,
    0x65, 0x63, 0x74, 0x69, 0x6F, 0x6E, 0x09, 0x69, 0x6E, 0x76, 0x62, 0x75, 0x6C, 0x6C, 0x65, 0x74,
    0x09, 0x69, 0x6E, 0x76, 0x63, 0x69, 0x72, 0x63, 0x6C, 0x65, 0x0C, 0x69, 0x6E, 0x76, 0x73, 0x6D,
    0x69, 0x6C, 0x65, 0x66, 0x61, 0x63, 0x65, 0x07, 0x69, 0x6F, 0x67, 0x6F, 0x6E, 0x65, 0x6B, 0x04,
    0x69, 0x6F, 0x74, 0x61, 0x0C, 0x69, 0x6F, 0x74, 0x61, 0x64, 0x69, 0x65, 0x72, 0x65, 0x73, 0x69,
    0x73, 0x11, 0x69, 0x6F, 0x74, 0x61, 0x64, 0x69, 0x65, 0x72, 0x65, 0x73, 0x69, 0x73, 0x74, 0x6F,
    0x6E, 0x6F, 0x73, 0x09, 0x69, 0x6F, 0x74, 0x61, 0x74, 0x6F, 0x6E, 0x6F, 0x73, 0x06, 0x69, 0x74,
    0x69, 0x6C, 0x64, 0x65, 0x0B, 0x6A, 0x63, 0x69, 0x72, 0x63, 0x75, 0x6D, 0x66, 0x6C, 0x65, 0x78,
    0x05, 0x6B, 0x61, 0x70, 0x70, 0x61, 0x0C, 0x6B, 0x67, 0x72, 0x65, 0x65, 0x6E, 0x6C, 0x61, 0x6E,
    0x64, 0x69, 0x63, 0x06, 0x6C, 0x61, 0x63, 0x75, 0x74, 0x65, 0x06, 0x6C, 0x61, 0x6D, 0x62, 0x64,
    0x61, 0x06, 0x6C, 0x63, 0x61, 0x72, 0x6F, 0x6E, 0x04, 0x6C, 0x64, 0x6F, 0x74, 0x07, 0x6C, 0x66,
    0x62, 0x6C, 0x6F, 0x63, 0x6B, 0x04, 0x6C, 0x69, 0x72, 0x61, 0x05, 0x6C, 0x6F, 0x6E, 0x67, 0x73,
    0x07, 0x6C, 0x74, 0x73, 0x68, 0x61, 0x64, 0x65, 0x04, 0x6D, 0x61, 0x6C, 0x65, 0x06, 0x6D, 0x69,
    0x6E, 0x75, 0x74, 0x65, 0x0B, 0x6D, 0x75, 0x73, 0x69, 0x63, 0x61, 0x6C, 0x6E, 0x6F, 0x74, 0x65,
    0x0E, 0x6D, 0x75, 0x73, 0x69, 0x63, 0x61, 0x6C, 0x6E, 0x6F, 0x74, 0x65, 0x64, 0x62, 0x6C, 0x06,
    0x6E, 0x61, 0x63, 0x75, 0x74, 0x65, 0x0B, 0x6E, 0x61, 0x70, 0x6F, 0x73, 0x74, 0x72, 0x6F, 0x70,
    0x68, 0x65, 0x06, 0x6E, 0x63, 0x61, 0x72, 0x6F, 0x6E, 0x02, 0x6E, 0x75, 0x06, 0x6F, 0x62, 0x72,
    0x65, 0x76, 0x65, 0x0D, 0x6F, 0x68, 0x75, 0x6E, 0x67, 0x61, 0x72, 0x75, 0x6D, 0x6C, 0x61, 0x75,
    0x74, 0x07, 0x6F, 0x6D, 0x61, 0x63, 0x72, 0x6F, 0x6E, 0x05, 0x6F, 0x6D, 0x65, 0x67, 0x61, 0x0A,
    0x6F, 0x6D, 0x65, 0x67, 0x61, 0x74, 0x6F, 0x6E, 0x6F, 0x73, 0x07, 0x6F, 0x6D, 0x69, 0x63, 0x72,
    0x6F, 0x6E, 0x0C, 0x6F, 0x6D, 0x69, 0x63, 0x72, 0x6F, 0x6E, 0x74, 0x6F, 0x6E, 0x6F, 0x73, 0x09,
    0x6F, 0x6E, 0x65, 0x65, 0x69, 0x67, 0x68, 0x74, 0x68, 0x0A, 0x6F, 0x70, 0x65, 0x6E, 0x62, 0x75,
    0x6C, 0x6C, 0x65, 0x74, 0x0A, 0x6F, 0x72, 0x74, 0x68, 0x6F, 0x67, 0x6F, 0x6E, 0x61, 0x6C, 0x0B,
    0x6F, 0x73, 0x6C, 0x61, 0x73, 0x68, 0x61, 0x63, 0x75, 0x74, 0x65, 0x06, 0x70, 0x65, 0x73, 0x65,
    0x74, 0x61, 0x03, 0x70, 0x68, 0x69, 0x03, 0x70, 0x73, 0x69, 0x0D, 0x71, 0x75, 0x6F, 0x74, 0x65,
    0x72, 0x65, 0x76, 0x65, 0x72, 0x73, 0x65, 0x64, 0x06, 0x72, 0x61, 0x63, 0x75, 0x74, 0x65, 0x06,
    0x72, 0x63, 0x61, 0x72, 0x6F, 0x6E, 0x0D, 0x72, 0x65, 0x76, 0x6C, 0x6F, 0x67, 0x69, 0x63, 0x61,
    0x6C, 0x6E, 0x6F, 0x74, 0x03, 0x72, 0x68, 0x6F, 0x07, 0x72, 0x74, 0x62, 0x6C, 0x6F, 0x63, 0x6B,
    0x06, 0x73, 0x61, 0x63, 0x75, 0x74, 0x65, 0x0B, 0x73, 0x63, 0x69, 0x72, 0x63, 0x75, 0x6D, 0x66,
    0x6C, 0x65, 0x78, 0x06, 0x73, 0x65, 0x63, 0x6F, 0x6E, 0x64, 0x0C, 0x73, 0x65, 0x76, 0x65, 0x6E,
    0x65, 0x69, 0x67, 0x68, 0x74, 0x68, 0x73, 0x05, 0x73, 0x68, 0x61, 0x64, 0x65, 0x05, 0x73, 0x69,
    0x67, 0x6D, 0x61, 0x06, 0x73, 0x69, 0x67, 0x6D, 0x61, 0x31, 0x09, 0x73, 0x6D, 0x69, 0x6C, 0x65,
    0x66, 0x61, 0x63, 0x65, 0x05, 0x73, 0x70, 0x61, 0x64, 0x65, 0x03, 0x73, 0x75, 0x6E, 0x03, 0x74,
    0x61, 0x75, 0x04, 0x74, 0x62, 0x61, 0x72, 0x06, 0x74, 0x63, 0x61, 0x72, 0x6F, 0x6E, 0x05, 0x74,
    0x68, 0x65, 0x74, 0x61, 0x0C, 0x74, 0x68, 0x72, 0x65, 0x65, 0x65, 0x69, 0x67, 0x68, 0x74, 0x68,
    0x73, 0x05, 0x74, 0x6F, 0x6E, 0x6F, 0x73, 0x07, 0x74, 0x72, 0x69, 0x61, 0x67, 0x64, 0x6E, 0x07,
    0x74, 0x72, 0x69, 0x61, 0x67, 0x6C, 0x66, 0x07, 0x74, 0x72, 0x69, 0x61, 0x67, 0x72, 0x74, 0x07,
    0x74, 0x72, 0x69, 0x61, 0x67, 0x75, 0x70, 0x06, 0x75, 0x62, 0x72, 0x65, 0x76, 0x65, 0x0D, 0x75,
    0x68, 0x75, 0x6E, 0x67, 0x61, 0x72, 0x75, 0x6D, 0x6C, 0x61, 0x75, 0x74, 0x07, 0x75, 0x6D, 0x61,
    0x63, 0x72, 0x6F, 0x6E, 0x0D, 0x75, 0x6E, 0x64, 0x65, 0x72, 0x73, 0x63, 0x6F, 0x72, 0x65, 0x64,
    0x62, 0x6C, 0x07, 0x75, 0x6E, 0x69, 0x30, 0x30, 0x30, 0x30, 0x07, 0x75, 0x6E, 0x69, 0x30, 0x30,
    0x30, 0x44, 0x07, 0x75, 0x6E, 0x69, 0x30, 0x30, 0x41, 0x30, 0x07, 0x75, 0x6E, 0x69, 0x30, 0x30,
    0x41, 0x44, 0x07, 0x75, 0x6E, 0x69, 0x30, 0x30, 0x42, 0x32, 0x07, 0x75, 0x6E, 0x69, 0x30, 0x30,
    0x42, 0x33, 0x07, 0x75, 0x6E, 0x69, 0x30, 0x30, 0x42, 0x39, 0x07, 0x75, 0x6E, 0x69, 0x30, 0x31,
    0x32, 0x32, 0x07, 0x75, 0x6E, 0x69, 0x30, 0x31, 0x32, 0x33, 0x07, 0x75, 0x6E, 0x69, 0x30, 0x31,
    0x33, 0x36, 0x07, 0x75, 0x6E, 0x69, 0x30, 0x31, 0x33, 0x37, 0x07, 0x75, 0x6E, 0x69, 0x30, 0x31,
    0x33, 0x42, 0x07, 0x75, 0x6E, 0x69, 0x30, 0x31, 0x33, 0x43, 0x07, 0x75, 0x6E, 0x69, 0x30, 0x31,
    0x34, 0x35, 0x07, 0x75, 0x6E, 0x69, 0x30, 0x31, 0x34, 0x36, 0x07, 0x75, 0x6E, 0x69, 0x30, 0x31,
    0x35, 0x36, 0x07, 0x75, 0x6E, 0x69, 0x30, 0x31, 0x35, 0x37, 0x07, 0x75, 0x6E, 0x69, 0x30, 0x31,
    0x36, 0x32, 0x07, 0x75, 0x6E, 0x69, 0x30, 0x31, 0x36, 0x33, 0x07, 0x75, 0x6E, 0x69, 0x30, 0x31,
    0x43, 0x44, 0x07, 0x75, 0x6E, 0x69, 0x30, 0x31, 0x43, 0x45, 0x07, 0x75, 0x6E, 0x69, 0x30, 0x31,
    0x43, 0x46, 0x07, 0x75, 0x6E, 0x69, 0x30, 0x31, 0x44, 0x30, 0x07, 0x75, 0x6E, 0x69, 0x30, 0x31,
    0x44, 0x31, 0x07, 0x75, 0x6E, 0x69, 0x30, 0x31, 0x44, 0x32, 0x07, 0x75, 0x6E, 0x69, 0x30, 0x31,
    0x44, 0x33, 0x07, 0x75, 0x6E, 0x69, 0x30, 0x31, 0x44, 0x34, 0x07, 0x75, 0x6E, 0x69, 0x30, 0x31,
    0x44, 0x35, 0x07, 0x75, 0x6E, 0x69, 0x30, 0x31, 0x44, 0x36, 0x07, 0x75, 0x6E, 0x69, 0x30, 0x31,
    0x44, 0x37, 0x07, 0x75, 0x6E, 0x69, 0x30, 0x31, 0x44, 0x38, 0x07, 0x75, 0x6E, 0x69, 0x30, 0x31,
    0x44, 0x39, 0x07, 0x75, 0x6E, 0x69, 0x30, 0x31, 0x44, 0x41, 0x07, 0x75, 0x6E, 0x69, 0x30, 0x31,
    0x44, 0x42, 0x07, 0x75, 0x6E, 0x69, 0x30, 0x31, 0x44, 0x43, 0x07, 0x75, 0x6E, 0x69, 0x30, 0x32,
    0x31, 0x38, 0x07, 0x75, 0x6E, 0x69, 0x30, 0x32, 0x31, 0x39, 0x07, 0x75, 0x6E, 0x69, 0x30, 0x32,
    0x31, 0x41, 0x07, 0x75, 0x6E, 0x69, 0x30, 0x32, 0x31, 0x42, 0x07, 0x75, 0x6E, 0x69, 0x30, 0x32,
    0x43, 0x39, 0x07, 0x75, 0x6E, 0x69, 0x30, 0x33, 0x37, 0x45, 0x07, 0x75, 0x6E, 0x69, 0x30, 0x33,
    0x39, 0x34, 0x07, 0x75, 0x6E, 0x69, 0x30, 0x33, 0x41, 0x39, 0x07, 0x75, 0x6E, 0x69, 0x30, 0x33,
    0x42, 0x43, 0x07, 0x75, 0x6E, 0x69, 0x30, 0x34, 0x30, 0x30, 0x07, 0x75, 0x6E, 0x69, 0x30, 0x34,
    0x30, 0x31, 0x07, 0x75, 0x6E, 0x69, 0x30, 0x34, 0x30, 0x32, 0x07, 0x75, 0x6E, 0x69, 0x30, 0x34,
    0x30, 0x33, 0x07, 0x75, 0x6E, 0x69, 0x30, 0x34, 0x30, 0x34, 0x07, 0x75, 0x6E, 0x69, 0x30, 0x34,
    0x30, 0x35, 0x07, 0x75, 0x6E, 0x69, 0x30, 0x34, 0x30, 0x36, 0x07, 0x75, 0x6E, 0x69, 0x30, 0x34,
    0x30, 0x37, 0x07, 0x75, 0x6E, 0x69, 0x30, 0x34, 0x30, 0x38, 0x07, 0x75, 0x6E, 0x69, 0x30, 0x34,
    0x30, 0x39, 0x07, 0x75, 0x6E, 0x69, 0x30, 0x34, 0x30, 0x41, 0x07, 0x75, 0x6E, 0x69, 0x30, 0x34,
    0x30, 0x42, 0x07, 0x75, 0x6E, 0x69, 0x30, 0x34, 0x30, 0x43, 0x07, 0x75, 0x6E, 0x69, 0x30, 0x34,
    0x30, 0x44, 0x07, 0x75, 0x6E, 0x69, 0x30, 0x34, 0x30, 0x45, 0x07, 0x75, 0x6E, 0x69, 0x30, 0x34,
    0x30, 0x46, 0x07, 0x75, 0x6E, 0x69, 0x30, 0x34, 0x31, 0x30, 0x07, 0x75, 0x6E, 0x69, 0x30, 0x34,
    0x31, 0x31, 0x07, 0x75, 0x6E, 0x69, 0x30, 0x34, 0x31, 0x32, 0x07, 0x75, 0x6E, 0x69, 0x30, 0x34,
    0x31, 0x33, 0x07, 0x75, 0x6E, 0x69, 0x30, 0x34, 0x31, 0x34, 0x07, 0x75, 0x6E, 0x69, 0x30, 0x34,
    0x31, 0x35, 0x07, 0x75, 0x6E, 0x69, 0x30, 0x34, 0x31, 0x36, 0x07, 0x75, 0x6E, 0x69, 0x30, 0x34,
    0x31, 0x37, 0x07, 0x75, 0x6E, 0x69, 0x30, 0x34, 0x31, 0x38, 0x07, 0x75, 0x6E, 0x69, 0x30, 0x34,
    0x31, 0x39, 0x07, 0x75, 0x6E, 0x69, 0x30, 0x34, 0x31, 0x41, 0x07, 0x75, 0x6E, 0x69, 0x30, 0x34,
    0x31, 0x42, 0x07, 0x75, 0x6E, 0x69, 0x30, 0x34, 0x31, 0x43, 0x07, 0x75, 0x6E, 0x69, 0x30, 0x34,
    0x31, 0x44, 0x07, 0x75, 0x6E, 0x69, 0x30, 0x34, 0x31, 0x45, 0x07, 0x75, 0x6E, 0x69, 0x30, 0x34,
    0x31, 0x46, 0x07, 0x75, 0x6E, 0x69, 0x30, 0x34, 0x32, 0x30, 0x07, 0x75, 0x6E, 0x69, 0x30, 0x34,
    0x32, 0x31, 0x07, 0x75, 0x6E, 0x69, 0x30, 0x34, 0x32, 0x32, 0x07, 0x75, 0x6E, 0x69, 0x30, 0x34,
    0x32, 0x33, 0x07, 0x75, 0x6E, 0x69, 0x30, 0x34, 0x32, 0x34, 0x07, 0x75, 0x6E, 0x69, 0x30, 0x34,
    0x32, 0x35, 0x07, 0x75, 0x6E, 0x69, 0x30, 0x34, 0x32, 0x36, 0x07, 0x75, 0x6E, 0x69, 0x30, 0x34,
    0x32, 0x37, 0x07, 0x75, 0x6E, 0x69, 0x30, 0x34, 0x32, 0x38, 0x07, 0x75, 0x6E, 0x69, 0x30, 0x34,
    0x32, 0x39, 0x07, 0x75, 0x6E, 0x69, 0x30, 0x34, 0x32, 0x41, 0x07, 0x75, 0x6E, 0x69, 0x30, 0x34,
    0x32, 0x42, 0x07, 0x75, 0x6E, 0x69, 0x30, 0x34, 0x32, 0x43, 0x07, 0x75, 0x6E, 0x69, 0x30, 0x34,
    0x32, 0x44, 0x07, 0x75, 0x6E, 0x69, 0x30, 0x34, 0x32, 0x45, 0x07, 0x75, 0x6E, 0x69, 0x30, 0x34,
    0x32, 0x46, 0x07, 0x75, 0x6E, 0x69, 0x30, 0x34, 0x33, 0x30, 0x07, 0x75, 0x6E, 0x69, 0x30, 0x34,
    0x33, 0x31, 0x07, 0x75, 0x6E, 0x69, 0x30, 0x34, 0x33, 0x32, 0x07, 0x75, 0x6E, 0x69, 0x30, 0x34,
    0x33, 0x33, 0x07, 0x75, 0x6E, 0x69, 0x30, 0x34, 0x33, 0x34, 0x07, 0x75, 0x6E, 0x69, 0x30, 0x34,
    0x33, 0x35, 0x07, 0x75, 0x6E, 0x69, 0x30, 0x34, 0x33, 0x36, 0x07, 0x75, 0x6E, 0x69, 0x30, 0x34,
    0x33, 0x37, 0x07, 0x75, 0x6E, 0x69, 0x30, 0x34, 0x33, 0x38, 0x07, 0x75, 0x6E, 0x69, 0x30, 0x34,
    0x33, 0x39, 0x07, 0x75, 0x6E, 0x69, 0x30, 0x34, 0x33, 0x41, 0x07, 0x75, 0x6E, 0x69, 0x30, 0x34,
    0x33, 0x42, 0x07, 0x75, 0x6E, 0x69, 0x30, 0x34, 0x33, 0x43, 0x07, 0x75, 0x6E, 0x69, 0x30, 0x34,
    0x33, 0x44, 0x07, 0x75, 0x6E, 0x69, 0x30, 0x34, 0x33, 0x45, 0x07, 0x75, 0x6E, 0x69, 0x30, 0x34,
    0x33, 0x46, 0x07, 0x75, 0x6E, 0x69, 0x30, 0x34, 0x34, 0x30, 0x07, 0x75, 0x6E, 0x69, 0x30, 0x34,
    0x34, 0x31, 0x07, 0x75, 0x6E, 0x69, 0x30, 0x34, 0x34, 0x32, 0x07, 0x75, 0x6E, 0x69, 0x30, 0x34,
    0x34, 0x33, 0x07, 0x75, 0x6E, 0x69, 0x30, 0x34, 0x34, 0x34, 0x07, 0x75, 0x6E, 0x69, 0x30, 0x34,
    0x34, 0x35, 0x07, 0x75, 0x6E, 0x69, 0x30, 0x34, 0x34, 0x36, 0x07, 0x75, 0x6E, 0x69, 0x30, 0x34,
    0x34, 0x37, 0x07, 0x75, 0x6E, 0x69, 0x30, 0x34, 0x34, 0x38, 0x07, 0x75, 0x6E, 0x69, 0x30, 0x34,
    0x34, 0x39, 0x07, 0x75, 0x6E, 0x69, 0x30, 0x34, 0x34, 0x41, 0x07, 0x75, 0x6E, 0x69, 0x30, 0x34,
    0x34, 0x42, 0x07, 0x75, 0x6E, 0x69, 0x30, 0x34, 0x34, 0x43, 0x07, 0x75, 0x6E, 0x69, 0x30, 0x34,
    0x34, 0x44, 0x07, 0x75, 0x6E, 0x69, 0x30, 0x34, 0x34, 0x45, 0x07, 0x75, 0x6E, 0x69, 0x30, 0x34,
    0x34, 0x46, 0x07, 0x75, 0x6E, 0x69, 0x30, 0x34, 0x35, 0x30, 0x07, 0x75, 0x6E, 0x69, 0x30, 0x34,
    0x35, 0x31, 0x07, 0x75, 0x6E, 0x69, 0x30, 0x34, 0x35, 0x32, 0x07, 0x75, 0x6E, 0x69, 0x30, 0x34,
    0x35, 0x33, 0x07, 0x75, 0x6E, 0x69, 0x30, 0x34, 0x35, 0x34, 0x07, 0x75, 0x6E, 0x69, 0x30, 0x34,
    0x35, 0x35, 0x07, 0x75, 0x6E, 0x69, 0x30, 0x34, 0x35, 0x36, 0x07, 0x75, 0x6E, 0x69, 0x30, 0x34,
    0x35, 0x37, 0x07, 0x75, 0x6E, 0x69, 0x30, 0x34, 0x35, 0x38, 0x07, 0x75, 0x6E, 0x69, 0x30, 0x34,
    0x35, 0x39, 0x07, 0x75, 0x6E, 0x69, 0x30, 0x34, 0x35, 0x41, 0x07, 0x75, 0x6E, 0x69, 0x30, 0x34,
    0x35, 0x42, 0x07, 0x75, 0x6E, 0x69, 0x30, 0x34, 0x35, 0x43, 0x07, 0x75, 0x6E, 0x69, 0x30, 0x34,
    0x35, 0x44, 0x07, 0x75, 0x6E, 0x69, 0x30, 0x34, 0x35, 0x45, 0x07, 0x75, 0x6E, 0x69, 0x30, 0x34,
    0x35, 0x46, 0x07, 0x75, 0x6E, 0x69, 0x30, 0x34, 0x39, 0x30, 0x07, 0x75, 0x6E, 0x69, 0x30, 0x34,
    0x39, 0x31, 0x07, 0x75, 0x6E, 0x69, 0x32, 0x30, 0x31, 0x35, 0x07, 0x75, 0x6E, 0x69, 0x32, 0x30,
    0x33, 0x45, 0x07, 0x75, 0x6E, 0x69, 0x32, 0x30, 0x37, 0x30, 0x07, 0x75, 0x6E, 0x69, 0x32, 0x30,
    0x37, 0x34, 0x07, 0x75, 0x6E, 0x69, 0x32, 0x30, 0x37, 0x35, 0x07, 0x75, 0x6E, 0x69, 0x32, 0x30,
    0x37, 0x36, 0x07, 0x75, 0x6E, 0x69, 0x32, 0x30, 0x37, 0x37, 0x07, 0x75, 0x6E, 0x69, 0x32, 0x30,
    0x37, 0x38, 0x07, 0x75, 0x6E, 0x69, 0x32, 0x30, 0x37, 0x39, 0x07, 0x75, 0x6E, 0x69, 0x32, 0x30,
    0x37, 0x41, 0x07, 0x75, 0x6E, 0x69, 0x32, 0x30, 0x37, 0x42, 0x07, 0x75, 0x6E, 0x69, 0x32, 0x30,
    0x37, 0x43, 0x07, 0x75, 0x6E, 0x69, 0x32, 0x30, 0x37, 0x44, 0x07, 0x75, 0x6E, 0x69, 0x32, 0x30,
    0x37, 0x45, 0x07, 0x75, 0x6E, 0x69, 0x32, 0x30, 0x37, 0x46, 0x07, 0x75, 0x6E, 0x69, 0x32, 0x30,
    0x38, 0x30, 0x07, 0x75, 0x6E, 0x69, 0x32, 0x30, 0x38, 0x31, 0x07, 0x75, 0x6E, 0x69, 0x32, 0x30,
    0x38, 0x32, 0x07, 0x75, 0x6E, 0x69, 0x32, 0x30, 0x38, 0x33, 0x07, 0x75, 0x6E, 0x69, 0x32, 0x30,
    0x38, 0x34, 0x07, 0x75, 0x6E, 0x69, 0x32, 0x30, 0x38, 0x35, 0x07, 0x75, 0x6E, 0x69, 0x32, 0x30,
    0x38, 0x36, 0x07, 0x75, 0x6E, 0x69, 0x32, 0x30, 0x38, 0x37, 0x07, 0x75, 0x6E, 0x69, 0x32, 0x30,
    0x38, 0x38, 0x07, 0x75, 0x6E, 0x69, 0x32, 0x30, 0x38, 0x39, 0x07, 0x75, 0x6E, 0x69, 0x32, 0x30,
    0x38, 0x41, 0x07, 0x75, 0x6E, 0x69, 0x32, 0x30, 0x38, 0x42, 0x07, 0x75, 0x6E, 0x69, 0x32, 0x30,
    0x38, 0x43, 0x07, 0x75, 0x6E, 0x69, 0x32, 0x30, 0x38, 0x44, 0x07, 0x75, 0x6E, 0x69, 0x32, 0x30,
    0x38, 0x45, 0x07, 0x75, 0x6E, 0x69, 0x32, 0x30, 0x39, 0x39, 0x07, 0x75, 0x6E, 0x69, 0x32, 0x31,
    0x30, 0x35, 0x07, 0x75, 0x6E, 0x69, 0x32, 0x31, 0x31, 0x33, 0x07, 0x75, 0x6E, 0x69, 0x32, 0x31,
    0x31, 0x36, 0x07, 0x75, 0x6E, 0x69, 0x32, 0x32, 0x31, 0x35, 0x07, 0x75, 0x6E, 0x69, 0x32, 0x32,
    0x31, 0x39, 0x07, 0x75, 0x6E, 0x69, 0x46, 0x42, 0x30, 0x31, 0x07, 0x75, 0x6E, 0x69, 0x46, 0x42,
    0x30, 0x32, 0x07, 0x75, 0x6E, 0x69, 0x46, 0x46, 0x46, 0x44, 0x05, 0x75, 0x6E, 0x69, 0x6F, 0x6E,
    0x07, 0x75, 0x6F, 0x67, 0x6F, 0x6E, 0x65, 0x6B, 0x07, 0x75, 0x70, 0x62, 0x6C, 0x6F, 0x63, 0x6B,
    0x07, 0x75, 0x70, 0x73, 0x69, 0x6C, 0x6F, 0x6E, 0x0F, 0x75, 0x70, 0x73, 0x69, 0x6C, 0x6F, 0x6E,
    0x64, 0x69, 0x65, 0x72, 0x65, 0x73, 0x69, 0x73, 0x14, 0x75, 0x70, 0x73, 0x69, 0x6C, 0x6F, 0x6E,
    0x64, 0x69, 0x65, 0x72, 0x65, 0x73, 0x69, 0x73, 0x74, 0x6F, 0x6E, 0x6F, 0x73, 0x0C, 0x75, 0x70,
    0x73, 0x69, 0x6C, 0x6F, 0x6E, 0x74, 0x6F, 0x6E, 0x6F, 0x73, 0x05, 0x75, 0x72, 0x69, 0x6E, 0x67,
    0x06, 0x75, 0x74, 0x69, 0x6C, 0x64, 0x65, 0x06, 0x77, 0x61, 0x63, 0x75, 0x74, 0x65, 0x0B, 0x77,
    0x63, 0x69, 0x72, 0x63, 0x75, 0x6D, 0x66, 0x6C, 0x65, 0x78, 0x09, 0x77, 0x64, 0x69, 0x65, 0x72,
    0x65, 0x73, 0x69, 0x73, 0x06, 0x77, 0x67, 0x72, 0x61, 0x76, 0x65, 0x02, 0x78, 0x69, 0x0B, 0x79,
    0x63, 0x69, 0x72, 0x63, 0x75, 0x6D, 0x66, 0x6C, 0x65, 0x78, 0x06, 0x79, 0x67, 0x72, 0x61, 0x76,
    0x65, 0x06, 0x7A, 0x61, 0x63, 0x75, 0x74, 0x65, 0x0A, 0x7A, 0x64, 0x6F, 0x74, 0x61, 0x63, 0x63,
    0x65, 0x6E, 0x74, 0x08, 0x7A, 0x65, 0x72, 0x6F, 0x2E, 0x64, 0x6F, 0x74, 0x0A, 0x7A, 0x65, 0x72,
    0x6F, 0x2E, 0x65, 0x6D, 0x70, 0x74, 0x79, 0x04, 0x7A, 0x65, 0x74, 0x61, 0x00, 0x01, 0x00, 0x01,
    0xFF, 0xFF, 0x00, 0x0F, 0x00, 0x00, 0x00, 0x00, 0x00, 0x00, 0x00, 0x00, 0x00, 0x00, 0x00, 0x00,
    0x00, 0x00, 0x00, 0x00, 0x00, 0x00, 0x00, 0x00, 0x00, 0x00, 0x00, 0x00, 0x00, 0x00, 0x00, 0x00,
    0x00, 0x00, 0x00, 0x00, 0x00, 0x00, 0x00, 0x00, 0x00, 0x00, 0x00, 0x00, 0x00, 0x00, 0x00, 0x00,
    0x01, 0x07, 0x01, 0x07, 0x00, 0xA6, 0x00, 0xA6, 0x05, 0xC8, 0x00, 0x00, 0x04, 0x44, 0x00, 0x00,
    0xFE, 0x75, 0x05, 0xED, 0xFF, 0xDB, 0x04, 0x5C, 0xFF, 0xE7, 0xFE, 0x75, 0x01, 0x07, 0x01, 0x07,
    0x00, 0xA6, 0x00, 0xA6, 0x05, 0xC8, 0x00, 0x00, 0x06, 0x44, 0x04, 0x44, 0x00, 0x00, 0xFE, 0x75,
    0x05, 0xED, 0xFF, 0xDB, 0x06, 0x44, 0x04, 0x5C, 0xFF, 0xE7, 0xFE, 0x75, 0x01, 0x07, 0x01, 0x07,
    0x00, 0xA6, 0x00, 0xA6, 0x05, 0xC8, 0x00, 0x00, 0x06, 0x2B, 0x04, 0x44, 0x00, 0x00, 0xFE, 0x75,
    0x05, 0xED, 0xFF, 0xDB, 0x06, 0x44, 0x04, 0x5C, 0xFF, 0xE7, 0xFE, 0x5D, 0x00, 0xB5, 0x00, 0xB5,
    0x00, 0x63, 0x00, 0x63, 0x02, 0x44, 0xFE, 0xCC, 0x01, 0x69, 0xFE, 0xCC, 0x02, 0x5A, 0xFE, 0xB6,
    0x01, 0x69, 0xFE, 0xCC, 0x00, 0xB5, 0x00, 0xB5, 0x00, 0x63, 0x00, 0x63, 0x06, 0x2D, 0x02, 0xB5,
    0x06, 0x43, 0x02, 0x9F, 0xB0, 0x00, 0x2C, 0x20, 0xB0, 0x00, 0x55, 0x58, 0x45, 0x59, 0x20, 0x20,
    0x4B, 0xB8, 0x00, 0x0E, 0x51, 0x4B, 0xB0, 0x06, 0x53, 0x5A, 0x58, 0xB0, 0x34, 0x1B, 0xB0, 0x28,
    0x59, 0x60, 0x66, 0x20, 0x8A, 0x55, 0x58, 0xB0, 0x02, 0x25, 0x61, 0xB9, 0x08, 0x00, 0x08, 0x00,
    0x63, 0x63, 0x23, 0x62, 0x1B, 0x21, 0x21, 0xB0, 0x00, 0x59, 0xB0, 0x00, 0x43, 0x23, 0x44, 0xB2,
    0x00, 0x01, 0x00, 0x43, 0x60, 0x42, 0x2D, 0xB0, 0x01, 0x2C, 0xB0, 0x20, 0x60, 0x66, 0x2D, 0xB0,
    0x02, 0x2C, 0x23, 0x21, 0x23, 0x21, 0x2D, 0xB0, 0x03, 0x2C, 0x20, 0x64, 0xB3, 0x03, 0x14, 0x15,
    0x00, 0x42, 0x43, 0xB0, 0x13, 0x43, 0x20, 0x60, 0x60, 0x42, 0xB1, 0x02, 0x14, 0x43, 0x42, 0xB1,
    0x25, 0x03, 0x43, 0xB0, 0x02, 0x43, 0x54, 0x78, 0x20, 0xB0, 0x0C, 0x23, 0xB0, 0x02, 0x43, 0x43,
    0x61, 0x64, 0xB0, 0x04, 0x50, 0x78, 0xB2, 0x02, 0x02, 0x02, 0x43, 0x60, 0x42, 0xB0, 0x21, 0x65,
    0x1C, 0x21, 0xB0, 0x02, 0x43, 0x43, 0xB2, 0x0E, 0x15, 0x01, 0x42, 0x1C, 0x20, 0xB0, 0x02, 0x43,
    0x23, 0x42, 0xB2, 0x13, 0x01, 0x13, 0x43, 0x60, 0x42, 0x23, 0xB0, 0x00, 0x50, 0x58, 0x65, 0x59,
    0xB2, 0x16, 0x01, 0x02, 0x43, 0x60, 0x42, 0x2D, 0xB0, 0x04, 0x2C, 0xB0, 0x03, 0x2B, 0xB0, 0x15,
    0x43, 0x58, 0x23, 0x21, 0x23, 0x21, 0xB0, 0x16, 0x43, 0x43, 0x23, 0xB0, 0x00, 0x50, 0x58, 0x65,
    0x59, 0x1B, 0x20, 0x64, 0x20, 0xB0, 0xC0, 0x50, 0xB0, 0x04, 0x26, 0x5A, 0xB2, 0x28, 0x01, 0x0D,
    0x43, 0x45, 0x63, 0x45, 0xB0, 0x06, 0x45, 0x58, 0x21, 0xB0, 0x03, 0x25, 0x59, 0x52, 0x5B, 0x58,
    0x21, 0x23, 0x21, 0x1B, 0x8A, 0x58, 0x20, 0xB0, 0x50, 0x50, 0x58, 0x21, 0xB0, 0x40, 0x59, 0x1B,
    0x20, 0xB0, 0x38, 0x50, 0x58, 0x21, 0xB0, 0x38, 0x59, 0x59, 0x20, 0xB1, 0x01, 0x0D, 0x43, 0x45,
    0x63, 0x45, 0x61, 0x64, 0xB0, 0x28, 0x50, 0x58, 0x21, 0xB1, 0x01, 0x0D, 0x43, 0x45, 0x63, 0x45,
    0x20, 0xB0, 0x30, 0x50, 0x58, 0x21, 0xB0, 0x30, 0x59, 0x1B, 0x20, 0xB0, 0xC0, 0x50, 0x58, 0x20,
    0x66, 0x20, 0x8A, 0x8A, 0x61, 0x20, 0xB0, 0x0A, 0x50, 0x58, 0x60, 0x1B, 0x20, 0xB0, 0x20, 0x50,
    0x58, 0x21, 0xB0, 0x0A, 0x60, 0x1B, 0x20, 0xB0, 0x36, 0x50, 0x58, 0x21, 0xB0, 0x36, 0x60, 0x1B,
    0x60, 0x59, 0x59, 0x59, 0x1B, 0xB0, 0x02, 0x25, 0xB0, 0x0C, 0x43, 0x63, 0xB0, 0x00, 0x52, 0x58,
    0xB0, 0x00, 0x4B, 0xB0, 0x0A, 0x50, 0x58, 0x21, 0xB0, 0x0C, 0x43, 0x1B, 0x4B, 0xB0, 0x1E, 0x50,
    0x58, 0x21, 0xB0, 0x1E, 0x4B, 0x61, 0xB8, 0x10, 0x00, 0x63, 0xB0, 0x0C, 0x43, 0x63, 0xB8, 0x05,
    0x00, 0x62, 0x59, 0x59, 0x64, 0x61, 0x59, 0xB0, 0x01, 0x2B, 0x59, 0x59, 0x23, 0xB0, 0x00, 0x50,
    0x58, 0x65, 0x59, 0x59, 0x20, 0x64, 0xB0, 0x16, 0x43, 0x23, 0x42, 0x59, 0x2D, 0xB0, 0x05, 0x2C,
    0x20, 0x45, 0x20, 0xB0, 0x04, 0x25, 0x61, 0x64, 0x20, 0xB0, 0x07, 0x43, 0x50, 0x58, 0xB0, 0x07,
    0x23, 0x42, 0xB0, 0x08, 0x23, 0x42, 0x1B, 0x21, 0x21, 0x59, 0xB0, 0x01, 0x60, 0x2D, 0xB0, 0x06,
    0x2C, 0x23, 0x21, 0x23, 0x21, 0xB0, 0x03, 0x2B, 0x20, 0x64, 0xB1, 0x07, 0x62, 0x42, 0x20, 0xB0,
    0x08, 0x23, 0x42, 0xB0, 0x06, 0x45, 0x58, 0x1B, 0xB1, 0x01, 0x0D, 0x43, 0x45, 0x63, 0xB1, 0x01,
    0x0D, 0x43, 0xB0, 0x05, 0x60, 0x45, 0x63, 0xB0, 0x05, 0x2A, 0x21, 0x20, 0xB0, 0x08, 0x43, 0x20,
    0x8A, 0x20, 0x8A, 0xB0, 0x01, 0x2B, 0xB1, 0x30, 0x05, 0x25, 0xB0, 0x04, 0x26, 0x51, 0x58, 0x60,
    0x50, 0x1B, 0x61, 0x52, 0x59, 0x58, 0x23, 0x59, 0x21, 0x59, 0x20, 0xB0, 0x40, 0x53, 0x58, 0xB0,
    0x01, 0x2B, 0x1B, 0x21, 0xB0, 0x40, 0x59, 0x23, 0xB0, 0x00, 0x50, 0x58, 0x65, 0x59, 0x2D, 0xB0,
    0x07, 0x2C, 0xB0, 0x09, 0x43, 0x2B, 0xB2, 0x00, 0x02, 0x00, 0x43, 0x60, 0x42, 0x2D, 0xB0, 0x08,
    0x2C, 0xB0, 0x09, 0x23, 0x42, 0x23, 0x20, 0xB0, 0x00, 0x23, 0x42, 0x61, 0xB0, 0x02, 0x62, 0x66,
    0xB0, 0x01, 0x63, 0xB0, 0x01, 0x60, 0xB0, 0x07, 0x2A, 0x2D, 0xB0, 0x09, 0x2C, 0x20, 0x20, 0x45,
    0x20, 0xB0, 0x0E, 0x43, 0x63, 0xB8, 0x04, 0x00, 0x62, 0x20, 0xB0, 0x00, 0x50, 0x58, 0xB0, 0x40,
    0x60, 0x59, 0x66, 0xB0, 0x01, 0x63, 0x60, 0x44, 0xB0, 0x01, 0x60, 0x2D, 0xB0, 0x0A, 0x2C, 0xB2,
    0x09, 0x0E, 0x00, 0x43, 0x45, 0x42, 0x2A, 0x21, 0xB2, 0x00, 0x01, 0x00, 0x43, 0x60, 0x42, 0x2D,
    0xB0, 0x0B, 0x2C, 0xB0, 0x00, 0x43, 0x23, 0x44, 0xB2, 0x00, 0x01, 0x00, 0x43, 0x60, 0x42, 0x2D,
    0xB0, 0x0C, 0x2C, 0x20, 0x20, 0x45, 0x20, 0xB0, 0x01, 0x2B, 0x23, 0xB0, 0x00, 0x43, 0xB0, 0x04,
    0x25, 0x60, 0x20, 0x45, 0x8A, 0x23, 0x61, 0x20, 0x64, 0x20, 0xB0, 0x20, 0x50, 0x58, 0x21, 0xB0,
    0x00, 0x1B, 0xB0, 0x30, 0x50, 0x58, 0xB0, 0x20, 0x1B, 0xB0, 0x40, 0x59, 0x59, 0x23, 0xB0, 0x00,
    0x50, 0x58, 0x65, 0x59, 0xB0, 0x03, 0x25, 0x23, 0x61, 0x44, 0x44, 0xB0, 0x01, 0x60, 0x2D, 0xB0,
    0x0D, 0x2C, 0x20, 0x20, 0x45, 0x20, 0xB0, 0x01, 0x2B, 0x23, 0xB0, 0x00, 0x43, 0xB0, 0x04, 0x25,
    0x60, 0x20, 0x45, 0x8A, 0x23, 0x61, 0x20, 0x64, 0xB0, 0x24, 0x50, 0x58, 0xB0, 0x00, 0x1B, 0xB0,
    0x40, 0x59, 0x23, 0xB0, 0x00, 0x50, 0x58, 0x65, 0x59, 0xB0, 0x03, 0x25, 0x23, 0x61, 0x44, 0x44,
    0xB0, 0x01, 0x60, 0x2D, 0xB0, 0x0E, 0x2C, 0x20, 0xB0, 0x00, 0x23, 0x42, 0xB3, 0x0D, 0x0C, 0x00,
    0x03, 0x45, 0x50, 0x58, 0x21, 0x1B, 0x23, 0x21, 0x59, 0x2A, 0x21, 0x2D, 0xB0, 0x0F, 0x2C, 0xB1,
    0x02, 0x02, 0x45, 0xB0, 0x64, 0x61, 0x44, 0x2D, 0xB0, 0x10, 0x2C, 0xB0, 0x01, 0x60, 0x20, 0x20,
    0xB0, 0x0F, 0x43, 0x4A, 0xB0, 0x00, 0x50, 0x58, 0x20, 0xB0, 0x0F, 0x23, 0x42, 0x59, 0xB0, 0x10,
    0x43, 0x4A, 0xB0, 0x00, 0x52, 0x58, 0x20, 0xB0, 0x10, 0x23, 0x42, 0x59, 0x2D, 0xB0, 0x11, 0x2C,
    0x20, 0xB0, 0x10, 0x62, 0x66, 0xB0, 0x01, 0x63, 0x20, 0xB8, 0x04, 0x00, 0x63, 0x8A, 0x23, 0x61,
    0xB0, 0x11, 0x43, 0x60, 0x20, 0x8A, 0x60, 0x20, 0xB0, 0x11, 0x23, 0x42, 0x23, 0x2D, 0xB0, 0x12,
    0x2C, 0x4B, 0x54, 0x58, 0xB1, 0x04, 0x64, 0x44, 0x59, 0x24, 0xB0, 0x0D, 0x65, 0x23, 0x78, 0x2D,
    0xB0, 0x13, 0x2C, 0x4B, 0x51, 0x58, 0x4B, 0x53, 0x58, 0xB1, 0x04, 0x64, 0x44, 0x59, 0x1B, 0x21,
    0x59, 0x24, 0xB0, 0x13, 0x65, 0x23, 0x78, 0x2D, 0xB0, 0x14, 0x2C, 0xB1, 0x00, 0x12, 0x43, 0x55,
    0x58, 0xB1, 0x12, 0x12, 0x43, 0xB0, 0x01, 0x61, 0x42, 0xB0, 0x11, 0x2B, 0x59, 0xB0, 0x00, 0x43,
    0xB0, 0x02, 0x25, 0x42, 0xB1, 0x0F, 0x02, 0x25, 0x42, 0xB1, 0x10, 0x02, 0x25, 0x42, 0xB0, 0x01,
    0x16, 0x23, 0x20, 0xB0, 0x03, 0x25, 0x50, 0x58, 0xB1, 0x01, 0x00, 0x43, 0x60, 0xB0, 0x04, 0x25,
    0x42, 0x8A, 0x8A, 0x20, 0x8A, 0x23, 0x61, 0xB0, 0x10, 0x2A, 0x21, 0x23, 0xB0, 0x01, 0x61, 0x20,
    0x8A, 0x23, 0x61, 0xB0, 0x10, 0x2A, 0x21, 0x1B, 0xB1, 0x01, 0x00, 0x43, 0x60, 0xB0, 0x02, 0x25,
    0x42, 0xB0, 0x02, 0x25, 0x61, 0xB0, 0x10, 0x2A, 0x21, 0x59, 0xB0, 0x0F, 0x43, 0x47, 0xB0, 0x10,
    0x43, 0x47, 0x60, 0xB0, 0x02, 0x62, 0x20, 0xB0, 0x00, 0x50, 0x58, 0xB0, 0x40, 0x60, 0x59, 0x66,
    0xB0, 0x01, 0x63, 0x20, 0xB0, 0x0E, 0x43, 0x63, 0xB8, 0x04, 0x00, 0x62, 0x20, 0xB0, 0x00, 0x50,
    0x58, 0xB0, 0x40, 0x60, 0x59, 0x66, 0xB0, 0x01, 0x63, 0x60, 0xB1, 0x00, 0x00, 0x13, 0x23, 0x44,
    0xB0, 0x01, 0x43, 0xB0, 0x00, 0x3E, 0xB2, 0x01, 0x01, 0x01, 0x43, 0x60, 0x42, 0x2D, 0xB0, 0x15,
    0x2C, 0x00, 0xB1, 0x00, 0x02, 0x45, 0x54, 0x58, 0xB0, 0x12, 0x23, 0x42, 0x20, 0x45, 0xB0, 0x0E,
    0x23, 0x42, 0xB0, 0x0D, 0x23, 0xB0, 0x05, 0x60, 0x42, 0x20, 0x60, 0xB7, 0x18, 0x18, 0x01, 0x00,
    0x11, 0x00, 0x13, 0x00, 0x42, 0x42, 0x42, 0x8A, 0x60, 0x20, 0xB0, 0x14, 0x23, 0x42, 0xB0, 0x01,
    0x61, 0xB1, 0x14, 0x08, 0x2B, 0xB0, 0x8B, 0x2B, 0x1B, 0x22, 0x59, 0x2D, 0xB0, 0x16, 0x2C, 0xB1,
    0x00, 0x15, 0x2B, 0x2D, 0xB0, 0x17, 0x2C, 0xB1, 0x01, 0x15, 0x2B, 0x2D, 0xB0, 0x18, 0x2C, 0xB1,
    0x02, 0x15, 0x2B, 0x2D, 0xB0, 0x19, 0x2C, 0xB1, 0x03, 0x15, 0x2B, 0x2D, 0xB0, 0x1A, 0x2C, 0xB1,
    0x04, 0x15, 0x2B, 0x2D, 0xB0, 0x1B, 0x2C, 0xB1, 0x05, 0x15, 0x2B, 0x2D, 0xB0, 0x1C, 0x2C, 0xB1,
    0x06, 0x15, 0x2B, 0x2D, 0xB0, 0x1D, 0x2C, 0xB1, 0x07, 0x15, 0x2B, 0x2D, 0xB0, 0x1E, 0x2C, 0xB1,
    0x08, 0x15, 0x2B, 0x2D, 0xB0, 0x1F, 0x2C, 0xB1, 0x09, 0x15, 0x2B, 0x2D, 0xB0, 0x2B, 0x2C, 0x23,
    0x20, 0xB0, 0x10, 0x62, 0x66, 0xB0, 0x01, 0x63, 0xB0, 0x06, 0x60, 0x4B, 0x54, 0x58, 0x23, 0x20,
    0x2E, 0xB0, 0x01, 0x5D, 0x1B, 0x21, 0x21, 0x59, 0x2D, 0xB0, 0x2C, 0x2C, 0x23, 0x20, 0xB0, 0x10,
    0x62, 0x66, 0xB0, 0x01, 0x63, 0xB0, 0x16, 0x60, 0x4B, 0x54, 0x58, 0x23, 0x20, 0x2E, 0xB0, 0x01,
    0x71, 0x1B, 0x21, 0x21, 0x59, 0x2D, 0xB0, 0x2D, 0x2C, 0x23, 0x20, 0xB0, 0x10, 0x62, 0x66, 0xB0,
    0x01, 0x63, 0xB0, 0x26, 0x60, 0x4B, 0x54, 0x58, 0x23, 0x20, 0x2E, 0xB0, 0x01, 0x72, 0x1B, 0x21,
    0x21, 0x59, 0x2D, 0xB0, 0x20, 0x2C, 0x00, 0xB0, 0x0F, 0x2B, 0xB1, 0x00, 0x02, 0x45, 0x54, 0x58,
    0xB0, 0x12, 0x23, 0x42, 0x20, 0x45, 0xB0, 0x0E, 0x23, 0x42, 0xB0, 0x0D, 0x23, 0xB0, 0x05, 0x60,
    0x42, 0x20, 0x60, 0xB0, 0x01, 0x61, 0xB5, 0x18, 0x18, 0x01, 0x00, 0x11, 0x00, 0x42, 0x42, 0x8A,
    0x60, 0xB1, 0x14, 0x08, 0x2B, 0xB0, 0x8B, 0x2B, 0x1B, 0x22, 0x59, 0x2D, 0xB0, 0x21, 0x2C, 0xB1,
    0x00, 0x20, 0x2B, 0x2D, 0xB0, 0x22, 0x2C, 0xB1, 0x01, 0x20, 0x2B, 0x2D, 0xB0, 0x23, 0x2C, 0xB1,
    0x02, 0x20, 0x2B, 0x2D, 0xB0, 0x24, 0x2C, 0xB1, 0x03, 0x20, 0x2B, 0x2D, 0xB0, 0x25, 0x2C, 0xB1,
    0x04, 0x20, 0x2B, 0x2D, 0xB0, 0x26, 0x2C, 0xB1, 0x05, 0x20, 0x2B, 0x2D, 0xB0, 0x27, 0x2C, 0xB1,
    0x06, 0x20, 0x2B, 0x2D, 0xB0, 0x28, 0x2C, 0xB1, 0x07, 0x20, 0x2B, 0x2D, 0xB0, 0x29, 0x2C, 0xB1,
    0x08, 0x20, 0x2B, 0x2D, 0xB0, 0x2A, 0x2C, 0xB1, 0x09, 0x20, 0x2B, 0x2D, 0xB0, 0x2E, 0x2C, 0x20,
    0x3C, 0xB0, 0x01, 0x60, 0x2D, 0xB0, 0x2F, 0x2C, 0x20, 0x60, 0xB0, 0x18, 0x60, 0x20, 0x43, 0x23,
    0xB0, 0x01, 0x60, 0x43, 0xB0, 0x02, 0x25, 0x61, 0xB0, 0x01, 0x60, 0xB0, 0x2E, 0x2A, 0x21, 0x2D,
    0xB0, 0x30, 0x2C, 0xB0, 0x2F, 0x2B, 0xB0, 0x2F, 0x2A, 0x2D, 0xB0, 0x31, 0x2C, 0x20, 0x20, 0x47,
    0x20, 0x20, 0xB0, 0x0E, 0x43, 0x63, 0xB8, 0x04, 0x00, 0x62, 0x20, 0xB0, 0x00, 0x50, 0x58, 0xB0,
    0x40, 0x60, 0x59, 0x66, 0xB0, 0x01, 0x63, 0x60, 0x23, 0x61, 0x38, 0x23, 0x20, 0x8A, 0x55, 0x58,
    0x20, 0x47, 0x20, 0x20, 0xB0, 0x0E, 0x43, 0x63, 0xB8, 0x04, 0x00, 0x62, 0x20, 0xB0, 0x00, 0x50,
    0x58, 0xB0, 0x40, 0x60, 0x59, 0x66, 0xB0, 0x01, 0x63, 0x60, 0x23, 0x61, 0x38, 0x1B, 0x21, 0x59,
    0x2D, 0xB0, 0x32, 0x2C, 0x00, 0xB1, 0x00, 0x02, 0x45, 0x54, 0x58, 0xB1, 0x0E, 0x06, 0x45, 0x42,
    0xB0, 0x01, 0x16, 0xB0, 0x31, 0x2A, 0xB1, 0x05, 0x01, 0x15, 0x45, 0x58, 0x30, 0x59, 0x1B, 0x22,
    0x59, 0x2D, 0xB0, 0x33, 0x2C, 0x00, 0xB0, 0x0F, 0x2B, 0xB1, 0x00, 0x02, 0x45, 0x54, 0x58, 0xB1,
    0x0E, 0x06, 0x45, 0x42, 0xB0, 0x01, 0x16, 0xB0, 0x31, 0x2A, 0xB1, 0x05, 0x01, 0x15, 0x45, 0x58,
    0x30, 0x59, 0x1B, 0x22, 0x59, 0x2D, 0xB0, 0x34, 0x2C, 0x20, 0x35, 0xB0, 0x01, 0x60, 0x2D, 0xB0,
    0x35, 0x2C, 0x00, 0xB1, 0x0E, 0x06, 0x45, 0x42, 0xB0, 0x01, 0x45, 0x63, 0xB8, 0x04, 0x00, 0x62,
    0x20, 0xB0, 0x00, 0x50, 0x58, 0xB0, 0x40, 0x60, 0x59, 0x66, 0xB0, 0x01, 0x63, 0xB0, 0x01, 0x2B,
    0xB0, 0x0E, 0x43, 0x63, 0xB8, 0x04, 0x00, 0x62, 0x20, 0xB0, 0x00, 0x50, 0x58, 0xB0, 0x40, 0x60,
    0x59, 0x66, 0xB0, 0x01, 0x63, 0xB0, 0x01, 0x2B, 0xB0, 0x00, 0x16, 0xB4, 0x00, 0x00, 0x00, 0x00,
    0x00, 0x44, 0x3E, 0x23, 0x38, 0xB1, 0x34, 0x01, 0x15, 0x2A, 0x21, 0x2D, 0xB0, 0x36, 0x2C, 0x20,
    0x3C, 0x20, 0x47, 0x20, 0xB0, 0x0E, 0x43, 0x63, 0xB8, 0x04, 0x00, 0x62, 0x20, 0xB0, 0x00, 0x50,
    0x58, 0xB0, 0x40, 0x60, 0x59, 0x66, 0xB0, 0x01, 0x63, 0x60, 0xB0, 0x00, 0x43, 0x61, 0x38, 0x2D,
    0xB0, 0x37, 0x2C, 0x2E, 0x17, 0x3C, 0x2D, 0xB0, 0x38, 0x2C, 0x20, 0x3C, 0x20, 0x47, 0x20, 0xB0,
    0x0E, 0x43, 0x63, 0xB8, 0x04, 0x00, 0x62, 0x20, 0xB0, 0x00, 0x50, 0x58, 0xB0, 0x40, 0x60, 0x59,
    0x66, 0xB0, 0x01, 0x63, 0x60, 0xB0, 0x00, 0x43, 0x61, 0xB0, 0x01, 0x43, 0x63, 0x38, 0x2D, 0xB0,
    0x39, 0x2C, 0xB1, 0x02, 0x00, 0x16, 0x25, 0x20, 0x2E, 0x20, 0x47, 0xB0, 0x00, 0x23, 0x42, 0xB0,
    0x02, 0x25, 0x49, 0x8A, 0x8A, 0x47, 0x23, 0x47, 0x23, 0x61, 0x20, 0x58, 0x62, 0x1B, 0x21, 0x59,
    0xB0, 0x01, 0x23, 0x42, 0xB2, 0x38, 0x01, 0x01, 0x15, 0x14, 0x2A, 0x2D, 0xB0, 0x3A, 0x2C, 0xB0,
    0x00, 0x16, 0xB0, 0x17, 0x23, 0x42, 0xB0, 0x04, 0x25, 0xB0, 0x04, 0x25, 0x47, 0x23, 0x47, 0x23,
    0x61, 0xB1, 0x0C, 0x00, 0x42, 0xB0, 0x0B, 0x43, 0x2B, 0x65, 0x8A, 0x2E, 0x23, 0x20, 0x20, 0x3C,
    0x8A, 0x38, 0x2D, 0xB0, 0x3B, 0x2C, 0xB0, 0x00, 0x16, 0xB0, 0x17, 0x23, 0x42, 0xB0, 0x04, 0x25,
    0xB0, 0x04, 0x25, 0x20, 0x2E, 0x47, 0x23, 0x47, 0x23, 0x61, 0x20, 0xB0, 0x06, 0x23, 0x42, 0xB1,
    0x0C, 0x00, 0x42, 0xB0, 0x0B, 0x43, 0x2B, 0x20, 0xB0, 0x60, 0x50, 0x58, 0x20, 0xB0, 0x40, 0x51,
    0x58, 0xB3, 0x04, 0x20, 0x05, 0x20, 0x1B, 0xB3, 0x04, 0x26, 0x05, 0x1A, 0x59, 0x42, 0x42, 0x23,
    0x20, 0xB0, 0x0A, 0x43, 0x20, 0x8A, 0x23, 0x47, 0x23, 0x47, 0x23, 0x61, 0x23, 0x46, 0x60, 0xB0,
    0x06, 0x43, 0xB0, 0x02, 0x62, 0x20, 0xB0, 0x00, 0x50, 0x58, 0xB0, 0x40, 0x60, 0x59, 0x66, 0xB0,
    0x01, 0x63, 0x60, 0x20, 0xB0, 0x01, 0x2B, 0x20, 0x8A, 0x8A, 0x61, 0x20, 0xB0, 0x04, 0x43, 0x60,
    0x64, 0x23, 0xB0, 0x05, 0x43, 0x61, 0x64, 0x50, 0x58, 0xB0, 0x04, 0x43, 0x61, 0x1B, 0xB0, 0x05,
    0x43, 0x60, 0x59, 0xB0, 0x03, 0x25, 0xB0, 0x02, 0x62, 0x20, 0xB0, 0x00, 0x50, 0x58, 0xB0, 0x40,
    0x60, 0x59, 0x66, 0xB0, 0x01, 0x63, 0x61, 0x23, 0x20, 0x20, 0xB0, 0x04, 0x26, 0x23, 0x46, 0x61,
    0x38, 0x1B, 0x23, 0xB0, 0x0A, 0x43, 0x46, 0xB0, 0x02, 0x25, 0xB0, 0x0A, 0x43, 0x47, 0x23, 0x47,
    0x23, 0x61, 0x60, 0x20, 0xB0, 0x06, 0x43, 0xB0, 0x02, 0x62, 0x20, 0xB0, 0x00, 0x50, 0x58, 0xB0,
    0x40, 0x60, 0x59, 0x66, 0xB0, 0x01, 0x63, 0x60, 0x23, 0x20, 0xB0, 0x01, 0x2B, 0x23, 0xB0, 0x06,
    0x43, 0x60, 0xB0, 0x01, 0x2B, 0xB0, 0x05, 0x25, 0x61, 0xB0, 0x05, 0x25, 0xB0, 0x02, 0x62, 0x20,
    0xB0, 0x00, 0x50, 0x58, 0xB0, 0x40, 0x60, 0x59, 0x66, 0xB0, 0x01, 0x63, 0xB0, 0x04, 0x26, 0x61,
    0x20, 0xB0, 0x04, 0x25, 0x60, 0x64, 0x23, 0xB0, 0x03, 0x25, 0x60, 0x64, 0x50, 0x58, 0x21, 0x1B,
    0x23, 0x21, 0x59, 0x23, 0x20, 0x20, 0xB0, 0x04, 0x26, 0x23, 0x46, 0x61, 0x38, 0x59, 0x2D, 0xB0,
    0x3C, 0x2C, 0xB0, 0x00, 0x16, 0xB0, 0x17, 0x23, 0x42, 0x20, 0x20, 0x20, 0xB0, 0x05, 0x26, 0x20,
    0x2E, 0x47, 0x23, 0x47, 0x23, 0x61, 0x23, 0x3C, 0x38, 0x2D, 0xB0, 0x3D, 0x2C, 0xB0, 0x00, 0x16,
    0xB0, 0x17, 0x23, 0x42, 0x20, 0xB0, 0x0A, 0x23, 0x42, 0x20, 0x20, 0x20, 0x46, 0x23, 0x47, 0xB0,
    0x01, 0x2B, 0x23, 0x61, 0x38, 0x2D, 0xB0, 0x3E, 0x2C, 0xB0, 0x00, 0x16, 0xB0, 0x17, 0x23, 0x42,
    0xB0, 0x03, 0x25, 0xB0, 0x02, 0x25, 0x47, 0x23, 0x47, 0x23, 0x61, 0xB0, 0x00, 0x54, 0x58, 0x2E,
    0x20, 0x3C, 0x23, 0x21, 0x1B, 0xB0, 0x02, 0x25, 0xB0, 0x02, 0x25, 0x47, 0x23, 0x47, 0x23, 0x61,
    0x20, 0xB0, 0x05, 0x25, 0xB0, 0x04, 0x25, 0x47, 0x23, 0x47, 0x23, 0x61, 0xB0, 0x06, 0x25, 0xB0,
    0x05, 0x25, 0x49, 0xB0, 0x02, 0x25, 0x61, 0xB9, 0x08, 0x00, 0x08, 0x00, 0x63, 0x63, 0x23, 0x20,
    0x58, 0x62, 0x1B, 0x21, 0x59, 0x63, 0xB8, 0x04, 0x00, 0x62, 0x20, 0xB0, 0x00, 0x50, 0x58, 0xB0,
    0x40, 0x60, 0x59, 0x66, 0xB0, 0x01, 0x63, 0x60, 0x23, 0x2E, 0x23, 0x20, 0x20, 0x3C, 0x8A, 0x38,
    0x23, 0x21, 0x59, 0x2D, 0xB0, 0x3F, 0x2C, 0xB0, 0x00, 0x16, 0xB0, 0x17, 0x23, 0x42, 0x20, 0xB0,
    0x0A, 0x43, 0x20, 0x2E, 0x47, 0x23, 0x47, 0x23, 0x61, 0x20, 0x60, 0xB0, 0x20, 0x60, 0x66, 0xB0,
    0x02, 0x62, 0x20, 0xB0, 0x00, 0x50, 0x58, 0xB0, 0x40, 0x60, 0x59, 0x66, 0xB0, 0x01, 0x63, 0x23,
    0x20, 0x20, 0x3C, 0x8A, 0x38, 0x2D, 0xB0, 0x40, 0x2C, 0x23, 0x20, 0x2E, 0x46, 0xB0, 0x02, 0x25,
    0x46, 0xB0, 0x17, 0x43, 0x58, 0x50, 0x1B, 0x52, 0x59, 0x58, 0x20, 0x3C, 0x59, 0x2E, 0xB1, 0x30,
    0x01, 0x14, 0x2B, 0x2D, 0xB0, 0x41, 0x2C, 0x23, 0x20, 0x2E, 0x46, 0xB0, 0x02, 0x25, 0x46, 0xB0,
    0x17, 0x43, 0x58, 0x52, 0x1B, 0x50, 0x59, 0x58, 0x20, 0x3C, 0x59, 0x2E, 0xB1, 0x30, 0x01, 0x14,
    0x2B, 0x2D, 0xB0, 0x42, 0x2C, 0x23, 0x20, 0x2E, 0x46, 0xB0, 0x02, 0x25, 0x46, 0xB0, 0x17, 0x43,
    0x58, 0x50, 0x1B, 0x52, 0x59, 0x58, 0x20, 0x3C, 0x59, 0x23, 0x20, 0x2E, 0x46, 0xB0, 0x02, 0x25,
    0x46, 0xB0, 0x17, 0x43, 0x58, 0x52, 0x1B, 0x50, 0x59, 0x58, 0x20, 0x3C, 0x59, 0x2E, 0xB1, 0x30,
    0x01, 0x14, 0x2B, 0x2D, 0xB0, 0x43, 0x2C, 0xB0, 0x3A, 0x2B, 0x23, 0x20, 0x2E, 0x46, 0xB0, 0x02,
    0x25, 0x46, 0xB0, 0x17, 0x43, 0x58, 0x50, 0x1B, 0x52, 0x59, 0x58, 0x20, 0x3C, 0x59, 0x2E, 0xB1,
    0x30, 0x01, 0x14, 0x2B, 0x2D, 0xB0, 0x44, 0x2C, 0xB0, 0x3B, 0x2B, 0x8A, 0x20, 0x20, 0x3C, 0xB0,
    0x06, 0x23, 0x42, 0x8A, 0x38, 0x23, 0x20, 0x2E, 0x46, 0xB0, 0x02, 0x25, 0x46, 0xB0, 0x17, 0x43,
    0x58, 0x50, 0x1B, 0x52, 0x59, 0x58, 0x20, 0x3C, 0x59, 0x2E, 0xB1, 0x30, 0x01, 0x14, 0x2B, 0xB0,
    0x06, 0x43, 0x2E, 0xB0, 0x30, 0x2B, 0x2D, 0xB0, 0x45, 0x2C, 0xB0, 0x00, 0x16, 0xB0, 0x04, 0x25,
    0xB0, 0x04, 0x26, 0x20, 0x20, 0x20, 0x46, 0x23, 0x47, 0x61, 0xB0, 0x0C, 0x23, 0x42, 0x2E, 0x47,
    0x23, 0x47, 0x23, 0x61, 0xB0, 0x0B, 0x43, 0x2B, 0x23, 0x20, 0x3C, 0x20, 0x2E, 0x23, 0x38, 0xB1,
    0x30, 0x01, 0x14, 0x2B, 0x2D, 0xB0, 0x46, 0x2C, 0xB1, 0x0A, 0x04, 0x25, 0x42, 0xB0, 0x00, 0x16,
    0xB0, 0x04, 0x25, 0xB0, 0x04, 0x25, 0x20, 0x2E, 0x47, 0x23, 0x47, 0x23, 0x61, 0x20, 0xB0, 0x06,
    0x23, 0x42, 0xB1, 0x0C, 0x00, 0x42, 0xB0, 0x0B, 0x43, 0x2B, 0x20, 0xB0, 0x60, 0x50, 0x58, 0x20,
    0xB0, 0x40, 0x51, 0x58, 0xB3, 0x04, 0x20, 0x05, 0x20, 0x1B, 0xB3, 0x04, 0x26, 0x05, 0x1A, 0x59,
    0x42, 0x42, 0x23, 0x20, 0x47, 0xB0, 0x06, 0x43, 0xB0, 0x02, 0x62, 0x20, 0xB0, 0x00, 0x50, 0x58,
    0xB0, 0x40, 0x60, 0x59, 0x66, 0xB0, 0x01, 0x63, 0x60, 0x20, 0xB0, 0x01, 0x2B, 0x20, 0x8A, 0x8A,
    0x61, 0x20, 0xB0, 0x04, 0x43, 0x60, 0x64, 0x23, 0xB0, 0x05, 0x43, 0x61, 0x64, 0x50, 0x58, 0xB0,
    0x04, 0x43, 0x61, 0x1B, 0xB0, 0x05, 0x43, 0x60, 0x59, 0xB0, 0x03, 0x25, 0xB0, 0x02, 0x62, 0x20,
    0xB0, 0x00, 0x50, 0x58, 0xB0, 0x40, 0x60, 0x59, 0x66, 0xB0, 0x01, 0x63, 0x61, 0xB0, 0x02, 0x25,
    0x46, 0x61, 0x38, 0x23, 0x20, 0x3C, 0x23, 0x38, 0x1B, 0x21, 0x20, 0x20, 0x46, 0x23, 0x47, 0xB0,
    0x01, 0x2B, 0x23, 0x61, 0x38, 0x21, 0x59, 0xB1, 0x30, 0x01, 0x14, 0x2B, 0x2D, 0xB0, 0x47, 0x2C,
    0xB1, 0x00, 0x3A, 0x2B, 0x2E, 0xB1, 0x30, 0x01, 0x14, 0x2B, 0x2D, 0xB0, 0x48, 0x2C, 0xB1, 0x00,
    0x3B, 0x2B, 0x21, 0x23, 0x20, 0x20, 0x3C, 0xB0, 0x06, 0x23, 0x42, 0x23, 0x38, 0xB1, 0x30, 0x01,
    0x14, 0x2B, 0xB0, 0x06, 0x43, 0x2E, 0xB0, 0x30, 0x2B, 0x2D, 0xB0, 0x49, 0x2C, 0xB0, 0x00, 0x15,
    0x20, 0x47, 0xB0, 0x00, 0x23, 0x42, 0xB2, 0x00, 0x01, 0x01, 0x15, 0x14, 0x13, 0x2E, 0xB0, 0x36,
    0x2A, 0x2D, 0xB0, 0x4A, 0x2C, 0xB0, 0x00, 0x15, 0x20, 0x47, 0xB0, 0x00, 0x23, 0x42, 0xB2, 0x00,
    0x01, 0x01, 0x15, 0x14, 0x13, 0x2E, 0xB0, 0x36, 0x2A, 0x2D, 0xB0, 0x4B, 0x2C, 0xB1, 0x00, 0x01,
    0x14, 0x13, 0xB0, 0x37, 0x2A, 0x2D, 0xB0, 0x4C, 0x2C, 0xB0, 0x39, 0x2A, 0x2D, 0xB0, 0x4D, 0x2C,
    0xB0, 0x00, 0x16, 0x45, 0x23, 0x20, 0x2E, 0x20, 0x46, 0x8A, 0x23, 0x61, 0x38, 0xB1, 0x30, 0x01,
    0x14, 0x2B, 0x2D, 0xB0, 0x4E, 0x2C, 0xB0, 0x0A, 0x23, 0x42, 0xB0, 0x4D, 0x2B, 0x2D, 0xB0, 0x4F,
    0x2C, 0xB2, 0x00, 0x00, 0x46, 0x2B, 0x2D, 0xB0, 0x50, 0x2C, 0xB2, 0x00, 0x01, 0x46, 0x2B, 0x2D,
    0xB0, 0x51, 0x2C, 0xB2, 0x01, 0x00, 0x46, 0x2B, 0x2D, 0xB0, 0x52, 0x2C, 0xB2, 0x01, 0x01, 0x46,
    0x2B, 0x2D, 0xB0, 0x53, 0x2C, 0xB2, 0x00, 0x00, 0x47, 0x2B, 0x2D, 0xB0, 0x54, 0x2C, 0xB2, 0x00,
    0x01, 0x47, 0x2B, 0x2D, 0xB0, 0x55, 0x2C, 0xB2, 0x01, 0x00, 0x47, 0x2B, 0x2D, 0xB0, 0x56, 0x2C,
    0xB2, 0x01, 0x01, 0x47, 0x2B, 0x2D, 0xB0, 0x57, 0x2C, 0xB3, 0x00, 0x00, 0x00, 0x43, 0x2B, 0x2D,
    0xB0, 0x58, 0x2C, 0xB3, 0x00, 0x01, 0x00, 0x43, 0x2B, 0x2D, 0xB0, 0x59, 0x2C, 0xB3, 0x01, 0x00,
    0x00, 0x43, 0x2B, 0x2D, 0xB0, 0x5A, 0x2C, 0xB3, 0x01, 0x01, 0x00, 0x43, 0x2B, 0x2D, 0xB0, 0x5B,
    0x2C, 0xB3, 0x00, 0x00, 0x01, 0x43, 0x2B, 0x2D, 0xB0, 0x5C, 0x2C, 0xB3, 0x00, 0x01, 0x01, 0x43,
    0x2B, 0x2D, 0xB0, 0x5D, 0x2C, 0xB3, 0x01, 0x00, 0x01, 0x43, 0x2B, 0x2D, 0xB0, 0x5E, 0x2C, 0xB3,
    0x01, 0x01, 0x01, 0x43, 0x2B, 0x2D, 0xB0, 0x5F, 0x2C, 0xB2, 0x00, 0x00, 0x45, 0x2B, 0x2D, 0xB0,
    0x60, 0x2C, 0xB2, 0x00, 0x01, 0x45, 0x2B, 0x2D, 0xB0, 0x61, 0x2C, 0xB2, 0x01, 0x00, 0x45, 0x2B,
    0x2D, 0xB0, 0x62, 0x2C, 0xB2, 0x01, 0x01, 0x45, 0x2B, 0x2D, 0xB0, 0x63, 0x2C, 0xB2, 0x00, 0x00,
    0x48, 0x2B, 0x2D, 0xB0, 0x64, 0x2C, 0xB2, 0x00, 0x01, 0x48, 0x2B, 0x2D, 0xB0, 0x65, 0x2C, 0xB2,
    0x01, 0x00, 0x48, 0x2B, 0x2D, 0xB0, 0x66, 0x2C, 0xB2, 0x01, 0x01, 0x48, 0x2B, 0x2D, 0xB0, 0x67,
    0x2C, 0xB3, 0x00, 0x00, 0x00, 0x44, 0x2B, 0x2D, 0xB0, 0x68, 0x2C, 0xB3, 0x00, 0x01, 0x00, 0x44,
    0x2B, 0x2D, 0xB0, 0x69, 0x2C, 0xB3, 0x01, 0x00, 0x00, 0x44, 0x2B, 0x2D, 0xB0, 0x6A, 0x2C, 0xB3,
    0x01, 0x01, 0x00, 0x44, 0x2B, 0x2D, 0xB0, 0x6B, 0x2C, 0xB3, 0x00, 0x00, 0x01, 0x44, 0x2B, 0x2D,
    0xB0, 0x6C, 0x2C, 0xB3, 0x00, 0x01, 0x01, 0x44, 0x2B, 0x2D, 0xB0, 0x6D, 0x2C, 0xB3, 0x01, 0x00,
    0x01, 0x44, 0x2B, 0x2D, 0xB0, 0x6E, 0x2C, 0xB3, 0x01, 0x01, 0x01, 0x44, 0x2B, 0x2D, 0xB0, 0x6F,
    0x2C, 0xB1, 0x00, 0x3C, 0x2B, 0x2E, 0xB1, 0x30, 0x01, 0x14, 0x2B, 0x2D, 0xB0, 0x70, 0x2C, 0xB1,
    0x00, 0x3C, 0x2B, 0xB0, 0x40, 0x2B, 0x2D, 0xB0, 0x71, 0x2C, 0xB1, 0x00, 0x3C, 0x2B, 0xB0, 0x41,
    0x2B, 0x2D, 0xB0, 0x72, 0x2C, 0xB0, 0x00, 0x16, 0xB1, 0x00, 0x3C, 0x2B, 0xB0, 0x42, 0x2B, 0x2D,
    0xB0, 0x73, 0x2C, 0xB1, 0x01, 0x3C, 0x2B, 0xB0, 0x40, 0x2B, 0x2D, 0xB0, 0x74, 0x2C, 0xB1, 0x01,
    0x3C, 0x2B, 0xB0, 0x41, 0x2B, 0x2D, 0xB0, 0x75, 0x2C, 0xB0, 0x00, 0x16, 0xB1, 0x01, 0x3C, 0x2B,
    0xB0, 0x42, 0x2B, 0x2D, 0xB0, 0x76, 0x2C, 0xB1, 0x00, 0x3D, 0x2B, 0x2E, 0xB1, 0x30, 0x01, 0x14,
    0x2B, 0x2D, 0xB0, 0x77, 0x2C, 0xB1, 0x00, 0x3D, 0x2B, 0xB0, 0x40, 0x2B, 0x2D, 0xB0, 0x78, 0x2C,
    0xB1, 0x00, 0x3D, 0x2B, 0xB0, 0x41, 0x2B, 0x2D, 0xB0, 0x79, 0x2C, 0xB1, 0x00, 0x3D, 0x2B, 0xB0,
    0x42, 0x2B, 0x2D, 0xB0, 0x7A, 0x2C, 0xB1, 0x01, 0x3D, 0x2B, 0xB0, 0x40, 0x2B, 0x2D, 0xB0, 0x7B,
    0x2C, 0xB1, 0x01, 0x3D, 0x2B, 0xB0, 0x41, 0x2B, 0x2D, 0xB0, 0x7C, 0x2C, 0xB1, 0x01, 0x3D, 0x2B,
    0xB0, 0x42, 0x2B, 0x2D, 0xB0, 0x7D, 0x2C, 0xB1, 0x00, 0x3E, 0x2B, 0x2E, 0xB1, 0x30, 0x01, 0x14,
    0x2B, 0x2D, 0xB0, 0x7E, 0x2C, 0xB1, 0x00, 0x3E, 0x2B, 0xB0, 0x40, 0x2B, 0x2D, 0xB0, 0x7F, 0x2C,
    0xB1, 0x00, 0x3E, 0x2B, 0xB0, 0x41, 0x2B, 0x2D, 0xB0, 0x80, 0x2C, 0xB1, 0x00, 0x3E, 0x2B, 0xB0,
    0x42, 0x2B, 0x2D, 0xB0, 0x81, 0x2C, 0xB1, 0x01, 0x3E, 0x2B, 0xB0, 0x40, 0x2B, 0x2D, 0xB0, 0x82,
    0x2C, 0xB1, 0x01, 0x3E, 0x2B, 0xB0, 0x41, 0x2B, 0x2D, 0xB0, 0x83, 0x2C, 0xB1, 0x01, 0x3E, 0x2B,
    0xB0, 0x42, 0x2B, 0x2D, 0xB0, 0x84, 0x2C, 0xB1, 0x00, 0x3F, 0x2B, 0x2E, 0xB1, 0x30, 0x01, 0x14,
    0x2B, 0x2D, 0xB0, 0x85, 0x2C, 0xB1, 0x00, 0x3F, 0x2B, 0xB0, 0x40, 0x2B, 0x2D, 0xB0, 0x86, 0x2C,
    0xB1, 0x00, 0x3F, 0x2B, 0xB0, 0x41, 0x2B, 0x2D, 0xB0, 0x87, 0x2C, 0xB1, 0x00, 0x3F, 0x2B, 0xB0,
    0x42, 0x2B, 0x2D, 0xB0, 0x88, 0x2C, 0xB1, 0x01, 0x3F, 0x2B, 0xB0, 0x40, 0x2B, 0x2D, 0xB0, 0x89,
    0x2C, 0xB1, 0x01, 0x3F, 0x2B, 0xB0, 0x41, 0x2B, 0x2D, 0xB0, 0x8A, 0x2C, 0xB1, 0x01, 0x3F, 0x2B,
    0xB0, 0x42, 0x2B, 0x2D, 0xB0, 0x8B, 0x2C, 0xB2, 0x0B, 0x00, 0x03, 0x45, 0x50, 0x58, 0xB0, 0x06,
    0x1B, 0xB2, 0x04, 0x02, 0x03, 0x45, 0x58, 0x23, 0x21, 0x1B, 0x21, 0x59, 0x59, 0x42, 0x2B, 0xB0,
    0x08, 0x65, 0xB0, 0x03, 0x24, 0x50, 0x78, 0xB1, 0x05, 0x01, 0x15, 0x45, 0x58, 0x30, 0x59, 0x2D,
    0x00, 0x4B, 0xB8, 0x00, 0xC8, 0x52, 0x58, 0xB1, 0x01, 0x01, 0x8E, 0x59, 0xB0, 0x01, 0xB9, 0x08,
    0x00, 0x08, 0x00, 0x63, 0x70, 0xB1, 0x00, 0x07, 0x42, 0xB6, 0x00, 0x4E, 0x41, 0x31, 0x21, 0x05,
    0x00, 0x2A, 0xB1, 0x00, 0x07, 0x42, 0x40, 0x0C, 0x52, 0x04, 0x46, 0x06, 0x36, 0x08, 0x26, 0x08,
    0x18, 0x07, 0x05, 0x0A, 0x2A, 0xB1, 0x00, 0x07, 0x42, 0x40, 0x0C, 0x56, 0x02, 0x4C, 0x04, 0x3E,
    0x06, 0x2E, 0x06, 0x1F, 0x05, 0x05, 0x0A, 0x2A, 0xB1, 0x00, 0x0C, 0x42, 0xBE, 0x14, 0xC0, 0x11,
    0xC0, 0x0D, 0xC0, 0x09, 0xC0, 0x06, 0x40, 0x00, 0x05, 0x00, 0x0B, 0x2A, 0xB1, 0x00, 0x11, 0x42,
    0xBE, 0x00, 0x40, 0x00, 0x40, 0x00, 0x40, 0x00, 0x40, 0x00, 0x40, 0x00, 0x05, 0x00, 0x0B, 0x2A,
    0xB9, 0x00, 0x03, 0x00, 0x00, 0x44, 0xB1, 0x24, 0x01, 0x88, 0x51, 0x58, 0xB0, 0x40, 0x88, 0x58,
    0xB9, 0x00, 0x03, 0x00, 0x64, 0x44, 0xB1, 0x28, 0x01, 0x88, 0x51, 0x58, 0xB8, 0x08, 0x00, 0x88,
    0x58, 0xB9, 0x00, 0x03, 0x00, 0x00, 0x44, 0x59, 0x1B, 0xB1, 0x27, 0x01, 0x88, 0x51, 0x58, 0xBA,
    0x08, 0x80, 0x00, 0x01, 0x04, 0x40, 0x88, 0x63, 0x54, 0x58, 0xB9, 0x00, 0x03, 0x00, 0x00, 0x44,
    0x59, 0x59, 0x59, 0x59, 0x59, 0x40, 0x0C, 0x54, 0x02, 0x48, 0x04, 0x38, 0x06, 0x28, 0x06, 0x1A,
    0x05, 0x05, 0x0E, 0x2A, 0xB8, 0x01, 0xFF, 0x85, 0xB0, 0x04, 0x8D, 0xB1, 0x02, 0x00, 0x44, 0xB3,
    0x05, 0x64, 0x06, 0x00, 0x44, 0x44, 0x00, 0x00,
    ];
}

